interaction_id,user_id,content_id,event,score,completion_rate,quiz_score,timestamp
I00001,U0001,C002,quiz_passed,0.761,1.0,0.661,2025-09-01T00:00:00
I00002,U0001,C005,viewed,0.275,0.079,,2025-09-01T02:00:00
I00003,U0001,C042,quiz_passed,0.76,1.0,0.692,2025-09-01T04:00:00
I00004,U0001,C010,completed,0.764,1.0,0.519,2025-09-01T06:00:00
I00005,U0001,C082,completed,0.806,1.0,0.65,2025-09-01T08:00:00
I00006,U0001,C002,quiz_passed,0.811,1.0,0.673,2025-09-01T10:00:00
I00007,U0001,C051,viewed,0.516,0.61,0.353,2025-09-01T12:00:00
I00008,U0002,C029,disliked,0.353,0.18,0.378,2025-09-01T14:00:00
I00009,U0002,C073,viewed,0.19,0.016,,2025-09-01T16:00:00
I00010,U0002,C015,completed,0.467,1.0,,2025-09-01T18:00:00
I00011,U0002,C029,completed,0.707,1.0,0.564,2025-09-01T20:00:00
I00012,U0003,C028,quiz_passed,0.808,1.0,0.853,2025-09-01T22:00:00
I00013,U0003,C017,completed,0.565,1.0,,2025-09-02T00:00:00
I00014,U0003,C095,completed,0.518,1.0,,2025-09-02T02:00:00
I00015,U0003,C096,viewed,0.604,0.63,0.577,2025-09-02T04:00:00
I00016,U0003,C095,completed,0.78,1.0,0.707,2025-09-02T06:00:00
I00017,U0003,C054,viewed,0.238,0.043,,2025-09-02T08:00:00
I00018,U0003,C095,viewed,0.42,0.29,0.595,2025-09-02T10:00:00
I00019,U0003,C096,completed,0.511,1.0,,2025-09-02T12:00:00
I00020,U0003,C047,completed,0.547,1.0,,2025-09-02T14:00:00
I00021,U0003,C099,quiz_passed,0.808,1.0,0.706,2025-09-02T16:00:00
I00022,U0003,C006,quiz_passed,0.579,0.51,0.659,2025-09-02T18:00:00
I00023,U0003,C009,completed,0.542,1.0,,2025-09-02T20:00:00
I00024,U0004,C067,completed,0.856,1.0,0.791,2025-09-02T22:00:00
I00025,U0004,C001,quiz_passed,0.843,1.0,0.806,2025-09-03T00:00:00
I00026,U0004,C082,completed,0.566,1.0,,2025-09-03T02:00:00
I00027,U0004,C075,quiz_passed,0.764,1.0,0.657,2025-09-03T04:00:00
I00028,U0004,C018,completed,0.873,1.0,0.755,2025-09-03T06:00:00
I00029,U0004,C090,completed,0.484,1.0,,2025-09-03T08:00:00
I00030,U0004,C066,viewed,0.436,0.7,,2025-09-03T10:00:00
I00031,U0004,C029,completed,0.788,1.0,0.709,2025-09-03T12:00:00
I00032,U0004,C071,completed,0.486,1.0,,2025-09-03T14:00:00
I00033,U0005,C095,completed,0.526,1.0,,2025-09-03T16:00:00
I00034,U0005,C098,viewed,0.474,0.43,0.342,2025-09-03T18:00:00
I00035,U0005,C098,completed,0.777,1.0,0.54,2025-09-03T20:00:00
I00036,U0005,C071,completed,0.551,1.0,,2025-09-03T22:00:00
I00037,U0005,C028,completed,0.521,1.0,,2025-09-04T00:00:00
I00038,U0005,C046,viewed,0.213,0.004,,2025-09-04T02:00:00
I00039,U0005,C066,disliked,0.125,0.04,,2025-09-04T04:00:00
I00040,U0005,C050,completed,0.554,1.0,,2025-09-04T06:00:00
I00041,U0005,C062,disliked,0.227,0.12,,2025-09-04T08:00:00
I00042,U0006,C057,quiz_passed,0.774,1.0,0.691,2025-09-04T10:00:00
I00043,U0006,C098,viewed,0.183,0.015,,2025-09-04T12:00:00
I00044,U0006,C099,viewed,0.213,0.075,,2025-09-04T14:00:00
I00045,U0006,C048,disliked,0.425,0.19,0.436,2025-09-04T16:00:00
I00046,U0007,C061,viewed,0.277,0.078,,2025-09-04T18:00:00
I00047,U0007,C096,viewed,0.357,0.29,0.297,2025-09-04T20:00:00
I00048,U0007,C095,completed,0.507,1.0,,2025-09-04T22:00:00
I00049,U0007,C066,quiz_passed,0.805,1.0,0.608,2025-09-05T00:00:00
I00050,U0007,C016,completed,0.576,1.0,,2025-09-05T02:00:00
I00051,U0007,C071,quiz_passed,0.803,1.0,0.605,2025-09-05T04:00:00
I00052,U0007,C096,viewed,0.234,0.059,,2025-09-05T06:00:00
I00053,U0007,C061,completed,0.565,1.0,,2025-09-05T08:00:00
I00054,U0007,C010,completed,0.702,1.0,0.537,2025-09-05T10:00:00
I00055,U0007,C044,completed,0.733,1.0,0.417,2025-09-05T12:00:00
I00056,U0007,C042,quiz_passed,0.784,1.0,0.66,2025-09-05T14:00:00
I00057,U0007,C003,completed,0.758,1.0,0.573,2025-09-05T16:00:00
I00058,U0007,C047,completed,0.468,1.0,,2025-09-05T18:00:00
I00059,U0008,C053,completed,0.566,1.0,,2025-09-05T20:00:00
I00060,U0008,C096,viewed,0.432,0.42,0.414,2025-09-05T22:00:00
I00061,U0008,C095,completed,0.569,1.0,,2025-09-06T00:00:00
I00062,U0008,C006,completed,0.496,1.0,,2025-09-06T02:00:00
I00063,U0008,C057,quiz_passed,0.88,1.0,0.807,2025-09-06T04:00:00
I00064,U0008,C001,completed,0.798,1.0,0.706,2025-09-06T06:00:00
I00065,U0008,C030,disliked,0.27,0.0,0.51,2025-09-06T08:00:00
I00066,U0008,C017,quiz_passed,0.78,1.0,0.748,2025-09-06T10:00:00
I00067,U0008,C074,disliked,0.267,0.07,0.339,2025-09-06T12:00:00
I00068,U0008,C065,quiz_passed,0.822,1.0,0.771,2025-09-06T14:00:00
I00069,U0008,C082,completed,0.512,1.0,,2025-09-06T16:00:00
I00070,U0008,C075,quiz_passed,0.828,1.0,0.662,2025-09-06T18:00:00
I00071,U0009,C097,completed,0.835,1.0,0.73,2025-09-06T20:00:00
I00072,U0009,C092,quiz_passed,0.801,1.0,0.799,2025-09-06T22:00:00
I00073,U0009,C098,quiz_passed,0.796,1.0,0.675,2025-09-07T00:00:00
I00074,U0009,C017,completed,0.846,1.0,0.774,2025-09-07T02:00:00
I00075,U0009,C048,completed,0.553,1.0,,2025-09-07T04:00:00
I00076,U0009,C016,completed,0.541,1.0,,2025-09-07T06:00:00
I00077,U0009,C046,viewed,0.493,0.58,0.261,2025-09-07T08:00:00
I00078,U0009,C047,completed,0.568,1.0,,2025-09-07T10:00:00
I00079,U0009,C066,viewed,0.411,0.33,0.516,2025-09-07T12:00:00
I00080,U0009,C002,viewed,0.109,0.032,,2025-09-07T14:00:00
I00081,U0009,C010,completed,0.471,1.0,,2025-09-07T16:00:00
I00082,U0009,C013,completed,0.493,1.0,,2025-09-07T18:00:00
I00083,U0010,C096,viewed,0.259,0.002,,2025-09-07T20:00:00
I00084,U0010,C096,viewed,0.226,0.06,,2025-09-07T22:00:00
I00085,U0010,C025,quiz_passed,0.795,1.0,0.636,2025-09-08T00:00:00
I00086,U0010,C043,quiz_passed,0.811,1.0,0.673,2025-09-08T02:00:00
I00087,U0010,C043,disliked,0.352,0.12,0.392,2025-09-08T04:00:00
I00088,U0010,C010,viewed,0.25,0.087,,2025-09-08T06:00:00
I00089,U0010,C005,viewed,0.176,0.07,,2025-09-08T08:00:00
I00090,U0010,C030,completed,0.478,1.0,,2025-09-08T10:00:00
I00091,U0011,C006,completed,0.722,1.0,0.583,2025-09-08T12:00:00
I00092,U0011,C043,quiz_passed,0.795,1.0,0.662,2025-09-08T14:00:00
I00093,U0011,C005,viewed,0.209,0.093,,2025-09-08T16:00:00
I00094,U0011,C051,completed,0.783,1.0,0.607,2025-09-08T18:00:00
I00095,U0011,C003,viewed,0.255,0.26,,2025-09-08T20:00:00
I00096,U0012,C098,viewed,0.187,0.016,,2025-09-08T22:00:00
I00097,U0012,C043,disliked,0.344,0.18,0.446,2025-09-09T00:00:00
I00098,U0012,C092,quiz_passed,0.808,1.0,0.624,2025-09-09T02:00:00
I00099,U0012,C025,viewed,0.132,0.003,,2025-09-09T04:00:00
I00100,U0012,C048,viewed,0.546,0.69,0.404,2025-09-09T06:00:00
I00101,U0013,C099,completed,0.794,1.0,0.567,2025-09-09T08:00:00
I00102,U0013,C029,quiz_passed,0.881,1.0,0.79,2025-09-09T10:00:00
I00103,U0013,C096,completed,0.5,1.0,,2025-09-09T12:00:00
I00104,U0013,C057,quiz_passed,0.822,1.0,0.789,2025-09-09T14:00:00
I00105,U0013,C092,quiz_passed,0.86,1.0,0.789,2025-09-09T16:00:00
I00106,U0013,C076,completed,0.883,1.0,0.799,2025-09-09T18:00:00
I00107,U0013,C043,completed,0.579,1.0,,2025-09-09T20:00:00
I00108,U0014,C098,completed,0.828,1.0,0.624,2025-09-09T22:00:00
I00109,U0014,C061,completed,0.813,1.0,0.805,2025-09-10T00:00:00
I00110,U0014,C043,completed,0.523,1.0,,2025-09-10T02:00:00
I00111,U0014,C025,quiz_passed,0.818,1.0,0.704,2025-09-10T04:00:00
I00112,U0014,C003,quiz_passed,0.846,1.0,0.771,2025-09-10T06:00:00
I00113,U0014,C076,viewed,0.238,0.38,,2025-09-10T08:00:00
I00114,U0014,C046,viewed,0.496,0.53,0.27,2025-09-10T10:00:00
I00115,U0014,C074,viewed,0.349,0.24,0.335,2025-09-10T12:00:00
I00116,U0014,C051,completed,0.8,1.0,0.773,2025-09-10T14:00:00
I00117,U0014,C046,viewed,0.208,0.26,,2025-09-10T16:00:00
I00118,U0014,C061,viewed,0.32,0.58,,2025-09-10T18:00:00
I00119,U0014,C082,completed,0.486,1.0,,2025-09-10T20:00:00
I00120,U0015,C067,disliked,0.164,0.13,,2025-09-10T22:00:00
I00121,U0015,C042,quiz_passed,0.738,1.0,0.614,2025-09-11T00:00:00
I00122,U0016,C008,quiz_passed,0.801,1.0,0.806,2025-09-11T02:00:00
I00123,U0016,C092,viewed,0.538,0.49,0.574,2025-09-11T04:00:00
I00124,U0016,C098,completed,0.57,1.0,,2025-09-11T06:00:00
I00125,U0016,C057,quiz_passed,0.822,1.0,0.74,2025-09-11T08:00:00
I00126,U0016,C099,completed,0.51,1.0,,2025-09-11T10:00:00
I00127,U0016,C035,quiz_passed,0.794,1.0,0.762,2025-09-11T12:00:00
I00128,U0016,C014,viewed,0.17,0.059,,2025-09-11T14:00:00
I00129,U0017,C011,quiz_passed,0.735,1.0,0.651,2025-09-11T16:00:00
I00130,U0017,C061,completed,0.533,1.0,,2025-09-11T18:00:00
I00131,U0017,C030,viewed,0.446,0.41,0.425,2025-09-11T20:00:00
I00132,U0017,C076,viewed,0.357,0.63,,2025-09-11T22:00:00
I00133,U0017,C065,disliked,0.147,0.16,,2025-09-12T00:00:00
I00134,U0017,C099,viewed,0.283,0.54,,2025-09-12T02:00:00
I00135,U0018,C061,quiz_passed,0.802,1.0,0.693,2025-09-12T04:00:00
I00136,U0018,C025,viewed,0.336,0.2,0.405,2025-09-12T06:00:00
I00137,U0019,C099,completed,0.504,1.0,,2025-09-12T08:00:00
I00138,U0019,C001,quiz_passed,0.821,1.0,0.658,2025-09-12T10:00:00
I00139,U0019,C074,completed,0.791,1.0,0.54,2025-09-12T12:00:00
I00140,U0019,C076,viewed,0.111,0.06,,2025-09-12T14:00:00
I00141,U0019,C050,completed,0.493,1.0,,2025-09-12T16:00:00
I00142,U0019,C010,viewed,0.143,0.039,,2025-09-12T18:00:00
I00143,U0019,C074,completed,0.686,1.0,0.482,2025-09-12T20:00:00
I00144,U0019,C074,viewed,0.325,0.4,0.228,2025-09-12T22:00:00
I00145,U0019,C035,viewed,0.292,0.028,,2025-09-13T00:00:00
I00146,U0019,C082,viewed,0.462,0.57,0.403,2025-09-13T02:00:00
I00147,U0019,C044,viewed,0.192,0.22,,2025-09-13T04:00:00
I00148,U0019,C025,quiz_passed,0.792,1.0,0.644,2025-09-13T06:00:00
I00149,U0019,C050,viewed,0.332,0.57,,2025-09-13T08:00:00
I00150,U0019,C013,completed,0.705,1.0,0.449,2025-09-13T10:00:00
I00151,U0019,C029,quiz_passed,0.805,1.0,0.683,2025-09-13T12:00:00
I00152,U0020,C042,viewed,0.624,0.68,0.535,2025-09-13T14:00:00
I00153,U0020,C091,quiz_passed,0.786,1.0,0.784,2025-09-13T16:00:00
I00154,U0020,C003,completed,0.822,1.0,0.747,2025-09-13T18:00:00
I00155,U0020,C013,viewed,0.382,0.37,0.379,2025-09-13T20:00:00
I00156,U0020,C016,quiz_passed,0.851,1.0,0.752,2025-09-13T22:00:00
I00157,U0020,C097,quiz_passed,0.797,1.0,0.763,2025-09-14T00:00:00
I00158,U0020,C095,quiz_passed,0.844,1.0,0.68,2025-09-14T02:00:00
I00159,U0020,C013,completed,0.498,1.0,,2025-09-14T04:00:00
I00160,U0020,C053,completed,0.472,1.0,,2025-09-14T06:00:00
I00161,U0020,C005,viewed,0.217,0.04,,2025-09-14T08:00:00
I00162,U0020,C029,completed,0.743,1.0,0.706,2025-09-14T10:00:00
I00163,U0020,C044,quiz_passed,0.8,1.0,0.661,2025-09-14T12:00:00
I00164,U0020,C051,viewed,0.206,0.059,,2025-09-14T14:00:00
I00165,U0020,C088,completed,0.497,1.0,,2025-09-14T16:00:00
I00166,U0020,C071,viewed,0.263,0.055,,2025-09-14T18:00:00
I00167,U0021,C098,completed,0.7,1.0,0.455,2025-09-14T20:00:00
I00168,U0021,C099,disliked,0.262,0.14,0.223,2025-09-14T22:00:00
I00169,U0021,C048,completed,0.753,1.0,0.581,2025-09-15T00:00:00
I00170,U0021,C065,completed,0.552,1.0,,2025-09-15T02:00:00
I00171,U0021,C067,completed,0.774,1.0,0.669,2025-09-15T04:00:00
I00172,U0022,C018,quiz_passed,0.803,1.0,0.713,2025-09-15T06:00:00
I00173,U0022,C099,viewed,0.206,0.026,,2025-09-15T08:00:00
I00174,U0022,C098,completed,0.54,1.0,,2025-09-15T10:00:00
I00175,U0022,C048,completed,0.833,1.0,0.733,2025-09-15T12:00:00
I00176,U0022,C042,completed,0.865,1.0,0.772,2025-09-15T14:00:00
I00177,U0022,C017,completed,0.576,1.0,,2025-09-15T16:00:00
I00178,U0022,C049,completed,0.872,1.0,0.79,2025-09-15T18:00:00
I00179,U0022,C011,quiz_passed,0.863,1.0,0.734,2025-09-15T20:00:00
I00180,U0022,C057,quiz_passed,0.789,1.0,0.785,2025-09-15T22:00:00
I00181,U0022,C082,completed,0.847,1.0,0.732,2025-09-16T00:00:00
I00182,U0022,C067,completed,0.487,1.0,,2025-09-16T02:00:00
I00183,U0022,C054,completed,0.514,1.0,,2025-09-16T04:00:00
I00184,U0022,C049,completed,0.512,1.0,,2025-09-16T06:00:00
I00185,U0022,C096,viewed,0.386,0.68,,2025-09-16T08:00:00
I00186,U0023,C011,completed,0.501,1.0,,2025-09-16T10:00:00
I00187,U0023,C002,completed,0.482,1.0,,2025-09-16T12:00:00
I00188,U0023,C076,completed,0.516,1.0,,2025-09-16T14:00:00
I00189,U0023,C030,completed,0.576,1.0,,2025-09-16T16:00:00
I00190,U0023,C081,completed,0.55,1.0,,2025-09-16T18:00:00
I00191,U0023,C045,viewed,0.385,0.3,0.363,2025-09-16T20:00:00
I00192,U0023,C030,quiz_passed,0.851,1.0,0.775,2025-09-16T22:00:00
I00193,U0023,C066,viewed,0.203,0.035,,2025-09-17T00:00:00
I00194,U0023,C030,completed,0.802,1.0,0.717,2025-09-17T02:00:00
I00195,U0023,C066,quiz_passed,0.822,1.0,0.789,2025-09-17T04:00:00
I00196,U0023,C071,quiz_passed,0.865,1.0,0.716,2025-09-17T06:00:00
I00197,U0023,C016,quiz_passed,0.781,1.0,0.757,2025-09-17T08:00:00
I00198,U0023,C092,completed,0.501,1.0,,2025-09-17T10:00:00
I00199,U0024,C003,quiz_passed,0.842,1.0,0.712,2025-09-17T12:00:00
I00200,U0024,C045,viewed,0.283,0.037,,2025-09-17T14:00:00
I00201,U0024,C074,quiz_passed,0.794,1.0,0.667,2025-09-17T16:00:00
I00202,U0024,C073,completed,0.523,1.0,,2025-09-17T18:00:00
I00203,U0024,C046,disliked,0.283,0.15,0.199,2025-09-17T20:00:00
I00204,U0024,C051,completed,0.493,1.0,,2025-09-17T22:00:00
I00205,U0024,C044,viewed,0.316,0.37,,2025-09-18T00:00:00
I00206,U0024,C088,completed,0.773,1.0,0.767,2025-09-18T02:00:00
I00207,U0024,C010,viewed,0.203,0.045,,2025-09-18T04:00:00
I00208,U0024,C025,quiz_passed,0.787,1.0,0.749,2025-09-18T06:00:00
I00209,U0024,C090,viewed,0.249,0.27,,2025-09-18T08:00:00
I00210,U0024,C029,viewed,0.286,0.084,,2025-09-18T10:00:00
I00211,U0024,C098,viewed,0.228,0.003,,2025-09-18T12:00:00
I00212,U0024,C046,viewed,0.209,0.095,,2025-09-18T14:00:00
I00213,U0025,C042,completed,0.822,1.0,0.879,2025-09-18T16:00:00
I00214,U0025,C006,quiz_passed,0.902,1.0,0.874,2025-09-18T18:00:00
I00215,U0025,C053,quiz_passed,0.498,0.19,0.64,2025-09-18T20:00:00
I00216,U0025,C092,quiz_passed,0.804,1.0,0.817,2025-09-18T22:00:00
I00217,U0025,C028,quiz_passed,0.856,1.0,0.816,2025-09-19T00:00:00
I00218,U0025,C058,quiz_passed,0.798,1.0,0.844,2025-09-19T02:00:00
I00219,U0026,C025,quiz_passed,0.805,1.0,0.629,2025-09-19T04:00:00
I00220,U0026,C047,viewed,0.191,0.055,,2025-09-19T06:00:00
I00221,U0026,C053,disliked,0.313,0.04,0.413,2025-09-19T08:00:00
I00222,U0026,C018,quiz_passed,0.821,1.0,0.629,2025-09-19T10:00:00
I00223,U0026,C063,completed,0.78,1.0,0.67,2025-09-19T12:00:00
I00224,U0026,C049,completed,0.548,1.0,,2025-09-19T14:00:00
I00225,U0027,C078,completed,0.472,1.0,,2025-09-19T16:00:00
I00226,U0027,C030,viewed,0.3,0.43,,2025-09-19T18:00:00
I00227,U0027,C091,completed,0.748,1.0,0.65,2025-09-19T20:00:00
I00228,U0027,C010,viewed,0.244,0.043,,2025-09-19T22:00:00
I00229,U0027,C005,viewed,0.13,0.072,,2025-09-20T00:00:00
I00230,U0028,C098,viewed,0.115,0.091,,2025-09-20T02:00:00
I00231,U0028,C098,viewed,0.358,0.57,,2025-09-20T04:00:00
I00232,U0028,C048,completed,0.489,1.0,,2025-09-20T06:00:00
I00233,U0028,C002,completed,0.471,1.0,,2025-09-20T08:00:00
I00234,U0028,C097,disliked,0.248,0.01,0.398,2025-09-20T10:00:00
I00235,U0028,C011,viewed,0.173,0.26,,2025-09-20T12:00:00
I00236,U0028,C076,quiz_passed,0.758,1.0,0.69,2025-09-20T14:00:00
I00237,U0028,C082,viewed,0.471,0.37,0.436,2025-09-20T16:00:00
I00238,U0028,C017,viewed,0.167,0.046,,2025-09-20T18:00:00
I00239,U0028,C076,viewed,0.482,0.45,0.376,2025-09-20T20:00:00
I00240,U0028,C045,completed,0.576,1.0,,2025-09-20T22:00:00
I00241,U0028,C082,disliked,0.223,0.0,0.356,2025-09-21T00:00:00
I00242,U0028,C095,viewed,0.113,0.087,,2025-09-21T02:00:00
I00243,U0029,C067,quiz_passed,0.747,1.0,0.611,2025-09-21T04:00:00
I00244,U0029,C025,viewed,0.234,0.41,,2025-09-21T06:00:00
I00245,U0029,C053,completed,0.717,1.0,0.6,2025-09-21T08:00:00
I00246,U0029,C092,completed,0.542,1.0,,2025-09-21T10:00:00
I00247,U0029,C028,completed,0.773,1.0,0.587,2025-09-21T12:00:00
I00248,U0029,C042,quiz_passed,0.827,1.0,0.688,2025-09-21T14:00:00
I00249,U0029,C063,viewed,0.291,0.074,,2025-09-21T16:00:00
I00250,U0029,C003,completed,0.553,1.0,,2025-09-21T18:00:00
I00251,U0030,C096,quiz_passed,0.783,1.0,0.612,2025-09-21T20:00:00
I00252,U0030,C015,viewed,0.334,0.49,,2025-09-21T22:00:00
I00253,U0030,C045,completed,0.562,1.0,,2025-09-22T00:00:00
I00254,U0030,C043,quiz_passed,0.8,1.0,0.788,2025-09-22T02:00:00
I00255,U0031,C054,completed,0.712,1.0,0.588,2025-09-22T04:00:00
I00256,U0031,C096,completed,0.737,1.0,0.397,2025-09-22T06:00:00
I00257,U0032,C015,viewed,0.525,0.6,0.41,2025-09-22T08:00:00
I00258,U0032,C002,completed,0.513,1.0,,2025-09-22T10:00:00
I00259,U0032,C050,completed,0.818,1.0,0.699,2025-09-22T12:00:00
I00260,U0032,C066,viewed,0.384,0.62,,2025-09-22T14:00:00
I00261,U0032,C096,viewed,0.434,0.66,0.202,2025-09-22T16:00:00
I00262,U0032,C073,completed,0.475,1.0,,2025-09-22T18:00:00
I00263,U0032,C028,completed,0.762,1.0,0.656,2025-09-22T20:00:00
I00264,U0032,C095,viewed,0.516,0.64,0.278,2025-09-22T22:00:00
I00265,U0032,C048,quiz_passed,0.715,1.0,0.62,2025-09-23T00:00:00
I00266,U0032,C025,disliked,0.411,0.19,0.448,2025-09-23T02:00:00
I00267,U0032,C005,completed,0.524,1.0,,2025-09-23T04:00:00
I00268,U0032,C045,viewed,0.243,0.22,0.226,2025-09-23T06:00:00
I00269,U0033,C098,viewed,0.162,0.003,,2025-09-23T08:00:00
I00270,U0033,C029,completed,0.464,1.0,,2025-09-23T10:00:00
I00271,U0034,C015,completed,0.463,1.0,,2025-09-23T12:00:00
I00272,U0034,C091,quiz_passed,0.881,1.0,0.818,2025-09-23T14:00:00
I00273,U0034,C003,disliked,0.152,0.13,,2025-09-23T16:00:00
I00274,U0034,C088,quiz_passed,0.891,1.0,0.86,2025-09-23T18:00:00
I00275,U0034,C042,completed,0.546,1.0,,2025-09-23T20:00:00
I00276,U0034,C071,completed,0.491,1.0,,2025-09-23T22:00:00
I00277,U0034,C010,completed,0.508,1.0,,2025-09-24T00:00:00
I00278,U0034,C046,viewed,0.345,0.48,,2025-09-24T02:00:00
I00279,U0034,C066,quiz_passed,0.839,1.0,0.829,2025-09-24T04:00:00
I00280,U0034,C043,completed,0.483,1.0,,2025-09-24T06:00:00
I00281,U0035,C030,completed,0.699,1.0,0.59,2025-09-24T08:00:00
I00282,U0035,C049,viewed,0.273,0.007,,2025-09-24T10:00:00
I00283,U0035,C016,viewed,0.175,0.035,,2025-09-24T12:00:00
I00284,U0035,C016,completed,0.569,1.0,,2025-09-24T14:00:00
I00285,U0035,C018,quiz_passed,0.728,1.0,0.635,2025-09-24T16:00:00
I00286,U0036,C002,quiz_passed,0.889,1.0,0.794,2025-09-24T18:00:00
I00287,U0036,C082,viewed,0.16,0.048,,2025-09-24T20:00:00
I00288,U0037,C003,completed,0.502,1.0,,2025-09-24T22:00:00
I00289,U0037,C096,completed,0.786,1.0,0.678,2025-09-25T00:00:00
I00290,U0037,C001,completed,0.564,1.0,,2025-09-25T02:00:00
I00291,U0038,C098,viewed,0.304,0.3,0.218,2025-09-25T04:00:00
I00292,U0038,C051,completed,0.797,1.0,0.609,2025-09-25T06:00:00
I00293,U0038,C002,completed,0.531,1.0,,2025-09-25T08:00:00
I00294,U0038,C091,disliked,0.285,0.01,0.343,2025-09-25T10:00:00
I00295,U0038,C065,viewed,0.286,0.027,,2025-09-25T12:00:00
I00296,U0038,C076,quiz_passed,0.746,1.0,0.698,2025-09-25T14:00:00
I00297,U0039,C049,quiz_passed,0.782,1.0,0.72,2025-09-25T16:00:00
I00298,U0039,C035,quiz_passed,0.812,1.0,0.77,2025-09-25T18:00:00
I00299,U0039,C017,completed,0.522,1.0,,2025-09-25T20:00:00
I00300,U0039,C011,viewed,0.207,0.046,,2025-09-25T22:00:00
I00301,U0039,C070,quiz_passed,0.767,1.0,0.686,2025-09-26T00:00:00
I00302,U0039,C080,completed,0.479,1.0,,2025-09-26T02:00:00
I00303,U0039,C028,completed,0.536,1.0,,2025-09-26T04:00:00
I00304,U0039,C001,viewed,0.541,0.52,0.594,2025-09-26T06:00:00
I00305,U0039,C037,completed,0.484,1.0,,2025-09-26T08:00:00
I00306,U0039,C013,quiz_passed,0.749,1.0,0.62,2025-09-26T10:00:00
I00307,U0039,C028,viewed,0.303,0.46,,2025-09-26T12:00:00
I00308,U0039,C028,completed,0.82,1.0,0.739,2025-09-26T14:00:00
I00309,U0039,C063,completed,0.469,1.0,,2025-09-26T16:00:00
I00310,U0039,C041,quiz_passed,0.792,1.0,0.687,2025-09-26T18:00:00
I00311,U0039,C046,completed,0.67,1.0,0.483,2025-09-26T20:00:00
I00312,U0040,C042,completed,0.506,1.0,,2025-09-26T22:00:00
I00313,U0040,C092,quiz_passed,0.815,1.0,0.608,2025-09-27T00:00:00
I00314,U0040,C048,viewed,0.207,0.021,,2025-09-27T02:00:00
I00315,U0040,C095,viewed,0.286,0.02,,2025-09-27T04:00:00
I00316,U0040,C095,completed,0.721,1.0,0.453,2025-09-27T06:00:00
I00317,U0040,C065,completed,0.687,1.0,0.567,2025-09-27T08:00:00
I00318,U0040,C082,viewed,0.424,0.43,0.351,2025-09-27T10:00:00
I00319,U0040,C008,quiz_passed,0.776,1.0,0.605,2025-09-27T12:00:00
I00320,U0041,C048,completed,0.514,1.0,,2025-09-27T14:00:00
I00321,U0041,C076,quiz_passed,0.81,1.0,0.607,2025-09-27T16:00:00
I00322,U0041,C074,viewed,0.269,0.025,,2025-09-27T18:00:00
I00323,U0041,C001,viewed,0.147,0.06,,2025-09-27T20:00:00
I00324,U0041,C074,viewed,0.327,0.6,,2025-09-27T22:00:00
I00325,U0041,C025,completed,0.488,1.0,,2025-09-28T00:00:00
I00326,U0041,C013,completed,0.502,1.0,,2025-09-28T02:00:00
I00327,U0041,C091,viewed,0.408,0.25,0.341,2025-09-28T04:00:00
I00328,U0041,C010,viewed,0.139,0.051,,2025-09-28T06:00:00
I00329,U0041,C073,viewed,0.237,0.31,,2025-09-28T08:00:00
I00330,U0041,C066,viewed,0.427,0.26,0.403,2025-09-28T10:00:00
I00331,U0041,C075,viewed,0.356,0.5,0.198,2025-09-28T12:00:00
I00332,U0042,C096,completed,0.512,1.0,,2025-09-28T14:00:00
I00333,U0042,C006,completed,0.526,1.0,,2025-09-28T16:00:00
I00334,U0042,C098,viewed,0.517,0.64,0.473,2025-09-28T18:00:00
I00335,U0042,C091,quiz_passed,0.821,1.0,0.86,2025-09-28T20:00:00
I00336,U0042,C046,completed,0.536,1.0,,2025-09-28T22:00:00
I00337,U0042,C008,completed,0.575,1.0,,2025-09-29T00:00:00
I00338,U0042,C045,quiz_passed,0.831,1.0,0.725,2025-09-29T02:00:00
I00339,U0042,C090,completed,0.565,1.0,,2025-09-29T04:00:00
I00340,U0042,C001,quiz_passed,0.422,0.18,0.691,2025-09-29T06:00:00
I00341,U0042,C071,completed,0.551,1.0,,2025-09-29T08:00:00
I00342,U0042,C006,quiz_passed,0.89,1.0,0.817,2025-09-29T10:00:00
I00343,U0042,C005,quiz_passed,0.871,1.0,0.743,2025-09-29T12:00:00
I00344,U0042,C009,quiz_passed,0.837,1.0,0.881,2025-09-29T14:00:00
I00345,U0043,C096,disliked,0.097,0.04,,2025-09-29T16:00:00
I00346,U0043,C091,viewed,0.258,0.007,,2025-09-29T18:00:00
I00347,U0043,C061,quiz_passed,0.814,1.0,0.721,2025-09-29T20:00:00
I00348,U0043,C003,quiz_passed,0.883,1.0,0.767,2025-09-29T22:00:00
I00349,U0044,C015,completed,0.471,1.0,,2025-09-30T00:00:00
I00350,U0044,C045,viewed,0.446,0.6,0.214,2025-09-30T02:00:00
I00351,U0044,C006,quiz_passed,0.781,1.0,0.626,2025-09-30T04:00:00
I00352,U0044,C081,viewed,0.444,0.6,0.306,2025-09-30T06:00:00
I00353,U0044,C030,quiz_passed,0.743,1.0,0.671,2025-09-30T08:00:00
I00354,U0044,C091,viewed,0.382,0.3,0.389,2025-09-30T10:00:00
I00355,U0044,C071,viewed,0.495,0.56,0.404,2025-09-30T12:00:00
I00356,U0044,C090,completed,0.71,1.0,0.476,2025-09-30T14:00:00
I00357,U0044,C013,viewed,0.425,0.62,0.227,2025-09-30T16:00:00
I00358,U0044,C047,quiz_passed,0.733,1.0,0.636,2025-09-30T18:00:00
I00359,U0044,C061,quiz_passed,0.777,1.0,0.612,2025-09-30T20:00:00
I00360,U0045,C006,completed,0.567,1.0,,2025-09-30T22:00:00
I00361,U0045,C095,viewed,0.233,0.022,,2025-10-01T00:00:00
I00362,U0045,C029,disliked,0.312,0.03,0.437,2025-10-01T02:00:00
I00363,U0045,C043,completed,0.486,1.0,,2025-10-01T04:00:00
I00364,U0045,C067,quiz_passed,0.762,1.0,0.68,2025-10-01T06:00:00
I00365,U0045,C090,completed,0.462,1.0,,2025-10-01T08:00:00
I00366,U0045,C003,disliked,0.373,0.17,0.442,2025-10-01T10:00:00
I00367,U0045,C003,viewed,0.404,0.22,0.434,2025-10-01T12:00:00
I00368,U0045,C088,viewed,0.262,0.47,,2025-10-01T14:00:00
I00369,U0045,C044,completed,0.472,1.0,,2025-10-01T16:00:00
I00370,U0045,C010,viewed,0.344,0.4,0.263,2025-10-01T18:00:00
I00371,U0046,C067,completed,0.477,1.0,,2025-10-01T20:00:00
I00372,U0046,C067,quiz_passed,0.836,1.0,0.827,2025-10-01T22:00:00
I00373,U0046,C054,completed,0.901,1.0,0.827,2025-10-02T00:00:00
I00374,U0046,C066,completed,0.545,1.0,,2025-10-02T02:00:00
I00375,U0046,C076,completed,0.901,1.0,0.865,2025-10-02T04:00:00
I00376,U0046,C046,quiz_passed,0.818,1.0,0.638,2025-10-02T06:00:00
I00377,U0046,C018,completed,0.481,1.0,,2025-10-02T08:00:00
I00378,U0046,C043,quiz_passed,0.836,1.0,0.844,2025-10-02T10:00:00
I00379,U0046,C046,viewed,0.197,0.035,,2025-10-02T12:00:00
I00380,U0046,C044,completed,0.502,1.0,,2025-10-02T14:00:00
I00381,U0046,C075,completed,0.527,1.0,,2025-10-02T16:00:00
I00382,U0046,C073,quiz_passed,0.859,1.0,0.853,2025-10-02T18:00:00
I00383,U0047,C076,viewed,0.578,0.66,0.555,2025-10-02T20:00:00
I00384,U0047,C046,completed,0.552,1.0,,2025-10-02T22:00:00
I00385,U0047,C029,completed,0.536,1.0,,2025-10-03T00:00:00
I00386,U0048,C063,completed,0.569,1.0,,2025-10-03T02:00:00
I00387,U0048,C001,viewed,0.462,0.42,0.553,2025-10-03T04:00:00
I00388,U0048,C030,quiz_passed,0.849,1.0,0.799,2025-10-03T06:00:00
I00389,U0048,C066,viewed,0.224,0.01,,2025-10-03T08:00:00
I00390,U0048,C058,completed,0.513,1.0,,2025-10-03T10:00:00
I00391,U0048,C003,quiz_passed,0.857,1.0,0.706,2025-10-03T12:00:00
I00392,U0048,C064,completed,0.875,1.0,0.799,2025-10-03T14:00:00
I00393,U0048,C075,viewed,0.253,0.05,,2025-10-03T16:00:00
I00394,U0048,C047,quiz_passed,0.777,1.0,0.768,2025-10-03T18:00:00
I00395,U0048,C010,completed,0.485,1.0,,2025-10-03T20:00:00
I00396,U0048,C075,viewed,0.293,0.028,,2025-10-03T22:00:00
I00397,U0048,C065,quiz_passed,0.783,1.0,0.703,2025-10-04T00:00:00
I00398,U0048,C016,quiz_passed,0.751,1.0,0.704,2025-10-04T02:00:00
I00399,U0048,C057,quiz_passed,0.879,1.0,0.778,2025-10-04T04:00:00
I00400,U0049,C003,completed,0.709,1.0,0.566,2025-10-04T06:00:00
I00401,U0049,C013,viewed,0.474,0.49,0.289,2025-10-04T08:00:00
I00402,U0049,C046,viewed,0.148,0.03,,2025-10-04T10:00:00
I00403,U0049,C090,viewed,0.322,0.55,,2025-10-04T12:00:00
I00404,U0049,C013,viewed,0.396,0.4,0.305,2025-10-04T14:00:00
I00405,U0050,C099,quiz_passed,0.86,1.0,0.736,2025-10-04T16:00:00
I00406,U0050,C092,quiz_passed,0.837,1.0,0.816,2025-10-04T18:00:00
I00407,U0050,C015,completed,0.898,1.0,0.828,2025-10-04T20:00:00
I00408,U0050,C001,quiz_passed,0.895,1.0,0.868,2025-10-04T22:00:00
I00409,U0050,C065,quiz_passed,0.85,1.0,0.862,2025-10-05T00:00:00
I00410,U0050,C046,quiz_passed,0.802,1.0,0.657,2025-10-05T02:00:00
I00411,U0050,C082,completed,0.539,1.0,,2025-10-05T04:00:00
I00412,U0050,C081,quiz_passed,0.863,1.0,0.801,2025-10-05T06:00:00
I00413,U0050,C090,viewed,0.124,0.006,,2025-10-05T08:00:00
I00414,U0050,C030,quiz_passed,0.491,0.37,0.64,2025-10-05T10:00:00
I00415,U0050,C006,completed,0.904,1.0,0.842,2025-10-05T12:00:00
I00416,U0050,C099,viewed,0.21,0.098,,2025-10-05T14:00:00
I00417,U0050,C075,completed,0.487,1.0,,2025-10-05T16:00:00
I00418,U0051,C096,viewed,0.455,0.65,0.258,2025-10-05T18:00:00
I00419,U0051,C082,quiz_passed,0.793,1.0,0.68,2025-10-05T20:00:00
I00420,U0051,C003,disliked,0.292,0.12,0.432,2025-10-05T22:00:00
I00421,U0051,C002,quiz_passed,0.83,1.0,0.699,2025-10-06T00:00:00
I00422,U0051,C013,completed,0.726,1.0,0.441,2025-10-06T02:00:00
I00423,U0051,C010,completed,0.679,1.0,0.446,2025-10-06T04:00:00
I00424,U0051,C043,completed,0.801,1.0,0.668,2025-10-06T06:00:00
I00425,U0051,C057,viewed,0.356,0.68,,2025-10-06T08:00:00
I00426,U0051,C050,viewed,0.497,0.59,0.348,2025-10-06T10:00:00
I00427,U0051,C074,completed,0.659,1.0,0.472,2025-10-06T12:00:00
I00428,U0051,C008,viewed,0.304,0.51,,2025-10-06T14:00:00
I00429,U0051,C051,completed,0.548,1.0,,2025-10-06T16:00:00
I00430,U0051,C099,completed,0.548,1.0,,2025-10-06T18:00:00
I00431,U0051,C029,completed,0.82,1.0,0.629,2025-10-06T20:00:00
I00432,U0052,C071,completed,0.556,1.0,,2025-10-06T22:00:00
I00433,U0052,C075,viewed,0.13,0.077,,2025-10-07T00:00:00
I00434,U0052,C066,completed,0.929,1.0,0.877,2025-10-07T02:00:00
I00435,U0052,C061,completed,0.89,1.0,0.822,2025-10-07T04:00:00
I00436,U0052,C047,completed,0.808,1.0,0.85,2025-10-07T06:00:00
I00437,U0052,C018,completed,0.485,1.0,,2025-10-07T08:00:00
I00438,U0052,C006,completed,0.577,1.0,,2025-10-07T10:00:00
I00439,U0052,C010,completed,0.472,1.0,,2025-10-07T12:00:00
I00440,U0052,C046,completed,0.757,1.0,0.686,2025-10-07T14:00:00
I00441,U0052,C090,completed,0.512,1.0,,2025-10-07T16:00:00
I00442,U0052,C073,completed,0.865,1.0,0.87,2025-10-07T18:00:00
I00443,U0052,C071,quiz_passed,0.897,1.0,0.837,2025-10-07T20:00:00
I00444,U0052,C095,viewed,0.129,0.093,,2025-10-07T22:00:00
I00445,U0052,C046,completed,0.806,1.0,0.693,2025-10-08T00:00:00
I00446,U0053,C098,viewed,0.259,0.33,,2025-10-08T02:00:00
I00447,U0053,C071,completed,0.546,1.0,,2025-10-08T04:00:00
I00448,U0053,C010,completed,0.543,1.0,,2025-10-08T06:00:00
I00449,U0053,C046,viewed,0.13,0.023,,2025-10-08T08:00:00
I00450,U0053,C013,viewed,0.398,0.52,0.23,2025-10-08T10:00:00
I00451,U0053,C096,viewed,0.429,0.57,0.282,2025-10-08T12:00:00
I00452,U0053,C046,viewed,0.224,0.093,,2025-10-08T14:00:00
I00453,U0053,C011,completed,0.499,1.0,,2025-10-08T16:00:00
I00454,U0053,C073,completed,0.562,1.0,,2025-10-08T18:00:00
I00455,U0053,C015,viewed,0.108,0.043,,2025-10-08T20:00:00
I00456,U0053,C025,quiz_passed,0.763,1.0,0.658,2025-10-08T22:00:00
I00457,U0053,C015,quiz_passed,0.833,1.0,0.665,2025-10-09T00:00:00
I00458,U0053,C046,viewed,0.299,0.074,,2025-10-09T02:00:00
I00459,U0054,C099,viewed,0.544,0.68,0.369,2025-10-09T04:00:00
I00460,U0054,C095,viewed,0.284,0.062,,2025-10-09T06:00:00
I00461,U0054,C001,completed,0.516,1.0,,2025-10-09T08:00:00
I00462,U0054,C067,viewed,0.274,0.049,,2025-10-09T10:00:00
I00463,U0055,C096,quiz_passed,0.829,1.0,0.728,2025-10-09T12:00:00
I00464,U0055,C057,quiz_passed,0.869,1.0,0.823,2025-10-09T14:00:00
I00465,U0055,C062,quiz_passed,0.881,1.0,0.864,2025-10-09T16:00:00
I00466,U0055,C054,quiz_passed,0.906,1.0,0.857,2025-10-09T18:00:00
I00467,U0056,C016,completed,0.788,1.0,0.581,2025-10-09T20:00:00
I00468,U0056,C044,disliked,0.327,0.12,0.285,2025-10-09T22:00:00
I00469,U0056,C054,completed,0.495,1.0,,2025-10-10T00:00:00
I00470,U0056,C067,completed,0.523,1.0,,2025-10-10T02:00:00
I00471,U0056,C029,completed,0.479,1.0,,2025-10-10T04:00:00
I00472,U0057,C001,viewed,0.226,0.019,,2025-10-10T06:00:00
I00473,U0057,C011,quiz_passed,0.905,1.0,0.822,2025-10-10T08:00:00
I00474,U0057,C025,completed,0.894,1.0,0.813,2025-10-10T10:00:00
I00475,U0057,C092,completed,0.808,1.0,0.839,2025-10-10T12:00:00
I00476,U0057,C043,completed,0.492,1.0,,2025-10-10T14:00:00
I00477,U0058,C049,completed,0.542,1.0,,2025-10-10T16:00:00
I00478,U0058,C043,completed,0.811,1.0,0.643,2025-10-10T18:00:00
I00479,U0058,C076,completed,0.515,1.0,,2025-10-10T20:00:00
I00480,U0059,C099,disliked,0.192,0.1,,2025-10-10T22:00:00
I00481,U0059,C015,disliked,0.324,0.14,0.34,2025-10-11T00:00:00
I00482,U0060,C098,quiz_passed,0.81,1.0,0.701,2025-10-11T02:00:00
I00483,U0060,C051,quiz_passed,0.852,1.0,0.83,2025-10-11T04:00:00
I00484,U0060,C082,quiz_passed,0.824,1.0,0.853,2025-10-11T06:00:00
I00485,U0060,C005,quiz_passed,0.85,1.0,0.739,2025-10-11T08:00:00
I00486,U0060,C053,completed,0.514,1.0,,2025-10-11T10:00:00
I00487,U0060,C010,completed,0.542,1.0,,2025-10-11T12:00:00
I00488,U0060,C053,completed,0.854,1.0,0.812,2025-10-11T14:00:00
I00489,U0060,C090,completed,0.562,1.0,,2025-10-11T16:00:00
I00490,U0060,C045,completed,0.836,1.0,0.793,2025-10-11T18:00:00
I00491,U0060,C074,completed,0.518,1.0,,2025-10-11T20:00:00
I00492,U0060,C030,viewed,0.177,0.031,,2025-10-11T22:00:00
I00493,U0060,C098,viewed,0.26,0.053,,2025-10-12T00:00:00
I00494,U0060,C095,completed,0.517,1.0,,2025-10-12T02:00:00
I00495,U0060,C006,completed,0.474,1.0,,2025-10-12T04:00:00
I00496,U0060,C046,completed,0.476,1.0,,2025-10-12T06:00:00
I00497,U0061,C098,viewed,0.503,0.59,0.335,2025-10-12T08:00:00
I00498,U0061,C096,completed,0.542,1.0,,2025-10-12T10:00:00
I00499,U0061,C095,viewed,0.151,0.057,,2025-10-12T12:00:00
I00500,U0061,C061,quiz_passed,0.895,1.0,0.794,2025-10-12T14:00:00
I00501,U0061,C015,completed,0.545,1.0,,2025-10-12T16:00:00
I00502,U0061,C075,quiz_passed,0.815,1.0,0.634,2025-10-12T18:00:00
I00503,U0061,C046,completed,0.75,1.0,0.483,2025-10-12T20:00:00
I00504,U0061,C064,completed,0.747,1.0,0.713,2025-10-12T22:00:00
I00505,U0061,C073,completed,0.481,1.0,,2025-10-13T00:00:00
I00506,U0061,C067,completed,0.849,1.0,0.704,2025-10-13T02:00:00
I00507,U0062,C076,completed,0.554,1.0,,2025-10-13T04:00:00
I00508,U0062,C057,quiz_passed,0.83,1.0,0.791,2025-10-13T06:00:00
I00509,U0062,C044,completed,0.461,1.0,,2025-10-13T08:00:00
I00510,U0062,C011,viewed,0.254,0.44,,2025-10-13T10:00:00
I00511,U0062,C058,quiz_passed,0.79,1.0,0.775,2025-10-13T12:00:00
I00512,U0062,C092,disliked,0.4,0.01,0.559,2025-10-13T14:00:00
I00513,U0062,C058,completed,0.513,1.0,,2025-10-13T16:00:00
I00514,U0062,C008,quiz_passed,0.793,1.0,0.785,2025-10-13T18:00:00
I00515,U0062,C020,completed,0.549,1.0,,2025-10-13T20:00:00
I00516,U0062,C009,quiz_passed,0.826,1.0,0.816,2025-10-13T22:00:00
I00517,U0062,C046,completed,0.465,1.0,,2025-10-14T00:00:00
I00518,U0062,C009,quiz_passed,0.818,1.0,0.805,2025-10-14T02:00:00
I00519,U0062,C081,viewed,0.283,0.085,,2025-10-14T04:00:00
I00520,U0063,C053,completed,0.708,1.0,0.58,2025-10-14T06:00:00
I00521,U0063,C030,disliked,0.13,0.17,,2025-10-14T08:00:00
I00522,U0063,C043,viewed,0.353,0.56,,2025-10-14T10:00:00
I00523,U0064,C096,viewed,0.415,0.5,0.216,2025-10-14T12:00:00
I00524,U0064,C096,completed,0.546,1.0,,2025-10-14T14:00:00
I00525,U0064,C011,viewed,0.195,0.065,,2025-10-14T16:00:00
I00526,U0064,C050,quiz_passed,0.722,1.0,0.638,2025-10-14T18:00:00
I00527,U0064,C061,completed,0.505,1.0,,2025-10-14T20:00:00
I00528,U0065,C098,viewed,0.274,0.008,,2025-10-14T22:00:00
I00529,U0065,C097,completed,0.556,1.0,,2025-10-15T00:00:00
I00530,U0065,C088,completed,0.791,1.0,0.585,2025-10-15T02:00:00
I00531,U0065,C082,completed,0.548,1.0,,2025-10-15T04:00:00
I00532,U0065,C054,viewed,0.196,0.067,,2025-10-15T06:00:00
I00533,U0066,C011,completed,0.479,1.0,,2025-10-15T08:00:00
I00534,U0066,C099,viewed,0.195,0.088,,2025-10-15T10:00:00
I00535,U0066,C099,viewed,0.261,0.25,0.252,2025-10-15T12:00:00
I00536,U0066,C098,completed,0.717,1.0,0.433,2025-10-15T14:00:00
I00537,U0066,C047,quiz_passed,0.757,1.0,0.681,2025-10-15T16:00:00
I00538,U0066,C098,completed,0.667,1.0,0.419,2025-10-15T18:00:00
I00539,U0066,C098,viewed,0.112,0.041,,2025-10-15T20:00:00
I00540,U0066,C072,quiz_passed,0.82,1.0,0.63,2025-10-15T22:00:00
I00541,U0066,C096,viewed,0.365,0.65,,2025-10-16T00:00:00
I00542,U0066,C035,completed,0.574,1.0,,2025-10-16T02:00:00
I00543,U0066,C071,completed,0.522,1.0,,2025-10-16T04:00:00
I00544,U0066,C069,viewed,0.205,0.049,,2025-10-16T06:00:00
I00545,U0066,C058,completed,0.8,1.0,0.558,2025-10-16T08:00:00
I00546,U0066,C025,completed,0.568,1.0,,2025-10-16T10:00:00
I00547,U0066,C051,viewed,0.297,0.075,,2025-10-16T12:00:00
I00548,U0067,C051,completed,0.558,1.0,,2025-10-16T14:00:00
I00549,U0067,C054,viewed,0.243,0.23,,2025-10-16T16:00:00
I00550,U0067,C071,quiz_passed,0.737,1.0,0.657,2025-10-16T18:00:00
I00551,U0067,C028,quiz_passed,0.84,1.0,0.692,2025-10-16T20:00:00
I00552,U0068,C015,viewed,0.243,0.013,,2025-10-16T22:00:00
I00553,U0068,C030,completed,0.483,1.0,,2025-10-17T00:00:00
I00554,U0069,C053,viewed,0.177,0.087,,2025-10-17T02:00:00
I00555,U0069,C048,quiz_passed,0.743,1.0,0.681,2025-10-17T04:00:00
I00556,U0069,C096,viewed,0.162,0.07,,2025-10-17T06:00:00
I00557,U0069,C043,quiz_passed,0.779,1.0,0.659,2025-10-17T08:00:00
I00558,U0069,C011,viewed,0.239,0.044,,2025-10-17T10:00:00
I00559,U0069,C008,completed,0.532,1.0,,2025-10-17T12:00:00
I00560,U0069,C058,viewed,0.259,0.022,,2025-10-17T14:00:00
I00561,U0069,C003,completed,0.553,1.0,,2025-10-17T16:00:00
I00562,U0069,C053,completed,0.778,1.0,0.562,2025-10-17T18:00:00
I00563,U0069,C092,completed,0.481,1.0,,2025-10-17T20:00:00
I00564,U0069,C049,disliked,0.251,0.08,0.388,2025-10-17T22:00:00
I00565,U0069,C064,viewed,0.157,0.2,,2025-10-18T00:00:00
I00566,U0069,C081,completed,0.51,1.0,,2025-10-18T02:00:00
I00567,U0069,C045,completed,0.657,1.0,0.425,2025-10-18T04:00:00
I00568,U0070,C050,completed,0.787,1.0,0.571,2025-10-18T06:00:00
I00569,U0070,C016,completed,0.487,1.0,,2025-10-18T08:00:00
I00570,U0070,C057,completed,0.538,1.0,,2025-10-18T10:00:00
I00571,U0071,C050,quiz_passed,0.793,1.0,0.631,2025-10-18T12:00:00
I00572,U0071,C029,quiz_passed,0.834,1.0,0.637,2025-10-18T14:00:00
I00573,U0071,C091,viewed,0.16,0.091,,2025-10-18T16:00:00
I00574,U0071,C057,viewed,0.136,0.016,,2025-10-18T18:00:00
I00575,U0071,C043,completed,0.718,1.0,0.632,2025-10-18T20:00:00
I00576,U0071,C082,viewed,0.159,0.04,,2025-10-18T22:00:00
I00577,U0072,C066,disliked,0.34,0.16,0.373,2025-10-19T00:00:00
I00578,U0072,C099,viewed,0.245,0.099,,2025-10-19T02:00:00
I00579,U0072,C029,completed,0.801,1.0,0.576,2025-10-19T04:00:00
I00580,U0072,C096,completed,0.685,1.0,0.483,2025-10-19T06:00:00
I00581,U0073,C095,quiz_passed,0.824,1.0,0.679,2025-10-19T08:00:00
I00582,U0073,C065,completed,0.484,1.0,,2025-10-19T10:00:00
I00583,U0073,C099,quiz_passed,0.792,1.0,0.664,2025-10-19T12:00:00
I00584,U0074,C098,disliked,0.283,0.05,0.296,2025-10-19T14:00:00
I00585,U0074,C098,completed,0.713,1.0,0.47,2025-10-19T16:00:00
I00586,U0074,C011,quiz_passed,0.825,1.0,0.696,2025-10-19T18:00:00
I00587,U0074,C091,quiz_passed,0.741,1.0,0.702,2025-10-19T20:00:00
I00588,U0075,C011,quiz_passed,0.826,1.0,0.751,2025-10-19T22:00:00
I00589,U0075,C071,quiz_passed,0.812,1.0,0.759,2025-10-20T00:00:00
I00590,U0075,C015,quiz_passed,0.886,1.0,0.81,2025-10-20T02:00:00
I00591,U0075,C062,quiz_passed,0.878,1.0,0.749,2025-10-20T04:00:00
I00592,U0075,C065,quiz_passed,0.777,1.0,0.735,2025-10-20T06:00:00
I00593,U0075,C015,completed,0.838,1.0,0.809,2025-10-20T08:00:00
I00594,U0075,C051,viewed,0.491,0.37,0.593,2025-10-20T10:00:00
I00595,U0075,C018,completed,0.78,1.0,0.73,2025-10-20T12:00:00
I00596,U0075,C046,viewed,0.239,0.014,,2025-10-20T14:00:00
I00597,U0075,C016,completed,0.475,1.0,,2025-10-20T16:00:00
I00598,U0075,C092,completed,0.552,1.0,,2025-10-20T18:00:00
I00599,U0075,C049,completed,0.498,1.0,,2025-10-20T20:00:00
I00600,U0076,C001,completed,0.8,1.0,0.739,2025-10-20T22:00:00
I00601,U0076,C046,completed,0.694,1.0,0.428,2025-10-21T00:00:00
I00602,U0076,C044,quiz_passed,0.729,1.0,0.629,2025-10-21T02:00:00
I00603,U0076,C061,quiz_passed,0.86,1.0,0.722,2025-10-21T04:00:00
I00604,U0077,C057,completed,0.514,1.0,,2025-10-21T06:00:00
I00605,U0077,C017,viewed,0.609,0.67,0.582,2025-10-21T08:00:00
I00606,U0077,C096,completed,0.756,1.0,0.552,2025-10-21T10:00:00
I00607,U0078,C099,quiz_passed,0.821,1.0,0.642,2025-10-21T12:00:00
I00608,U0078,C050,quiz_passed,0.839,1.0,0.774,2025-10-21T14:00:00
I00609,U0078,C044,completed,0.782,1.0,0.62,2025-10-21T16:00:00
I00610,U0078,C062,completed,0.748,1.0,0.721,2025-10-21T18:00:00
I00611,U0078,C076,disliked,0.098,0.02,,2025-10-21T20:00:00
I00612,U0078,C075,viewed,0.284,0.039,,2025-10-21T22:00:00
I00613,U0078,C092,completed,0.576,1.0,,2025-10-22T00:00:00
I00614,U0078,C049,completed,0.574,1.0,,2025-10-22T02:00:00
I00615,U0079,C001,completed,0.526,1.0,,2025-10-22T04:00:00
I00616,U0079,C002,completed,0.802,1.0,0.63,2025-10-22T06:00:00
I00617,U0079,C099,completed,0.574,1.0,,2025-10-22T08:00:00
I00618,U0079,C030,viewed,0.243,0.32,,2025-10-22T10:00:00
I00619,U0079,C090,viewed,0.228,0.099,,2025-10-22T12:00:00
I00620,U0079,C092,viewed,0.197,0.087,,2025-10-22T14:00:00
I00621,U0079,C074,completed,0.741,1.0,0.457,2025-10-22T16:00:00
I00622,U0079,C061,completed,0.523,1.0,,2025-10-22T18:00:00
I00623,U0079,C051,completed,0.496,1.0,,2025-10-22T20:00:00
I00624,U0079,C081,viewed,0.448,0.48,0.222,2025-10-22T22:00:00
I00625,U0079,C072,completed,0.748,1.0,0.711,2025-10-23T00:00:00
I00626,U0080,C063,viewed,0.264,0.057,,2025-10-23T02:00:00
I00627,U0080,C061,disliked,0.156,0.15,,2025-10-23T04:00:00
I00628,U0080,C002,viewed,0.122,0.063,,2025-10-23T06:00:00
I00629,U0080,C010,viewed,0.371,0.54,,2025-10-23T08:00:00
I00630,U0080,C047,viewed,0.417,0.38,0.434,2025-10-23T10:00:00
I00631,U0080,C090,viewed,0.145,0.057,,2025-10-23T12:00:00
I00632,U0080,C090,viewed,0.18,0.032,,2025-10-23T14:00:00
I00633,U0080,C045,disliked,0.273,0.18,0.25,2025-10-23T16:00:00
I00634,U0080,C073,completed,0.809,1.0,0.617,2025-10-23T18:00:00
I00635,U0080,C044,viewed,0.32,0.53,,2025-10-23T20:00:00
I00636,U0080,C058,disliked,0.257,0.06,0.369,2025-10-23T22:00:00
I00637,U0080,C011,completed,0.722,1.0,0.599,2025-10-24T00:00:00
I00638,U0080,C091,completed,0.518,1.0,,2025-10-24T02:00:00
I00639,U0080,C030,viewed,0.457,0.52,0.341,2025-10-24T04:00:00
I00640,U0081,C028,completed,0.577,1.0,,2025-10-24T06:00:00
I00641,U0081,C095,completed,0.796,1.0,0.682,2025-10-24T08:00:00
I00642,U0081,C095,completed,0.514,1.0,,2025-10-24T10:00:00
I00643,U0081,C002,quiz_passed,0.595,0.48,0.661,2025-10-24T12:00:00
I00644,U0081,C074,quiz_passed,0.858,1.0,0.809,2025-10-24T14:00:00
I00645,U0081,C099,completed,0.565,1.0,,2025-10-24T16:00:00
I00646,U0082,C001,completed,0.576,1.0,,2025-10-24T18:00:00
I00647,U0082,C074,viewed,0.469,0.67,0.208,2025-10-24T20:00:00
I00648,U0082,C043,quiz_passed,0.801,1.0,0.625,2025-10-24T22:00:00
I00649,U0083,C064,completed,0.806,1.0,0.843,2025-10-25T00:00:00
I00650,U0083,C003,quiz_passed,0.82,1.0,0.883,2025-10-25T02:00:00
I00651,U0083,C016,quiz_passed,0.897,1.0,0.837,2025-10-25T04:00:00
I00652,U0083,C029,quiz_passed,0.85,1.0,0.836,2025-10-25T06:00:00
I00653,U0083,C046,viewed,0.468,0.44,0.43,2025-10-25T08:00:00
I00654,U0083,C043,quiz_passed,0.872,1.0,0.837,2025-10-25T10:00:00
I00655,U0083,C074,completed,0.462,1.0,,2025-10-25T12:00:00
I00656,U0083,C045,completed,0.489,1.0,,2025-10-25T14:00:00
I00657,U0083,C044,quiz_passed,0.781,1.0,0.73,2025-10-25T16:00:00
I00658,U0083,C091,quiz_passed,0.878,1.0,0.86,2025-10-25T18:00:00
I00659,U0083,C010,completed,0.566,1.0,,2025-10-25T20:00:00
I00660,U0083,C018,quiz_passed,0.62,0.63,0.645,2025-10-25T22:00:00
I00661,U0083,C063,completed,0.51,1.0,,2025-10-26T00:00:00
I00662,U0083,C030,completed,0.897,1.0,0.85,2025-10-26T02:00:00
I00663,U0083,C013,quiz_passed,0.778,1.0,0.719,2025-10-26T04:00:00
I00664,U0084,C076,quiz_passed,0.807,1.0,0.792,2025-10-26T06:00:00
I00665,U0084,C045,completed,0.814,1.0,0.666,2025-10-26T08:00:00
I00666,U0084,C058,completed,0.811,1.0,0.775,2025-10-26T10:00:00
I00667,U0084,C088,completed,0.522,1.0,,2025-10-26T12:00:00
I00668,U0084,C046,viewed,0.293,0.062,,2025-10-26T14:00:00
I00669,U0084,C043,completed,0.558,1.0,,2025-10-26T16:00:00
I00670,U0084,C074,viewed,0.191,0.07,,2025-10-26T18:00:00
I00671,U0084,C005,completed,0.526,1.0,,2025-10-26T20:00:00
I00672,U0084,C002,quiz_passed,0.844,1.0,0.802,2025-10-26T22:00:00
I00673,U0084,C091,completed,0.831,1.0,0.78,2025-10-27T00:00:00
I00674,U0084,C091,completed,0.543,1.0,,2025-10-27T02:00:00
I00675,U0084,C042,quiz_passed,0.805,1.0,0.735,2025-10-27T04:00:00
I00676,U0084,C073,quiz_passed,0.883,1.0,0.789,2025-10-27T06:00:00
I00677,U0084,C065,viewed,0.161,0.052,,2025-10-27T08:00:00
I00678,U0085,C030,quiz_passed,0.877,1.0,0.789,2025-10-27T10:00:00
I00679,U0085,C095,viewed,0.223,0.36,,2025-10-27T12:00:00
I00680,U0086,C054,viewed,0.418,0.28,0.419,2025-10-27T14:00:00
I00681,U0086,C011,disliked,0.163,0.18,,2025-10-27T16:00:00
I00682,U0086,C047,viewed,0.372,0.2,0.346,2025-10-27T18:00:00
I00683,U0086,C049,disliked,0.364,0.14,0.43,2025-10-27T20:00:00
I00684,U0086,C002,completed,0.752,1.0,0.567,2025-10-27T22:00:00
I00685,U0086,C013,completed,0.679,1.0,0.523,2025-10-28T00:00:00
I00686,U0086,C025,completed,0.737,1.0,0.629,2025-10-28T02:00:00
I00687,U0086,C080,completed,0.679,1.0,0.522,2025-10-28T04:00:00
I00688,U0086,C015,completed,0.572,1.0,,2025-10-28T06:00:00
I00689,U0086,C075,completed,0.719,1.0,0.472,2025-10-28T08:00:00
I00690,U0087,C030,viewed,0.246,0.27,,2025-10-28T10:00:00
I00691,U0087,C051,completed,0.46,1.0,,2025-10-28T12:00:00
I00692,U0087,C046,completed,0.629,1.0,0.381,2025-10-28T14:00:00
I00693,U0087,C075,completed,0.751,1.0,0.499,2025-10-28T16:00:00
I00694,U0087,C073,completed,0.728,1.0,0.586,2025-10-28T18:00:00
I00695,U0087,C017,viewed,0.331,0.45,,2025-10-28T20:00:00
I00696,U0088,C016,viewed,0.207,0.014,,2025-10-28T22:00:00
I00697,U0088,C048,quiz_passed,0.792,1.0,0.802,2025-10-29T00:00:00
I00698,U0088,C095,viewed,0.256,0.004,,2025-10-29T02:00:00
I00699,U0088,C096,completed,0.717,1.0,0.576,2025-10-29T04:00:00
I00700,U0088,C067,quiz_passed,0.791,1.0,0.733,2025-10-29T06:00:00
I00701,U0088,C015,quiz_passed,0.858,1.0,0.784,2025-10-29T08:00:00
I00702,U0088,C074,disliked,0.342,0.01,0.416,2025-10-29T10:00:00
I00703,U0088,C046,disliked,0.225,0.08,0.241,2025-10-29T12:00:00
I00704,U0088,C057,quiz_passed,0.883,1.0,0.797,2025-10-29T14:00:00
I00705,U0088,C046,viewed,0.286,0.025,,2025-10-29T16:00:00
I00706,U0088,C082,viewed,0.284,0.032,,2025-10-29T18:00:00
I00707,U0088,C043,disliked,0.412,0.07,0.579,2025-10-29T20:00:00
I00708,U0088,C046,completed,0.763,1.0,0.544,2025-10-29T22:00:00
I00709,U0088,C005,viewed,0.272,0.3,,2025-10-30T00:00:00
I00710,U0089,C042,quiz_passed,0.732,1.0,0.639,2025-10-30T02:00:00
I00711,U0089,C048,quiz_passed,0.845,1.0,0.707,2025-10-30T04:00:00
I00712,U0089,C006,viewed,0.159,0.004,,2025-10-30T06:00:00
I00713,U0089,C099,completed,0.549,1.0,,2025-10-30T08:00:00
I00714,U0089,C073,disliked,0.365,0.12,0.365,2025-10-30T10:00:00
I00715,U0089,C042,viewed,0.15,0.06,,2025-10-30T12:00:00
I00716,U0089,C053,quiz_passed,0.758,1.0,0.65,2025-10-30T14:00:00
I00717,U0090,C098,completed,0.807,1.0,0.572,2025-10-30T16:00:00
I00718,U0090,C095,viewed,0.218,0.23,,2025-10-30T18:00:00
I00719,U0090,C095,viewed,0.404,0.32,0.324,2025-10-30T20:00:00
I00720,U0090,C098,viewed,0.294,0.025,,2025-10-30T22:00:00
I00721,U0090,C067,quiz_passed,0.767,1.0,0.708,2025-10-31T00:00:00
I00722,U0090,C096,completed,0.547,1.0,,2025-10-31T02:00:00
I00723,U0090,C054,quiz_passed,0.771,1.0,0.742,2025-10-31T04:00:00
I00724,U0090,C098,viewed,0.223,0.23,,2025-10-31T06:00:00
I00725,U0090,C067,quiz_passed,0.791,1.0,0.762,2025-10-31T08:00:00
I00726,U0090,C095,viewed,0.187,0.017,,2025-10-31T10:00:00
I00727,U0090,C050,viewed,0.229,0.37,,2025-10-31T12:00:00
I00728,U0090,C082,completed,0.492,1.0,,2025-10-31T14:00:00
I00729,U0090,C043,completed,0.572,1.0,,2025-10-31T16:00:00
I00730,U0091,C098,viewed,0.27,0.063,,2025-10-31T18:00:00
I00731,U0091,C095,completed,0.677,1.0,0.476,2025-10-31T20:00:00
I00732,U0092,C042,completed,0.487,1.0,,2025-10-31T22:00:00
I00733,U0092,C003,quiz_passed,0.864,1.0,0.793,2025-11-01T00:00:00
I00734,U0093,C096,completed,0.55,1.0,,2025-11-01T02:00:00
I00735,U0093,C057,quiz_passed,0.796,1.0,0.746,2025-11-01T04:00:00
I00736,U0093,C095,disliked,0.176,0.04,,2025-11-01T06:00:00
I00737,U0094,C015,quiz_passed,0.803,1.0,0.84,2025-11-01T08:00:00
I00738,U0094,C081,quiz_passed,0.854,1.0,0.749,2025-11-01T10:00:00
I00739,U0094,C011,quiz_passed,0.812,1.0,0.841,2025-11-01T12:00:00
I00740,U0094,C092,quiz_passed,0.892,1.0,0.886,2025-11-01T14:00:00
I00741,U0094,C071,quiz_passed,0.817,1.0,0.851,2025-11-01T16:00:00
I00742,U0094,C043,completed,0.538,1.0,,2025-11-01T18:00:00
I00743,U0094,C015,quiz_passed,0.871,1.0,0.883,2025-11-01T20:00:00
I00744,U0094,C018,quiz_passed,0.864,1.0,0.86,2025-11-01T22:00:00
I00745,U0094,C017,completed,0.853,1.0,0.832,2025-11-02T00:00:00
I00746,U0094,C071,quiz_passed,0.874,1.0,0.88,2025-11-02T02:00:00
I00747,U0095,C025,quiz_passed,0.766,1.0,0.705,2025-11-02T04:00:00
I00748,U0095,C098,viewed,0.222,0.028,,2025-11-02T06:00:00
I00749,U0095,C002,completed,0.576,1.0,,2025-11-02T08:00:00
I00750,U0095,C095,quiz_passed,0.814,1.0,0.657,2025-11-02T10:00:00
I00751,U0095,C098,completed,0.791,1.0,0.595,2025-11-02T12:00:00
I00752,U0095,C066,viewed,0.562,0.59,0.506,2025-11-02T14:00:00
I00753,U0095,C075,viewed,0.27,0.089,,2025-11-02T16:00:00
I00754,U0095,C001,completed,0.508,1.0,,2025-11-02T18:00:00
I00755,U0095,C046,viewed,0.137,0.008,,2025-11-02T20:00:00
I00756,U0095,C029,completed,0.85,1.0,0.747,2025-11-02T22:00:00
I00757,U0095,C061,completed,0.535,1.0,,2025-11-03T00:00:00
I00758,U0095,C015,completed,0.792,1.0,0.726,2025-11-03T02:00:00
I00759,U0095,C002,quiz_passed,0.835,1.0,0.803,2025-11-03T04:00:00
I00760,U0096,C095,completed,0.482,1.0,,2025-11-03T06:00:00
I00761,U0096,C029,viewed,0.167,0.079,,2025-11-03T08:00:00
I00762,U0096,C095,completed,0.828,1.0,0.664,2025-11-03T10:00:00
I00763,U0096,C082,completed,0.566,1.0,,2025-11-03T12:00:00
I00764,U0097,C043,completed,0.851,1.0,0.879,2025-11-03T14:00:00
I00765,U0097,C005,completed,0.464,1.0,,2025-11-03T16:00:00
I00766,U0097,C051,completed,0.823,1.0,0.852,2025-11-03T18:00:00
I00767,U0097,C002,completed,0.555,1.0,,2025-11-03T20:00:00
I00768,U0097,C061,completed,0.517,1.0,,2025-11-03T22:00:00
I00769,U0097,C075,quiz_passed,0.8,1.0,0.757,2025-11-04T00:00:00
I00770,U0097,C043,completed,0.523,1.0,,2025-11-04T02:00:00
I00771,U0097,C010,quiz_passed,0.809,1.0,0.74,2025-11-04T04:00:00
I00772,U0097,C061,quiz_passed,0.884,1.0,0.886,2025-11-04T06:00:00
I00773,U0097,C015,quiz_passed,0.405,0.05,0.708,2025-11-04T08:00:00
I00774,U0098,C099,viewed,0.167,0.058,,2025-11-04T10:00:00
I00775,U0098,C053,quiz_passed,0.787,1.0,0.818,2025-11-04T12:00:00
I00776,U0098,C065,quiz_passed,0.863,1.0,0.813,2025-11-04T14:00:00
I00777,U0098,C091,completed,0.503,1.0,,2025-11-04T16:00:00
I00778,U0098,C057,completed,0.504,1.0,,2025-11-04T18:00:00
I00779,U0098,C044,completed,0.497,1.0,,2025-11-04T20:00:00
I00780,U0098,C043,quiz_passed,0.515,0.24,0.629,2025-11-04T22:00:00
I00781,U0098,C046,completed,0.48,1.0,,2025-11-05T00:00:00
I00782,U0098,C096,completed,0.788,1.0,0.778,2025-11-05T02:00:00
I00783,U0098,C011,quiz_passed,0.873,1.0,0.856,2025-11-05T04:00:00
I00784,U0098,C013,quiz_passed,0.874,1.0,0.757,2025-11-05T06:00:00
I00785,U0098,C081,quiz_passed,0.771,1.0,0.74,2025-11-05T08:00:00
I00786,U0098,C046,viewed,0.281,0.35,,2025-11-05T10:00:00
I00787,U0099,C050,completed,0.573,1.0,,2025-11-05T12:00:00
I00788,U0099,C097,viewed,0.386,0.69,,2025-11-05T14:00:00
I00789,U0099,C053,viewed,0.532,0.5,0.405,2025-11-05T16:00:00
I00790,U0099,C091,viewed,0.213,0.062,,2025-11-05T18:00:00
I00791,U0099,C016,completed,0.765,1.0,0.694,2025-11-05T20:00:00
I00792,U0099,C050,completed,0.753,1.0,0.587,2025-11-05T22:00:00
I00793,U0099,C017,viewed,0.227,0.052,,2025-11-06T00:00:00
I00794,U0099,C082,completed,0.508,1.0,,2025-11-06T02:00:00
I00795,U0099,C008,completed,0.794,1.0,0.571,2025-11-06T04:00:00
I00796,U0099,C028,completed,0.547,1.0,,2025-11-06T06:00:00
I00797,U0099,C015,viewed,0.29,0.059,,2025-11-06T08:00:00
I00798,U0099,C001,quiz_passed,0.793,1.0,0.629,2025-11-06T10:00:00
I00799,U0099,C064,completed,0.73,1.0,0.593,2025-11-06T12:00:00
I00800,U0099,C057,quiz_passed,0.743,1.0,0.624,2025-11-06T14:00:00
I00801,U0100,C061,quiz_passed,0.723,1.0,0.625,2025-11-06T16:00:00
I00802,U0100,C013,viewed,0.135,0.096,,2025-11-06T18:00:00
I00803,U0100,C075,viewed,0.443,0.63,0.225,2025-11-06T20:00:00
I00804,U0100,C013,disliked,0.214,0.19,,2025-11-06T22:00:00
I00805,U0100,C057,completed,0.484,1.0,,2025-11-07T00:00:00
I00806,U0101,C088,completed,0.501,1.0,,2025-11-07T02:00:00
I00807,U0101,C097,completed,0.786,1.0,0.652,2025-11-07T04:00:00
I00808,U0101,C079,completed,0.506,1.0,,2025-11-07T06:00:00
I00809,U0101,C018,viewed,0.464,0.59,0.404,2025-11-07T08:00:00
I00810,U0101,C051,quiz_passed,0.775,1.0,0.685,2025-11-07T10:00:00
I00811,U0101,C018,quiz_passed,0.793,1.0,0.643,2025-11-07T12:00:00
I00812,U0101,C092,completed,0.507,1.0,,2025-11-07T14:00:00
I00813,U0101,C057,viewed,0.221,0.31,,2025-11-07T16:00:00
I00814,U0102,C099,viewed,0.229,0.05,,2025-11-07T18:00:00
I00815,U0102,C001,quiz_passed,0.754,1.0,0.61,2025-11-07T20:00:00
I00816,U0102,C064,completed,0.724,1.0,0.592,2025-11-07T22:00:00
I00817,U0102,C005,completed,0.704,1.0,0.558,2025-11-08T00:00:00
I00818,U0102,C074,disliked,0.213,0.15,,2025-11-08T02:00:00
I00819,U0102,C099,viewed,0.368,0.4,0.213,2025-11-08T04:00:00
I00820,U0103,C095,completed,0.496,1.0,,2025-11-08T06:00:00
I00821,U0103,C096,viewed,0.186,0.088,,2025-11-08T08:00:00
I00822,U0103,C049,viewed,0.329,0.52,,2025-11-08T10:00:00
I00823,U0103,C080,completed,0.657,1.0,0.443,2025-11-08T12:00:00
I00824,U0103,C028,quiz_passed,0.711,1.0,0.616,2025-11-08T14:00:00
I00825,U0103,C098,completed,0.685,1.0,0.42,2025-11-08T16:00:00
I00826,U0103,C057,viewed,0.221,0.23,,2025-11-08T18:00:00
I00827,U0103,C011,completed,0.473,1.0,,2025-11-08T20:00:00
I00828,U0103,C029,completed,0.733,1.0,0.599,2025-11-08T22:00:00
I00829,U0103,C047,disliked,0.215,0.11,,2025-11-09T00:00:00
I00830,U0103,C066,viewed,0.274,0.42,,2025-11-09T02:00:00
I00831,U0103,C048,viewed,0.285,0.038,,2025-11-09T04:00:00
I00832,U0103,C028,quiz_passed,0.756,1.0,0.6,2025-11-09T06:00:00
I00833,U0104,C064,completed,0.701,1.0,0.585,2025-11-09T08:00:00
I00834,U0104,C048,quiz_passed,0.814,1.0,0.631,2025-11-09T10:00:00
I00835,U0104,C096,viewed,0.402,0.59,,2025-11-09T12:00:00
I00836,U0104,C073,viewed,0.297,0.064,,2025-11-09T14:00:00
I00837,U0104,C095,completed,0.545,1.0,,2025-11-09T16:00:00
I00838,U0105,C096,completed,0.702,1.0,0.434,2025-11-09T18:00:00
I00839,U0105,C088,completed,0.567,1.0,,2025-11-09T20:00:00
I00840,U0105,C089,viewed,0.16,0.016,,2025-11-09T22:00:00
I00841,U0105,C096,viewed,0.42,0.45,0.219,2025-11-10T00:00:00
I00842,U0105,C006,completed,0.554,1.0,,2025-11-10T02:00:00
I00843,U0105,C079,viewed,0.132,0.035,,2025-11-10T04:00:00
I00844,U0105,C064,completed,0.517,1.0,,2025-11-10T06:00:00
I00845,U0105,C089,viewed,0.28,0.019,,2025-11-10T08:00:00
I00846,U0105,C047,disliked,0.29,0.08,0.403,2025-11-10T10:00:00
I00847,U0105,C089,viewed,0.409,0.29,0.286,2025-11-10T12:00:00
I00848,U0105,C079,completed,0.69,1.0,0.522,2025-11-10T14:00:00
I00849,U0105,C016,completed,0.792,1.0,0.599,2025-11-10T16:00:00
I00850,U0105,C061,quiz_passed,0.753,1.0,0.63,2025-11-10T18:00:00
I00851,U0105,C017,completed,0.798,1.0,0.626,2025-11-10T20:00:00
I00852,U0106,C047,completed,0.504,1.0,,2025-11-10T22:00:00
I00853,U0106,C011,viewed,0.135,0.081,,2025-11-11T00:00:00
I00854,U0106,C067,viewed,0.413,0.34,0.535,2025-11-11T02:00:00
I00855,U0106,C051,quiz_passed,0.843,1.0,0.769,2025-11-11T04:00:00
I00856,U0106,C081,completed,0.811,1.0,0.598,2025-11-11T06:00:00
I00857,U0106,C047,completed,0.515,1.0,,2025-11-11T08:00:00
I00858,U0106,C042,quiz_passed,0.784,1.0,0.794,2025-11-11T10:00:00
I00859,U0106,C018,quiz_passed,0.84,1.0,0.81,2025-11-11T12:00:00
I00860,U0106,C075,viewed,0.517,0.69,0.394,2025-11-11T14:00:00
I00861,U0106,C090,completed,0.527,1.0,,2025-11-11T16:00:00
I00862,U0106,C099,viewed,0.531,0.51,0.423,2025-11-11T18:00:00
I00863,U0106,C042,quiz_passed,0.825,1.0,0.77,2025-11-11T20:00:00
I00864,U0106,C081,completed,0.709,1.0,0.621,2025-11-11T22:00:00
I00865,U0106,C062,quiz_passed,0.865,1.0,0.733,2025-11-12T00:00:00
I00866,U0106,C046,completed,0.556,1.0,,2025-11-12T02:00:00
I00867,U0107,C099,completed,0.562,1.0,,2025-11-12T04:00:00
I00868,U0107,C092,completed,0.549,1.0,,2025-11-12T06:00:00
I00869,U0107,C017,completed,0.566,1.0,,2025-11-12T08:00:00
I00870,U0107,C054,quiz_passed,0.833,1.0,0.81,2025-11-12T10:00:00
I00871,U0107,C015,quiz_passed,0.826,1.0,0.838,2025-11-12T12:00:00
I00872,U0107,C054,completed,0.805,1.0,0.834,2025-11-12T14:00:00
I00873,U0107,C047,completed,0.875,1.0,0.884,2025-11-12T16:00:00
I00874,U0107,C064,completed,0.57,1.0,,2025-11-12T18:00:00
I00875,U0107,C029,completed,0.925,1.0,0.875,2025-11-12T20:00:00
I00876,U0107,C064,quiz_passed,0.848,1.0,0.845,2025-11-12T22:00:00
I00877,U0107,C075,completed,0.784,1.0,0.728,2025-11-13T00:00:00
I00878,U0107,C044,disliked,0.349,0.14,0.576,2025-11-13T02:00:00
I00879,U0107,C092,completed,0.847,1.0,0.852,2025-11-13T04:00:00
I00880,U0108,C095,completed,0.559,1.0,,2025-11-13T06:00:00
I00881,U0108,C001,viewed,0.434,0.21,0.429,2025-11-13T08:00:00
I00882,U0108,C011,quiz_passed,0.803,1.0,0.667,2025-11-13T10:00:00
I00883,U0108,C013,completed,0.718,1.0,0.484,2025-11-13T12:00:00
I00884,U0108,C049,completed,0.729,1.0,0.587,2025-11-13T14:00:00
I00885,U0108,C061,disliked,0.228,0.15,,2025-11-13T16:00:00
I00886,U0108,C061,quiz_passed,0.755,1.0,0.654,2025-11-13T18:00:00
I00887,U0108,C010,viewed,0.369,0.57,0.201,2025-11-13T20:00:00
I00888,U0108,C050,viewed,0.13,0.058,,2025-11-13T22:00:00
I00889,U0108,C015,completed,0.554,1.0,,2025-11-14T00:00:00
I00890,U0108,C025,completed,0.536,1.0,,2025-11-14T02:00:00
I00891,U0108,C044,completed,0.754,1.0,0.48,2025-11-14T04:00:00
I00892,U0108,C048,viewed,0.322,0.36,,2025-11-14T06:00:00
I00893,U0109,C043,completed,0.499,1.0,,2025-11-14T08:00:00
I00894,U0109,C048,completed,0.513,1.0,,2025-11-14T10:00:00
I00895,U0109,C099,completed,0.749,1.0,0.598,2025-11-14T12:00:00
I00896,U0110,C063,quiz_passed,0.844,1.0,0.67,2025-11-14T14:00:00
I00897,U0110,C029,completed,0.695,1.0,0.574,2025-11-14T16:00:00
I00898,U0110,C036,viewed,0.314,0.39,,2025-11-14T18:00:00
I00899,U0110,C017,quiz_passed,0.773,1.0,0.603,2025-11-14T20:00:00
I00900,U0111,C099,quiz_passed,0.773,1.0,0.774,2025-11-14T22:00:00
I00901,U0111,C097,completed,0.884,1.0,0.833,2025-11-15T00:00:00
I00902,U0111,C025,viewed,0.141,0.013,,2025-11-15T02:00:00
I00903,U0111,C006,completed,0.498,1.0,,2025-11-15T04:00:00
I00904,U0112,C035,completed,0.799,1.0,0.55,2025-11-15T06:00:00
I00905,U0112,C099,viewed,0.393,0.55,,2025-11-15T08:00:00
I00906,U0112,C041,viewed,0.15,0.011,,2025-11-15T10:00:00
I00907,U0112,C066,viewed,0.428,0.56,0.344,2025-11-15T12:00:00
I00908,U0112,C051,quiz_passed,0.745,1.0,0.616,2025-11-15T14:00:00
I00909,U0112,C048,completed,0.553,1.0,,2025-11-15T16:00:00
I00910,U0112,C005,completed,0.658,1.0,0.478,2025-11-15T18:00:00
I00911,U0112,C018,completed,0.773,1.0,0.583,2025-11-15T20:00:00
I00912,U0112,C048,quiz_passed,0.74,1.0,0.629,2025-11-15T22:00:00
I00913,U0112,C047,completed,0.545,1.0,,2025-11-16T00:00:00
I00914,U0112,C010,completed,0.642,1.0,0.417,2025-11-16T02:00:00
I00915,U0112,C049,quiz_passed,0.777,1.0,0.682,2025-11-16T04:00:00
I00916,U0112,C082,completed,0.475,1.0,,2025-11-16T06:00:00
I00917,U0113,C098,viewed,0.209,0.077,,2025-11-16T08:00:00
I00918,U0113,C098,completed,0.692,1.0,0.558,2025-11-16T10:00:00
I00919,U0113,C099,quiz_passed,0.706,1.0,0.613,2025-11-16T12:00:00
I00920,U0113,C099,viewed,0.133,0.044,,2025-11-16T14:00:00
I00921,U0113,C011,completed,0.836,1.0,0.788,2025-11-16T16:00:00
I00922,U0113,C016,completed,0.781,1.0,0.744,2025-11-16T18:00:00
I00923,U0113,C001,quiz_passed,0.816,1.0,0.742,2025-11-16T20:00:00
I00924,U0113,C091,completed,0.516,1.0,,2025-11-16T22:00:00
I00925,U0113,C005,viewed,0.375,0.21,0.34,2025-11-17T00:00:00
I00926,U0113,C051,disliked,0.387,0.12,0.536,2025-11-17T02:00:00
I00927,U0113,C074,quiz_passed,0.767,1.0,0.701,2025-11-17T04:00:00
I00928,U0113,C057,completed,0.79,1.0,0.726,2025-11-17T06:00:00
I00929,U0113,C044,viewed,0.201,0.097,,2025-11-17T08:00:00
I00930,U0113,C098,viewed,0.463,0.53,0.388,2025-11-17T10:00:00
I00931,U0114,C035,completed,0.859,1.0,0.735,2025-11-17T12:00:00
I00932,U0114,C047,quiz_passed,0.883,1.0,0.802,2025-11-17T14:00:00
I00933,U0115,C098,completed,0.707,1.0,0.393,2025-11-17T16:00:00
I00934,U0115,C095,completed,0.664,1.0,0.416,2025-11-17T18:00:00
I00935,U0115,C057,viewed,0.165,0.089,,2025-11-17T20:00:00
I00936,U0115,C072,completed,0.533,1.0,,2025-11-17T22:00:00
I00937,U0115,C002,viewed,0.367,0.48,,2025-11-18T00:00:00
I00938,U0115,C061,viewed,0.226,0.35,,2025-11-18T02:00:00
I00939,U0115,C095,viewed,0.278,0.009,,2025-11-18T04:00:00
I00940,U0115,C057,viewed,0.223,0.052,,2025-11-18T06:00:00
I00941,U0115,C044,completed,0.715,1.0,0.559,2025-11-18T08:00:00
I00942,U0115,C076,viewed,0.196,0.095,,2025-11-18T10:00:00
I00943,U0115,C025,completed,0.564,1.0,,2025-11-18T12:00:00
I00944,U0116,C051,completed,0.766,1.0,0.685,2025-11-18T14:00:00
I00945,U0116,C045,viewed,0.256,0.25,,2025-11-18T16:00:00
I00946,U0116,C011,viewed,0.232,0.41,,2025-11-18T18:00:00
I00947,U0116,C010,completed,0.708,1.0,0.469,2025-11-18T20:00:00
I00948,U0116,C098,completed,0.71,1.0,0.528,2025-11-18T22:00:00
I00949,U0116,C057,completed,0.572,1.0,,2025-11-19T00:00:00
I00950,U0116,C091,viewed,0.24,0.097,,2025-11-19T02:00:00
I00951,U0116,C006,completed,0.577,1.0,,2025-11-19T04:00:00
I00952,U0116,C048,completed,0.527,1.0,,2025-11-19T06:00:00
I00953,U0117,C095,completed,0.555,1.0,,2025-11-19T08:00:00
I00954,U0117,C066,viewed,0.251,0.47,,2025-11-19T10:00:00
I00955,U0117,C030,quiz_passed,0.844,1.0,0.681,2025-11-19T12:00:00
I00956,U0117,C099,viewed,0.318,0.6,,2025-11-19T14:00:00
I00957,U0117,C053,completed,0.56,1.0,,2025-11-19T16:00:00
I00958,U0117,C058,completed,0.803,1.0,0.596,2025-11-19T18:00:00
I00959,U0117,C042,quiz_passed,0.756,1.0,0.634,2025-11-19T20:00:00
I00960,U0117,C065,viewed,0.19,0.21,,2025-11-19T22:00:00
I00961,U0117,C066,quiz_passed,0.775,1.0,0.652,2025-11-20T00:00:00
I00962,U0117,C058,disliked,0.319,0.17,0.381,2025-11-20T02:00:00
I00963,U0117,C011,viewed,0.476,0.46,0.424,2025-11-20T04:00:00
I00964,U0117,C015,completed,0.507,1.0,,2025-11-20T06:00:00
I00965,U0117,C081,viewed,0.168,0.086,,2025-11-20T08:00:00
I00966,U0118,C073,viewed,0.171,0.059,,2025-11-20T10:00:00
I00967,U0118,C096,viewed,0.112,0.036,,2025-11-20T12:00:00
I00968,U0118,C043,completed,0.786,1.0,0.697,2025-11-20T14:00:00
I00969,U0118,C045,completed,0.555,1.0,,2025-11-20T16:00:00
I00970,U0118,C057,completed,0.537,1.0,,2025-11-20T18:00:00
I00971,U0118,C016,viewed,0.296,0.058,,2025-11-20T20:00:00
I00972,U0119,C029,quiz_passed,0.863,1.0,0.858,2025-11-20T22:00:00
I00973,U0119,C088,quiz_passed,0.66,0.68,0.646,2025-11-21T00:00:00
I00974,U0119,C053,quiz_passed,0.447,0.27,0.668,2025-11-21T02:00:00
I00975,U0119,C066,quiz_passed,0.827,1.0,0.838,2025-11-21T04:00:00
I00976,U0120,C018,completed,0.537,1.0,,2025-11-21T06:00:00
I00977,U0120,C057,completed,0.488,1.0,,2025-11-21T08:00:00
I00978,U0120,C035,completed,0.79,1.0,0.543,2025-11-21T10:00:00
I00979,U0120,C053,quiz_passed,0.804,1.0,0.622,2025-11-21T12:00:00
I00980,U0120,C015,completed,0.468,1.0,,2025-11-21T14:00:00
I00981,U0120,C074,completed,0.779,1.0,0.551,2025-11-21T16:00:00
I00982,U0120,C005,completed,0.655,1.0,0.449,2025-11-21T18:00:00
I00983,U0120,C010,viewed,0.358,0.36,0.293,2025-11-21T20:00:00
I00984,U0120,C057,completed,0.76,1.0,0.598,2025-11-21T22:00:00
I00985,U0120,C085,viewed,0.334,0.38,0.232,2025-11-22T00:00:00
I00986,U0120,C081,viewed,0.331,0.29,0.294,2025-11-22T02:00:00
I00987,U0120,C042,completed,0.523,1.0,,2025-11-22T04:00:00
I00988,U0120,C074,viewed,0.197,0.016,,2025-11-22T06:00:00
I00989,U0120,C013,completed,0.503,1.0,,2025-11-22T08:00:00
I00990,U0121,C028,viewed,0.429,0.37,0.438,2025-11-22T10:00:00
I00991,U0121,C015,quiz_passed,0.717,1.0,0.627,2025-11-22T12:00:00
I00992,U0121,C013,viewed,0.125,0.008,,2025-11-22T14:00:00
I00993,U0121,C073,completed,0.578,1.0,,2025-11-22T16:00:00
I00994,U0121,C008,viewed,0.482,0.43,0.386,2025-11-22T18:00:00
I00995,U0121,C017,quiz_passed,0.838,1.0,0.683,2025-11-22T20:00:00
I00996,U0121,C010,viewed,0.203,0.24,,2025-11-22T22:00:00
I00997,U0121,C075,completed,0.74,1.0,0.421,2025-11-23T00:00:00
I00998,U0121,C045,viewed,0.415,0.58,0.229,2025-11-23T02:00:00
I00999,U0121,C066,quiz_passed,0.809,1.0,0.673,2025-11-23T04:00:00
I01000,U0122,C088,viewed,0.217,0.069,,2025-11-23T06:00:00
I01001,U0122,C003,viewed,0.334,0.58,,2025-11-23T08:00:00
I01002,U0122,C092,completed,0.708,1.0,0.591,2025-11-23T10:00:00
I01003,U0122,C054,viewed,0.17,0.046,,2025-11-23T12:00:00
I01004,U0122,C064,disliked,0.107,0.02,,2025-11-23T14:00:00
I01005,U0122,C096,completed,0.757,1.0,0.512,2025-11-23T16:00:00
I01006,U0122,C091,viewed,0.121,0.03,,2025-11-23T18:00:00
I01007,U0122,C061,completed,0.72,1.0,0.591,2025-11-23T20:00:00
I01008,U0122,C013,completed,0.661,1.0,0.48,2025-11-23T22:00:00
I01009,U0122,C095,disliked,0.19,0.07,0.204,2025-11-24T00:00:00
I01010,U0122,C029,completed,0.83,1.0,0.662,2025-11-24T02:00:00
I01011,U0122,C016,viewed,0.394,0.39,0.363,2025-11-24T04:00:00
I01012,U0122,C042,completed,0.498,1.0,,2025-11-24T06:00:00
I01013,U0123,C053,completed,0.484,1.0,,2025-11-24T08:00:00
I01014,U0123,C082,completed,0.726,1.0,0.598,2025-11-24T10:00:00
I01015,U0123,C051,viewed,0.447,0.63,0.334,2025-11-24T12:00:00
I01016,U0123,C044,completed,0.766,1.0,0.487,2025-11-24T14:00:00
I01017,U0123,C090,completed,0.471,1.0,,2025-11-24T16:00:00
I01018,U0123,C092,completed,0.489,1.0,,2025-11-24T18:00:00
I01019,U0123,C063,viewed,0.312,0.36,,2025-11-24T20:00:00
I01020,U0123,C090,viewed,0.437,0.67,,2025-11-24T22:00:00
I01021,U0123,C045,viewed,0.256,0.067,,2025-11-25T00:00:00
I01022,U0123,C029,quiz_passed,0.752,1.0,0.635,2025-11-25T02:00:00
I01023,U0123,C030,completed,0.515,1.0,,2025-11-25T04:00:00
I01024,U0123,C065,disliked,0.368,0.15,0.338,2025-11-25T06:00:00
I01025,U0124,C053,quiz_passed,0.728,1.0,0.662,2025-11-25T08:00:00
I01026,U0124,C002,completed,0.788,1.0,0.581,2025-11-25T10:00:00
I01027,U0125,C066,quiz_passed,0.808,1.0,0.61,2025-11-25T12:00:00
I01028,U0125,C057,completed,0.752,1.0,0.567,2025-11-25T14:00:00
I01029,U0125,C099,viewed,0.146,0.035,,2025-11-25T16:00:00
I01030,U0125,C092,completed,0.549,1.0,,2025-11-25T18:00:00
I01031,U0125,C064,completed,0.843,1.0,0.684,2025-11-25T20:00:00
I01032,U0126,C001,quiz_passed,0.779,1.0,0.688,2025-11-25T22:00:00
I01033,U0126,C001,completed,0.768,1.0,0.577,2025-11-26T00:00:00
I01034,U0126,C098,viewed,0.132,0.099,,2025-11-26T02:00:00
I01035,U0126,C002,completed,0.514,1.0,,2025-11-26T04:00:00
I01036,U0126,C003,quiz_passed,0.838,1.0,0.666,2025-11-26T06:00:00
I01037,U0126,C081,viewed,0.137,0.081,,2025-11-26T08:00:00
I01038,U0127,C095,viewed,0.458,0.69,0.219,2025-11-26T10:00:00
I01039,U0127,C029,completed,0.547,1.0,,2025-11-26T12:00:00
I01040,U0128,C016,viewed,0.191,0.043,,2025-11-26T14:00:00
I01041,U0128,C018,completed,0.565,1.0,,2025-11-26T16:00:00
I01042,U0128,C016,completed,0.689,1.0,0.571,2025-11-26T18:00:00
I01043,U0128,C018,disliked,0.212,0.19,,2025-11-26T20:00:00
I01044,U0128,C046,completed,0.592,1.0,0.319,2025-11-26T22:00:00
I01045,U0128,C003,completed,0.563,1.0,,2025-11-27T00:00:00
I01046,U0128,C013,viewed,0.209,0.056,,2025-11-27T02:00:00
I01047,U0128,C044,completed,0.715,1.0,0.533,2025-11-27T04:00:00
I01048,U0128,C011,quiz_passed,0.839,1.0,0.7,2025-11-27T06:00:00
I01049,U0129,C015,completed,0.489,1.0,,2025-11-27T08:00:00
I01050,U0129,C098,viewed,0.153,0.093,,2025-11-27T10:00:00
I01051,U0129,C081,viewed,0.386,0.47,0.199,2025-11-27T12:00:00
I01052,U0129,C053,quiz_passed,0.778,1.0,0.649,2025-11-27T14:00:00
I01053,U0129,C061,quiz_passed,0.746,1.0,0.605,2025-11-27T16:00:00
I01054,U0129,C018,completed,0.538,1.0,,2025-11-27T18:00:00
I01055,U0129,C045,completed,0.478,1.0,,2025-11-27T20:00:00
I01056,U0129,C045,viewed,0.388,0.44,0.294,2025-11-27T22:00:00
I01057,U0129,C075,completed,0.473,1.0,,2025-11-28T00:00:00
I01058,U0129,C030,completed,0.523,1.0,,2025-11-28T02:00:00
I01059,U0129,C076,viewed,0.375,0.25,0.328,2025-11-28T04:00:00
I01060,U0129,C076,viewed,0.144,0.071,,2025-11-28T06:00:00
I01061,U0130,C095,completed,0.74,1.0,0.573,2025-11-28T08:00:00
I01062,U0130,C050,viewed,0.18,0.036,,2025-11-28T10:00:00
I01063,U0130,C053,completed,0.562,1.0,,2025-11-28T12:00:00
I01064,U0130,C071,completed,0.84,1.0,0.727,2025-11-28T14:00:00
I01065,U0130,C015,completed,0.56,1.0,,2025-11-28T16:00:00
I01066,U0130,C013,completed,0.801,1.0,0.676,2025-11-28T18:00:00
I01067,U0130,C016,viewed,0.17,0.077,,2025-11-28T20:00:00
I01068,U0131,C073,completed,0.496,1.0,,2025-11-28T22:00:00
I01069,U0131,C096,viewed,0.256,0.031,,2025-11-29T00:00:00
I01070,U0131,C098,viewed,0.297,0.21,0.199,2025-11-29T02:00:00
I01071,U0131,C006,quiz_passed,0.777,1.0,0.643,2025-11-29T04:00:00
I01072,U0131,C016,completed,0.822,1.0,0.626,2025-11-29T06:00:00
I01073,U0131,C081,viewed,0.502,0.63,0.233,2025-11-29T08:00:00
I01074,U0131,C030,completed,0.731,1.0,0.675,2025-11-29T10:00:00
I01075,U0131,C030,viewed,0.197,0.069,,2025-11-29T12:00:00
I01076,U0131,C076,viewed,0.115,0.028,,2025-11-29T14:00:00
I01077,U0131,C016,viewed,0.295,0.019,,2025-11-29T16:00:00
I01078,U0131,C096,disliked,0.307,0.18,0.288,2025-11-29T18:00:00
I01079,U0131,C001,quiz_passed,0.857,1.0,0.699,2025-11-29T20:00:00
I01080,U0131,C003,quiz_passed,0.749,1.0,0.657,2025-11-29T22:00:00
I01081,U0132,C065,completed,0.483,1.0,,2025-11-30T00:00:00
I01082,U0132,C018,completed,0.548,1.0,,2025-11-30T02:00:00
I01083,U0132,C099,completed,0.702,1.0,0.395,2025-11-30T04:00:00
I01084,U0132,C063,quiz_passed,0.74,1.0,0.667,2025-11-30T06:00:00
I01085,U0132,C058,completed,0.465,1.0,,2025-11-30T08:00:00
I01086,U0132,C050,completed,0.799,1.0,0.672,2025-11-30T10:00:00
I01087,U0132,C017,completed,0.554,1.0,,2025-11-30T12:00:00
I01088,U0132,C090,completed,0.558,1.0,,2025-11-30T14:00:00
I01089,U0132,C082,quiz_passed,0.821,1.0,0.623,2025-11-30T16:00:00
I01090,U0133,C099,viewed,0.225,0.011,,2025-11-30T18:00:00
I01091,U0133,C015,quiz_passed,0.791,1.0,0.672,2025-11-30T20:00:00
I01092,U0134,C096,viewed,0.187,0.021,,2025-11-30T22:00:00
I01093,U0134,C002,disliked,0.395,0.17,0.458,2025-12-01T00:00:00
I01094,U0134,C067,viewed,0.447,0.4,0.491,2025-12-01T02:00:00
I01095,U0134,C005,viewed,0.254,0.032,,2025-12-01T04:00:00
I01096,U0135,C008,viewed,0.153,0.07,,2025-12-01T06:00:00
I01097,U0135,C078,quiz_passed,0.811,1.0,0.668,2025-12-01T08:00:00
I01098,U0135,C042,completed,0.488,1.0,,2025-12-01T10:00:00
I01099,U0135,C050,completed,0.572,1.0,,2025-12-01T12:00:00
I01100,U0135,C064,viewed,0.532,0.67,0.407,2025-12-01T14:00:00
I01101,U0135,C064,viewed,0.286,0.071,,2025-12-01T16:00:00
I01102,U0135,C001,completed,0.819,1.0,0.703,2025-12-01T18:00:00
I01103,U0135,C051,completed,0.534,1.0,,2025-12-01T20:00:00
I01104,U0135,C075,disliked,0.208,0.05,0.307,2025-12-01T22:00:00
I01105,U0135,C091,completed,0.477,1.0,,2025-12-02T00:00:00
I01106,U0135,C065,quiz_passed,0.738,1.0,0.673,2025-12-02T02:00:00
I01107,U0135,C010,completed,0.8,1.0,0.561,2025-12-02T04:00:00
I01108,U0135,C091,completed,0.513,1.0,,2025-12-02T06:00:00
I01109,U0135,C073,disliked,0.121,0.1,,2025-12-02T08:00:00
I01110,U0135,C074,viewed,0.36,0.53,,2025-12-02T10:00:00
I01111,U0136,C061,viewed,0.174,0.017,,2025-12-02T12:00:00
I01112,U0136,C057,quiz_passed,0.811,1.0,0.696,2025-12-02T14:00:00
I01113,U0136,C063,quiz_passed,0.833,1.0,0.697,2025-12-02T16:00:00
I01114,U0136,C073,viewed,0.336,0.41,,2025-12-02T18:00:00
I01115,U0136,C003,completed,0.514,1.0,,2025-12-02T20:00:00
I01116,U0136,C088,viewed,0.511,0.45,0.386,2025-12-02T22:00:00
I01117,U0136,C049,viewed,0.23,0.066,,2025-12-03T00:00:00
I01118,U0136,C076,quiz_passed,0.816,1.0,0.612,2025-12-03T02:00:00
I01119,U0136,C030,completed,0.791,1.0,0.564,2025-12-03T04:00:00
I01120,U0136,C045,disliked,0.287,0.11,0.254,2025-12-03T06:00:00
I01121,U0136,C029,viewed,0.218,0.1,,2025-12-03T08:00:00
I01122,U0136,C063,disliked,0.212,0.17,,2025-12-03T10:00:00
I01123,U0136,C067,disliked,0.271,0.07,0.409,2025-12-03T12:00:00
I01124,U0136,C050,disliked,0.119,0.03,,2025-12-03T14:00:00
I01125,U0137,C011,completed,0.868,1.0,0.765,2025-12-03T16:00:00
I01126,U0137,C048,viewed,0.136,0.048,,2025-12-03T18:00:00
I01127,U0137,C011,quiz_passed,0.799,1.0,0.761,2025-12-03T20:00:00
I01128,U0137,C097,disliked,0.123,0.12,,2025-12-03T22:00:00
I01129,U0137,C057,completed,0.462,1.0,,2025-12-04T00:00:00
I01130,U0137,C051,completed,0.796,1.0,0.718,2025-12-04T02:00:00
I01131,U0137,C075,completed,0.783,1.0,0.663,2025-12-04T04:00:00
I01132,U0137,C028,quiz_passed,0.835,1.0,0.774,2025-12-04T06:00:00
I01133,U0137,C046,viewed,0.272,0.28,,2025-12-04T08:00:00
I01134,U0137,C096,completed,0.561,1.0,,2025-12-04T10:00:00
I01135,U0137,C076,completed,0.788,1.0,0.798,2025-12-04T12:00:00
I01136,U0138,C057,completed,0.493,1.0,,2025-12-04T14:00:00
I01137,U0138,C099,completed,0.471,1.0,,2025-12-04T16:00:00
I01138,U0138,C054,completed,0.498,1.0,,2025-12-04T18:00:00
I01139,U0138,C029,quiz_passed,0.799,1.0,0.716,2025-12-04T20:00:00
I01140,U0138,C016,quiz_passed,0.747,1.0,0.716,2025-12-04T22:00:00
I01141,U0138,C025,completed,0.768,1.0,0.7,2025-12-05T00:00:00
I01142,U0138,C075,quiz_passed,0.764,1.0,0.653,2025-12-05T02:00:00
I01143,U0139,C096,viewed,0.252,0.076,,2025-12-05T04:00:00
I01144,U0139,C006,disliked,0.337,0.17,0.31,2025-12-05T06:00:00
I01145,U0139,C076,viewed,0.14,0.064,,2025-12-05T08:00:00
I01146,U0139,C095,viewed,0.177,0.073,,2025-12-05T10:00:00
I01147,U0139,C042,viewed,0.267,0.37,,2025-12-05T12:00:00
I01148,U0139,C064,viewed,0.218,0.044,,2025-12-05T14:00:00
I01149,U0139,C028,completed,0.546,1.0,,2025-12-05T16:00:00
I01150,U0139,C051,completed,0.527,1.0,,2025-12-05T18:00:00
I01151,U0139,C082,completed,0.787,1.0,0.575,2025-12-05T20:00:00
I01152,U0139,C081,viewed,0.246,0.069,,2025-12-05T22:00:00
I01153,U0140,C096,disliked,0.242,0.01,0.208,2025-12-06T00:00:00
I01154,U0140,C073,quiz_passed,0.821,1.0,0.636,2025-12-06T02:00:00
I01155,U0140,C098,viewed,0.274,0.5,,2025-12-06T04:00:00
I01156,U0140,C098,completed,0.731,1.0,0.433,2025-12-06T06:00:00
I01157,U0141,C065,viewed,0.224,0.081,,2025-12-06T08:00:00
I01158,U0141,C006,quiz_passed,0.8,1.0,0.645,2025-12-06T10:00:00
I01159,U0141,C098,viewed,0.474,0.52,0.27,2025-12-06T12:00:00
I01160,U0141,C011,completed,0.516,1.0,,2025-12-06T14:00:00
I01161,U0141,C076,viewed,0.454,0.49,0.387,2025-12-06T16:00:00
I01162,U0141,C011,viewed,0.118,0.027,,2025-12-06T18:00:00
I01163,U0141,C081,completed,0.653,1.0,0.476,2025-12-06T20:00:00
I01164,U0141,C048,disliked,0.128,0.06,,2025-12-06T22:00:00
I01165,U0141,C091,viewed,0.367,0.33,0.394,2025-12-07T00:00:00
I01166,U0141,C076,completed,0.541,1.0,,2025-12-07T02:00:00
I01167,U0141,C025,quiz_passed,0.843,1.0,0.7,2025-12-07T04:00:00
I01168,U0141,C071,completed,0.74,1.0,0.698,2025-12-07T06:00:00
I01169,U0142,C003,completed,0.749,1.0,0.599,2025-12-07T08:00:00
I01170,U0142,C054,completed,0.792,1.0,0.581,2025-12-07T10:00:00
I01171,U0142,C073,completed,0.568,1.0,,2025-12-07T12:00:00
I01172,U0142,C098,viewed,0.15,0.064,,2025-12-07T14:00:00
I01173,U0142,C029,quiz_passed,0.745,1.0,0.601,2025-12-07T16:00:00
I01174,U0142,C044,completed,0.549,1.0,,2025-12-07T18:00:00
I01175,U0142,C063,completed,0.548,1.0,,2025-12-07T20:00:00
I01176,U0142,C025,quiz_passed,0.822,1.0,0.618,2025-12-07T22:00:00
I01177,U0143,C095,completed,0.768,1.0,0.514,2025-12-08T00:00:00
I01178,U0143,C099,viewed,0.47,0.63,0.277,2025-12-08T02:00:00
I01179,U0143,C098,completed,0.473,1.0,,2025-12-08T04:00:00
I01180,U0143,C002,completed,0.499,1.0,,2025-12-08T06:00:00
I01181,U0143,C074,viewed,0.288,0.057,,2025-12-08T08:00:00
I01182,U0143,C044,viewed,0.294,0.021,,2025-12-08T10:00:00
I01183,U0143,C067,completed,0.525,1.0,,2025-12-08T12:00:00
I01184,U0143,C057,completed,0.761,1.0,0.582,2025-12-08T14:00:00
I01185,U0143,C018,quiz_passed,0.724,1.0,0.605,2025-12-08T16:00:00
I01186,U0143,C090,completed,0.674,1.0,0.494,2025-12-08T18:00:00
I01187,U0143,C044,viewed,0.365,0.48,,2025-12-08T20:00:00
I01188,U0143,C081,completed,0.78,1.0,0.511,2025-12-08T22:00:00
I01189,U0144,C095,completed,0.479,1.0,,2025-12-09T00:00:00
I01190,U0144,C003,quiz_passed,0.85,1.0,0.734,2025-12-09T02:00:00
I01191,U0144,C013,viewed,0.23,0.013,,2025-12-09T04:00:00
I01192,U0144,C081,completed,0.55,1.0,,2025-12-09T06:00:00
I01193,U0144,C050,quiz_passed,0.807,1.0,0.773,2025-12-09T08:00:00
I01194,U0144,C081,completed,0.482,1.0,,2025-12-09T10:00:00
I01195,U0144,C011,completed,0.82,1.0,0.802,2025-12-09T12:00:00
I01196,U0144,C016,quiz_passed,0.862,1.0,0.737,2025-12-09T14:00:00
I01197,U0144,C005,completed,0.773,1.0,0.647,2025-12-09T16:00:00
I01198,U0144,C044,completed,0.751,1.0,0.679,2025-12-09T18:00:00
I01199,U0144,C017,quiz_passed,0.848,1.0,0.797,2025-12-09T20:00:00
I01200,U0144,C091,completed,0.505,1.0,,2025-12-09T22:00:00
I01201,U0144,C071,viewed,0.425,0.27,0.52,2025-12-10T00:00:00
I01202,U0145,C099,viewed,0.287,0.014,,2025-12-10T02:00:00
I01203,U0145,C001,viewed,0.234,0.094,,2025-12-10T04:00:00
I01204,U0145,C049,viewed,0.256,0.068,,2025-12-10T06:00:00
I01205,U0145,C001,completed,0.468,1.0,,2025-12-10T08:00:00
I01206,U0145,C064,completed,0.723,1.0,0.622,2025-12-10T10:00:00
I01207,U0145,C045,viewed,0.368,0.64,,2025-12-10T12:00:00
I01208,U0145,C015,quiz_passed,0.77,1.0,0.606,2025-12-10T14:00:00
I01209,U0145,C028,completed,0.545,1.0,,2025-12-10T16:00:00
I01210,U0145,C044,completed,0.677,1.0,0.484,2025-12-10T18:00:00
I01211,U0145,C098,completed,0.576,1.0,,2025-12-10T20:00:00
I01212,U0146,C002,quiz_passed,0.737,1.0,0.605,2025-12-10T22:00:00
I01213,U0146,C082,completed,0.759,1.0,0.648,2025-12-11T00:00:00
I01214,U0146,C092,viewed,0.316,0.2,0.391,2025-12-11T02:00:00
I01215,U0146,C076,viewed,0.168,0.013,,2025-12-11T04:00:00
I01216,U0146,C017,quiz_passed,0.773,1.0,0.64,2025-12-11T06:00:00
I01217,U0146,C090,viewed,0.123,0.005,,2025-12-11T08:00:00
I01218,U0146,C030,viewed,0.442,0.58,0.311,2025-12-11T10:00:00
I01219,U0146,C073,viewed,0.116,0.039,,2025-12-11T12:00:00
I01220,U0146,C011,completed,0.544,1.0,,2025-12-11T14:00:00
I01221,U0147,C099,viewed,0.333,0.56,,2025-12-11T16:00:00
I01222,U0147,C078,completed,0.88,1.0,0.791,2025-12-11T18:00:00
I01223,U0147,C065,viewed,0.131,0.074,,2025-12-11T20:00:00
I01224,U0147,C071,completed,0.572,1.0,,2025-12-11T22:00:00
I01225,U0147,C046,viewed,0.407,0.5,0.249,2025-12-12T00:00:00
I01226,U0147,C018,quiz_passed,0.809,1.0,0.701,2025-12-12T02:00:00
I01227,U0147,C050,viewed,0.428,0.21,0.53,2025-12-12T04:00:00
I01228,U0147,C016,completed,0.553,1.0,,2025-12-12T06:00:00
I01229,U0147,C071,completed,0.547,1.0,,2025-12-12T08:00:00
I01230,U0147,C015,quiz_passed,0.802,1.0,0.785,2025-12-12T10:00:00
I01231,U0147,C015,quiz_passed,0.839,1.0,0.789,2025-12-12T12:00:00
I01232,U0147,C091,completed,0.53,1.0,,2025-12-12T14:00:00
I01233,U0147,C054,disliked,0.346,0.1,0.476,2025-12-12T16:00:00
I01234,U0147,C054,completed,0.473,1.0,,2025-12-12T18:00:00
I01235,U0148,C051,completed,0.55,1.0,,2025-12-12T20:00:00
I01236,U0148,C050,viewed,0.129,0.002,,2025-12-12T22:00:00
I01237,U0148,C005,completed,0.708,1.0,0.426,2025-12-13T00:00:00
I01238,U0148,C006,completed,0.543,1.0,,2025-12-13T02:00:00
I01239,U0148,C048,viewed,0.46,0.53,0.396,2025-12-13T04:00:00
I01240,U0148,C074,viewed,0.152,0.066,,2025-12-13T06:00:00
I01241,U0148,C090,completed,0.522,1.0,,2025-12-13T08:00:00
I01242,U0148,C092,quiz_passed,0.777,1.0,0.643,2025-12-13T10:00:00
I01243,U0148,C073,viewed,0.322,0.45,,2025-12-13T12:00:00
I01244,U0149,C050,viewed,0.286,0.28,,2025-12-13T14:00:00
I01245,U0149,C010,viewed,0.115,0.071,,2025-12-13T16:00:00
I01246,U0150,C043,quiz_passed,0.807,1.0,0.681,2025-12-13T18:00:00
I01247,U0150,C048,completed,0.573,1.0,,2025-12-13T20:00:00
I01248,U0150,C001,completed,0.545,1.0,,2025-12-13T22:00:00
I01249,U0150,C081,completed,0.464,1.0,,2025-12-14T00:00:00
I01250,U0150,C099,completed,0.672,1.0,0.402,2025-12-14T02:00:00
I01251,U0151,C096,quiz_passed,0.868,1.0,0.727,2025-12-14T04:00:00
I01252,U0151,C099,completed,0.772,1.0,0.764,2025-12-14T06:00:00
I01253,U0151,C096,disliked,0.085,0.04,,2025-12-14T08:00:00
I01254,U0151,C057,completed,0.487,1.0,,2025-12-14T10:00:00
I01255,U0151,C066,completed,0.531,1.0,,2025-12-14T12:00:00
I01256,U0151,C053,quiz_passed,0.902,1.0,0.845,2025-12-14T14:00:00
I01257,U0151,C098,viewed,0.394,0.63,,2025-12-14T16:00:00
I01258,U0151,C011,completed,0.844,1.0,0.828,2025-12-14T18:00:00
I01259,U0151,C082,quiz_passed,0.821,1.0,0.881,2025-12-14T20:00:00
I01260,U0151,C067,completed,0.533,1.0,,2025-12-14T22:00:00
I01261,U0152,C051,quiz_passed,0.791,1.0,0.749,2025-12-15T00:00:00
I01262,U0152,C047,completed,0.525,1.0,,2025-12-15T02:00:00
I01263,U0152,C010,viewed,0.271,0.013,,2025-12-15T04:00:00
I01264,U0152,C061,completed,0.578,1.0,,2025-12-15T06:00:00
I01265,U0152,C090,viewed,0.153,0.013,,2025-12-15T08:00:00
I01266,U0152,C078,completed,0.508,1.0,,2025-12-15T10:00:00
I01267,U0152,C046,viewed,0.282,0.35,,2025-12-15T12:00:00
I01268,U0152,C046,viewed,0.147,0.01,,2025-12-15T14:00:00
I01269,U0152,C015,completed,0.828,1.0,0.776,2025-12-15T16:00:00
I01270,U0153,C006,completed,0.576,1.0,,2025-12-15T18:00:00
I01271,U0153,C017,completed,0.708,1.0,0.59,2025-12-15T20:00:00
I01272,U0153,C053,viewed,0.167,0.084,,2025-12-15T22:00:00
I01273,U0153,C064,completed,0.46,1.0,,2025-12-16T00:00:00
I01274,U0153,C076,viewed,0.3,0.34,,2025-12-16T02:00:00
I01275,U0153,C078,completed,0.478,1.0,,2025-12-16T04:00:00
I01276,U0153,C044,disliked,0.08,0.02,,2025-12-16T06:00:00
I01277,U0153,C065,quiz_passed,0.835,1.0,0.643,2025-12-16T08:00:00
I01278,U0154,C095,completed,0.493,1.0,,2025-12-16T10:00:00
I01279,U0154,C096,completed,0.774,1.0,0.542,2025-12-16T12:00:00
I01280,U0154,C099,completed,0.779,1.0,0.56,2025-12-16T14:00:00
I01281,U0154,C042,quiz_passed,0.879,1.0,0.806,2025-12-16T16:00:00
I01282,U0154,C067,completed,0.5,1.0,,2025-12-16T18:00:00
I01283,U0155,C099,completed,0.495,1.0,,2025-12-16T20:00:00
I01284,U0155,C071,viewed,0.228,0.4,,2025-12-16T22:00:00
I01285,U0155,C054,viewed,0.245,0.34,,2025-12-17T00:00:00
I01286,U0155,C066,viewed,0.107,0.027,,2025-12-17T02:00:00
I01287,U0155,C091,completed,0.778,1.0,0.633,2025-12-17T04:00:00
I01288,U0155,C047,viewed,0.188,0.099,,2025-12-17T06:00:00
I01289,U0155,C016,disliked,0.163,0.04,,2025-12-17T08:00:00
I01290,U0156,C030,quiz_passed,0.804,1.0,0.615,2025-12-17T10:00:00
I01291,U0156,C053,disliked,0.305,0.04,0.362,2025-12-17T12:00:00
I01292,U0156,C054,completed,0.483,1.0,,2025-12-17T14:00:00
I01293,U0156,C029,completed,0.529,1.0,,2025-12-17T16:00:00
I01294,U0156,C058,quiz_passed,0.836,1.0,0.686,2025-12-17T18:00:00
I01295,U0156,C015,viewed,0.522,0.64,0.364,2025-12-17T20:00:00
I01296,U0156,C016,completed,0.553,1.0,,2025-12-17T22:00:00
I01297,U0156,C067,viewed,0.385,0.27,0.331,2025-12-18T00:00:00
I01298,U0156,C058,completed,0.469,1.0,,2025-12-18T02:00:00
I01299,U0156,C071,completed,0.76,1.0,0.606,2025-12-18T04:00:00
I01300,U0156,C074,viewed,0.532,0.66,0.267,2025-12-18T06:00:00
I01301,U0156,C066,completed,0.509,1.0,,2025-12-18T08:00:00
I01302,U0156,C011,completed,0.739,1.0,0.588,2025-12-18T10:00:00
I01303,U0156,C043,completed,0.517,1.0,,2025-12-18T12:00:00
I01304,U0157,C066,quiz_passed,0.722,1.0,0.649,2025-12-18T14:00:00
I01305,U0157,C066,completed,0.486,1.0,,2025-12-18T16:00:00
I01306,U0157,C095,viewed,0.113,0.039,,2025-12-18T18:00:00
I01307,U0157,C095,completed,0.501,1.0,,2025-12-18T20:00:00
I01308,U0157,C028,viewed,0.117,0.047,,2025-12-18T22:00:00
I01309,U0157,C018,disliked,0.406,0.17,0.406,2025-12-19T00:00:00
I01310,U0157,C061,quiz_passed,0.71,1.0,0.614,2025-12-19T02:00:00
I01311,U0157,C001,viewed,0.356,0.48,,2025-12-19T04:00:00
I01312,U0158,C061,completed,0.774,1.0,0.7,2025-12-19T06:00:00
I01313,U0158,C043,viewed,0.414,0.59,,2025-12-19T08:00:00
I01314,U0159,C099,quiz_passed,0.82,1.0,0.622,2025-12-19T10:00:00
I01315,U0159,C061,completed,0.83,1.0,0.8,2025-12-19T12:00:00
I01316,U0159,C073,quiz_passed,0.853,1.0,0.712,2025-12-19T14:00:00
I01317,U0159,C053,quiz_passed,0.845,1.0,0.801,2025-12-19T16:00:00
I01318,U0159,C091,quiz_passed,0.797,1.0,0.779,2025-12-19T18:00:00
I01319,U0160,C092,viewed,0.235,0.012,,2025-12-19T20:00:00
I01320,U0160,C091,viewed,0.224,0.21,,2025-12-19T22:00:00
I01321,U0160,C042,completed,0.526,1.0,,2025-12-20T00:00:00
I01322,U0160,C092,disliked,0.281,0.12,0.336,2025-12-20T02:00:00
I01323,U0160,C067,completed,0.785,1.0,0.576,2025-12-20T04:00:00
I01324,U0160,C091,viewed,0.338,0.67,,2025-12-20T06:00:00
I01325,U0160,C082,viewed,0.405,0.31,0.352,2025-12-20T08:00:00
I01326,U0160,C061,quiz_passed,0.729,1.0,0.605,2025-12-20T10:00:00
I01327,U0160,C030,completed,0.477,1.0,,2025-12-20T12:00:00
I01328,U0160,C082,viewed,0.155,0.095,,2025-12-20T14:00:00
I01329,U0160,C002,viewed,0.51,0.6,0.393,2025-12-20T16:00:00
I01330,U0160,C073,viewed,0.179,0.011,,2025-12-20T18:00:00
I01331,U0160,C001,viewed,0.27,0.47,,2025-12-20T20:00:00
I01332,U0160,C043,viewed,0.122,0.074,,2025-12-20T22:00:00
I01333,U0160,C015,completed,0.795,1.0,0.611,2025-12-21T00:00:00
I01334,U0161,C061,completed,0.517,1.0,,2025-12-21T02:00:00
I01335,U0161,C091,quiz_passed,0.884,1.0,0.885,2025-12-21T04:00:00
I01336,U0161,C017,quiz_passed,0.915,1.0,0.866,2025-12-21T06:00:00
I01337,U0161,C046,completed,0.76,1.0,0.597,2025-12-21T08:00:00
I01338,U0161,C053,completed,0.531,1.0,,2025-12-21T10:00:00
I01339,U0161,C013,quiz_passed,0.782,1.0,0.703,2025-12-21T12:00:00
I01340,U0162,C016,quiz_passed,0.528,0.15,0.73,2025-12-21T14:00:00
I01341,U0162,C054,quiz_passed,0.582,0.35,0.709,2025-12-21T16:00:00
I01342,U0162,C074,completed,0.887,1.0,0.79,2025-12-21T18:00:00
I01343,U0162,C099,quiz_passed,0.783,1.0,0.766,2025-12-21T20:00:00
I01344,U0162,C074,disliked,0.455,0.1,0.596,2025-12-21T22:00:00
I01345,U0162,C035,completed,0.796,1.0,0.823,2025-12-22T00:00:00
I01346,U0162,C030,completed,0.495,1.0,,2025-12-22T02:00:00
I01347,U0162,C004,quiz_passed,0.838,1.0,0.752,2025-12-22T04:00:00
I01348,U0162,C003,completed,0.473,1.0,,2025-12-22T06:00:00
I01349,U0162,C005,completed,0.519,1.0,,2025-12-22T08:00:00
I01350,U0162,C075,viewed,0.405,0.66,,2025-12-22T10:00:00
I01351,U0162,C088,completed,0.841,1.0,0.836,2025-12-22T12:00:00
I01352,U0162,C046,completed,0.575,1.0,,2025-12-22T14:00:00
I01353,U0162,C069,quiz_passed,0.867,1.0,0.748,2025-12-22T16:00:00
I01354,U0163,C002,completed,0.725,1.0,0.575,2025-12-22T18:00:00
I01355,U0163,C092,quiz_passed,0.809,1.0,0.696,2025-12-22T20:00:00
I01356,U0163,C097,quiz_passed,0.74,1.0,0.629,2025-12-22T22:00:00
I01357,U0163,C049,viewed,0.361,0.36,0.332,2025-12-23T00:00:00
I01358,U0163,C057,quiz_passed,0.747,1.0,0.665,2025-12-23T02:00:00
I01359,U0163,C074,viewed,0.127,0.007,,2025-12-23T04:00:00
I01360,U0163,C008,completed,0.571,1.0,,2025-12-23T06:00:00
I01361,U0163,C046,completed,0.541,1.0,,2025-12-23T08:00:00
I01362,U0163,C046,viewed,0.257,0.094,,2025-12-23T10:00:00
I01363,U0163,C043,completed,0.485,1.0,,2025-12-23T12:00:00
I01364,U0163,C057,quiz_passed,0.709,1.0,0.623,2025-12-23T14:00:00
I01365,U0163,C074,viewed,0.183,0.014,,2025-12-23T16:00:00
I01366,U0163,C095,completed,0.693,1.0,0.432,2025-12-23T18:00:00
I01367,U0164,C095,quiz_passed,0.769,1.0,0.762,2025-12-23T20:00:00
I01368,U0164,C057,completed,0.527,1.0,,2025-12-23T22:00:00
I01369,U0164,C091,quiz_passed,0.845,1.0,0.812,2025-12-24T00:00:00
I01370,U0164,C029,quiz_passed,0.876,1.0,0.843,2025-12-24T02:00:00
I01371,U0164,C016,completed,0.484,1.0,,2025-12-24T04:00:00
I01372,U0165,C096,completed,0.483,1.0,,2025-12-24T06:00:00
I01373,U0165,C057,quiz_passed,0.884,1.0,0.849,2025-12-24T08:00:00
I01374,U0165,C095,completed,0.554,1.0,,2025-12-24T10:00:00
I01375,U0165,C028,completed,0.569,1.0,,2025-12-24T12:00:00
I01376,U0165,C050,completed,0.911,1.0,0.837,2025-12-24T14:00:00
I01377,U0165,C002,quiz_passed,0.822,1.0,0.847,2025-12-24T16:00:00
I01378,U0165,C048,quiz_passed,0.818,1.0,0.865,2025-12-24T18:00:00
I01379,U0165,C096,completed,0.569,1.0,,2025-12-24T20:00:00
I01380,U0165,C030,quiz_passed,0.367,0.05,0.688,2025-12-24T22:00:00
I01381,U0165,C029,completed,0.565,1.0,,2025-12-25T00:00:00
I01382,U0165,C028,completed,0.497,1.0,,2025-12-25T02:00:00
I01383,U0165,C046,quiz_passed,0.834,1.0,0.673,2025-12-25T04:00:00
I01384,U0166,C030,viewed,0.187,0.009,,2025-12-25T06:00:00
I01385,U0166,C054,viewed,0.174,0.013,,2025-12-25T08:00:00
I01386,U0166,C065,quiz_passed,0.712,1.0,0.629,2025-12-25T10:00:00
I01387,U0166,C008,completed,0.803,1.0,0.67,2025-12-25T12:00:00
I01388,U0166,C061,completed,0.518,1.0,,2025-12-25T14:00:00
I01389,U0166,C082,viewed,0.603,0.68,0.403,2025-12-25T16:00:00
I01390,U0166,C010,completed,0.495,1.0,,2025-12-25T18:00:00
I01391,U0166,C092,completed,0.715,1.0,0.582,2025-12-25T20:00:00
I01392,U0166,C013,viewed,0.27,0.23,,2025-12-25T22:00:00
I01393,U0167,C098,completed,0.503,1.0,,2025-12-26T00:00:00
I01394,U0167,C029,completed,0.845,1.0,0.839,2025-12-26T02:00:00
I01395,U0167,C098,quiz_passed,0.863,1.0,0.739,2025-12-26T04:00:00
I01396,U0167,C061,quiz_passed,0.849,1.0,0.879,2025-12-26T06:00:00
I01397,U0167,C048,quiz_passed,0.865,1.0,0.836,2025-12-26T08:00:00
I01398,U0168,C064,disliked,0.275,0.1,0.354,2025-12-26T10:00:00
I01399,U0168,C066,disliked,0.197,0.05,,2025-12-26T12:00:00
I01400,U0168,C098,viewed,0.224,0.041,,2025-12-26T14:00:00
I01401,U0168,C053,completed,0.508,1.0,,2025-12-26T16:00:00
I01402,U0168,C076,viewed,0.519,0.69,0.317,2025-12-26T18:00:00
I01403,U0168,C028,viewed,0.244,0.059,,2025-12-26T20:00:00
I01404,U0168,C049,completed,0.717,1.0,0.545,2025-12-26T22:00:00
I01405,U0168,C054,completed,0.765,1.0,0.59,2025-12-27T00:00:00
I01406,U0168,C090,viewed,0.398,0.47,0.28,2025-12-27T02:00:00
I01407,U0168,C045,completed,0.703,1.0,0.532,2025-12-27T04:00:00
I01408,U0168,C030,viewed,0.246,0.089,,2025-12-27T06:00:00
I01409,U0168,C049,quiz_passed,0.75,1.0,0.629,2025-12-27T08:00:00
I01410,U0168,C073,completed,0.858,1.0,0.694,2025-12-27T10:00:00
I01411,U0168,C053,viewed,0.188,0.22,,2025-12-27T12:00:00
I01412,U0168,C075,viewed,0.202,0.054,,2025-12-27T14:00:00
I01413,U0169,C082,completed,0.564,1.0,,2025-12-27T16:00:00
I01414,U0169,C098,completed,0.488,1.0,,2025-12-27T18:00:00
I01415,U0169,C050,completed,0.48,1.0,,2025-12-27T20:00:00
I01416,U0169,C025,quiz_passed,0.845,1.0,0.871,2025-12-27T22:00:00
I01417,U0169,C088,quiz_passed,0.464,0.24,0.626,2025-12-28T00:00:00
I01418,U0169,C074,completed,0.753,1.0,0.719,2025-12-28T02:00:00
I01419,U0169,C044,completed,0.866,1.0,0.74,2025-12-28T04:00:00
I01420,U0169,C010,quiz_passed,0.87,1.0,0.8,2025-12-28T06:00:00
I01421,U0169,C015,completed,0.478,1.0,,2025-12-28T08:00:00
I01422,U0169,C074,viewed,0.107,0.025,,2025-12-28T10:00:00
I01423,U0170,C011,quiz_passed,0.769,1.0,0.61,2025-12-28T12:00:00
I01424,U0170,C098,viewed,0.261,0.074,,2025-12-28T14:00:00
I01425,U0170,C030,disliked,0.3,0.13,0.323,2025-12-28T16:00:00
I01426,U0170,C003,quiz_passed,0.743,1.0,0.687,2025-12-28T18:00:00
I01427,U0171,C067,quiz_passed,0.817,1.0,0.709,2025-12-28T20:00:00
I01428,U0171,C073,completed,0.492,1.0,,2025-12-28T22:00:00
I01429,U0171,C043,disliked,0.143,0.16,,2025-12-29T00:00:00
I01430,U0172,C096,viewed,0.11,0.024,,2025-12-29T02:00:00
I01431,U0172,C099,completed,0.514,1.0,,2025-12-29T04:00:00
I01432,U0172,C098,completed,0.573,1.0,,2025-12-29T06:00:00
I01433,U0172,C047,completed,0.576,1.0,,2025-12-29T08:00:00
I01434,U0172,C098,completed,0.787,1.0,0.666,2025-12-29T10:00:00
I01435,U0172,C091,viewed,0.353,0.6,,2025-12-29T12:00:00
I01436,U0172,C046,viewed,0.375,0.61,,2025-12-29T14:00:00
I01437,U0172,C046,viewed,0.102,0.074,,2025-12-29T16:00:00
I01438,U0172,C013,viewed,0.113,0.037,,2025-12-29T18:00:00
I01439,U0172,C099,quiz_passed,0.815,1.0,0.624,2025-12-29T20:00:00
I01440,U0173,C050,quiz_passed,0.816,1.0,0.687,2025-12-29T22:00:00
I01441,U0173,C015,completed,0.506,1.0,,2025-12-30T00:00:00
I01442,U0173,C058,completed,0.764,1.0,0.624,2025-12-30T02:00:00
I01443,U0173,C005,viewed,0.182,0.2,,2025-12-30T04:00:00
I01444,U0173,C091,quiz_passed,0.736,1.0,0.607,2025-12-30T06:00:00
I01445,U0174,C092,quiz_passed,0.756,1.0,0.64,2025-12-30T08:00:00
I01446,U0174,C067,quiz_passed,0.847,1.0,0.692,2025-12-30T10:00:00
I01447,U0174,C095,viewed,0.135,0.013,,2025-12-30T12:00:00
I01448,U0174,C002,viewed,0.212,0.001,,2025-12-30T14:00:00
I01449,U0174,C065,viewed,0.257,0.052,,2025-12-30T16:00:00
I01450,U0174,C099,completed,0.769,1.0,0.517,2025-12-30T18:00:00
I01451,U0174,C096,completed,0.665,1.0,0.409,2025-12-30T20:00:00
I01452,U0174,C042,viewed,0.2,0.035,,2025-12-30T22:00:00
I01453,U0174,C016,quiz_passed,0.767,1.0,0.628,2025-12-31T00:00:00
I01454,U0174,C005,viewed,0.273,0.047,,2025-12-31T02:00:00
I01455,U0174,C047,completed,0.499,1.0,,2025-12-31T04:00:00
I01456,U0174,C013,viewed,0.27,0.25,,2025-12-31T06:00:00
I01457,U0174,C074,completed,0.747,1.0,0.464,2025-12-31T08:00:00
I01458,U0175,C072,disliked,0.112,0.1,,2025-12-31T10:00:00
I01459,U0175,C057,viewed,0.263,0.02,,2025-12-31T12:00:00
I01460,U0175,C003,viewed,0.15,0.078,,2025-12-31T14:00:00
I01461,U0176,C057,completed,0.568,1.0,,2025-12-31T16:00:00
I01462,U0176,C098,completed,0.646,1.0,0.418,2025-12-31T18:00:00
I01463,U0176,C095,viewed,0.104,0.082,,2025-12-31T20:00:00
I01464,U0176,C065,completed,0.703,1.0,0.565,2025-12-31T22:00:00
I01465,U0176,C095,viewed,0.409,0.5,0.258,2026-01-01T00:00:00
I01466,U0176,C009,completed,0.524,1.0,,2026-01-01T02:00:00
I01467,U0176,C076,completed,0.498,1.0,,2026-01-01T04:00:00
I01468,U0176,C064,completed,0.8,1.0,0.671,2026-01-01T06:00:00
I01469,U0176,C090,viewed,0.327,0.57,,2026-01-01T08:00:00
I01470,U0176,C042,completed,0.55,1.0,,2026-01-01T10:00:00
I01471,U0176,C003,completed,0.47,1.0,,2026-01-01T12:00:00
I01472,U0176,C016,completed,0.54,1.0,,2026-01-01T14:00:00
I01473,U0176,C057,quiz_passed,0.761,1.0,0.641,2026-01-01T16:00:00
I01474,U0176,C001,quiz_passed,0.752,1.0,0.603,2026-01-01T18:00:00
I01475,U0177,C096,viewed,0.37,0.6,,2026-01-01T20:00:00
I01476,U0177,C073,viewed,0.23,0.06,,2026-01-01T22:00:00
I01477,U0177,C018,viewed,0.246,0.32,,2026-01-02T00:00:00
I01478,U0177,C098,viewed,0.345,0.5,,2026-01-02T02:00:00
I01479,U0177,C076,viewed,0.228,0.2,,2026-01-02T04:00:00
I01480,U0177,C003,completed,0.53,1.0,,2026-01-02T06:00:00
I01481,U0177,C044,disliked,0.202,0.06,,2026-01-02T08:00:00
I01482,U0177,C005,viewed,0.229,0.005,,2026-01-02T10:00:00
I01483,U0178,C048,quiz_passed,0.84,1.0,0.693,2026-01-02T12:00:00
I01484,U0178,C051,disliked,0.324,0.15,0.339,2026-01-02T14:00:00
I01485,U0178,C048,completed,0.79,1.0,0.659,2026-01-02T16:00:00
I01486,U0178,C028,completed,0.522,1.0,,2026-01-02T18:00:00
I01487,U0178,C005,disliked,0.13,0.05,,2026-01-02T20:00:00
I01488,U0178,C043,completed,0.814,1.0,0.681,2026-01-02T22:00:00
I01489,U0178,C065,quiz_passed,0.795,1.0,0.686,2026-01-03T00:00:00
I01490,U0178,C018,quiz_passed,0.793,1.0,0.602,2026-01-03T02:00:00
I01491,U0178,C054,completed,0.73,1.0,0.56,2026-01-03T04:00:00
I01492,U0179,C096,disliked,0.134,0.08,,2026-01-03T06:00:00
I01493,U0179,C098,completed,0.575,1.0,,2026-01-03T08:00:00
I01494,U0179,C035,viewed,0.482,0.62,0.377,2026-01-03T10:00:00
I01495,U0179,C030,completed,0.487,1.0,,2026-01-03T12:00:00
I01496,U0180,C030,completed,0.798,1.0,0.776,2026-01-03T14:00:00
I01497,U0180,C057,completed,0.535,1.0,,2026-01-03T16:00:00
I01498,U0180,C066,completed,0.797,1.0,0.718,2026-01-03T18:00:00
I01499,U0180,C072,quiz_passed,0.814,1.0,0.781,2026-01-03T20:00:00
I01500,U0180,C096,completed,0.526,1.0,,2026-01-03T22:00:00
I01501,U0180,C003,viewed,0.558,0.63,0.506,2026-01-04T00:00:00
I01502,U0180,C050,completed,0.818,1.0,0.754,2026-01-04T02:00:00
I01503,U0180,C051,completed,0.526,1.0,,2026-01-04T04:00:00
I01504,U0180,C044,quiz_passed,0.827,1.0,0.694,2026-01-04T06:00:00
I01505,U0180,C046,viewed,0.484,0.55,0.276,2026-01-04T08:00:00
I01506,U0180,C053,completed,0.527,1.0,,2026-01-04T10:00:00
I01507,U0180,C046,completed,0.764,1.0,0.523,2026-01-04T12:00:00
I01508,U0180,C030,viewed,0.199,0.075,,2026-01-04T14:00:00
I01509,U0181,C095,completed,0.749,1.0,0.458,2026-01-04T16:00:00
I01510,U0181,C043,completed,0.736,1.0,0.597,2026-01-04T18:00:00
I01511,U0181,C065,quiz_passed,0.76,1.0,0.688,2026-01-04T20:00:00
I01512,U0181,C044,viewed,0.351,0.34,0.208,2026-01-04T22:00:00
I01513,U0181,C047,completed,0.503,1.0,,2026-01-05T00:00:00
I01514,U0181,C025,disliked,0.345,0.09,0.376,2026-01-05T02:00:00
I01515,U0181,C090,completed,0.737,1.0,0.472,2026-01-05T04:00:00
I01516,U0181,C030,completed,0.499,1.0,,2026-01-05T06:00:00
I01517,U0181,C090,completed,0.659,1.0,0.447,2026-01-05T08:00:00
I01518,U0181,C074,viewed,0.26,0.31,,2026-01-05T10:00:00
I01519,U0181,C017,completed,0.552,1.0,,2026-01-05T12:00:00
I01520,U0182,C049,completed,0.723,1.0,0.568,2026-01-05T14:00:00
I01521,U0182,C061,quiz_passed,0.821,1.0,0.7,2026-01-05T16:00:00
I01522,U0182,C003,quiz_passed,0.729,1.0,0.654,2026-01-05T18:00:00
I01523,U0182,C030,quiz_passed,0.766,1.0,0.675,2026-01-05T20:00:00
I01524,U0182,C017,completed,0.689,1.0,0.541,2026-01-05T22:00:00
I01525,U0182,C005,disliked,0.175,0.06,,2026-01-06T00:00:00
I01526,U0182,C018,viewed,0.277,0.51,,2026-01-06T02:00:00
I01527,U0182,C074,completed,0.501,1.0,,2026-01-06T04:00:00
I01528,U0182,C054,disliked,0.294,0.01,0.38,2026-01-06T06:00:00
I01529,U0183,C076,disliked,0.103,0.1,,2026-01-06T08:00:00
I01530,U0183,C064,completed,0.792,1.0,0.591,2026-01-06T10:00:00
I01531,U0183,C076,viewed,0.119,0.009,,2026-01-06T12:00:00
I01532,U0183,C065,quiz_passed,0.776,1.0,0.69,2026-01-06T14:00:00
I01533,U0183,C048,viewed,0.217,0.035,,2026-01-06T16:00:00
I01534,U0183,C010,completed,0.497,1.0,,2026-01-06T18:00:00
I01535,U0183,C088,disliked,0.251,0.02,0.426,2026-01-06T20:00:00
I01536,U0183,C005,completed,0.706,1.0,0.438,2026-01-06T22:00:00
I01537,U0183,C047,viewed,0.521,0.53,0.361,2026-01-07T00:00:00
I01538,U0183,C028,quiz_passed,0.802,1.0,0.621,2026-01-07T02:00:00
I01539,U0183,C045,completed,0.517,1.0,,2026-01-07T04:00:00
I01540,U0183,C010,viewed,0.258,0.095,,2026-01-07T06:00:00
I01541,U0184,C016,completed,0.554,1.0,,2026-01-07T08:00:00
I01542,U0184,C025,completed,0.47,1.0,,2026-01-07T10:00:00
I01543,U0184,C096,quiz_passed,0.816,1.0,0.729,2026-01-07T12:00:00
I01544,U0185,C058,completed,0.784,1.0,0.697,2026-01-07T14:00:00
I01545,U0185,C019,viewed,0.268,0.08,,2026-01-07T16:00:00
I01546,U0185,C099,completed,0.477,1.0,,2026-01-07T18:00:00
I01547,U0185,C082,completed,0.551,1.0,,2026-01-07T20:00:00
I01548,U0185,C003,completed,0.536,1.0,,2026-01-07T22:00:00
I01549,U0185,C099,viewed,0.192,0.09,,2026-01-08T00:00:00
I01550,U0185,C019,completed,0.499,1.0,,2026-01-08T02:00:00
I01551,U0186,C099,viewed,0.468,0.33,0.465,2026-01-08T04:00:00
I01552,U0186,C098,disliked,0.135,0.0,,2026-01-08T06:00:00
I01553,U0186,C030,quiz_passed,0.802,1.0,0.85,2026-01-08T08:00:00
I01554,U0186,C092,completed,0.528,1.0,,2026-01-08T10:00:00
I01555,U0186,C025,completed,0.88,1.0,0.882,2026-01-08T12:00:00
I01556,U0186,C015,quiz_passed,0.819,1.0,0.814,2026-01-08T14:00:00
I01557,U0186,C046,quiz_passed,0.786,1.0,0.682,2026-01-08T16:00:00
I01558,U0186,C090,completed,0.502,1.0,,2026-01-08T18:00:00
I01559,U0186,C009,completed,0.468,1.0,,2026-01-08T20:00:00
I01560,U0186,C067,completed,0.505,1.0,,2026-01-08T22:00:00
I01561,U0186,C013,quiz_passed,0.783,1.0,0.779,2026-01-09T00:00:00
I01562,U0186,C090,completed,0.773,1.0,0.74,2026-01-09T02:00:00
I01563,U0186,C046,quiz_passed,0.791,1.0,0.645,2026-01-09T04:00:00
I01564,U0186,C005,viewed,0.222,0.069,,2026-01-09T06:00:00
I01565,U0186,C010,quiz_passed,0.839,1.0,0.715,2026-01-09T08:00:00
I01566,U0187,C098,completed,0.782,1.0,0.57,2026-01-09T10:00:00
I01567,U0187,C071,viewed,0.248,0.078,,2026-01-09T12:00:00
I01568,U0187,C003,viewed,0.326,0.52,,2026-01-09T14:00:00
I01569,U0188,C066,quiz_passed,0.903,1.0,0.813,2026-01-09T16:00:00
I01570,U0188,C011,quiz_passed,0.802,1.0,0.842,2026-01-09T18:00:00
I01571,U0189,C098,viewed,0.135,0.045,,2026-01-09T20:00:00
I01572,U0189,C058,completed,0.556,1.0,,2026-01-09T22:00:00
I01573,U0189,C003,completed,0.786,1.0,0.578,2026-01-10T00:00:00
I01574,U0189,C090,viewed,0.543,0.69,0.272,2026-01-10T02:00:00
I01575,U0189,C047,completed,0.559,1.0,,2026-01-10T04:00:00
I01576,U0189,C025,viewed,0.444,0.47,0.318,2026-01-10T06:00:00
I01577,U0189,C001,completed,0.516,1.0,,2026-01-10T08:00:00
I01578,U0189,C062,viewed,0.442,0.46,0.37,2026-01-10T10:00:00
I01579,U0189,C016,completed,0.499,1.0,,2026-01-10T12:00:00
I01580,U0189,C030,viewed,0.444,0.62,0.328,2026-01-10T14:00:00
I01581,U0189,C088,viewed,0.412,0.28,0.364,2026-01-10T16:00:00
I01582,U0190,C025,completed,0.555,1.0,,2026-01-10T18:00:00
I01583,U0190,C030,completed,0.477,1.0,,2026-01-10T20:00:00
I01584,U0190,C053,quiz_passed,0.781,1.0,0.611,2026-01-10T22:00:00
I01585,U0190,C043,completed,0.472,1.0,,2026-01-11T00:00:00
I01586,U0191,C096,viewed,0.365,0.56,,2026-01-11T02:00:00
I01587,U0191,C050,quiz_passed,0.831,1.0,0.826,2026-01-11T04:00:00
I01588,U0191,C001,quiz_passed,0.907,1.0,0.851,2026-01-11T06:00:00
I01589,U0191,C043,completed,0.5,1.0,,2026-01-11T08:00:00
I01590,U0191,C005,quiz_passed,0.848,1.0,0.721,2026-01-11T10:00:00
I01591,U0191,C081,viewed,0.517,0.43,0.54,2026-01-11T12:00:00
I01592,U0191,C018,quiz_passed,0.876,1.0,0.828,2026-01-11T14:00:00
I01593,U0191,C010,completed,0.531,1.0,,2026-01-11T16:00:00
I01594,U0192,C029,quiz_passed,0.749,1.0,0.687,2026-01-11T18:00:00
I01595,U0192,C011,viewed,0.284,0.28,,2026-01-11T20:00:00
I01596,U0192,C095,viewed,0.217,0.096,,2026-01-11T22:00:00
I01597,U0192,C057,completed,0.724,1.0,0.583,2026-01-12T00:00:00
I01598,U0192,C028,viewed,0.142,0.097,,2026-01-12T02:00:00
I01599,U0192,C092,quiz_passed,0.744,1.0,0.644,2026-01-12T04:00:00
I01600,U0192,C043,viewed,0.144,0.083,,2026-01-12T06:00:00
I01601,U0192,C050,completed,0.551,1.0,,2026-01-12T08:00:00
I01602,U0192,C090,completed,0.483,1.0,,2026-01-12T10:00:00
I01603,U0192,C051,completed,0.785,1.0,0.643,2026-01-12T12:00:00
I01604,U0192,C073,completed,0.498,1.0,,2026-01-12T14:00:00
I01605,U0192,C050,completed,0.509,1.0,,2026-01-12T16:00:00
I01606,U0192,C030,completed,0.545,1.0,,2026-01-12T18:00:00
I01607,U0192,C095,viewed,0.414,0.64,,2026-01-12T20:00:00
I01608,U0192,C066,completed,0.738,1.0,0.678,2026-01-12T22:00:00
I01609,U0193,C064,viewed,0.204,0.2,,2026-01-13T00:00:00
I01610,U0193,C029,completed,0.465,1.0,,2026-01-13T02:00:00
I01611,U0193,C098,viewed,0.342,0.48,,2026-01-13T04:00:00
I01612,U0193,C091,quiz_passed,0.832,1.0,0.657,2026-01-13T06:00:00
I01613,U0193,C063,completed,0.772,1.0,0.659,2026-01-13T08:00:00
I01614,U0193,C013,completed,0.533,1.0,,2026-01-13T10:00:00
I01615,U0194,C071,quiz_passed,0.759,1.0,0.744,2026-01-13T12:00:00
I01616,U0194,C046,viewed,0.231,0.41,,2026-01-13T14:00:00
I01617,U0194,C058,completed,0.522,1.0,,2026-01-13T16:00:00
I01618,U0194,C003,quiz_passed,0.798,1.0,0.742,2026-01-13T18:00:00
I01619,U0194,C011,completed,0.554,1.0,,2026-01-13T20:00:00
I01620,U0194,C017,quiz_passed,0.82,1.0,0.795,2026-01-13T22:00:00
I01621,U0194,C045,quiz_passed,0.845,1.0,0.667,2026-01-14T00:00:00
I01622,U0194,C010,completed,0.578,1.0,,2026-01-14T02:00:00
I01623,U0194,C088,completed,0.8,1.0,0.72,2026-01-14T04:00:00
I01624,U0194,C013,viewed,0.392,0.23,0.362,2026-01-14T06:00:00
I01625,U0194,C095,viewed,0.119,0.045,,2026-01-14T08:00:00
I01626,U0194,C002,viewed,0.517,0.55,0.481,2026-01-14T10:00:00
I01627,U0195,C054,completed,0.468,1.0,,2026-01-14T12:00:00
I01628,U0195,C050,completed,0.813,1.0,0.873,2026-01-14T14:00:00
I01629,U0195,C010,viewed,0.118,0.061,,2026-01-14T16:00:00
I01630,U0195,C061,completed,0.517,1.0,,2026-01-14T18:00:00
I01631,U0196,C096,quiz_passed,0.792,1.0,0.756,2026-01-14T20:00:00
I01632,U0196,C098,completed,0.555,1.0,,2026-01-14T22:00:00
I01633,U0196,C057,quiz_passed,0.861,1.0,0.867,2026-01-15T00:00:00
I01634,U0196,C048,quiz_passed,0.443,0.08,0.725,2026-01-15T02:00:00
I01635,U0196,C099,completed,0.815,1.0,0.75,2026-01-15T04:00:00
I01636,U0196,C076,quiz_passed,0.819,1.0,0.882,2026-01-15T06:00:00
I01637,U0196,C048,completed,0.88,1.0,0.821,2026-01-15T08:00:00
I01638,U0196,C030,completed,0.883,1.0,0.87,2026-01-15T10:00:00
I01639,U0196,C090,viewed,0.132,0.064,,2026-01-15T12:00:00
I01640,U0196,C017,quiz_passed,0.873,1.0,0.836,2026-01-15T14:00:00
I01641,U0196,C081,completed,0.793,1.0,0.779,2026-01-15T16:00:00
I01642,U0196,C061,quiz_passed,0.814,1.0,0.86,2026-01-15T18:00:00
I01643,U0196,C081,completed,0.575,1.0,,2026-01-15T20:00:00
I01644,U0196,C072,completed,0.839,1.0,0.873,2026-01-15T22:00:00
I01645,U0197,C096,completed,0.684,1.0,0.523,2026-01-16T00:00:00
I01646,U0197,C054,completed,0.758,1.0,0.58,2026-01-16T02:00:00
I01647,U0197,C003,viewed,0.195,0.054,,2026-01-16T04:00:00
I01648,U0197,C001,viewed,0.284,0.053,,2026-01-16T06:00:00
I01649,U0197,C099,completed,0.472,1.0,,2026-01-16T08:00:00
I01650,U0197,C082,viewed,0.277,0.086,,2026-01-16T10:00:00
I01651,U0197,C098,completed,0.676,1.0,0.535,2026-01-16T12:00:00
I01652,U0197,C088,completed,0.707,1.0,0.555,2026-01-16T14:00:00
I01653,U0197,C048,viewed,0.541,0.61,0.448,2026-01-16T16:00:00
I01654,U0197,C079,completed,0.506,1.0,,2026-01-16T18:00:00
I01655,U0198,C048,completed,0.544,1.0,,2026-01-16T20:00:00
I01656,U0198,C054,quiz_passed,0.76,1.0,0.747,2026-01-16T22:00:00
I01657,U0198,C050,quiz_passed,0.786,1.0,0.786,2026-01-17T00:00:00
I01658,U0198,C046,viewed,0.156,0.073,,2026-01-17T02:00:00
I01659,U0198,C065,quiz_passed,0.748,1.0,0.717,2026-01-17T04:00:00
I01660,U0198,C044,disliked,0.078,0.02,,2026-01-17T06:00:00
I01661,U0198,C016,completed,0.515,1.0,,2026-01-17T08:00:00
I01662,U0198,C013,completed,0.803,1.0,0.639,2026-01-17T10:00:00
I01663,U0198,C046,disliked,0.317,0.16,0.298,2026-01-17T12:00:00
I01664,U0198,C008,quiz_passed,0.79,1.0,0.745,2026-01-17T14:00:00
I01665,U0198,C042,completed,0.533,1.0,,2026-01-17T16:00:00
I01666,U0199,C001,quiz_passed,0.848,1.0,0.682,2026-01-17T18:00:00
I01667,U0199,C015,completed,0.568,1.0,,2026-01-17T20:00:00
I01668,U0199,C076,quiz_passed,0.772,1.0,0.605,2026-01-17T22:00:00
I01669,U0199,C001,viewed,0.512,0.66,0.342,2026-01-18T00:00:00
I01670,U0199,C065,disliked,0.326,0.11,0.341,2026-01-18T02:00:00
I01671,U0199,C045,completed,0.744,1.0,0.547,2026-01-18T04:00:00
I01672,U0199,C074,disliked,0.259,0.16,0.286,2026-01-18T06:00:00
I01673,U0199,C088,viewed,0.278,0.073,,2026-01-18T08:00:00
I01674,U0199,C010,viewed,0.229,0.015,,2026-01-18T10:00:00
I01675,U0199,C057,completed,0.807,1.0,0.698,2026-01-18T12:00:00
I01676,U0199,C042,viewed,0.504,0.49,0.321,2026-01-18T14:00:00
I01677,U0200,C076,quiz_passed,0.434,0.1,0.655,2026-01-18T16:00:00
I01678,U0200,C044,quiz_passed,0.885,1.0,0.788,2026-01-18T18:00:00
I01679,U0200,C075,completed,0.788,1.0,0.741,2026-01-18T20:00:00
I01680,U0200,C076,completed,0.85,1.0,0.829,2026-01-18T22:00:00
I01681,U0200,C074,completed,0.46,1.0,,2026-01-19T00:00:00
I01682,U0200,C044,quiz_passed,0.812,1.0,0.777,2026-01-19T02:00:00
I01683,U0200,C029,completed,0.529,1.0,,2026-01-19T04:00:00
I01684,U0200,C064,disliked,0.18,0.17,,2026-01-19T06:00:00
I01685,U0200,C044,completed,0.471,1.0,,2026-01-19T08:00:00
I01686,U0200,C046,viewed,0.208,0.093,,2026-01-19T10:00:00
I01687,U0200,C028,quiz_passed,0.8,1.0,0.824,2026-01-19T12:00:00
I01688,U0200,C028,quiz_passed,0.867,1.0,0.816,2026-01-19T14:00:00
I01689,U0200,C025,quiz_passed,0.433,0.19,0.673,2026-01-19T16:00:00
I01690,U0200,C046,viewed,0.247,0.23,,2026-01-19T18:00:00
I01691,U0201,C042,viewed,0.238,0.047,,2026-01-19T20:00:00
I01692,U0201,C016,quiz_passed,0.889,1.0,0.812,2026-01-19T22:00:00
I01693,U0201,C074,quiz_passed,0.798,1.0,0.782,2026-01-20T00:00:00
I01694,U0201,C054,completed,0.484,1.0,,2026-01-20T02:00:00
I01695,U0201,C046,completed,0.566,1.0,,2026-01-20T04:00:00
I01696,U0201,C099,viewed,0.132,0.039,,2026-01-20T06:00:00
I01697,U0201,C088,completed,0.55,1.0,,2026-01-20T08:00:00
I01698,U0201,C071,quiz_passed,0.817,1.0,0.867,2026-01-20T10:00:00
I01699,U0201,C090,quiz_passed,0.784,1.0,0.711,2026-01-20T12:00:00
I01700,U0201,C089,completed,0.572,1.0,,2026-01-20T14:00:00
I01701,U0201,C090,completed,0.84,1.0,0.776,2026-01-20T16:00:00
I01702,U0202,C098,completed,0.768,1.0,0.481,2026-01-20T18:00:00
I01703,U0202,C097,viewed,0.281,0.26,,2026-01-20T20:00:00
I01704,U0202,C099,viewed,0.209,0.044,,2026-01-20T22:00:00
I01705,U0202,C096,completed,0.646,1.0,0.461,2026-01-21T00:00:00
I01706,U0203,C067,viewed,0.63,0.63,0.506,2026-01-21T02:00:00
I01707,U0203,C006,quiz_passed,0.888,1.0,0.808,2026-01-21T04:00:00
I01708,U0203,C098,completed,0.569,1.0,,2026-01-21T06:00:00
I01709,U0203,C076,completed,0.819,1.0,0.788,2026-01-21T08:00:00
I01710,U0203,C066,completed,0.815,1.0,0.753,2026-01-21T10:00:00
I01711,U0203,C025,viewed,0.297,0.073,,2026-01-21T12:00:00
I01712,U0203,C044,quiz_passed,0.791,1.0,0.614,2026-01-21T14:00:00
I01713,U0203,C048,completed,0.519,1.0,,2026-01-21T16:00:00
I01714,U0203,C099,viewed,0.258,0.3,,2026-01-21T18:00:00
I01715,U0203,C046,viewed,0.5,0.67,0.264,2026-01-21T20:00:00
I01716,U0203,C092,completed,0.533,1.0,,2026-01-21T22:00:00
I01717,U0203,C010,completed,0.57,1.0,,2026-01-22T00:00:00
I01718,U0203,C043,quiz_passed,0.809,1.0,0.783,2026-01-22T02:00:00
I01719,U0203,C002,viewed,0.276,0.37,,2026-01-22T04:00:00
I01720,U0204,C002,quiz_passed,0.8,1.0,0.703,2026-01-22T06:00:00
I01721,U0204,C096,completed,0.472,1.0,,2026-01-22T08:00:00
I01722,U0204,C045,completed,0.536,1.0,,2026-01-22T10:00:00
I01723,U0204,C003,quiz_passed,0.871,1.0,0.742,2026-01-22T12:00:00
I01724,U0205,C057,disliked,0.177,0.13,,2026-01-22T14:00:00
I01725,U0205,C099,completed,0.565,1.0,,2026-01-22T16:00:00
I01726,U0205,C095,viewed,0.29,0.04,,2026-01-22T18:00:00
I01727,U0205,C011,viewed,0.43,0.53,0.343,2026-01-22T20:00:00
I01728,U0205,C016,completed,0.748,1.0,0.584,2026-01-22T22:00:00
I01729,U0205,C018,viewed,0.228,0.042,,2026-01-23T00:00:00
I01730,U0205,C003,completed,0.506,1.0,,2026-01-23T02:00:00
I01731,U0205,C030,viewed,0.226,0.02,,2026-01-23T04:00:00
I01732,U0205,C001,quiz_passed,0.754,1.0,0.639,2026-01-23T06:00:00
I01733,U0205,C001,viewed,0.397,0.63,,2026-01-23T08:00:00
I01734,U0205,C075,viewed,0.176,0.034,,2026-01-23T10:00:00
I01735,U0206,C048,quiz_passed,0.794,1.0,0.66,2026-01-23T12:00:00
I01736,U0206,C008,disliked,0.236,0.04,0.348,2026-01-23T14:00:00
I01737,U0206,C096,viewed,0.276,0.087,,2026-01-23T16:00:00
I01738,U0206,C095,completed,0.766,1.0,0.49,2026-01-23T18:00:00
I01739,U0206,C028,completed,0.819,1.0,0.687,2026-01-23T20:00:00
I01740,U0206,C016,completed,0.744,1.0,0.594,2026-01-23T22:00:00
I01741,U0206,C005,viewed,0.313,0.6,,2026-01-24T00:00:00
I01742,U0206,C088,completed,0.471,1.0,,2026-01-24T02:00:00
I01743,U0206,C054,viewed,0.329,0.57,,2026-01-24T04:00:00
I01744,U0206,C045,viewed,0.126,0.078,,2026-01-24T06:00:00
I01745,U0206,C099,disliked,0.213,0.15,,2026-01-24T08:00:00
I01746,U0207,C095,viewed,0.323,0.62,,2026-01-24T10:00:00
I01747,U0207,C061,completed,0.557,1.0,,2026-01-24T12:00:00
I01748,U0207,C006,completed,0.578,1.0,,2026-01-24T14:00:00
I01749,U0207,C049,quiz_passed,0.774,1.0,0.77,2026-01-24T16:00:00
I01750,U0207,C025,quiz_passed,0.798,1.0,0.765,2026-01-24T18:00:00
I01751,U0207,C075,quiz_passed,0.719,1.0,0.643,2026-01-24T20:00:00
I01752,U0207,C099,completed,0.707,1.0,0.581,2026-01-24T22:00:00
I01753,U0207,C025,disliked,0.178,0.03,,2026-01-25T00:00:00
I01754,U0207,C033,completed,0.54,1.0,,2026-01-25T02:00:00
I01755,U0207,C010,quiz_passed,0.736,1.0,0.606,2026-01-25T04:00:00
I01756,U0207,C064,completed,0.889,1.0,0.775,2026-01-25T06:00:00
I01757,U0208,C091,completed,0.536,1.0,,2026-01-25T08:00:00
I01758,U0208,C009,completed,0.492,1.0,,2026-01-25T10:00:00
I01759,U0208,C003,completed,0.535,1.0,,2026-01-25T12:00:00
I01760,U0208,C042,completed,0.567,1.0,,2026-01-25T14:00:00
I01761,U0209,C048,completed,0.889,1.0,0.866,2026-01-25T16:00:00
I01762,U0209,C058,quiz_passed,0.913,1.0,0.834,2026-01-25T18:00:00
I01763,U0209,C098,completed,0.517,1.0,,2026-01-25T20:00:00
I01764,U0209,C018,completed,0.461,1.0,,2026-01-25T22:00:00
I01765,U0209,C048,completed,0.9,1.0,0.853,2026-01-26T00:00:00
I01766,U0210,C095,quiz_passed,0.773,1.0,0.62,2026-01-26T02:00:00
I01767,U0210,C095,completed,0.538,1.0,,2026-01-26T04:00:00
I01768,U0210,C053,viewed,0.308,0.47,,2026-01-26T06:00:00
I01769,U0211,C030,quiz_passed,0.746,1.0,0.679,2026-01-26T08:00:00
I01770,U0211,C095,completed,0.672,1.0,0.516,2026-01-26T10:00:00
I01771,U0211,C095,completed,0.674,1.0,0.502,2026-01-26T12:00:00
I01772,U0211,C066,viewed,0.204,0.016,,2026-01-26T14:00:00
I01773,U0211,C096,viewed,0.369,0.5,0.251,2026-01-26T16:00:00
I01774,U0211,C053,disliked,0.332,0.17,0.344,2026-01-26T18:00:00
I01775,U0212,C076,completed,0.746,1.0,0.625,2026-01-26T20:00:00
I01776,U0212,C048,quiz_passed,0.758,1.0,0.695,2026-01-26T22:00:00
I01777,U0212,C016,viewed,0.184,0.059,,2026-01-27T00:00:00
I01778,U0212,C072,completed,0.464,1.0,,2026-01-27T02:00:00
I01779,U0212,C067,quiz_passed,0.793,1.0,0.669,2026-01-27T04:00:00
I01780,U0212,C030,completed,0.805,1.0,0.672,2026-01-27T06:00:00
I01781,U0212,C048,viewed,0.147,0.022,,2026-01-27T08:00:00
I01782,U0212,C065,viewed,0.109,0.092,,2026-01-27T10:00:00
I01783,U0212,C074,disliked,0.231,0.07,0.284,2026-01-27T12:00:00
I01784,U0212,C016,quiz_passed,0.827,1.0,0.644,2026-01-27T14:00:00
I01785,U0212,C064,viewed,0.165,0.052,,2026-01-27T16:00:00
I01786,U0212,C058,completed,0.492,1.0,,2026-01-27T18:00:00
I01787,U0212,C047,quiz_passed,0.738,1.0,0.669,2026-01-27T20:00:00
I01788,U0213,C049,viewed,0.293,0.017,,2026-01-27T22:00:00
I01789,U0213,C082,disliked,0.145,0.09,,2026-01-28T00:00:00
I01790,U0213,C047,viewed,0.504,0.5,0.504,2026-01-28T02:00:00
I01791,U0213,C054,quiz_passed,0.796,1.0,0.775,2026-01-28T04:00:00
I01792,U0213,C025,quiz_passed,0.88,1.0,0.778,2026-01-28T06:00:00
I01793,U0213,C071,quiz_passed,0.81,1.0,0.719,2026-01-28T08:00:00
I01794,U0213,C074,completed,0.782,1.0,0.644,2026-01-28T10:00:00
I01795,U0213,C044,completed,0.533,1.0,,2026-01-28T12:00:00
I01796,U0213,C003,quiz_passed,0.789,1.0,0.794,2026-01-28T14:00:00
I01797,U0213,C075,completed,0.537,1.0,,2026-01-28T16:00:00
I01798,U0213,C005,quiz_passed,0.802,1.0,0.7,2026-01-28T18:00:00
I01799,U0213,C001,completed,0.541,1.0,,2026-01-28T20:00:00
I01800,U0213,C081,quiz_passed,0.759,1.0,0.613,2026-01-28T22:00:00
I01801,U0213,C044,quiz_passed,0.708,1.0,0.614,2026-01-29T00:00:00
I01802,U0214,C016,completed,0.475,1.0,,2026-01-29T02:00:00
I01803,U0214,C090,completed,0.683,1.0,0.431,2026-01-29T04:00:00
I01804,U0214,C011,quiz_passed,0.771,1.0,0.654,2026-01-29T06:00:00
I01805,U0214,C088,completed,0.469,1.0,,2026-01-29T08:00:00
I01806,U0214,C002,completed,0.754,1.0,0.568,2026-01-29T10:00:00
I01807,U0214,C067,completed,0.807,1.0,0.613,2026-01-29T12:00:00
I01808,U0214,C066,viewed,0.26,0.2,,2026-01-29T14:00:00
I01809,U0214,C065,viewed,0.244,0.067,,2026-01-29T16:00:00
I01810,U0214,C057,viewed,0.209,0.041,,2026-01-29T18:00:00
I01811,U0214,C074,viewed,0.353,0.48,,2026-01-29T20:00:00
I01812,U0214,C076,completed,0.741,1.0,0.599,2026-01-29T22:00:00
I01813,U0214,C071,quiz_passed,0.813,1.0,0.692,2026-01-30T00:00:00
I01814,U0214,C096,completed,0.665,1.0,0.513,2026-01-30T02:00:00
I01815,U0215,C047,quiz_passed,0.815,1.0,0.662,2026-01-30T04:00:00
I01816,U0215,C011,completed,0.77,1.0,0.635,2026-01-30T06:00:00
I01817,U0215,C003,viewed,0.347,0.56,,2026-01-30T08:00:00
I01818,U0215,C076,completed,0.737,1.0,0.587,2026-01-30T10:00:00
I01819,U0215,C002,viewed,0.184,0.025,,2026-01-30T12:00:00
I01820,U0215,C044,completed,0.472,1.0,,2026-01-30T14:00:00
I01821,U0215,C011,completed,0.488,1.0,,2026-01-30T16:00:00
I01822,U0215,C001,quiz_passed,0.738,1.0,0.675,2026-01-30T18:00:00
I01823,U0215,C073,viewed,0.186,0.086,,2026-01-30T20:00:00
I01824,U0215,C008,quiz_passed,0.784,1.0,0.686,2026-01-30T22:00:00
I01825,U0215,C025,quiz_passed,0.742,1.0,0.642,2026-01-31T00:00:00
I01826,U0215,C044,completed,0.764,1.0,0.559,2026-01-31T02:00:00
I01827,U0215,C092,viewed,0.116,0.079,,2026-01-31T04:00:00
I01828,U0215,C005,viewed,0.25,0.4,,2026-01-31T06:00:00
I01829,U0216,C017,completed,0.804,1.0,0.804,2026-01-31T08:00:00
I01830,U0216,C054,disliked,0.378,0.05,0.497,2026-01-31T10:00:00
I01831,U0216,C066,viewed,0.192,0.08,,2026-01-31T12:00:00
I01832,U0216,C042,viewed,0.127,0.09,,2026-01-31T14:00:00
I01833,U0216,C057,completed,0.548,1.0,,2026-01-31T16:00:00
I01834,U0216,C097,completed,0.509,1.0,,2026-01-31T18:00:00
I01835,U0216,C016,completed,0.533,1.0,,2026-01-31T20:00:00
I01836,U0216,C005,completed,0.531,1.0,,2026-01-31T22:00:00
I01837,U0216,C010,disliked,0.151,0.04,,2026-02-01T00:00:00
I01838,U0216,C013,completed,0.567,1.0,,2026-02-01T02:00:00
I01839,U0216,C017,completed,0.833,1.0,0.808,2026-02-01T04:00:00
I01840,U0216,C003,completed,0.501,1.0,,2026-02-01T06:00:00
I01841,U0217,C098,completed,0.642,1.0,0.407,2026-02-01T08:00:00
I01842,U0217,C095,viewed,0.331,0.57,,2026-02-01T10:00:00
I01843,U0217,C030,completed,0.721,1.0,0.589,2026-02-01T12:00:00
I01844,U0217,C099,viewed,0.3,0.052,,2026-02-01T14:00:00
I01845,U0217,C072,viewed,0.261,0.01,,2026-02-01T16:00:00
I01846,U0217,C099,completed,0.732,1.0,0.525,2026-02-01T18:00:00
I01847,U0217,C043,completed,0.577,1.0,,2026-02-01T20:00:00
I01848,U0217,C030,quiz_passed,0.846,1.0,0.692,2026-02-01T22:00:00
I01849,U0217,C075,completed,0.739,1.0,0.419,2026-02-02T00:00:00
I01850,U0217,C053,disliked,0.296,0.12,0.345,2026-02-02T02:00:00
I01851,U0217,C066,completed,0.489,1.0,,2026-02-02T04:00:00
I01852,U0218,C016,quiz_passed,0.801,1.0,0.738,2026-02-02T06:00:00
I01853,U0218,C066,completed,0.468,1.0,,2026-02-02T08:00:00
I01854,U0218,C045,completed,0.693,1.0,0.574,2026-02-02T10:00:00
I01855,U0218,C044,viewed,0.406,0.39,0.423,2026-02-02T12:00:00
I01856,U0218,C044,disliked,0.301,0.04,0.428,2026-02-02T14:00:00
I01857,U0218,C045,viewed,0.27,0.007,,2026-02-02T16:00:00
I01858,U0219,C043,quiz_passed,0.836,1.0,0.808,2026-02-02T18:00:00
I01859,U0219,C076,quiz_passed,0.813,1.0,0.771,2026-02-02T20:00:00
I01860,U0219,C046,disliked,0.206,0.17,,2026-02-02T22:00:00
I01861,U0219,C013,completed,0.526,1.0,,2026-02-03T00:00:00
I01862,U0219,C067,disliked,0.299,0.05,0.461,2026-02-03T02:00:00
I01863,U0219,C053,viewed,0.255,0.07,,2026-02-03T04:00:00
I01864,U0219,C016,quiz_passed,0.817,1.0,0.792,2026-02-03T06:00:00
I01865,U0219,C011,viewed,0.137,0.005,,2026-02-03T08:00:00
I01866,U0219,C045,quiz_passed,0.81,1.0,0.667,2026-02-03T10:00:00
I01867,U0220,C002,completed,0.836,1.0,0.875,2026-02-03T12:00:00
I01868,U0220,C046,completed,0.478,1.0,,2026-02-03T14:00:00
I01869,U0220,C015,quiz_passed,0.912,1.0,0.872,2026-02-03T16:00:00
I01870,U0220,C030,quiz_passed,0.889,1.0,0.828,2026-02-03T18:00:00
I01871,U0220,C017,completed,0.508,1.0,,2026-02-03T20:00:00
I01872,U0220,C029,completed,0.92,1.0,0.884,2026-02-03T22:00:00
I01873,U0220,C049,completed,0.895,1.0,0.81,2026-02-04T00:00:00
I01874,U0220,C017,quiz_passed,0.885,1.0,0.853,2026-02-04T02:00:00
I01875,U0220,C067,completed,0.53,1.0,,2026-02-04T04:00:00
I01876,U0220,C076,completed,0.859,1.0,0.821,2026-02-04T06:00:00
I01877,U0220,C044,quiz_passed,0.864,1.0,0.741,2026-02-04T08:00:00
I01878,U0220,C090,viewed,0.64,0.67,0.532,2026-02-04T10:00:00
I01879,U0220,C081,disliked,0.251,0.18,,2026-02-04T12:00:00
I01880,U0220,C067,quiz_passed,0.829,1.0,0.825,2026-02-04T14:00:00
I01881,U0221,C018,disliked,0.386,0.11,0.418,2026-02-04T16:00:00
I01882,U0221,C073,disliked,0.299,0.05,0.425,2026-02-04T18:00:00
I01883,U0221,C009,completed,0.764,1.0,0.585,2026-02-04T20:00:00
I01884,U0221,C098,completed,0.482,1.0,,2026-02-04T22:00:00
I01885,U0221,C017,quiz_passed,0.737,1.0,0.667,2026-02-05T00:00:00
I01886,U0221,C054,quiz_passed,0.844,1.0,0.691,2026-02-05T02:00:00
I01887,U0222,C095,completed,0.467,1.0,,2026-02-05T04:00:00
I01888,U0222,C066,quiz_passed,0.809,1.0,0.82,2026-02-05T06:00:00
I01889,U0222,C099,quiz_passed,0.82,1.0,0.719,2026-02-05T08:00:00
I01890,U0222,C017,quiz_passed,0.895,1.0,0.849,2026-02-05T10:00:00
I01891,U0222,C096,completed,0.528,1.0,,2026-02-05T12:00:00
I01892,U0222,C065,completed,0.511,1.0,,2026-02-05T14:00:00
I01893,U0222,C098,disliked,0.112,0.02,,2026-02-05T16:00:00
I01894,U0222,C001,quiz_passed,0.828,1.0,0.844,2026-02-05T18:00:00
I01895,U0222,C071,completed,0.829,1.0,0.871,2026-02-05T20:00:00
I01896,U0222,C074,completed,0.557,1.0,,2026-02-05T22:00:00
I01897,U0222,C064,completed,0.488,1.0,,2026-02-06T00:00:00
I01898,U0222,C029,completed,0.574,1.0,,2026-02-06T02:00:00
I01899,U0223,C011,completed,0.799,1.0,0.705,2026-02-06T04:00:00
I01900,U0223,C098,viewed,0.195,0.054,,2026-02-06T06:00:00
I01901,U0223,C051,completed,0.545,1.0,,2026-02-06T08:00:00
I01902,U0223,C002,completed,0.51,1.0,,2026-02-06T10:00:00
I01903,U0223,C044,completed,0.723,1.0,0.59,2026-02-06T12:00:00
I01904,U0223,C018,quiz_passed,0.866,1.0,0.748,2026-02-06T14:00:00
I01905,U0223,C064,completed,0.517,1.0,,2026-02-06T16:00:00
I01906,U0223,C043,completed,0.543,1.0,,2026-02-06T18:00:00
I01907,U0224,C062,completed,0.476,1.0,,2026-02-06T20:00:00
I01908,U0224,C037,viewed,0.171,0.034,,2026-02-06T22:00:00
I01909,U0224,C051,viewed,0.231,0.013,,2026-02-07T00:00:00
I01910,U0225,C098,completed,0.733,1.0,0.592,2026-02-07T02:00:00
I01911,U0225,C025,quiz_passed,0.878,1.0,0.805,2026-02-07T04:00:00
I01912,U0225,C098,quiz_passed,0.788,1.0,0.64,2026-02-07T06:00:00
I01913,U0225,C095,viewed,0.58,0.66,0.425,2026-02-07T08:00:00
I01914,U0225,C096,completed,0.722,1.0,0.595,2026-02-07T10:00:00
I01915,U0225,C095,completed,0.472,1.0,,2026-02-07T12:00:00
I01916,U0226,C048,quiz_passed,0.779,1.0,0.676,2026-02-07T14:00:00
I01917,U0226,C092,completed,0.562,1.0,,2026-02-07T16:00:00
I01918,U0226,C050,completed,0.766,1.0,0.599,2026-02-07T18:00:00
I01919,U0226,C065,completed,0.782,1.0,0.62,2026-02-07T20:00:00
I01920,U0226,C044,completed,0.541,1.0,,2026-02-07T22:00:00
I01921,U0226,C058,viewed,0.102,0.024,,2026-02-08T00:00:00
I01922,U0226,C053,completed,0.521,1.0,,2026-02-08T02:00:00
I01923,U0226,C017,viewed,0.192,0.024,,2026-02-08T04:00:00
I01924,U0226,C082,quiz_passed,0.766,1.0,0.653,2026-02-08T06:00:00
I01925,U0226,C048,completed,0.729,1.0,0.577,2026-02-08T08:00:00
I01926,U0226,C066,completed,0.506,1.0,,2026-02-08T10:00:00
I01927,U0226,C005,viewed,0.466,0.48,0.251,2026-02-08T12:00:00
I01928,U0226,C058,completed,0.542,1.0,,2026-02-08T14:00:00
I01929,U0226,C091,completed,0.479,1.0,,2026-02-08T16:00:00
I01930,U0227,C099,completed,0.747,1.0,0.466,2026-02-08T18:00:00
I01931,U0227,C098,viewed,0.159,0.036,,2026-02-08T20:00:00
I01932,U0228,C095,completed,0.485,1.0,,2026-02-08T22:00:00
I01933,U0228,C098,completed,0.494,1.0,,2026-02-09T00:00:00
I01934,U0229,C096,completed,0.749,1.0,0.441,2026-02-09T02:00:00
I01935,U0229,C002,quiz_passed,0.715,1.0,0.617,2026-02-09T04:00:00
I01936,U0229,C048,quiz_passed,0.796,1.0,0.635,2026-02-09T06:00:00
I01937,U0229,C062,viewed,0.47,0.45,0.406,2026-02-09T08:00:00
I01938,U0229,C010,viewed,0.176,0.065,,2026-02-09T10:00:00
I01939,U0229,C075,disliked,0.344,0.14,0.296,2026-02-09T12:00:00
I01940,U0229,C098,disliked,0.198,0.06,0.254,2026-02-09T14:00:00
I01941,U0229,C054,viewed,0.24,0.006,,2026-02-09T16:00:00
I01942,U0229,C035,viewed,0.141,0.092,,2026-02-09T18:00:00
I01943,U0229,C075,viewed,0.22,0.035,,2026-02-09T20:00:00
I01944,U0229,C014,viewed,0.332,0.52,,2026-02-09T22:00:00
I01945,U0229,C097,completed,0.754,1.0,0.594,2026-02-10T00:00:00
I01946,U0230,C098,completed,0.475,1.0,,2026-02-10T02:00:00
I01947,U0230,C095,completed,0.728,1.0,0.488,2026-02-10T04:00:00
I01948,U0230,C099,disliked,0.245,0.03,0.204,2026-02-10T06:00:00
I01949,U0230,C025,quiz_passed,0.721,1.0,0.645,2026-02-10T08:00:00
I01950,U0230,C099,viewed,0.446,0.5,0.261,2026-02-10T10:00:00
I01951,U0230,C088,quiz_passed,0.837,1.0,0.677,2026-02-10T12:00:00
I01952,U0230,C072,completed,0.777,1.0,0.584,2026-02-10T14:00:00
I01953,U0231,C029,completed,0.511,1.0,,2026-02-10T16:00:00
I01954,U0231,C091,completed,0.734,1.0,0.661,2026-02-10T18:00:00
I01955,U0231,C003,completed,0.737,1.0,0.59,2026-02-10T20:00:00
I01956,U0231,C048,completed,0.516,1.0,,2026-02-10T22:00:00
I01957,U0231,C018,viewed,0.184,0.057,,2026-02-11T00:00:00
I01958,U0231,C001,viewed,0.537,0.65,0.447,2026-02-11T02:00:00
I01959,U0231,C003,completed,0.739,1.0,0.575,2026-02-11T04:00:00
I01960,U0231,C005,viewed,0.447,0.47,0.28,2026-02-11T06:00:00
I01961,U0231,C010,viewed,0.328,0.27,0.259,2026-02-11T08:00:00
I01962,U0231,C061,disliked,0.107,0.05,,2026-02-11T10:00:00
I01963,U0232,C065,quiz_passed,0.737,1.0,0.684,2026-02-11T12:00:00
I01964,U0232,C073,viewed,0.159,0.094,,2026-02-11T14:00:00
I01965,U0232,C042,completed,0.518,1.0,,2026-02-11T16:00:00
I01966,U0233,C054,completed,0.474,1.0,,2026-02-11T18:00:00
I01967,U0233,C099,viewed,0.144,0.091,,2026-02-11T20:00:00
I01968,U0233,C030,viewed,0.324,0.43,,2026-02-11T22:00:00
I01969,U0233,C029,completed,0.519,1.0,,2026-02-12T00:00:00
I01970,U0233,C051,quiz_passed,0.779,1.0,0.633,2026-02-12T02:00:00
I01971,U0233,C046,viewed,0.307,0.23,0.123,2026-02-12T04:00:00
I01972,U0234,C099,completed,0.744,1.0,0.477,2026-02-12T06:00:00
I01973,U0234,C061,viewed,0.297,0.088,,2026-02-12T08:00:00
I01974,U0234,C011,viewed,0.524,0.6,0.415,2026-02-12T10:00:00
I01975,U0234,C099,viewed,0.22,0.067,,2026-02-12T12:00:00
I01976,U0234,C076,completed,0.515,1.0,,2026-02-12T14:00:00
I01977,U0234,C067,viewed,0.277,0.056,,2026-02-12T16:00:00
I01978,U0234,C076,completed,0.719,1.0,0.633,2026-02-12T18:00:00
I01979,U0234,C073,quiz_passed,0.833,1.0,0.651,2026-02-12T20:00:00
I01980,U0235,C095,completed,0.516,1.0,,2026-02-12T22:00:00
I01981,U0235,C073,completed,0.73,1.0,0.581,2026-02-13T00:00:00
I01982,U0235,C030,viewed,0.182,0.012,,2026-02-13T02:00:00
I01983,U0235,C054,completed,0.754,1.0,0.674,2026-02-13T04:00:00
I01984,U0235,C071,quiz_passed,0.812,1.0,0.692,2026-02-13T06:00:00
I01985,U0235,C099,disliked,0.213,0.0,0.265,2026-02-13T08:00:00
I01986,U0235,C046,viewed,0.137,0.066,,2026-02-13T10:00:00
I01987,U0235,C074,completed,0.705,1.0,0.489,2026-02-13T12:00:00
I01988,U0235,C057,completed,0.704,1.0,0.596,2026-02-13T14:00:00
I01989,U0235,C035,viewed,0.432,0.48,0.39,2026-02-13T16:00:00
I01990,U0235,C046,viewed,0.274,0.056,,2026-02-13T18:00:00
I01991,U0235,C046,completed,0.545,1.0,,2026-02-13T20:00:00
I01992,U0235,C005,completed,0.699,1.0,0.475,2026-02-13T22:00:00
I01993,U0236,C053,completed,0.543,1.0,,2026-02-14T00:00:00
I01994,U0236,C028,viewed,0.258,0.087,,2026-02-14T02:00:00
I01995,U0236,C099,viewed,0.153,0.087,,2026-02-14T04:00:00
I01996,U0236,C099,completed,0.479,1.0,,2026-02-14T06:00:00
I01997,U0236,C096,disliked,0.103,0.02,,2026-02-14T08:00:00
I01998,U0236,C092,completed,0.724,1.0,0.581,2026-02-14T10:00:00
I01999,U0236,C048,viewed,0.106,0.08,,2026-02-14T12:00:00
I02000,U0236,C001,viewed,0.194,0.025,,2026-02-14T14:00:00
I02001,U0236,C098,viewed,0.184,0.037,,2026-02-14T16:00:00
I02002,U0236,C035,viewed,0.45,0.42,0.425,2026-02-14T18:00:00
I02003,U0236,C089,disliked,0.276,0.14,0.207,2026-02-14T20:00:00
I02004,U0236,C016,viewed,0.221,0.023,,2026-02-14T22:00:00
I02005,U0237,C066,completed,0.792,1.0,0.755,2026-02-15T00:00:00
I02006,U0237,C096,completed,0.771,1.0,0.557,2026-02-15T02:00:00
I02007,U0237,C067,completed,0.78,1.0,0.793,2026-02-15T04:00:00
I02008,U0238,C017,completed,0.504,1.0,,2026-02-15T06:00:00
I02009,U0238,C058,completed,0.517,1.0,,2026-02-15T08:00:00
I02010,U0238,C099,completed,0.737,1.0,0.395,2026-02-15T10:00:00
I02011,U0238,C062,viewed,0.295,0.003,,2026-02-15T12:00:00
I02012,U0238,C063,viewed,0.109,0.016,,2026-02-15T14:00:00
I02013,U0238,C067,quiz_passed,0.725,1.0,0.643,2026-02-15T16:00:00
I02014,U0238,C029,viewed,0.377,0.31,0.396,2026-02-15T18:00:00
I02015,U0238,C099,completed,0.464,1.0,,2026-02-15T20:00:00
I02016,U0238,C001,viewed,0.456,0.38,0.36,2026-02-15T22:00:00
I02017,U0238,C081,completed,0.559,1.0,,2026-02-16T00:00:00
I02018,U0238,C010,completed,0.765,1.0,0.546,2026-02-16T02:00:00
I02019,U0238,C081,viewed,0.101,0.011,,2026-02-16T04:00:00
I02020,U0238,C013,viewed,0.269,0.23,0.215,2026-02-16T06:00:00
I02021,U0238,C095,viewed,0.111,0.061,,2026-02-16T08:00:00
I02022,U0238,C005,completed,0.719,1.0,0.493,2026-02-16T10:00:00
I02023,U0239,C057,completed,0.536,1.0,,2026-02-16T12:00:00
I02024,U0239,C067,quiz_passed,0.733,1.0,0.607,2026-02-16T14:00:00
I02025,U0239,C050,completed,0.578,1.0,,2026-02-16T16:00:00
I02026,U0239,C043,viewed,0.24,0.074,,2026-02-16T18:00:00
I02027,U0239,C011,viewed,0.257,0.027,,2026-02-16T20:00:00
I02028,U0239,C002,quiz_passed,0.824,1.0,0.63,2026-02-16T22:00:00
I02029,U0239,C009,disliked,0.072,0.02,,2026-02-17T00:00:00
I02030,U0239,C013,viewed,0.283,0.028,,2026-02-17T02:00:00
I02031,U0239,C081,completed,0.527,1.0,,2026-02-17T04:00:00
I02032,U0239,C010,viewed,0.419,0.65,,2026-02-17T06:00:00
I02033,U0239,C050,completed,0.757,1.0,0.676,2026-02-17T08:00:00
I02034,U0239,C058,completed,0.747,1.0,0.692,2026-02-17T10:00:00
I02035,U0239,C010,viewed,0.191,0.023,,2026-02-17T12:00:00
I02036,U0239,C016,quiz_passed,0.747,1.0,0.617,2026-02-17T14:00:00
I02037,U0239,C074,viewed,0.18,0.049,,2026-02-17T16:00:00
I02038,U0240,C095,viewed,0.308,0.38,,2026-02-17T18:00:00
I02039,U0240,C098,completed,0.663,1.0,0.396,2026-02-17T20:00:00
I02040,U0240,C071,disliked,0.237,0.18,,2026-02-17T22:00:00
I02041,U0241,C076,completed,0.476,1.0,,2026-02-18T00:00:00
I02042,U0241,C091,quiz_passed,0.847,1.0,0.687,2026-02-18T02:00:00
I02043,U0241,C058,completed,0.472,1.0,,2026-02-18T04:00:00
I02044,U0241,C002,completed,0.473,1.0,,2026-02-18T06:00:00
I02045,U0241,C016,quiz_passed,0.729,1.0,0.646,2026-02-18T08:00:00
I02046,U0241,C048,disliked,0.181,0.05,,2026-02-18T10:00:00
I02047,U0241,C092,disliked,0.363,0.16,0.417,2026-02-18T12:00:00
I02048,U0241,C065,viewed,0.573,0.59,0.411,2026-02-18T14:00:00
I02049,U0241,C075,completed,0.486,1.0,,2026-02-18T16:00:00
I02050,U0241,C099,viewed,0.158,0.052,,2026-02-18T18:00:00
I02051,U0242,C066,completed,0.479,1.0,,2026-02-18T20:00:00
I02052,U0242,C018,quiz_passed,0.606,0.52,0.649,2026-02-18T22:00:00
I02053,U0242,C095,quiz_passed,0.876,1.0,0.765,2026-02-19T00:00:00
I02054,U0242,C017,completed,0.555,1.0,,2026-02-19T02:00:00
I02055,U0242,C047,quiz_passed,0.81,1.0,0.853,2026-02-19T04:00:00
I02056,U0242,C048,completed,0.515,1.0,,2026-02-19T06:00:00
I02057,U0242,C098,viewed,0.566,0.5,0.509,2026-02-19T08:00:00
I02058,U0242,C006,completed,0.528,1.0,,2026-02-19T10:00:00
I02059,U0242,C048,completed,0.493,1.0,,2026-02-19T12:00:00
I02060,U0242,C030,quiz_passed,0.894,1.0,0.844,2026-02-19T14:00:00
I02061,U0242,C098,quiz_passed,0.836,1.0,0.701,2026-02-19T16:00:00
I02062,U0243,C011,viewed,0.391,0.67,,2026-02-19T18:00:00
I02063,U0243,C067,completed,0.518,1.0,,2026-02-19T20:00:00
I02064,U0243,C096,viewed,0.236,0.031,,2026-02-19T22:00:00
I02065,U0243,C098,completed,0.528,1.0,,2026-02-20T00:00:00
I02066,U0243,C073,viewed,0.177,0.01,,2026-02-20T02:00:00
I02067,U0243,C053,viewed,0.269,0.29,,2026-02-20T04:00:00
I02068,U0243,C073,completed,0.469,1.0,,2026-02-20T06:00:00
I02069,U0243,C001,viewed,0.173,0.049,,2026-02-20T08:00:00
I02070,U0243,C078,quiz_passed,0.765,1.0,0.678,2026-02-20T10:00:00
I02071,U0243,C099,viewed,0.242,0.22,,2026-02-20T12:00:00
I02072,U0243,C099,disliked,0.212,0.09,0.279,2026-02-20T14:00:00
I02073,U0243,C095,viewed,0.538,0.65,0.281,2026-02-20T16:00:00
I02074,U0243,C016,viewed,0.468,0.45,0.434,2026-02-20T18:00:00
I02075,U0243,C051,viewed,0.257,0.017,,2026-02-20T20:00:00
I02076,U0244,C067,completed,0.504,1.0,,2026-02-20T22:00:00
I02077,U0244,C042,completed,0.52,1.0,,2026-02-21T00:00:00
I02078,U0244,C098,completed,0.512,1.0,,2026-02-21T02:00:00
I02079,U0245,C030,viewed,0.533,0.52,0.373,2026-02-21T04:00:00
I02080,U0245,C095,viewed,0.25,0.22,0.236,2026-02-21T06:00:00
I02081,U0245,C096,viewed,0.247,0.041,,2026-02-21T08:00:00
I02082,U0245,C095,viewed,0.141,0.035,,2026-02-21T10:00:00
I02083,U0245,C082,quiz_passed,0.744,1.0,0.634,2026-02-21T12:00:00
I02084,U0245,C029,completed,0.568,1.0,,2026-02-21T14:00:00
I02085,U0245,C099,completed,0.537,1.0,,2026-02-21T16:00:00
I02086,U0245,C011,completed,0.47,1.0,,2026-02-21T18:00:00
I02087,U0245,C091,viewed,0.175,0.065,,2026-02-21T20:00:00
I02088,U0245,C099,viewed,0.332,0.31,0.268,2026-02-21T22:00:00
I02089,U0245,C098,completed,0.674,1.0,0.462,2026-02-22T00:00:00
I02090,U0245,C067,quiz_passed,0.785,1.0,0.642,2026-02-22T02:00:00
I02091,U0246,C088,viewed,0.128,0.066,,2026-02-22T04:00:00
I02092,U0246,C098,viewed,0.235,0.07,,2026-02-22T06:00:00
I02093,U0246,C047,quiz_passed,0.804,1.0,0.603,2026-02-22T08:00:00
I02094,U0246,C095,viewed,0.232,0.098,,2026-02-22T10:00:00
I02095,U0246,C047,quiz_passed,0.833,1.0,0.651,2026-02-22T12:00:00
I02096,U0246,C064,viewed,0.237,0.012,,2026-02-22T14:00:00
I02097,U0246,C051,completed,0.779,1.0,0.689,2026-02-22T16:00:00
I02098,U0246,C048,quiz_passed,0.846,1.0,0.694,2026-02-22T18:00:00
I02099,U0246,C071,completed,0.788,1.0,0.575,2026-02-22T20:00:00
I02100,U0246,C003,disliked,0.296,0.17,0.419,2026-02-22T22:00:00
I02101,U0246,C048,completed,0.57,1.0,,2026-02-23T00:00:00
I02102,U0246,C047,quiz_passed,0.802,1.0,0.608,2026-02-23T02:00:00
I02103,U0246,C091,completed,0.545,1.0,,2026-02-23T04:00:00
I02104,U0246,C010,viewed,0.23,0.096,,2026-02-23T06:00:00
I02105,U0247,C047,viewed,0.478,0.5,0.522,2026-02-23T08:00:00
I02106,U0247,C098,completed,0.74,1.0,0.542,2026-02-23T10:00:00
I02107,U0247,C098,disliked,0.3,0.03,0.406,2026-02-23T12:00:00
I02108,U0247,C003,quiz_passed,0.827,1.0,0.761,2026-02-23T14:00:00
I02109,U0247,C074,completed,0.533,1.0,,2026-02-23T16:00:00
I02110,U0247,C016,quiz_passed,0.757,1.0,0.738,2026-02-23T18:00:00
I02111,U0247,C058,viewed,0.195,0.08,,2026-02-23T20:00:00
I02112,U0247,C050,completed,0.562,1.0,,2026-02-23T22:00:00
I02113,U0247,C057,quiz_passed,0.839,1.0,0.799,2026-02-24T00:00:00
I02114,U0247,C074,completed,0.735,1.0,0.578,2026-02-24T02:00:00
I02115,U0248,C098,viewed,0.126,0.084,,2026-02-24T04:00:00
I02116,U0248,C016,completed,0.547,1.0,,2026-02-24T06:00:00
I02117,U0248,C018,disliked,0.263,0.0,0.373,2026-02-24T08:00:00
I02118,U0248,C097,viewed,0.294,0.021,,2026-02-24T10:00:00
I02119,U0248,C025,completed,0.484,1.0,,2026-02-24T12:00:00
I02120,U0248,C051,viewed,0.133,0.044,,2026-02-24T14:00:00
I02121,U0248,C030,completed,0.46,1.0,,2026-02-24T16:00:00
I02122,U0249,C098,completed,0.788,1.0,0.564,2026-02-24T18:00:00
I02123,U0249,C095,completed,0.493,1.0,,2026-02-24T20:00:00
I02124,U0249,C095,completed,0.485,1.0,,2026-02-24T22:00:00
I02125,U0249,C017,viewed,0.25,0.044,,2026-02-25T00:00:00
I02126,U0249,C015,completed,0.479,1.0,,2026-02-25T02:00:00
I02127,U0249,C003,completed,0.503,1.0,,2026-02-25T04:00:00
I02128,U0249,C048,quiz_passed,0.826,1.0,0.716,2026-02-25T06:00:00
I02129,U0249,C098,viewed,0.241,0.077,,2026-02-25T08:00:00
I02130,U0249,C050,quiz_passed,0.855,1.0,0.802,2026-02-25T10:00:00
I02131,U0249,C045,viewed,0.294,0.35,,2026-02-25T12:00:00
I02132,U0250,C057,completed,0.503,1.0,,2026-02-25T14:00:00
I02133,U0250,C016,completed,0.858,1.0,0.765,2026-02-25T16:00:00
I02134,U0250,C051,completed,0.57,1.0,,2026-02-25T18:00:00
I02135,U0250,C064,disliked,0.234,0.15,,2026-02-25T20:00:00
I02136,U0250,C082,quiz_passed,0.864,1.0,0.794,2026-02-25T22:00:00
I02137,U0251,C003,completed,0.504,1.0,,2026-02-26T00:00:00
I02138,U0251,C002,completed,0.58,1.0,,2026-02-26T02:00:00
I02139,U0251,C044,quiz_passed,0.848,1.0,0.77,2026-02-26T04:00:00
I02140,U0251,C044,completed,0.499,1.0,,2026-02-26T06:00:00
I02141,U0251,C081,completed,0.548,1.0,,2026-02-26T08:00:00
I02142,U0251,C011,completed,0.503,1.0,,2026-02-26T10:00:00
I02143,U0251,C081,completed,0.468,1.0,,2026-02-26T12:00:00
I02144,U0251,C065,quiz_passed,0.886,1.0,0.847,2026-02-26T14:00:00
I02145,U0251,C016,completed,0.514,1.0,,2026-02-26T16:00:00
I02146,U0251,C002,quiz_passed,0.825,1.0,0.832,2026-02-26T18:00:00
I02147,U0251,C044,quiz_passed,0.79,1.0,0.722,2026-02-26T20:00:00
I02148,U0251,C091,quiz_passed,0.821,1.0,0.829,2026-02-26T22:00:00
I02149,U0251,C010,quiz_passed,0.883,1.0,0.767,2026-02-27T00:00:00
I02150,U0251,C047,quiz_passed,0.856,1.0,0.853,2026-02-27T02:00:00
I02151,U0252,C082,completed,0.499,1.0,,2026-02-27T04:00:00
I02152,U0252,C091,completed,0.857,1.0,0.699,2026-02-27T06:00:00
I02153,U0252,C090,completed,0.678,1.0,0.448,2026-02-27T08:00:00
I02154,U0252,C030,completed,0.468,1.0,,2026-02-27T10:00:00
I02155,U0253,C054,viewed,0.455,0.43,0.317,2026-02-27T12:00:00
I02156,U0253,C001,completed,0.488,1.0,,2026-02-27T14:00:00
I02157,U0253,C050,disliked,0.289,0.12,0.447,2026-02-27T16:00:00
I02158,U0253,C049,quiz_passed,0.813,1.0,0.623,2026-02-27T18:00:00
I02159,U0254,C091,completed,0.806,1.0,0.761,2026-02-27T20:00:00
I02160,U0254,C090,quiz_passed,0.764,1.0,0.63,2026-02-27T22:00:00
I02161,U0254,C044,completed,0.464,1.0,,2026-02-28T00:00:00
I02162,U0254,C071,completed,0.499,1.0,,2026-02-28T02:00:00
I02163,U0254,C010,viewed,0.3,0.44,,2026-02-28T04:00:00
I02164,U0255,C029,completed,0.507,1.0,,2026-02-28T06:00:00
I02165,U0255,C099,completed,0.81,1.0,0.752,2026-02-28T08:00:00
I02166,U0255,C003,completed,0.528,1.0,,2026-02-28T10:00:00
I02167,U0255,C046,viewed,0.159,0.094,,2026-02-28T12:00:00
I02168,U0255,C044,quiz_passed,0.807,1.0,0.792,2026-02-28T14:00:00
I02169,U0255,C075,viewed,0.224,0.006,,2026-02-28T16:00:00
I02170,U0255,C025,completed,0.505,1.0,,2026-02-28T18:00:00
I02171,U0255,C071,completed,0.578,1.0,,2026-02-28T20:00:00
I02172,U0255,C074,viewed,0.632,0.65,0.523,2026-02-28T22:00:00
I02173,U0255,C001,completed,0.851,1.0,0.816,2026-03-01T00:00:00
I02174,U0255,C005,completed,0.482,1.0,,2026-03-01T02:00:00
I02175,U0255,C074,quiz_passed,0.777,1.0,0.743,2026-03-01T04:00:00
I02176,U0255,C091,completed,0.866,1.0,0.87,2026-03-01T06:00:00
I02177,U0255,C072,completed,0.546,1.0,,2026-03-01T08:00:00
I02178,U0255,C008,completed,0.521,1.0,,2026-03-01T10:00:00
I02179,U0256,C035,quiz_passed,0.784,1.0,0.649,2026-03-01T12:00:00
I02180,U0256,C092,viewed,0.271,0.07,,2026-03-01T14:00:00
I02181,U0256,C003,completed,0.734,1.0,0.607,2026-03-01T16:00:00
I02182,U0256,C053,completed,0.793,1.0,0.677,2026-03-01T18:00:00
I02183,U0256,C074,completed,0.745,1.0,0.554,2026-03-01T20:00:00
I02184,U0256,C010,viewed,0.242,0.053,,2026-03-01T22:00:00
I02185,U0256,C095,viewed,0.221,0.35,,2026-03-02T00:00:00
I02186,U0256,C002,completed,0.558,1.0,,2026-03-02T02:00:00
I02187,U0257,C016,viewed,0.179,0.094,,2026-03-02T04:00:00
I02188,U0257,C066,quiz_passed,0.882,1.0,0.845,2026-03-02T06:00:00
I02189,U0257,C098,quiz_passed,0.779,1.0,0.753,2026-03-02T08:00:00
I02190,U0257,C072,quiz_passed,0.843,1.0,0.865,2026-03-02T10:00:00
I02191,U0258,C047,viewed,0.117,0.049,,2026-03-02T12:00:00
I02192,U0258,C061,viewed,0.292,0.094,,2026-03-02T14:00:00
I02193,U0258,C092,viewed,0.445,0.48,0.365,2026-03-02T16:00:00
I02194,U0258,C096,viewed,0.213,0.023,,2026-03-02T18:00:00
I02195,U0258,C003,completed,0.837,1.0,0.661,2026-03-02T20:00:00
I02196,U0258,C011,completed,0.795,1.0,0.683,2026-03-02T22:00:00
I02197,U0258,C006,disliked,0.252,0.19,,2026-03-03T00:00:00
I02198,U0258,C053,completed,0.552,1.0,,2026-03-03T02:00:00
I02199,U0258,C015,completed,0.763,1.0,0.573,2026-03-03T04:00:00
I02200,U0258,C061,quiz_passed,0.844,1.0,0.688,2026-03-03T06:00:00
I02201,U0258,C025,quiz_passed,0.771,1.0,0.694,2026-03-03T08:00:00
I02202,U0258,C006,quiz_passed,0.719,1.0,0.635,2026-03-03T10:00:00
I02203,U0258,C092,quiz_passed,0.824,1.0,0.629,2026-03-03T12:00:00
I02204,U0259,C073,completed,0.788,1.0,0.781,2026-03-03T14:00:00
I02205,U0259,C076,completed,0.483,1.0,,2026-03-03T16:00:00
I02206,U0259,C013,quiz_passed,0.751,1.0,0.698,2026-03-03T18:00:00
I02207,U0259,C011,quiz_passed,0.865,1.0,0.803,2026-03-03T20:00:00
I02208,U0259,C081,completed,0.812,1.0,0.585,2026-03-03T22:00:00
I02209,U0259,C082,completed,0.868,1.0,0.8,2026-03-04T00:00:00
I02210,U0259,C043,completed,0.807,1.0,0.71,2026-03-04T02:00:00
I02211,U0260,C016,quiz_passed,0.746,1.0,0.616,2026-03-04T04:00:00
I02212,U0260,C045,completed,0.525,1.0,,2026-03-04T06:00:00
I02213,U0260,C067,viewed,0.332,0.32,0.318,2026-03-04T08:00:00
I02214,U0260,C046,viewed,0.301,0.41,0.183,2026-03-04T10:00:00
I02215,U0260,C006,disliked,0.231,0.14,,2026-03-04T12:00:00
I02216,U0260,C044,viewed,0.361,0.52,,2026-03-04T14:00:00
I02217,U0260,C043,completed,0.483,1.0,,2026-03-04T16:00:00
I02218,U0260,C046,viewed,0.2,0.083,,2026-03-04T18:00:00
I02219,U0260,C042,quiz_passed,0.817,1.0,0.63,2026-03-04T20:00:00
I02220,U0260,C075,completed,0.551,1.0,,2026-03-04T22:00:00
I02221,U0261,C066,completed,0.544,1.0,,2026-03-05T00:00:00
I02222,U0261,C028,viewed,0.205,0.075,,2026-03-05T02:00:00
I02223,U0261,C042,completed,0.469,1.0,,2026-03-05T04:00:00
I02224,U0261,C098,viewed,0.483,0.48,0.354,2026-03-05T06:00:00
I02225,U0262,C099,viewed,0.158,0.054,,2026-03-05T08:00:00
I02226,U0262,C016,quiz_passed,0.742,1.0,0.694,2026-03-05T10:00:00
I02227,U0262,C005,disliked,0.322,0.18,0.244,2026-03-05T12:00:00
I02228,U0262,C091,viewed,0.605,0.65,0.431,2026-03-05T14:00:00
I02229,U0262,C029,completed,0.548,1.0,,2026-03-05T16:00:00
I02230,U0262,C002,viewed,0.531,0.57,0.407,2026-03-05T18:00:00
I02231,U0262,C090,completed,0.523,1.0,,2026-03-05T20:00:00
I02232,U0262,C048,completed,0.742,1.0,0.697,2026-03-05T22:00:00
I02233,U0263,C043,completed,0.482,1.0,,2026-03-06T00:00:00
I02234,U0263,C030,viewed,0.249,0.002,,2026-03-06T02:00:00
I02235,U0263,C045,completed,0.535,1.0,,2026-03-06T04:00:00
I02236,U0263,C050,completed,0.483,1.0,,2026-03-06T06:00:00
I02237,U0263,C044,disliked,0.466,0.16,0.557,2026-03-06T08:00:00
I02238,U0263,C054,quiz_passed,0.807,1.0,0.833,2026-03-06T10:00:00
I02239,U0263,C082,completed,0.469,1.0,,2026-03-06T12:00:00
I02240,U0263,C066,quiz_passed,0.836,1.0,0.87,2026-03-06T14:00:00
I02241,U0264,C095,quiz_passed,0.793,1.0,0.742,2026-03-06T16:00:00
I02242,U0264,C053,quiz_passed,0.822,1.0,0.856,2026-03-06T18:00:00
I02243,U0264,C051,completed,0.899,1.0,0.882,2026-03-06T20:00:00
I02244,U0264,C073,completed,0.496,1.0,,2026-03-06T22:00:00
I02245,U0264,C005,quiz_passed,0.826,1.0,0.713,2026-03-07T00:00:00
I02246,U0264,C072,completed,0.495,1.0,,2026-03-07T02:00:00
I02247,U0264,C028,quiz_passed,0.871,1.0,0.835,2026-03-07T04:00:00
I02248,U0264,C042,completed,0.468,1.0,,2026-03-07T06:00:00
I02249,U0264,C028,quiz_passed,0.919,1.0,0.873,2026-03-07T08:00:00
I02250,U0264,C001,completed,0.475,1.0,,2026-03-07T10:00:00
I02251,U0264,C013,completed,0.553,1.0,,2026-03-07T12:00:00
I02252,U0264,C090,viewed,0.599,0.48,0.596,2026-03-07T14:00:00
I02253,U0264,C046,completed,0.748,1.0,0.57,2026-03-07T16:00:00
I02254,U0265,C098,disliked,0.397,0.12,0.571,2026-03-07T18:00:00
I02255,U0265,C096,quiz_passed,0.833,1.0,0.718,2026-03-07T20:00:00
I02256,U0265,C099,quiz_passed,0.779,1.0,0.743,2026-03-07T22:00:00
I02257,U0265,C051,quiz_passed,0.8,1.0,0.849,2026-03-08T00:00:00
I02258,U0265,C075,viewed,0.217,0.066,,2026-03-08T02:00:00
I02259,U0265,C088,completed,0.551,1.0,,2026-03-08T04:00:00
I02260,U0265,C046,viewed,0.163,0.069,,2026-03-08T06:00:00
I02261,U0265,C057,quiz_passed,0.867,1.0,0.858,2026-03-08T08:00:00
I02262,U0265,C082,quiz_passed,0.822,1.0,0.832,2026-03-08T10:00:00
I02263,U0265,C002,completed,0.568,1.0,,2026-03-08T12:00:00
I02264,U0265,C057,completed,0.561,1.0,,2026-03-08T14:00:00
I02265,U0265,C064,quiz_passed,0.903,1.0,0.876,2026-03-08T16:00:00
I02266,U0266,C091,completed,0.537,1.0,,2026-03-08T18:00:00
I02267,U0266,C002,completed,0.558,1.0,,2026-03-08T20:00:00
I02268,U0266,C046,viewed,0.258,0.21,,2026-03-08T22:00:00
I02269,U0266,C002,viewed,0.261,0.061,,2026-03-09T00:00:00
I02270,U0266,C005,completed,0.509,1.0,,2026-03-09T02:00:00
I02271,U0266,C010,quiz_passed,0.784,1.0,0.683,2026-03-09T04:00:00
I02272,U0266,C098,completed,0.793,1.0,0.563,2026-03-09T06:00:00
I02273,U0266,C095,completed,0.52,1.0,,2026-03-09T08:00:00
I02274,U0266,C029,completed,0.507,1.0,,2026-03-09T10:00:00
I02275,U0266,C011,completed,0.878,1.0,0.805,2026-03-09T12:00:00
I02276,U0266,C046,viewed,0.114,0.042,,2026-03-09T14:00:00
I02277,U0266,C076,completed,0.558,1.0,,2026-03-09T16:00:00
I02278,U0266,C025,quiz_passed,0.795,1.0,0.792,2026-03-09T18:00:00
I02279,U0266,C045,viewed,0.268,0.015,,2026-03-09T20:00:00
I02280,U0267,C096,viewed,0.371,0.36,0.346,2026-03-09T22:00:00
I02281,U0267,C028,completed,0.567,1.0,,2026-03-10T00:00:00
I02282,U0268,C054,completed,0.756,1.0,0.672,2026-03-10T02:00:00
I02283,U0268,C095,completed,0.537,1.0,,2026-03-10T04:00:00
I02284,U0268,C095,completed,0.473,1.0,,2026-03-10T06:00:00
I02285,U0269,C065,completed,0.514,1.0,,2026-03-10T08:00:00
I02286,U0269,C050,quiz_passed,0.881,1.0,0.886,2026-03-10T10:00:00
I02287,U0269,C046,completed,0.734,1.0,0.635,2026-03-10T12:00:00
I02288,U0269,C061,completed,0.579,1.0,,2026-03-10T14:00:00
I02289,U0269,C046,completed,0.697,1.0,0.577,2026-03-10T16:00:00
I02290,U0269,C092,completed,0.575,1.0,,2026-03-10T18:00:00
I02291,U0269,C013,disliked,0.407,0.06,0.513,2026-03-10T20:00:00
I02292,U0269,C006,completed,0.544,1.0,,2026-03-10T22:00:00
I02293,U0270,C042,quiz_passed,0.748,1.0,0.664,2026-03-11T00:00:00
I02294,U0270,C017,completed,0.779,1.0,0.688,2026-03-11T02:00:00
I02295,U0271,C042,viewed,0.171,0.026,,2026-03-11T04:00:00
I02296,U0271,C095,viewed,0.194,0.065,,2026-03-11T06:00:00
I02297,U0272,C029,viewed,0.418,0.64,,2026-03-11T08:00:00
I02298,U0272,C047,quiz_passed,0.759,1.0,0.687,2026-03-11T10:00:00
I02299,U0272,C016,quiz_passed,0.835,1.0,0.667,2026-03-11T12:00:00
I02300,U0273,C058,quiz_passed,0.807,1.0,0.845,2026-03-11T14:00:00
I02301,U0273,C095,completed,0.537,1.0,,2026-03-11T16:00:00
I02302,U0273,C099,completed,0.801,1.0,0.712,2026-03-11T18:00:00
I02303,U0273,C015,completed,0.531,1.0,,2026-03-11T20:00:00
I02304,U0274,C058,disliked,0.212,0.18,,2026-03-11T22:00:00
I02305,U0274,C092,disliked,0.111,0.05,,2026-03-12T00:00:00
I02306,U0274,C001,viewed,0.286,0.024,,2026-03-12T02:00:00
I02307,U0274,C076,completed,0.489,1.0,,2026-03-12T04:00:00
I02308,U0274,C081,viewed,0.116,0.091,,2026-03-12T06:00:00
I02309,U0274,C095,viewed,0.403,0.42,0.225,2026-03-12T08:00:00
I02310,U0274,C071,viewed,0.193,0.015,,2026-03-12T10:00:00
I02311,U0274,C006,disliked,0.082,0.01,,2026-03-12T12:00:00
I02312,U0274,C081,viewed,0.129,0.019,,2026-03-12T14:00:00
I02313,U0274,C091,quiz_passed,0.804,1.0,0.673,2026-03-12T16:00:00
I02314,U0274,C002,completed,0.717,1.0,0.605,2026-03-12T18:00:00
I02315,U0274,C009,completed,0.813,1.0,0.588,2026-03-12T20:00:00
I02316,U0274,C095,completed,0.492,1.0,,2026-03-12T22:00:00
I02317,U0274,C063,completed,0.56,1.0,,2026-03-13T00:00:00
I02318,U0275,C016,quiz_passed,0.851,1.0,0.731,2026-03-13T02:00:00
I02319,U0275,C082,completed,0.544,1.0,,2026-03-13T04:00:00
I02320,U0275,C051,viewed,0.545,0.52,0.575,2026-03-13T06:00:00
I02321,U0275,C074,viewed,0.205,0.064,,2026-03-13T08:00:00
I02322,U0276,C082,quiz_passed,0.766,1.0,0.74,2026-03-13T10:00:00
I02323,U0276,C096,completed,0.56,1.0,,2026-03-13T12:00:00
I02324,U0276,C061,completed,0.833,1.0,0.779,2026-03-13T14:00:00
I02325,U0277,C095,viewed,0.163,0.088,,2026-03-13T16:00:00
I02326,U0277,C091,completed,0.481,1.0,,2026-03-13T18:00:00
I02327,U0277,C051,viewed,0.258,0.21,,2026-03-13T20:00:00
I02328,U0277,C044,completed,0.547,1.0,,2026-03-13T22:00:00
I02329,U0277,C095,disliked,0.298,0.12,0.385,2026-03-14T00:00:00
I02330,U0277,C054,quiz_passed,0.85,1.0,0.796,2026-03-14T02:00:00
I02331,U0278,C096,viewed,0.404,0.54,0.208,2026-03-14T04:00:00
I02332,U0278,C002,quiz_passed,0.733,1.0,0.61,2026-03-14T06:00:00
I02333,U0278,C051,viewed,0.208,0.007,,2026-03-14T08:00:00
I02334,U0278,C062,viewed,0.544,0.52,0.42,2026-03-14T10:00:00
I02335,U0278,C003,completed,0.522,1.0,,2026-03-14T12:00:00
I02336,U0278,C062,completed,0.542,1.0,,2026-03-14T14:00:00
I02337,U0278,C053,quiz_passed,0.814,1.0,0.64,2026-03-14T16:00:00
I02338,U0278,C018,viewed,0.133,0.086,,2026-03-14T18:00:00
I02339,U0278,C095,viewed,0.359,0.2,0.302,2026-03-14T20:00:00
I02340,U0278,C042,completed,0.755,1.0,0.616,2026-03-14T22:00:00
I02341,U0278,C064,disliked,0.394,0.19,0.413,2026-03-15T00:00:00
I02342,U0279,C003,quiz_passed,0.858,1.0,0.777,2026-03-15T02:00:00
I02343,U0279,C075,quiz_passed,0.797,1.0,0.674,2026-03-15T04:00:00
I02344,U0279,C043,completed,0.546,1.0,,2026-03-15T06:00:00
I02345,U0279,C003,completed,0.505,1.0,,2026-03-15T08:00:00
I02346,U0279,C016,completed,0.547,1.0,,2026-03-15T10:00:00
I02347,U0279,C035,disliked,0.132,0.03,,2026-03-15T12:00:00
I02348,U0279,C016,viewed,0.47,0.32,0.566,2026-03-15T14:00:00
I02349,U0279,C001,completed,0.572,1.0,,2026-03-15T16:00:00
I02350,U0279,C001,quiz_passed,0.85,1.0,0.767,2026-03-15T18:00:00
I02351,U0279,C005,disliked,0.33,0.02,0.38,2026-03-15T20:00:00
I02352,U0280,C008,viewed,0.4,0.37,0.443,2026-03-15T22:00:00
I02353,U0280,C018,completed,0.471,1.0,,2026-03-16T00:00:00
I02354,U0280,C099,viewed,0.239,0.059,,2026-03-16T02:00:00
I02355,U0280,C001,completed,0.525,1.0,,2026-03-16T04:00:00
I02356,U0280,C048,quiz_passed,0.84,1.0,0.676,2026-03-16T06:00:00
I02357,U0280,C071,completed,0.846,1.0,0.689,2026-03-16T08:00:00
I02358,U0280,C091,viewed,0.257,0.008,,2026-03-16T10:00:00
I02359,U0281,C067,completed,0.574,1.0,,2026-03-16T12:00:00
I02360,U0281,C001,completed,0.524,1.0,,2026-03-16T14:00:00
I02361,U0281,C061,completed,0.523,1.0,,2026-03-16T16:00:00
I02362,U0281,C016,quiz_passed,0.805,1.0,0.84,2026-03-16T18:00:00
I02363,U0281,C006,quiz_passed,0.82,1.0,0.884,2026-03-16T20:00:00
I02364,U0281,C043,quiz_passed,0.803,1.0,0.849,2026-03-16T22:00:00
I02365,U0281,C046,quiz_passed,0.773,1.0,0.677,2026-03-17T00:00:00
I02366,U0281,C050,completed,0.912,1.0,0.881,2026-03-17T02:00:00
I02367,U0281,C028,completed,0.489,1.0,,2026-03-17T04:00:00
I02368,U0281,C017,quiz_passed,0.375,0.16,0.615,2026-03-17T06:00:00
I02369,U0282,C029,completed,0.477,1.0,,2026-03-17T08:00:00
I02370,U0282,C067,viewed,0.265,0.029,,2026-03-17T10:00:00
I02371,U0282,C096,viewed,0.115,0.037,,2026-03-17T12:00:00
I02372,U0282,C064,completed,0.547,1.0,,2026-03-17T14:00:00
I02373,U0282,C099,completed,0.466,1.0,,2026-03-17T16:00:00
I02374,U0283,C002,viewed,0.17,0.095,,2026-03-17T18:00:00
I02375,U0283,C095,viewed,0.46,0.57,0.227,2026-03-17T20:00:00
I02376,U0284,C065,viewed,0.191,0.072,,2026-03-17T22:00:00
I02377,U0284,C053,viewed,0.16,0.072,,2026-03-18T00:00:00
I02378,U0284,C095,completed,0.561,1.0,,2026-03-18T02:00:00
I02379,U0284,C063,viewed,0.285,0.5,,2026-03-18T04:00:00
I02380,U0284,C043,completed,0.771,1.0,0.583,2026-03-18T06:00:00
I02381,U0284,C043,quiz_passed,0.823,1.0,0.63,2026-03-18T08:00:00
I02382,U0284,C015,completed,0.542,1.0,,2026-03-18T10:00:00
I02383,U0284,C090,completed,0.694,1.0,0.522,2026-03-18T12:00:00
I02384,U0284,C002,completed,0.753,1.0,0.592,2026-03-18T14:00:00
I02385,U0284,C010,viewed,0.312,0.21,0.26,2026-03-18T16:00:00
I02386,U0285,C065,quiz_passed,0.858,1.0,0.823,2026-03-18T18:00:00
I02387,U0285,C065,quiz_passed,0.444,0.25,0.618,2026-03-18T20:00:00
I02388,U0285,C095,completed,0.47,1.0,,2026-03-18T22:00:00
I02389,U0286,C095,viewed,0.288,0.038,,2026-03-19T00:00:00
I02390,U0286,C095,completed,0.495,1.0,,2026-03-19T02:00:00
I02391,U0286,C095,completed,0.522,1.0,,2026-03-19T04:00:00
I02392,U0286,C042,viewed,0.105,0.08,,2026-03-19T06:00:00
I02393,U0286,C096,quiz_passed,0.736,1.0,0.675,2026-03-19T08:00:00
I02394,U0287,C092,completed,0.569,1.0,,2026-03-19T10:00:00
I02395,U0287,C064,viewed,0.528,0.61,0.409,2026-03-19T12:00:00
I02396,U0287,C091,completed,0.794,1.0,0.687,2026-03-19T14:00:00
I02397,U0287,C064,quiz_passed,0.785,1.0,0.608,2026-03-19T16:00:00
I02398,U0287,C067,viewed,0.203,0.054,,2026-03-19T18:00:00
I02399,U0287,C074,viewed,0.213,0.04,,2026-03-19T20:00:00
I02400,U0287,C064,disliked,0.227,0.12,,2026-03-19T22:00:00
I02401,U0287,C045,viewed,0.287,0.55,,2026-03-20T00:00:00
I02402,U0287,C044,completed,0.642,1.0,0.448,2026-03-20T02:00:00
I02403,U0287,C061,completed,0.51,1.0,,2026-03-20T04:00:00
I02404,U0287,C076,quiz_passed,0.732,1.0,0.604,2026-03-20T06:00:00
I02405,U0287,C054,completed,0.553,1.0,,2026-03-20T08:00:00
I02406,U0288,C001,quiz_passed,0.92,1.0,0.868,2026-03-20T10:00:00
I02407,U0288,C046,quiz_passed,0.725,1.0,0.639,2026-03-20T12:00:00
I02408,U0288,C061,completed,0.521,1.0,,2026-03-20T14:00:00
I02409,U0288,C013,quiz_passed,0.793,1.0,0.763,2026-03-20T16:00:00
I02410,U0288,C067,completed,0.54,1.0,,2026-03-20T18:00:00
I02411,U0289,C098,viewed,0.249,0.052,,2026-03-20T20:00:00
I02412,U0289,C098,quiz_passed,0.78,1.0,0.664,2026-03-20T22:00:00
I02413,U0289,C098,completed,0.774,1.0,0.668,2026-03-21T00:00:00
I02414,U0289,C099,quiz_passed,0.787,1.0,0.632,2026-03-21T02:00:00
I02415,U0289,C001,completed,0.564,1.0,,2026-03-21T04:00:00
I02416,U0289,C002,viewed,0.41,0.68,,2026-03-21T06:00:00
I02417,U0289,C025,quiz_passed,0.754,1.0,0.711,2026-03-21T08:00:00
I02418,U0289,C075,viewed,0.346,0.43,,2026-03-21T10:00:00
I02419,U0290,C057,quiz_passed,0.8,1.0,0.639,2026-03-21T12:00:00
I02420,U0290,C076,disliked,0.403,0.16,0.413,2026-03-21T14:00:00
I02421,U0291,C096,completed,0.686,1.0,0.539,2026-03-21T16:00:00
I02422,U0291,C016,completed,0.552,1.0,,2026-03-21T18:00:00
I02423,U0291,C048,viewed,0.157,0.043,,2026-03-21T20:00:00
I02424,U0292,C099,viewed,0.158,0.052,,2026-03-21T22:00:00
I02425,U0292,C095,viewed,0.341,0.31,0.281,2026-03-22T00:00:00
I02426,U0292,C097,completed,0.745,1.0,0.59,2026-03-22T02:00:00
I02427,U0292,C099,completed,0.768,1.0,0.501,2026-03-22T04:00:00
I02428,U0292,C043,viewed,0.257,0.035,,2026-03-22T06:00:00
I02429,U0292,C099,completed,0.665,1.0,0.407,2026-03-22T08:00:00
I02430,U0292,C053,completed,0.533,1.0,,2026-03-22T10:00:00
I02431,U0292,C067,viewed,0.26,0.061,,2026-03-22T12:00:00
I02432,U0292,C096,completed,0.679,1.0,0.418,2026-03-22T14:00:00
I02433,U0292,C018,completed,0.479,1.0,,2026-03-22T16:00:00
I02434,U0292,C002,completed,0.506,1.0,,2026-03-22T18:00:00
I02435,U0293,C018,completed,0.474,1.0,,2026-03-22T20:00:00
I02436,U0293,C088,disliked,0.377,0.06,0.466,2026-03-22T22:00:00
I02437,U0293,C061,completed,0.506,1.0,,2026-03-23T00:00:00
I02438,U0293,C016,quiz_passed,0.823,1.0,0.721,2026-03-23T02:00:00
I02439,U0293,C046,viewed,0.283,0.54,,2026-03-23T04:00:00
I02440,U0293,C043,completed,0.841,1.0,0.78,2026-03-23T06:00:00
I02441,U0293,C053,disliked,0.385,0.03,0.539,2026-03-23T08:00:00
I02442,U0293,C074,completed,0.563,1.0,,2026-03-23T10:00:00
I02443,U0293,C006,completed,0.543,1.0,,2026-03-23T12:00:00
I02444,U0294,C054,completed,0.866,1.0,0.732,2026-03-23T14:00:00
I02445,U0294,C042,completed,0.549,1.0,,2026-03-23T16:00:00
I02446,U0294,C025,quiz_passed,0.805,1.0,0.779,2026-03-23T18:00:00
I02447,U0294,C049,viewed,0.256,0.048,,2026-03-23T20:00:00
I02448,U0294,C035,viewed,0.1,0.072,,2026-03-23T22:00:00
I02449,U0294,C096,completed,0.466,1.0,,2026-03-24T00:00:00
I02450,U0294,C057,completed,0.789,1.0,0.785,2026-03-24T02:00:00
I02451,U0294,C025,quiz_passed,0.853,1.0,0.736,2026-03-24T04:00:00
I02452,U0294,C048,quiz_passed,0.833,1.0,0.806,2026-03-24T06:00:00
I02453,U0294,C029,disliked,0.223,0.14,,2026-03-24T08:00:00
I02454,U0294,C011,completed,0.502,1.0,,2026-03-24T10:00:00
I02455,U0294,C001,quiz_passed,0.856,1.0,0.805,2026-03-24T12:00:00
I02456,U0294,C076,quiz_passed,0.775,1.0,0.785,2026-03-24T14:00:00
I02457,U0295,C096,completed,0.743,1.0,0.575,2026-03-24T16:00:00
I02458,U0295,C073,quiz_passed,0.878,1.0,0.779,2026-03-24T18:00:00
I02459,U0295,C096,completed,0.475,1.0,,2026-03-24T20:00:00
I02460,U0295,C050,completed,0.485,1.0,,2026-03-24T22:00:00
I02461,U0295,C092,completed,0.526,1.0,,2026-03-25T00:00:00
I02462,U0295,C097,quiz_passed,0.835,1.0,0.771,2026-03-25T02:00:00
I02463,U0295,C028,quiz_passed,0.817,1.0,0.752,2026-03-25T04:00:00
I02464,U0296,C095,viewed,0.264,0.07,,2026-03-25T06:00:00
I02465,U0296,C066,completed,0.469,1.0,,2026-03-25T08:00:00
I02466,U0296,C018,completed,0.766,1.0,0.653,2026-03-25T10:00:00
I02467,U0296,C015,completed,0.747,1.0,0.664,2026-03-25T12:00:00
I02468,U0296,C091,quiz_passed,0.745,1.0,0.619,2026-03-25T14:00:00
I02469,U0296,C045,completed,0.751,1.0,0.492,2026-03-25T16:00:00
I02470,U0296,C025,completed,0.741,1.0,0.69,2026-03-25T18:00:00
I02471,U0296,C051,quiz_passed,0.761,1.0,0.683,2026-03-25T20:00:00
I02472,U0296,C028,quiz_passed,0.767,1.0,0.608,2026-03-25T22:00:00
I02473,U0296,C081,viewed,0.341,0.31,0.205,2026-03-26T00:00:00
I02474,U0296,C050,viewed,0.41,0.34,0.443,2026-03-26T02:00:00
I02475,U0296,C082,completed,0.829,1.0,0.675,2026-03-26T04:00:00
I02476,U0296,C073,disliked,0.31,0.06,0.43,2026-03-26T06:00:00
I02477,U0296,C067,viewed,0.145,0.022,,2026-03-26T08:00:00
I02478,U0297,C029,quiz_passed,0.859,1.0,0.851,2026-03-26T10:00:00
I02479,U0297,C043,quiz_passed,0.466,0.35,0.605,2026-03-26T12:00:00
I02480,U0297,C065,quiz_passed,0.512,0.39,0.705,2026-03-26T14:00:00
I02481,U0297,C095,disliked,0.348,0.02,0.521,2026-03-26T16:00:00
I02482,U0297,C046,completed,0.468,1.0,,2026-03-26T18:00:00
I02483,U0297,C088,quiz_passed,0.83,1.0,0.832,2026-03-26T20:00:00
I02484,U0297,C013,completed,0.864,1.0,0.768,2026-03-26T22:00:00
I02485,U0297,C081,quiz_passed,0.826,1.0,0.725,2026-03-27T00:00:00
I02486,U0297,C046,completed,0.783,1.0,0.58,2026-03-27T02:00:00
I02487,U0297,C011,completed,0.47,1.0,,2026-03-27T04:00:00
I02488,U0297,C090,viewed,0.293,0.044,,2026-03-27T06:00:00
I02489,U0297,C045,quiz_passed,0.852,1.0,0.749,2026-03-27T08:00:00
I02490,U0297,C025,completed,0.474,1.0,,2026-03-27T10:00:00
I02491,U0297,C016,completed,0.486,1.0,,2026-03-27T12:00:00
I02492,U0298,C092,quiz_passed,0.801,1.0,0.74,2026-03-27T14:00:00
I02493,U0298,C002,quiz_passed,0.854,1.0,0.799,2026-03-27T16:00:00
I02494,U0299,C047,viewed,0.316,0.43,,2026-03-27T18:00:00
I02495,U0299,C008,quiz_passed,0.784,1.0,0.669,2026-03-27T20:00:00
I02496,U0299,C067,completed,0.567,1.0,,2026-03-27T22:00:00
I02497,U0299,C058,completed,0.485,1.0,,2026-03-28T00:00:00
I02498,U0299,C072,quiz_passed,0.728,1.0,0.622,2026-03-28T02:00:00
I02499,U0299,C030,completed,0.749,1.0,0.575,2026-03-28T04:00:00
I02500,U0299,C016,disliked,0.261,0.02,0.417,2026-03-28T06:00:00
I02501,U0299,C006,completed,0.464,1.0,,2026-03-28T08:00:00
I02502,U0299,C008,completed,0.554,1.0,,2026-03-28T10:00:00
I02503,U0299,C099,viewed,0.248,0.082,,2026-03-28T12:00:00
I02504,U0299,C043,quiz_passed,0.74,1.0,0.691,2026-03-28T14:00:00
I02505,U0300,C061,viewed,0.101,0.065,,2026-03-28T16:00:00
I02506,U0300,C071,quiz_passed,0.734,1.0,0.623,2026-03-28T18:00:00
I02507,U0300,C082,quiz_passed,0.749,1.0,0.626,2026-03-28T20:00:00
I02508,U0300,C064,completed,0.512,1.0,,2026-03-28T22:00:00
I02509,U0301,C099,viewed,0.219,0.075,,2026-03-29T00:00:00
I02510,U0301,C098,completed,0.71,1.0,0.406,2026-03-29T02:00:00
I02511,U0301,C095,completed,0.552,1.0,,2026-03-29T04:00:00
I02512,U0302,C067,viewed,0.189,0.02,,2026-03-29T06:00:00
I02513,U0302,C096,viewed,0.485,0.68,0.222,2026-03-29T08:00:00
I02514,U0302,C018,viewed,0.353,0.49,,2026-03-29T10:00:00
I02515,U0303,C064,completed,0.527,1.0,,2026-03-29T12:00:00
I02516,U0303,C067,quiz_passed,0.804,1.0,0.655,2026-03-29T14:00:00
I02517,U0303,C002,quiz_passed,0.751,1.0,0.685,2026-03-29T16:00:00
I02518,U0303,C049,completed,0.495,1.0,,2026-03-29T18:00:00
I02519,U0303,C081,completed,0.64,1.0,0.447,2026-03-29T20:00:00
I02520,U0303,C088,viewed,0.414,0.27,0.417,2026-03-29T22:00:00
I02521,U0303,C018,completed,0.542,1.0,,2026-03-30T00:00:00
I02522,U0303,C075,completed,0.536,1.0,,2026-03-30T02:00:00
I02523,U0303,C066,completed,0.824,1.0,0.617,2026-03-30T04:00:00
I02524,U0303,C082,disliked,0.365,0.17,0.417,2026-03-30T06:00:00
I02525,U0303,C013,viewed,0.274,0.24,0.268,2026-03-30T08:00:00
I02526,U0304,C050,completed,0.547,1.0,,2026-03-30T10:00:00
I02527,U0304,C005,viewed,0.16,0.017,,2026-03-30T12:00:00
I02528,U0304,C078,completed,0.496,1.0,,2026-03-30T14:00:00
I02529,U0304,C050,completed,0.468,1.0,,2026-03-30T16:00:00
I02530,U0304,C075,viewed,0.392,0.66,,2026-03-30T18:00:00
I02531,U0304,C045,quiz_passed,0.779,1.0,0.658,2026-03-30T20:00:00
I02532,U0304,C016,completed,0.824,1.0,0.746,2026-03-30T22:00:00
I02533,U0304,C098,completed,0.761,1.0,0.598,2026-03-31T00:00:00
I02534,U0304,C046,viewed,0.157,0.036,,2026-03-31T02:00:00
I02535,U0304,C081,completed,0.49,1.0,,2026-03-31T04:00:00
I02536,U0305,C030,completed,0.502,1.0,,2026-03-31T06:00:00
I02537,U0305,C051,completed,0.491,1.0,,2026-03-31T08:00:00
I02538,U0305,C043,quiz_passed,0.829,1.0,0.833,2026-03-31T10:00:00
I02539,U0305,C047,quiz_passed,0.879,1.0,0.85,2026-03-31T12:00:00
I02540,U0305,C010,completed,0.845,1.0,0.723,2026-03-31T14:00:00
I02541,U0305,C075,disliked,0.107,0.02,,2026-03-31T16:00:00
I02542,U0305,C029,quiz_passed,0.893,1.0,0.825,2026-03-31T18:00:00
I02543,U0305,C046,viewed,0.165,0.053,,2026-03-31T20:00:00
I02544,U0305,C005,completed,0.493,1.0,,2026-03-31T22:00:00
I02545,U0305,C046,completed,0.569,1.0,,2026-04-01T00:00:00
I02546,U0306,C088,completed,0.569,1.0,,2026-04-01T02:00:00
I02547,U0306,C016,disliked,0.225,0.17,,2026-04-01T04:00:00
I02548,U0307,C053,completed,0.708,1.0,0.593,2026-04-01T06:00:00
I02549,U0307,C029,quiz_passed,0.762,1.0,0.667,2026-04-01T08:00:00
I02550,U0307,C092,completed,0.83,1.0,0.653,2026-04-01T10:00:00
I02551,U0307,C064,quiz_passed,0.831,1.0,0.696,2026-04-01T12:00:00
I02552,U0307,C006,viewed,0.156,0.071,,2026-04-01T14:00:00
I02553,U0307,C050,completed,0.782,1.0,0.581,2026-04-01T16:00:00
I02554,U0307,C016,viewed,0.264,0.08,,2026-04-01T18:00:00
I02555,U0307,C082,completed,0.711,1.0,0.581,2026-04-01T20:00:00
I02556,U0307,C009,viewed,0.142,0.061,,2026-04-01T22:00:00
I02557,U0307,C072,completed,0.731,1.0,0.592,2026-04-02T00:00:00
I02558,U0307,C065,quiz_passed,0.846,1.0,0.689,2026-04-02T02:00:00
I02559,U0307,C058,viewed,0.102,0.06,,2026-04-02T04:00:00
I02560,U0307,C045,viewed,0.295,0.46,,2026-04-02T06:00:00
I02561,U0307,C010,viewed,0.372,0.4,0.203,2026-04-02T08:00:00
I02562,U0308,C002,viewed,0.351,0.69,,2026-04-02T10:00:00
I02563,U0308,C010,viewed,0.215,0.037,,2026-04-02T12:00:00
I02564,U0308,C072,viewed,0.246,0.041,,2026-04-02T14:00:00
I02565,U0308,C029,completed,0.743,1.0,0.561,2026-04-02T16:00:00
I02566,U0308,C076,completed,0.494,1.0,,2026-04-02T18:00:00
I02567,U0308,C065,completed,0.465,1.0,,2026-04-02T20:00:00
I02568,U0308,C045,completed,0.565,1.0,,2026-04-02T22:00:00
I02569,U0308,C010,viewed,0.299,0.22,0.21,2026-04-03T00:00:00
I02570,U0309,C058,viewed,0.224,0.07,,2026-04-03T02:00:00
I02571,U0309,C095,completed,0.794,1.0,0.55,2026-04-03T04:00:00
I02572,U0309,C043,quiz_passed,0.768,1.0,0.768,2026-04-03T06:00:00
I02573,U0310,C091,quiz_passed,0.746,1.0,0.666,2026-04-03T08:00:00
I02574,U0310,C045,viewed,0.428,0.58,0.247,2026-04-03T10:00:00
I02575,U0310,C013,completed,0.702,1.0,0.482,2026-04-03T12:00:00
I02576,U0310,C074,completed,0.517,1.0,,2026-04-03T14:00:00
I02577,U0310,C050,completed,0.462,1.0,,2026-04-03T16:00:00
I02578,U0311,C030,disliked,0.119,0.09,,2026-04-03T18:00:00
I02579,U0311,C051,quiz_passed,0.82,1.0,0.82,2026-04-03T20:00:00
I02580,U0311,C074,disliked,0.151,0.13,,2026-04-03T22:00:00
I02581,U0311,C082,completed,0.495,1.0,,2026-04-04T00:00:00
I02582,U0311,C046,quiz_passed,0.806,1.0,0.636,2026-04-04T02:00:00
I02583,U0311,C028,quiz_passed,0.908,1.0,0.867,2026-04-04T04:00:00
I02584,U0311,C001,viewed,0.127,0.028,,2026-04-04T06:00:00
I02585,U0311,C054,completed,0.494,1.0,,2026-04-04T08:00:00
I02586,U0311,C057,completed,0.461,1.0,,2026-04-04T10:00:00
I02587,U0311,C071,completed,0.558,1.0,,2026-04-04T12:00:00
I02588,U0312,C097,completed,0.743,1.0,0.651,2026-04-04T14:00:00
I02589,U0312,C053,completed,0.788,1.0,0.572,2026-04-04T16:00:00
I02590,U0312,C051,viewed,0.28,0.02,,2026-04-04T18:00:00
I02591,U0312,C057,viewed,0.245,0.006,,2026-04-04T20:00:00
I02592,U0312,C047,viewed,0.247,0.065,,2026-04-04T22:00:00
I02593,U0312,C053,completed,0.578,1.0,,2026-04-05T00:00:00
I02594,U0312,C098,completed,0.745,1.0,0.472,2026-04-05T02:00:00
I02595,U0312,C092,disliked,0.224,0.01,0.382,2026-04-05T04:00:00
I02596,U0312,C098,viewed,0.277,0.045,,2026-04-05T06:00:00
I02597,U0312,C096,viewed,0.151,0.065,,2026-04-05T08:00:00
I02598,U0313,C001,completed,0.503,1.0,,2026-04-05T10:00:00
I02599,U0313,C045,viewed,0.226,0.053,,2026-04-05T12:00:00
I02600,U0313,C076,completed,0.912,1.0,0.88,2026-04-05T14:00:00
I02601,U0313,C017,quiz_passed,0.888,1.0,0.859,2026-04-05T16:00:00
I02602,U0313,C054,quiz_passed,0.815,1.0,0.866,2026-04-05T18:00:00
I02603,U0313,C073,completed,0.825,1.0,0.836,2026-04-05T20:00:00
I02604,U0313,C005,completed,0.767,1.0,0.71,2026-04-05T22:00:00
I02605,U0314,C095,viewed,0.369,0.52,0.21,2026-04-06T00:00:00
I02606,U0314,C088,completed,0.469,1.0,,2026-04-06T02:00:00
I02607,U0314,C042,viewed,0.108,0.071,,2026-04-06T04:00:00
I02608,U0314,C079,viewed,0.319,0.54,,2026-04-06T06:00:00
I02609,U0314,C003,completed,0.493,1.0,,2026-04-06T08:00:00
I02610,U0314,C097,viewed,0.12,0.016,,2026-04-06T10:00:00
I02611,U0315,C001,quiz_passed,0.742,1.0,0.652,2026-04-06T12:00:00
I02612,U0315,C028,viewed,0.435,0.42,0.333,2026-04-06T14:00:00
I02613,U0315,C044,completed,0.699,1.0,0.506,2026-04-06T16:00:00
I02614,U0315,C051,completed,0.719,1.0,0.607,2026-04-06T18:00:00
I02615,U0315,C063,viewed,0.248,0.06,,2026-04-06T20:00:00
I02616,U0315,C016,completed,0.797,1.0,0.699,2026-04-06T22:00:00
I02617,U0315,C075,completed,0.509,1.0,,2026-04-07T00:00:00
I02618,U0315,C017,completed,0.704,1.0,0.587,2026-04-07T02:00:00
I02619,U0315,C015,quiz_passed,0.728,1.0,0.631,2026-04-07T04:00:00
I02620,U0315,C046,completed,0.73,1.0,0.383,2026-04-07T06:00:00
I02621,U0315,C047,completed,0.57,1.0,,2026-04-07T08:00:00
I02622,U0315,C061,viewed,0.148,0.062,,2026-04-07T10:00:00
I02623,U0315,C098,completed,0.571,1.0,,2026-04-07T12:00:00
I02624,U0316,C009,viewed,0.223,0.066,,2026-04-07T14:00:00
I02625,U0316,C099,viewed,0.426,0.38,0.383,2026-04-07T16:00:00
I02626,U0317,C098,viewed,0.287,0.068,,2026-04-07T18:00:00
I02627,U0317,C098,completed,0.781,1.0,0.552,2026-04-07T20:00:00
I02628,U0317,C003,quiz_passed,0.805,1.0,0.731,2026-04-07T22:00:00
I02629,U0317,C046,disliked,0.251,0.09,0.253,2026-04-08T00:00:00
I02630,U0317,C061,viewed,0.362,0.61,,2026-04-08T02:00:00
I02631,U0317,C044,viewed,0.298,0.09,,2026-04-08T04:00:00
I02632,U0317,C018,completed,0.578,1.0,,2026-04-08T06:00:00
I02633,U0317,C016,disliked,0.453,0.13,0.575,2026-04-08T08:00:00
I02634,U0317,C028,completed,0.491,1.0,,2026-04-08T10:00:00
I02635,U0317,C042,quiz_passed,0.785,1.0,0.744,2026-04-08T12:00:00
I02636,U0317,C074,completed,0.494,1.0,,2026-04-08T14:00:00
I02637,U0318,C048,completed,0.563,1.0,,2026-04-08T16:00:00
I02638,U0318,C066,completed,0.484,1.0,,2026-04-08T18:00:00
I02639,U0318,C091,quiz_passed,0.829,1.0,0.878,2026-04-08T20:00:00
I02640,U0318,C099,quiz_passed,0.851,1.0,0.689,2026-04-08T22:00:00
I02641,U0318,C046,quiz_passed,0.848,1.0,0.687,2026-04-09T00:00:00
I02642,U0318,C048,completed,0.822,1.0,0.85,2026-04-09T02:00:00
I02643,U0318,C001,quiz_passed,0.54,0.39,0.672,2026-04-09T04:00:00
I02644,U0318,C081,completed,0.872,1.0,0.796,2026-04-09T06:00:00
I02645,U0318,C054,quiz_passed,0.857,1.0,0.828,2026-04-09T08:00:00
I02646,U0319,C048,completed,0.717,1.0,0.636,2026-04-09T10:00:00
I02647,U0319,C001,completed,0.486,1.0,,2026-04-09T12:00:00
I02648,U0319,C048,quiz_passed,0.736,1.0,0.658,2026-04-09T14:00:00
I02649,U0319,C078,disliked,0.292,0.15,0.347,2026-04-09T16:00:00
I02650,U0319,C029,quiz_passed,0.789,1.0,0.624,2026-04-09T18:00:00
I02651,U0319,C030,completed,0.817,1.0,0.685,2026-04-09T20:00:00
I02652,U0320,C016,quiz_passed,0.794,1.0,0.618,2026-04-09T22:00:00
I02653,U0320,C043,quiz_passed,0.827,1.0,0.659,2026-04-10T00:00:00
I02654,U0320,C002,completed,0.732,1.0,0.597,2026-04-10T02:00:00
I02655,U0320,C003,completed,0.542,1.0,,2026-04-10T04:00:00
I02656,U0320,C028,completed,0.804,1.0,0.564,2026-04-10T06:00:00
I02657,U0320,C061,viewed,0.452,0.54,0.38,2026-04-10T08:00:00
I02658,U0320,C050,viewed,0.163,0.078,,2026-04-10T10:00:00
I02659,U0320,C048,viewed,0.419,0.65,,2026-04-10T12:00:00
I02660,U0320,C074,completed,0.753,1.0,0.491,2026-04-10T14:00:00
I02661,U0320,C044,completed,0.555,1.0,,2026-04-10T16:00:00
I02662,U0320,C072,completed,0.729,1.0,0.643,2026-04-10T18:00:00
I02663,U0320,C047,completed,0.776,1.0,0.591,2026-04-10T20:00:00
I02664,U0320,C035,completed,0.567,1.0,,2026-04-10T22:00:00
I02665,U0321,C099,viewed,0.113,0.091,,2026-04-11T00:00:00
I02666,U0321,C067,viewed,0.298,0.038,,2026-04-11T02:00:00
I02667,U0321,C018,viewed,0.529,0.7,0.33,2026-04-11T04:00:00
I02668,U0321,C035,viewed,0.185,0.013,,2026-04-11T06:00:00
I02669,U0321,C098,viewed,0.264,0.069,,2026-04-11T08:00:00
I02670,U0321,C098,viewed,0.45,0.6,0.287,2026-04-11T10:00:00
I02671,U0321,C062,completed,0.527,1.0,,2026-04-11T12:00:00
I02672,U0321,C050,quiz_passed,0.755,1.0,0.676,2026-04-11T14:00:00
I02673,U0322,C095,viewed,0.347,0.24,0.2,2026-04-11T16:00:00
I02674,U0322,C001,completed,0.493,1.0,,2026-04-11T18:00:00
I02675,U0322,C090,viewed,0.246,0.06,,2026-04-11T20:00:00
I02676,U0322,C010,completed,0.702,1.0,0.468,2026-04-11T22:00:00
I02677,U0322,C017,completed,0.778,1.0,0.597,2026-04-12T00:00:00
I02678,U0322,C074,viewed,0.211,0.068,,2026-04-12T02:00:00
I02679,U0323,C098,viewed,0.272,0.062,,2026-04-12T04:00:00
I02680,U0323,C096,viewed,0.239,0.021,,2026-04-12T06:00:00
I02681,U0323,C053,viewed,0.251,0.009,,2026-04-12T08:00:00
I02682,U0323,C015,viewed,0.174,0.045,,2026-04-12T10:00:00
I02683,U0323,C095,viewed,0.244,0.02,,2026-04-12T12:00:00
I02684,U0323,C001,completed,0.561,1.0,,2026-04-12T14:00:00
I02685,U0323,C064,viewed,0.126,0.083,,2026-04-12T16:00:00
I02686,U0323,C018,disliked,0.27,0.11,0.381,2026-04-12T18:00:00
I02687,U0323,C092,viewed,0.283,0.52,,2026-04-12T20:00:00
I02688,U0323,C053,viewed,0.286,0.048,,2026-04-12T22:00:00
I02689,U0324,C047,viewed,0.242,0.26,,2026-04-13T00:00:00
I02690,U0324,C057,disliked,0.105,0.11,,2026-04-13T02:00:00
I02691,U0324,C095,disliked,0.16,0.07,,2026-04-13T04:00:00
I02692,U0324,C072,completed,0.782,1.0,0.676,2026-04-13T06:00:00
I02693,U0324,C096,viewed,0.257,0.087,,2026-04-13T08:00:00
I02694,U0324,C071,completed,0.741,1.0,0.642,2026-04-13T10:00:00
I02695,U0324,C074,viewed,0.163,0.23,,2026-04-13T12:00:00
I02696,U0324,C091,viewed,0.419,0.25,0.421,2026-04-13T14:00:00
I02697,U0324,C092,quiz_passed,0.739,1.0,0.681,2026-04-13T16:00:00
I02698,U0324,C081,completed,0.723,1.0,0.452,2026-04-13T18:00:00
I02699,U0325,C008,completed,0.473,1.0,,2026-04-13T20:00:00
I02700,U0325,C095,completed,0.576,1.0,,2026-04-13T22:00:00
I02701,U0325,C091,quiz_passed,0.802,1.0,0.839,2026-04-14T00:00:00
I02702,U0325,C028,completed,0.845,1.0,0.83,2026-04-14T02:00:00
I02703,U0325,C073,completed,0.468,1.0,,2026-04-14T04:00:00
I02704,U0325,C016,quiz_passed,0.817,1.0,0.815,2026-04-14T06:00:00
I02705,U0325,C046,completed,0.533,1.0,,2026-04-14T08:00:00
I02706,U0325,C017,completed,0.857,1.0,0.82,2026-04-14T10:00:00
I02707,U0326,C095,viewed,0.251,0.23,,2026-04-14T12:00:00
I02708,U0326,C025,completed,0.532,1.0,,2026-04-14T14:00:00
I02709,U0327,C082,quiz_passed,0.786,1.0,0.604,2026-04-14T16:00:00
I02710,U0327,C095,completed,0.565,1.0,,2026-04-14T18:00:00
I02711,U0327,C098,completed,0.463,1.0,,2026-04-14T20:00:00
I02712,U0327,C098,viewed,0.358,0.2,0.292,2026-04-14T22:00:00
I02713,U0327,C043,viewed,0.26,0.42,,2026-04-15T00:00:00
I02714,U0327,C053,disliked,0.167,0.07,,2026-04-15T02:00:00
I02715,U0327,C008,completed,0.834,1.0,0.653,2026-04-15T04:00:00
I02716,U0327,C054,completed,0.709,1.0,0.56,2026-04-15T06:00:00
I02717,U0327,C013,completed,0.721,1.0,0.453,2026-04-15T08:00:00
I02718,U0327,C074,completed,0.761,1.0,0.501,2026-04-15T10:00:00
I02719,U0327,C011,completed,0.729,1.0,0.623,2026-04-15T12:00:00
I02720,U0328,C082,completed,0.51,1.0,,2026-04-15T14:00:00
I02721,U0328,C050,completed,0.487,1.0,,2026-04-15T16:00:00
I02722,U0328,C001,disliked,0.197,0.17,,2026-04-15T18:00:00
I02723,U0328,C064,completed,0.823,1.0,0.733,2026-04-15T20:00:00
I02724,U0328,C018,completed,0.538,1.0,,2026-04-15T22:00:00
I02725,U0328,C047,quiz_passed,0.843,1.0,0.742,2026-04-16T00:00:00
I02726,U0328,C005,viewed,0.405,0.44,0.343,2026-04-16T02:00:00
I02727,U0328,C046,viewed,0.167,0.088,,2026-04-16T04:00:00
I02728,U0329,C047,completed,0.538,1.0,,2026-04-16T06:00:00
I02729,U0329,C051,quiz_passed,0.892,1.0,0.795,2026-04-16T08:00:00
I02730,U0329,C010,disliked,0.393,0.15,0.443,2026-04-16T10:00:00
I02731,U0330,C030,viewed,0.425,0.36,0.42,2026-04-16T12:00:00
I02732,U0330,C058,disliked,0.298,0.01,0.403,2026-04-16T14:00:00
I02733,U0330,C095,viewed,0.42,0.57,0.307,2026-04-16T16:00:00
I02734,U0330,C029,viewed,0.262,0.043,,2026-04-16T18:00:00
I02735,U0330,C006,completed,0.812,1.0,0.596,2026-04-16T20:00:00
I02736,U0330,C066,completed,0.707,1.0,0.569,2026-04-16T22:00:00
I02737,U0330,C066,quiz_passed,0.767,1.0,0.644,2026-04-17T00:00:00
I02738,U0330,C019,completed,0.713,1.0,0.39,2026-04-17T02:00:00
I02739,U0330,C092,completed,0.571,1.0,,2026-04-17T04:00:00
I02740,U0330,C011,viewed,0.27,0.041,,2026-04-17T06:00:00
I02741,U0330,C064,completed,0.703,1.0,0.597,2026-04-17T08:00:00
I02742,U0330,C048,viewed,0.2,0.29,,2026-04-17T10:00:00
I02743,U0330,C096,completed,0.564,1.0,,2026-04-17T12:00:00
I02744,U0330,C003,completed,0.694,1.0,0.578,2026-04-17T14:00:00
I02745,U0330,C025,viewed,0.258,0.076,,2026-04-17T16:00:00
I02746,U0331,C049,completed,0.701,1.0,0.589,2026-04-17T18:00:00
I02747,U0331,C049,completed,0.522,1.0,,2026-04-17T20:00:00
I02748,U0331,C033,completed,0.652,1.0,0.479,2026-04-17T22:00:00
I02749,U0331,C082,completed,0.546,1.0,,2026-04-18T00:00:00
I02750,U0331,C099,viewed,0.221,0.039,,2026-04-18T02:00:00
I02751,U0331,C076,completed,0.468,1.0,,2026-04-18T04:00:00
I02752,U0331,C015,completed,0.742,1.0,0.648,2026-04-18T06:00:00
I02753,U0331,C006,quiz_passed,0.739,1.0,0.645,2026-04-18T08:00:00
I02754,U0332,C096,completed,0.526,1.0,,2026-04-18T10:00:00
I02755,U0332,C066,viewed,0.233,0.072,,2026-04-18T12:00:00
I02756,U0332,C018,completed,0.492,1.0,,2026-04-18T14:00:00
I02757,U0332,C047,completed,0.525,1.0,,2026-04-18T16:00:00
I02758,U0333,C096,completed,0.482,1.0,,2026-04-18T18:00:00
I02759,U0333,C095,viewed,0.136,0.092,,2026-04-18T20:00:00
I02760,U0333,C095,completed,0.491,1.0,,2026-04-18T22:00:00
I02761,U0334,C097,quiz_passed,0.822,1.0,0.715,2026-04-19T00:00:00
I02762,U0334,C096,viewed,0.159,0.007,,2026-04-19T02:00:00
I02763,U0334,C095,viewed,0.417,0.26,0.425,2026-04-19T04:00:00
I02764,U0334,C003,completed,0.501,1.0,,2026-04-19T06:00:00
I02765,U0334,C049,viewed,0.13,0.088,,2026-04-19T08:00:00
I02766,U0334,C066,viewed,0.155,0.22,,2026-04-19T10:00:00
I02767,U0334,C035,viewed,0.296,0.43,,2026-04-19T12:00:00
I02768,U0334,C089,quiz_passed,0.844,1.0,0.662,2026-04-19T14:00:00
I02769,U0335,C029,quiz_passed,0.799,1.0,0.602,2026-04-19T16:00:00
I02770,U0335,C099,completed,0.55,1.0,,2026-04-19T18:00:00
I02771,U0335,C025,completed,0.503,1.0,,2026-04-19T20:00:00
I02772,U0335,C064,completed,0.759,1.0,0.576,2026-04-19T22:00:00
I02773,U0335,C043,completed,0.488,1.0,,2026-04-20T00:00:00
I02774,U0335,C011,completed,0.538,1.0,,2026-04-20T02:00:00
I02775,U0335,C065,viewed,0.507,0.52,0.342,2026-04-20T04:00:00
I02776,U0335,C010,completed,0.73,1.0,0.435,2026-04-20T06:00:00
I02777,U0335,C075,viewed,0.3,0.48,,2026-04-20T08:00:00
I02778,U0335,C044,completed,0.514,1.0,,2026-04-20T10:00:00
I02779,U0335,C001,completed,0.744,1.0,0.597,2026-04-20T12:00:00
I02780,U0335,C081,viewed,0.318,0.32,0.227,2026-04-20T14:00:00
I02781,U0335,C098,viewed,0.263,0.091,,2026-04-20T16:00:00
I02782,U0335,C053,viewed,0.333,0.46,,2026-04-20T18:00:00
I02783,U0335,C003,completed,0.773,1.0,0.662,2026-04-20T20:00:00
I02784,U0336,C051,quiz_passed,0.889,1.0,0.847,2026-04-20T22:00:00
I02785,U0336,C002,completed,0.471,1.0,,2026-04-21T00:00:00
I02786,U0336,C065,quiz_passed,0.837,1.0,0.835,2026-04-21T02:00:00
I02787,U0336,C047,completed,0.475,1.0,,2026-04-21T04:00:00
I02788,U0336,C062,completed,0.482,1.0,,2026-04-21T06:00:00
I02789,U0336,C011,completed,0.472,1.0,,2026-04-21T08:00:00
I02790,U0336,C066,viewed,0.272,0.022,,2026-04-21T10:00:00
I02791,U0336,C011,quiz_passed,0.898,1.0,0.851,2026-04-21T12:00:00
I02792,U0336,C046,completed,0.488,1.0,,2026-04-21T14:00:00
I02793,U0336,C011,completed,0.522,1.0,,2026-04-21T16:00:00
I02794,U0337,C097,viewed,0.145,0.069,,2026-04-21T18:00:00
I02795,U0337,C095,viewed,0.114,0.016,,2026-04-21T20:00:00
I02796,U0337,C009,completed,0.557,1.0,,2026-04-21T22:00:00
I02797,U0337,C098,viewed,0.253,0.031,,2026-04-22T00:00:00
I02798,U0337,C099,viewed,0.222,0.074,,2026-04-22T02:00:00
I02799,U0337,C051,viewed,0.396,0.54,,2026-04-22T04:00:00
I02800,U0337,C048,completed,0.75,1.0,0.581,2026-04-22T06:00:00
I02801,U0337,C090,viewed,0.219,0.094,,2026-04-22T08:00:00
I02802,U0337,C092,completed,0.544,1.0,,2026-04-22T10:00:00
I02803,U0337,C049,completed,0.498,1.0,,2026-04-22T12:00:00
I02804,U0337,C006,completed,0.532,1.0,,2026-04-22T14:00:00
I02805,U0338,C099,viewed,0.218,0.042,,2026-04-22T16:00:00
I02806,U0338,C099,viewed,0.245,0.063,,2026-04-22T18:00:00
I02807,U0338,C066,viewed,0.284,0.048,,2026-04-22T20:00:00
I02808,U0338,C096,viewed,0.333,0.36,0.301,2026-04-22T22:00:00
I02809,U0338,C047,viewed,0.274,0.001,,2026-04-23T00:00:00
I02810,U0338,C098,viewed,0.266,0.008,,2026-04-23T02:00:00
I02811,U0338,C002,viewed,0.313,0.47,,2026-04-23T04:00:00
I02812,U0338,C063,completed,0.688,1.0,0.558,2026-04-23T06:00:00
I02813,U0338,C018,completed,0.484,1.0,,2026-04-23T08:00:00
I02814,U0338,C029,viewed,0.33,0.2,0.437,2026-04-23T10:00:00
I02815,U0338,C050,viewed,0.179,0.008,,2026-04-23T12:00:00
I02816,U0338,C053,viewed,0.152,0.092,,2026-04-23T14:00:00
I02817,U0338,C005,completed,0.727,1.0,0.506,2026-04-23T16:00:00
I02818,U0338,C063,viewed,0.272,0.064,,2026-04-23T18:00:00
I02819,U0339,C088,quiz_passed,0.819,1.0,0.788,2026-04-23T20:00:00
I02820,U0339,C050,completed,0.813,1.0,0.751,2026-04-23T22:00:00
I02821,U0339,C044,viewed,0.288,0.004,,2026-04-24T00:00:00
I02822,U0339,C044,completed,0.539,1.0,,2026-04-24T02:00:00
I02823,U0339,C046,completed,0.553,1.0,,2026-04-24T04:00:00
I02824,U0339,C074,viewed,0.307,0.47,,2026-04-24T06:00:00
I02825,U0340,C096,viewed,0.485,0.38,0.54,2026-04-24T08:00:00
I02826,U0340,C051,completed,0.856,1.0,0.885,2026-04-24T10:00:00
I02827,U0340,C028,completed,0.506,1.0,,2026-04-24T12:00:00
I02828,U0340,C090,quiz_passed,0.878,1.0,0.772,2026-04-24T14:00:00
I02829,U0340,C071,viewed,0.294,0.094,,2026-04-24T16:00:00
I02830,U0340,C047,completed,0.892,1.0,0.841,2026-04-24T18:00:00
I02831,U0340,C099,quiz_passed,0.87,1.0,0.763,2026-04-24T20:00:00
I02832,U0340,C011,quiz_passed,0.811,1.0,0.864,2026-04-24T22:00:00
I02833,U0340,C071,quiz_passed,0.801,1.0,0.841,2026-04-25T00:00:00
I02834,U0340,C050,completed,0.871,1.0,0.837,2026-04-25T02:00:00
I02835,U0340,C074,quiz_passed,0.818,1.0,0.745,2026-04-25T04:00:00
I02836,U0340,C025,completed,0.568,1.0,,2026-04-25T06:00:00
I02837,U0340,C096,quiz_passed,0.848,1.0,0.774,2026-04-25T08:00:00
I02838,U0340,C054,completed,0.48,1.0,,2026-04-25T10:00:00
I02839,U0341,C096,quiz_passed,0.8,1.0,0.72,2026-04-25T12:00:00
I02840,U0341,C076,completed,0.856,1.0,0.874,2026-04-25T14:00:00
I02841,U0341,C081,viewed,0.25,0.38,,2026-04-25T16:00:00
I02842,U0341,C091,completed,0.53,1.0,,2026-04-25T18:00:00
I02843,U0341,C046,viewed,0.307,0.24,0.359,2026-04-25T20:00:00
I02844,U0341,C029,completed,0.477,1.0,,2026-04-25T22:00:00
I02845,U0341,C049,quiz_passed,0.817,1.0,0.837,2026-04-26T00:00:00
I02846,U0341,C028,completed,0.546,1.0,,2026-04-26T02:00:00
I02847,U0342,C042,quiz_passed,0.824,1.0,0.656,2026-04-26T04:00:00
I02848,U0342,C098,viewed,0.243,0.011,,2026-04-26T06:00:00
I02849,U0342,C092,completed,0.571,1.0,,2026-04-26T08:00:00
I02850,U0342,C003,completed,0.744,1.0,0.685,2026-04-26T10:00:00
I02851,U0342,C062,viewed,0.507,0.47,0.419,2026-04-26T12:00:00
I02852,U0342,C016,completed,0.475,1.0,,2026-04-26T14:00:00
I02853,U0342,C090,completed,0.47,1.0,,2026-04-26T16:00:00
I02854,U0342,C051,quiz_passed,0.813,1.0,0.66,2026-04-26T18:00:00
I02855,U0342,C043,viewed,0.215,0.076,,2026-04-26T20:00:00
I02856,U0342,C067,quiz_passed,0.814,1.0,0.606,2026-04-26T22:00:00
I02857,U0342,C001,completed,0.737,1.0,0.628,2026-04-27T00:00:00
I02858,U0342,C071,completed,0.83,1.0,0.669,2026-04-27T02:00:00
I02859,U0342,C096,viewed,0.154,0.2,,2026-04-27T04:00:00
I02860,U0343,C008,completed,0.909,1.0,0.863,2026-04-27T06:00:00
I02861,U0343,C067,quiz_passed,0.918,1.0,0.88,2026-04-27T08:00:00
I02862,U0344,C099,completed,0.501,1.0,,2026-04-27T10:00:00
I02863,U0344,C088,completed,0.46,1.0,,2026-04-27T12:00:00
I02864,U0344,C042,completed,0.502,1.0,,2026-04-27T14:00:00
I02865,U0344,C048,quiz_passed,0.76,1.0,0.651,2026-04-27T16:00:00
I02866,U0344,C064,completed,0.756,1.0,0.577,2026-04-27T18:00:00
I02867,U0344,C043,viewed,0.455,0.63,0.326,2026-04-27T20:00:00
I02868,U0344,C075,completed,0.549,1.0,,2026-04-27T22:00:00
I02869,U0344,C061,viewed,0.145,0.044,,2026-04-28T00:00:00
I02870,U0345,C002,completed,0.81,1.0,0.576,2026-04-28T02:00:00
I02871,U0345,C076,quiz_passed,0.839,1.0,0.696,2026-04-28T04:00:00
I02872,U0346,C099,viewed,0.121,0.082,,2026-04-28T06:00:00
I02873,U0346,C050,quiz_passed,0.79,1.0,0.755,2026-04-28T08:00:00
I02874,U0346,C018,viewed,0.411,0.25,0.495,2026-04-28T10:00:00
I02875,U0346,C017,completed,0.518,1.0,,2026-04-28T12:00:00
I02876,U0346,C047,quiz_passed,0.885,1.0,0.767,2026-04-28T14:00:00
I02877,U0346,C042,completed,0.771,1.0,0.722,2026-04-28T16:00:00
I02878,U0346,C046,viewed,0.395,0.66,,2026-04-28T18:00:00
I02879,U0346,C046,completed,0.769,1.0,0.549,2026-04-28T20:00:00
I02880,U0346,C071,completed,0.495,1.0,,2026-04-28T22:00:00
I02881,U0346,C046,completed,0.71,1.0,0.427,2026-04-29T00:00:00
I02882,U0346,C066,quiz_passed,0.835,1.0,0.774,2026-04-29T02:00:00
I02883,U0346,C062,disliked,0.146,0.03,,2026-04-29T04:00:00
I02884,U0346,C047,completed,0.498,1.0,,2026-04-29T06:00:00
I02885,U0347,C002,quiz_passed,0.779,1.0,0.694,2026-04-29T08:00:00
I02886,U0347,C042,viewed,0.192,0.011,,2026-04-29T10:00:00
I02887,U0347,C090,viewed,0.475,0.49,0.271,2026-04-29T12:00:00
I02888,U0347,C035,quiz_passed,0.726,1.0,0.653,2026-04-29T14:00:00
I02889,U0347,C005,viewed,0.542,0.69,0.285,2026-04-29T16:00:00
I02890,U0347,C075,completed,0.766,1.0,0.511,2026-04-29T18:00:00
I02891,U0347,C029,completed,0.777,1.0,0.582,2026-04-29T20:00:00
I02892,U0347,C005,completed,0.577,1.0,,2026-04-29T22:00:00
I02893,U0347,C095,completed,0.702,1.0,0.463,2026-04-30T00:00:00
I02894,U0347,C053,completed,0.79,1.0,0.581,2026-04-30T02:00:00
I02895,U0347,C089,viewed,0.29,0.45,,2026-04-30T04:00:00
I02896,U0347,C073,viewed,0.235,0.069,,2026-04-30T06:00:00
I02897,U0347,C029,viewed,0.2,0.31,,2026-04-30T08:00:00
I02898,U0348,C043,viewed,0.556,0.63,0.557,2026-04-30T10:00:00
I02899,U0348,C057,quiz_passed,0.761,1.0,0.72,2026-04-30T12:00:00
I02900,U0348,C013,completed,0.707,1.0,0.577,2026-04-30T14:00:00
I02901,U0348,C046,viewed,0.385,0.4,0.248,2026-04-30T16:00:00
I02902,U0348,C075,quiz_passed,0.83,1.0,0.643,2026-04-30T18:00:00
I02903,U0349,C096,viewed,0.332,0.55,,2026-04-30T20:00:00
I02904,U0349,C015,completed,0.579,1.0,,2026-04-30T22:00:00
I02905,U0349,C005,completed,0.7,1.0,0.493,2026-05-01T00:00:00
I02906,U0349,C071,completed,0.523,1.0,,2026-05-01T02:00:00
I02907,U0349,C005,completed,0.577,1.0,,2026-05-01T04:00:00
I02908,U0350,C016,viewed,0.383,0.23,0.387,2026-05-01T06:00:00
I02909,U0350,C005,disliked,0.187,0.04,0.242,2026-05-01T08:00:00
I02910,U0350,C029,completed,0.828,1.0,0.697,2026-05-01T10:00:00
I02911,U0350,C081,viewed,0.235,0.049,,2026-05-01T12:00:00
I02912,U0350,C029,quiz_passed,0.795,1.0,0.606,2026-05-01T14:00:00
I02913,U0350,C008,viewed,0.122,0.057,,2026-05-01T16:00:00
I02914,U0350,C095,viewed,0.244,0.28,,2026-05-01T18:00:00
I02915,U0350,C048,completed,0.466,1.0,,2026-05-01T20:00:00
I02916,U0350,C028,completed,0.463,1.0,,2026-05-01T22:00:00
I02917,U0350,C065,completed,0.481,1.0,,2026-05-02T00:00:00
I02918,U0350,C011,completed,0.725,1.0,0.61,2026-05-02T02:00:00
I02919,U0351,C053,viewed,0.477,0.43,0.363,2026-05-02T04:00:00
I02920,U0351,C028,completed,0.745,1.0,0.66,2026-05-02T06:00:00
I02921,U0351,C062,completed,0.777,1.0,0.582,2026-05-02T08:00:00
I02922,U0351,C006,completed,0.519,1.0,,2026-05-02T10:00:00
I02923,U0351,C001,disliked,0.339,0.15,0.41,2026-05-02T12:00:00
I02924,U0352,C076,quiz_passed,0.775,1.0,0.648,2026-05-02T14:00:00
I02925,U0352,C075,disliked,0.195,0.01,0.3,2026-05-02T16:00:00
I02926,U0353,C076,completed,0.743,1.0,0.685,2026-05-02T18:00:00
I02927,U0353,C062,completed,0.714,1.0,0.576,2026-05-02T20:00:00
I02928,U0353,C003,disliked,0.13,0.07,,2026-05-02T22:00:00
I02929,U0353,C078,quiz_passed,0.742,1.0,0.703,2026-05-03T00:00:00
I02930,U0353,C078,quiz_passed,0.703,1.0,0.601,2026-05-03T02:00:00
I02931,U0353,C063,quiz_passed,0.781,1.0,0.643,2026-05-03T04:00:00
I02932,U0353,C062,completed,0.797,1.0,0.591,2026-05-03T06:00:00
I02933,U0353,C070,viewed,0.104,0.09,,2026-05-03T08:00:00
I02934,U0353,C061,completed,0.521,1.0,,2026-05-03T10:00:00
I02935,U0353,C091,quiz_passed,0.73,1.0,0.617,2026-05-03T12:00:00
I02936,U0353,C092,viewed,0.266,0.078,,2026-05-03T14:00:00
I02937,U0354,C078,completed,0.477,1.0,,2026-05-03T16:00:00
I02938,U0354,C096,viewed,0.146,0.037,,2026-05-03T18:00:00
I02939,U0354,C078,quiz_passed,0.75,1.0,0.607,2026-05-03T20:00:00
I02940,U0354,C028,viewed,0.18,0.087,,2026-05-03T22:00:00
I02941,U0354,C067,viewed,0.13,0.046,,2026-05-04T00:00:00
I02942,U0355,C006,completed,0.785,1.0,0.675,2026-05-04T02:00:00
I02943,U0355,C015,quiz_passed,0.814,1.0,0.628,2026-05-04T04:00:00
I02944,U0355,C010,disliked,0.245,0.07,0.204,2026-05-04T06:00:00
I02945,U0355,C005,viewed,0.275,0.061,,2026-05-04T08:00:00
I02946,U0356,C065,viewed,0.583,0.51,0.568,2026-05-04T10:00:00
I02947,U0356,C030,completed,0.493,1.0,,2026-05-04T12:00:00
I02948,U0356,C073,completed,0.528,1.0,,2026-05-04T14:00:00
I02949,U0356,C095,quiz_passed,0.759,1.0,0.631,2026-05-04T16:00:00
I02950,U0356,C006,viewed,0.111,0.064,,2026-05-04T18:00:00
I02951,U0356,C098,completed,0.491,1.0,,2026-05-04T20:00:00
I02952,U0357,C099,viewed,0.559,0.68,0.415,2026-05-04T22:00:00
I02953,U0357,C011,viewed,0.55,0.62,0.545,2026-05-05T00:00:00
I02954,U0357,C030,quiz_passed,0.883,1.0,0.773,2026-05-05T02:00:00
I02955,U0357,C015,completed,0.493,1.0,,2026-05-05T04:00:00
I02956,U0357,C072,quiz_passed,0.881,1.0,0.762,2026-05-05T06:00:00
I02957,U0357,C057,completed,0.48,1.0,,2026-05-05T08:00:00
I02958,U0357,C010,viewed,0.525,0.59,0.317,2026-05-05T10:00:00
I02959,U0358,C095,completed,0.711,1.0,0.519,2026-05-05T12:00:00
I02960,U0358,C051,quiz_passed,0.75,1.0,0.648,2026-05-05T14:00:00
I02961,U0358,C057,completed,0.735,1.0,0.675,2026-05-05T16:00:00
I02962,U0358,C076,completed,0.758,1.0,0.586,2026-05-05T18:00:00
I02963,U0358,C092,viewed,0.334,0.48,,2026-05-05T20:00:00
I02964,U0358,C088,disliked,0.24,0.08,0.323,2026-05-05T22:00:00
I02965,U0358,C013,viewed,0.141,0.062,,2026-05-06T00:00:00
I02966,U0358,C075,viewed,0.399,0.64,,2026-05-06T02:00:00
I02967,U0358,C047,quiz_passed,0.819,1.0,0.604,2026-05-06T04:00:00
I02968,U0358,C081,completed,0.526,1.0,,2026-05-06T06:00:00
I02969,U0358,C043,completed,0.506,1.0,,2026-05-06T08:00:00
I02970,U0358,C030,completed,0.566,1.0,,2026-05-06T10:00:00
I02971,U0358,C006,quiz_passed,0.805,1.0,0.611,2026-05-06T12:00:00
I02972,U0359,C048,viewed,0.256,0.043,,2026-05-06T14:00:00
I02973,U0359,C076,completed,0.83,1.0,0.653,2026-05-06T16:00:00
I02974,U0359,C016,quiz_passed,0.761,1.0,0.676,2026-05-06T18:00:00
I02975,U0360,C015,viewed,0.292,0.057,,2026-05-06T20:00:00
I02976,U0360,C047,disliked,0.299,0.05,0.315,2026-05-06T22:00:00
I02977,U0361,C051,viewed,0.261,0.017,,2026-05-07T00:00:00
I02978,U0361,C047,completed,0.784,1.0,0.591,2026-05-07T02:00:00
I02979,U0361,C097,completed,0.713,1.0,0.569,2026-05-07T04:00:00
I02980,U0362,C073,quiz_passed,0.842,1.0,0.656,2026-05-07T06:00:00
I02981,U0362,C096,completed,0.693,1.0,0.426,2026-05-07T08:00:00
I02982,U0362,C099,disliked,0.168,0.15,,2026-05-07T10:00:00
I02983,U0363,C018,quiz_passed,0.851,1.0,0.777,2026-05-07T12:00:00
I02984,U0363,C047,viewed,0.164,0.001,,2026-05-07T14:00:00
I02985,U0363,C071,completed,0.771,1.0,0.766,2026-05-07T16:00:00
I02986,U0363,C043,completed,0.855,1.0,0.796,2026-05-07T18:00:00
I02987,U0363,C018,completed,0.897,1.0,0.81,2026-05-07T20:00:00
I02988,U0363,C016,quiz_passed,0.866,1.0,0.754,2026-05-07T22:00:00
I02989,U0363,C030,viewed,0.542,0.64,0.524,2026-05-08T00:00:00
I02990,U0364,C095,completed,0.801,1.0,0.574,2026-05-08T02:00:00
I02991,U0364,C098,completed,0.485,1.0,,2026-05-08T04:00:00
I02992,U0364,C003,quiz_passed,0.855,1.0,0.729,2026-05-08T06:00:00
I02993,U0364,C002,quiz_passed,0.897,1.0,0.806,2026-05-08T08:00:00
I02994,U0364,C045,completed,0.563,1.0,,2026-05-08T10:00:00
I02995,U0364,C098,completed,0.569,1.0,,2026-05-08T12:00:00
I02996,U0364,C016,quiz_passed,0.79,1.0,0.78,2026-05-08T14:00:00
I02997,U0364,C046,disliked,0.091,0.04,,2026-05-08T16:00:00
I02998,U0364,C067,completed,0.541,1.0,,2026-05-08T18:00:00
I02999,U0364,C015,viewed,0.123,0.063,,2026-05-08T20:00:00
I03000,U0364,C099,viewed,0.448,0.48,0.447,2026-05-08T22:00:00
I03001,U0365,C049,completed,0.837,1.0,0.698,2026-05-09T00:00:00
I03002,U0365,C050,completed,0.883,1.0,0.775,2026-05-09T02:00:00
I03003,U0365,C006,quiz_passed,0.832,1.0,0.74,2026-05-09T04:00:00
I03004,U0365,C048,quiz_passed,0.816,1.0,0.713,2026-05-09T06:00:00
I03005,U0365,C075,completed,0.467,1.0,,2026-05-09T08:00:00
I03006,U0365,C001,completed,0.522,1.0,,2026-05-09T10:00:00
I03007,U0365,C076,completed,0.48,1.0,,2026-05-09T12:00:00
I03008,U0365,C064,completed,0.864,1.0,0.74,2026-05-09T14:00:00
I03009,U0365,C018,viewed,0.293,0.001,,2026-05-09T16:00:00
I03010,U0365,C046,completed,0.758,1.0,0.492,2026-05-09T18:00:00
I03011,U0365,C011,viewed,0.471,0.25,0.509,2026-05-09T20:00:00
I03012,U0365,C001,quiz_passed,0.796,1.0,0.785,2026-05-09T22:00:00
I03013,U0365,C044,viewed,0.244,0.35,,2026-05-10T00:00:00
I03014,U0365,C006,quiz_passed,0.816,1.0,0.764,2026-05-10T02:00:00
I03015,U0365,C092,quiz_passed,0.838,1.0,0.753,2026-05-10T04:00:00
I03016,U0366,C001,completed,0.495,1.0,,2026-05-10T06:00:00
I03017,U0366,C030,completed,0.464,1.0,,2026-05-10T08:00:00
I03018,U0366,C064,quiz_passed,0.897,1.0,0.831,2026-05-10T10:00:00
I03019,U0367,C057,viewed,0.107,0.057,,2026-05-10T12:00:00
I03020,U0367,C053,completed,0.557,1.0,,2026-05-10T14:00:00
I03021,U0367,C035,viewed,0.41,0.6,,2026-05-10T16:00:00
I03022,U0367,C070,viewed,0.211,0.086,,2026-05-10T18:00:00
I03023,U0367,C066,viewed,0.236,0.32,,2026-05-10T20:00:00
I03024,U0367,C079,completed,0.701,1.0,0.477,2026-05-10T22:00:00
I03025,U0367,C072,viewed,0.206,0.3,,2026-05-11T00:00:00
I03026,U0367,C078,disliked,0.154,0.07,,2026-05-11T02:00:00
I03027,U0367,C066,quiz_passed,0.748,1.0,0.682,2026-05-11T04:00:00
I03028,U0367,C035,completed,0.57,1.0,,2026-05-11T06:00:00
I03029,U0367,C063,completed,0.793,1.0,0.586,2026-05-11T08:00:00
I03030,U0368,C002,completed,0.478,1.0,,2026-05-11T10:00:00
I03031,U0368,C081,completed,0.748,1.0,0.425,2026-05-11T12:00:00
I03032,U0368,C016,quiz_passed,0.823,1.0,0.633,2026-05-11T14:00:00
I03033,U0368,C050,viewed,0.175,0.015,,2026-05-11T16:00:00
I03034,U0368,C017,completed,0.569,1.0,,2026-05-11T18:00:00
I03035,U0368,C099,viewed,0.211,0.098,,2026-05-11T20:00:00
I03036,U0368,C008,completed,0.795,1.0,0.593,2026-05-11T22:00:00
I03037,U0368,C003,disliked,0.187,0.16,,2026-05-12T00:00:00
I03038,U0368,C043,viewed,0.504,0.63,0.447,2026-05-12T02:00:00
I03039,U0369,C064,viewed,0.233,0.044,,2026-05-12T04:00:00
I03040,U0369,C096,completed,0.737,1.0,0.433,2026-05-12T06:00:00
I03041,U0369,C096,completed,0.702,1.0,0.508,2026-05-12T08:00:00
I03042,U0369,C067,completed,0.704,1.0,0.597,2026-05-12T10:00:00
I03043,U0369,C043,quiz_passed,0.803,1.0,0.691,2026-05-12T12:00:00
I03044,U0369,C098,completed,0.683,1.0,0.404,2026-05-12T14:00:00
I03045,U0369,C099,viewed,0.194,0.019,,2026-05-12T16:00:00
I03046,U0369,C011,viewed,0.283,0.034,,2026-05-12T18:00:00
I03047,U0369,C047,viewed,0.362,0.54,,2026-05-12T20:00:00
I03048,U0369,C025,quiz_passed,0.75,1.0,0.676,2026-05-12T22:00:00
I03049,U0369,C044,viewed,0.181,0.081,,2026-05-13T00:00:00
I03050,U0369,C054,quiz_passed,0.723,1.0,0.62,2026-05-13T02:00:00
I03051,U0369,C049,completed,0.701,1.0,0.552,2026-05-13T04:00:00
I03052,U0369,C044,viewed,0.262,0.037,,2026-05-13T06:00:00
I03053,U0369,C067,viewed,0.183,0.092,,2026-05-13T08:00:00
I03054,U0370,C096,completed,0.516,1.0,,2026-05-13T10:00:00
I03055,U0370,C076,viewed,0.141,0.042,,2026-05-13T12:00:00
I03056,U0370,C098,completed,0.729,1.0,0.525,2026-05-13T14:00:00
I03057,U0370,C098,completed,0.561,1.0,,2026-05-13T16:00:00
I03058,U0370,C043,viewed,0.111,0.031,,2026-05-13T18:00:00
I03059,U0370,C025,completed,0.774,1.0,0.575,2026-05-13T20:00:00
I03060,U0370,C028,completed,0.782,1.0,0.572,2026-05-13T22:00:00
I03061,U0370,C030,quiz_passed,0.797,1.0,0.622,2026-05-14T00:00:00
I03062,U0370,C050,completed,0.478,1.0,,2026-05-14T02:00:00
I03063,U0370,C047,completed,0.737,1.0,0.566,2026-05-14T04:00:00
I03064,U0370,C088,viewed,0.176,0.082,,2026-05-14T06:00:00
I03065,U0370,C010,completed,0.464,1.0,,2026-05-14T08:00:00
I03066,U0370,C074,completed,0.695,1.0,0.513,2026-05-14T10:00:00
I03067,U0370,C017,quiz_passed,0.768,1.0,0.698,2026-05-14T12:00:00
I03068,U0370,C061,quiz_passed,0.722,1.0,0.653,2026-05-14T14:00:00
I03069,U0371,C091,completed,0.529,1.0,,2026-05-14T16:00:00
I03070,U0371,C018,completed,0.514,1.0,,2026-05-14T18:00:00
I03071,U0372,C073,quiz_passed,0.821,1.0,0.794,2026-05-14T20:00:00
I03072,U0372,C076,completed,0.54,1.0,,2026-05-14T22:00:00
I03073,U0373,C082,completed,0.575,1.0,,2026-05-15T00:00:00
I03074,U0373,C095,completed,0.661,1.0,0.413,2026-05-15T02:00:00
I03075,U0373,C096,viewed,0.162,0.008,,2026-05-15T04:00:00
I03076,U0373,C043,viewed,0.149,0.093,,2026-05-15T06:00:00
I03077,U0373,C061,viewed,0.336,0.59,,2026-05-15T08:00:00
I03078,U0374,C051,quiz_passed,0.814,1.0,0.603,2026-05-15T10:00:00
I03079,U0374,C042,viewed,0.306,0.4,,2026-05-15T12:00:00
I03080,U0374,C046,viewed,0.162,0.019,,2026-05-15T14:00:00
I03081,U0374,C047,completed,0.551,1.0,,2026-05-15T16:00:00
I03082,U0374,C067,viewed,0.142,0.028,,2026-05-15T18:00:00
I03083,U0374,C075,viewed,0.25,0.056,,2026-05-15T20:00:00
I03084,U0374,C013,disliked,0.22,0.12,,2026-05-15T22:00:00
I03085,U0374,C091,viewed,0.121,0.034,,2026-05-16T00:00:00
I03086,U0374,C066,quiz_passed,0.753,1.0,0.683,2026-05-16T02:00:00
I03087,U0374,C065,viewed,0.208,0.27,,2026-05-16T04:00:00
I03088,U0374,C061,disliked,0.121,0.05,,2026-05-16T06:00:00
I03089,U0374,C044,viewed,0.24,0.29,,2026-05-16T08:00:00
I03090,U0374,C045,viewed,0.26,0.021,,2026-05-16T10:00:00
I03091,U0374,C067,completed,0.732,1.0,0.653,2026-05-16T12:00:00
I03092,U0375,C029,completed,0.84,1.0,0.684,2026-05-16T14:00:00
I03093,U0375,C011,completed,0.746,1.0,0.603,2026-05-16T16:00:00
I03094,U0375,C078,completed,0.551,1.0,,2026-05-16T18:00:00
I03095,U0375,C095,viewed,0.111,0.098,,2026-05-16T20:00:00
I03096,U0375,C095,completed,0.575,1.0,,2026-05-16T22:00:00
I03097,U0375,C002,completed,0.57,1.0,,2026-05-17T00:00:00
I03098,U0375,C066,completed,0.542,1.0,,2026-05-17T02:00:00
I03099,U0375,C053,viewed,0.361,0.34,0.374,2026-05-17T04:00:00
I03100,U0375,C016,completed,0.574,1.0,,2026-05-17T06:00:00
I03101,U0375,C061,completed,0.733,1.0,0.59,2026-05-17T08:00:00
I03102,U0375,C028,completed,0.72,1.0,0.567,2026-05-17T10:00:00
I03103,U0375,C005,completed,0.529,1.0,,2026-05-17T12:00:00
I03104,U0376,C064,completed,0.737,1.0,0.561,2026-05-17T14:00:00
I03105,U0376,C001,completed,0.815,1.0,0.598,2026-05-17T16:00:00
I03106,U0376,C065,viewed,0.215,0.047,,2026-05-17T18:00:00
I03107,U0376,C010,completed,0.502,1.0,,2026-05-17T20:00:00
I03108,U0376,C058,completed,0.492,1.0,,2026-05-17T22:00:00
I03109,U0376,C008,quiz_passed,0.836,1.0,0.677,2026-05-18T00:00:00
I03110,U0376,C064,completed,0.811,1.0,0.582,2026-05-18T02:00:00
I03111,U0376,C097,viewed,0.285,0.014,,2026-05-18T04:00:00
I03112,U0376,C073,completed,0.753,1.0,0.673,2026-05-18T06:00:00
I03113,U0376,C066,viewed,0.1,0.046,,2026-05-18T08:00:00
I03114,U0376,C001,completed,0.789,1.0,0.649,2026-05-18T10:00:00
I03115,U0376,C045,completed,0.729,1.0,0.463,2026-05-18T12:00:00
I03116,U0377,C067,completed,0.734,1.0,0.657,2026-05-18T14:00:00
I03117,U0377,C097,viewed,0.256,0.42,,2026-05-18T16:00:00
I03118,U0377,C091,viewed,0.47,0.37,0.445,2026-05-18T18:00:00
I03119,U0377,C010,viewed,0.156,0.082,,2026-05-18T20:00:00
I03120,U0377,C028,viewed,0.415,0.44,0.339,2026-05-18T22:00:00
I03121,U0377,C044,viewed,0.205,0.082,,2026-05-19T00:00:00
I03122,U0377,C076,completed,0.784,1.0,0.591,2026-05-19T02:00:00
I03123,U0378,C073,viewed,0.265,0.011,,2026-05-19T04:00:00
I03124,U0378,C050,completed,0.468,1.0,,2026-05-19T06:00:00
I03125,U0378,C061,quiz_passed,0.727,1.0,0.651,2026-05-19T08:00:00
I03126,U0378,C067,viewed,0.269,0.058,,2026-05-19T10:00:00
I03127,U0378,C091,disliked,0.182,0.13,,2026-05-19T12:00:00
I03128,U0378,C061,completed,0.492,1.0,,2026-05-19T14:00:00
I03129,U0378,C049,viewed,0.428,0.39,0.392,2026-05-19T16:00:00
I03130,U0378,C065,viewed,0.486,0.42,0.449,2026-05-19T18:00:00
I03131,U0378,C078,completed,0.803,1.0,0.658,2026-05-19T20:00:00
I03132,U0378,C061,viewed,0.305,0.54,,2026-05-19T22:00:00
I03133,U0378,C071,quiz_passed,0.732,1.0,0.671,2026-05-20T00:00:00
I03134,U0378,C065,viewed,0.399,0.58,,2026-05-20T02:00:00
I03135,U0378,C001,completed,0.493,1.0,,2026-05-20T04:00:00
I03136,U0378,C051,quiz_passed,0.835,1.0,0.648,2026-05-20T06:00:00
I03137,U0379,C017,completed,0.52,1.0,,2026-05-20T08:00:00
I03138,U0379,C076,completed,0.531,1.0,,2026-05-20T10:00:00
I03139,U0379,C098,completed,0.759,1.0,0.573,2026-05-20T12:00:00
I03140,U0379,C003,completed,0.541,1.0,,2026-05-20T14:00:00
I03141,U0379,C065,quiz_passed,0.806,1.0,0.729,2026-05-20T16:00:00
I03142,U0379,C090,viewed,0.265,0.056,,2026-05-20T18:00:00
I03143,U0379,C013,completed,0.481,1.0,,2026-05-20T20:00:00
I03144,U0380,C098,viewed,0.284,0.44,,2026-05-20T22:00:00
I03145,U0380,C095,viewed,0.237,0.048,,2026-05-21T00:00:00
I03146,U0380,C098,viewed,0.498,0.66,0.278,2026-05-21T02:00:00
I03147,U0380,C042,completed,0.573,1.0,,2026-05-21T04:00:00
I03148,U0381,C051,quiz_passed,0.791,1.0,0.718,2026-05-21T06:00:00
I03149,U0381,C096,viewed,0.414,0.42,0.327,2026-05-21T08:00:00
I03150,U0382,C011,disliked,0.37,0.11,0.499,2026-05-21T10:00:00
I03151,U0382,C091,completed,0.778,1.0,0.733,2026-05-21T12:00:00
I03152,U0382,C097,viewed,0.262,0.23,,2026-05-21T14:00:00
I03153,U0383,C035,completed,0.533,1.0,,2026-05-21T16:00:00
I03154,U0383,C008,quiz_passed,0.771,1.0,0.608,2026-05-21T18:00:00
I03155,U0384,C091,quiz_passed,0.835,1.0,0.739,2026-05-21T20:00:00
I03156,U0384,C054,viewed,0.117,0.071,,2026-05-21T22:00:00
I03157,U0384,C002,completed,0.775,1.0,0.735,2026-05-22T00:00:00
I03158,U0384,C042,viewed,0.16,0.043,,2026-05-22T02:00:00
I03159,U0384,C045,completed,0.734,1.0,0.597,2026-05-22T04:00:00
I03160,U0384,C030,completed,0.793,1.0,0.761,2026-05-22T06:00:00
I03161,U0384,C013,quiz_passed,0.703,1.0,0.604,2026-05-22T08:00:00
I03162,U0384,C067,quiz_passed,0.827,1.0,0.702,2026-05-22T10:00:00
I03163,U0384,C046,viewed,0.123,0.0,,2026-05-22T12:00:00
I03164,U0384,C076,completed,0.563,1.0,,2026-05-22T14:00:00
I03165,U0385,C097,completed,0.477,1.0,,2026-05-22T16:00:00
I03166,U0385,C054,completed,0.47,1.0,,2026-05-22T18:00:00
I03167,U0385,C098,completed,0.559,1.0,,2026-05-22T20:00:00
I03168,U0385,C053,quiz_passed,0.795,1.0,0.706,2026-05-22T22:00:00
I03169,U0385,C011,completed,0.542,1.0,,2026-05-23T00:00:00
I03170,U0385,C064,quiz_passed,0.785,1.0,0.789,2026-05-23T02:00:00
I03171,U0385,C071,completed,0.567,1.0,,2026-05-23T04:00:00
I03172,U0385,C092,quiz_passed,0.837,1.0,0.721,2026-05-23T06:00:00
I03173,U0386,C063,viewed,0.248,0.024,,2026-05-23T08:00:00
I03174,U0386,C095,disliked,0.294,0.18,0.36,2026-05-23T10:00:00
I03175,U0386,C098,completed,0.522,1.0,,2026-05-23T12:00:00
I03176,U0386,C095,completed,0.53,1.0,,2026-05-23T14:00:00
I03177,U0386,C099,viewed,0.217,0.067,,2026-05-23T16:00:00
I03178,U0386,C099,completed,0.747,1.0,0.557,2026-05-23T18:00:00
I03179,U0386,C099,viewed,0.48,0.5,0.434,2026-05-23T20:00:00
I03180,U0386,C047,completed,0.859,1.0,0.811,2026-05-23T22:00:00
I03181,U0386,C095,completed,0.504,1.0,,2026-05-24T00:00:00
I03182,U0386,C015,quiz_passed,0.765,1.0,0.76,2026-05-24T02:00:00
I03183,U0386,C045,viewed,0.358,0.47,,2026-05-24T04:00:00
I03184,U0387,C054,quiz_passed,0.59,0.32,0.713,2026-05-24T06:00:00
I03185,U0387,C042,viewed,0.285,0.47,,2026-05-24T08:00:00
I03186,U0387,C025,completed,0.463,1.0,,2026-05-24T10:00:00
I03187,U0387,C047,viewed,0.178,0.22,,2026-05-24T12:00:00
I03188,U0387,C095,completed,0.799,1.0,0.731,2026-05-24T14:00:00
I03189,U0387,C050,completed,0.837,1.0,0.847,2026-05-24T16:00:00
I03190,U0387,C046,quiz_passed,0.737,1.0,0.61,2026-05-24T18:00:00
I03191,U0387,C071,completed,0.543,1.0,,2026-05-24T20:00:00
I03192,U0387,C053,quiz_passed,0.84,1.0,0.856,2026-05-24T22:00:00
I03193,U0387,C046,viewed,0.288,0.057,,2026-05-25T00:00:00
I03194,U0388,C088,quiz_passed,0.768,1.0,0.756,2026-05-25T02:00:00
I03195,U0388,C076,completed,0.483,1.0,,2026-05-25T04:00:00
I03196,U0388,C017,completed,0.563,1.0,,2026-05-25T06:00:00
I03197,U0388,C046,completed,0.505,1.0,,2026-05-25T08:00:00
I03198,U0388,C005,completed,0.839,1.0,0.649,2026-05-25T10:00:00
I03199,U0388,C054,completed,0.515,1.0,,2026-05-25T12:00:00
I03200,U0388,C074,viewed,0.254,0.06,,2026-05-25T14:00:00
I03201,U0388,C029,quiz_passed,0.83,1.0,0.734,2026-05-25T16:00:00
I03202,U0388,C015,disliked,0.434,0.19,0.507,2026-05-25T18:00:00
I03203,U0388,C095,completed,0.475,1.0,,2026-05-25T20:00:00
I03204,U0388,C090,viewed,0.174,0.091,,2026-05-25T22:00:00
I03205,U0388,C088,completed,0.561,1.0,,2026-05-26T00:00:00
I03206,U0389,C054,quiz_passed,0.803,1.0,0.655,2026-05-26T02:00:00
I03207,U0389,C099,viewed,0.184,0.06,,2026-05-26T04:00:00
I03208,U0389,C002,viewed,0.228,0.004,,2026-05-26T06:00:00
I03209,U0389,C065,viewed,0.197,0.076,,2026-05-26T08:00:00
I03210,U0389,C067,completed,0.488,1.0,,2026-05-26T10:00:00
I03211,U0389,C050,completed,0.477,1.0,,2026-05-26T12:00:00
I03212,U0389,C029,viewed,0.543,0.66,0.317,2026-05-26T14:00:00
I03213,U0389,C098,completed,0.691,1.0,0.52,2026-05-26T16:00:00
I03214,U0390,C029,completed,0.485,1.0,,2026-05-26T18:00:00
I03215,U0390,C099,viewed,0.242,0.24,,2026-05-26T20:00:00
I03216,U0390,C099,completed,0.716,1.0,0.49,2026-05-26T22:00:00
I03217,U0390,C065,viewed,0.408,0.28,0.413,2026-05-27T00:00:00
I03218,U0391,C091,completed,0.742,1.0,0.657,2026-05-27T02:00:00
I03219,U0391,C028,quiz_passed,0.76,1.0,0.662,2026-05-27T04:00:00
I03220,U0391,C076,completed,0.753,1.0,0.575,2026-05-27T06:00:00
I03221,U0391,C095,viewed,0.427,0.4,0.31,2026-05-27T08:00:00
I03222,U0391,C009,quiz_passed,0.837,1.0,0.699,2026-05-27T10:00:00
I03223,U0391,C011,quiz_passed,0.742,1.0,0.659,2026-05-27T12:00:00
I03224,U0391,C005,viewed,0.201,0.074,,2026-05-27T14:00:00
I03225,U0391,C097,completed,0.526,1.0,,2026-05-27T16:00:00
I03226,U0391,C090,completed,0.692,1.0,0.54,2026-05-27T18:00:00
I03227,U0391,C065,completed,0.528,1.0,,2026-05-27T20:00:00
I03228,U0391,C018,completed,0.739,1.0,0.673,2026-05-27T22:00:00
I03229,U0392,C091,completed,0.859,1.0,0.805,2026-05-28T00:00:00
I03230,U0392,C074,viewed,0.124,0.067,,2026-05-28T02:00:00
I03231,U0392,C001,completed,0.521,1.0,,2026-05-28T04:00:00
I03232,U0392,C030,completed,0.787,1.0,0.807,2026-05-28T06:00:00
I03233,U0392,C044,completed,0.782,1.0,0.567,2026-05-28T08:00:00
I03234,U0392,C013,disliked,0.323,0.13,0.386,2026-05-28T10:00:00
I03235,U0392,C047,quiz_passed,0.851,1.0,0.729,2026-05-28T12:00:00
I03236,U0393,C047,viewed,0.198,0.33,,2026-05-28T14:00:00
I03237,U0393,C003,completed,0.805,1.0,0.595,2026-05-28T16:00:00
I03238,U0393,C064,quiz_passed,0.741,1.0,0.634,2026-05-28T18:00:00
I03239,U0393,C050,quiz_passed,0.795,1.0,0.604,2026-05-28T20:00:00
I03240,U0393,C076,viewed,0.414,0.24,0.383,2026-05-28T22:00:00
I03241,U0394,C076,quiz_passed,0.869,1.0,0.746,2026-05-29T00:00:00
I03242,U0394,C063,completed,0.58,1.0,,2026-05-29T02:00:00
I03243,U0394,C002,quiz_passed,0.875,1.0,0.752,2026-05-29T04:00:00
I03244,U0394,C050,quiz_passed,0.834,1.0,0.746,2026-05-29T06:00:00
I03245,U0394,C042,viewed,0.216,0.093,,2026-05-29T08:00:00
I03246,U0394,C003,quiz_passed,0.819,1.0,0.762,2026-05-29T10:00:00
I03247,U0395,C016,quiz_passed,0.905,1.0,0.845,2026-05-29T12:00:00
I03248,U0395,C046,completed,0.74,1.0,0.661,2026-05-29T14:00:00
I03249,U0395,C045,completed,0.577,1.0,,2026-05-29T16:00:00
I03250,U0395,C025,completed,0.878,1.0,0.828,2026-05-29T18:00:00
I03251,U0396,C017,viewed,0.33,0.65,,2026-05-29T20:00:00
I03252,U0396,C098,completed,0.759,1.0,0.589,2026-05-29T22:00:00
I03253,U0396,C029,disliked,0.107,0.09,,2026-05-30T00:00:00
I03254,U0396,C092,quiz_passed,0.809,1.0,0.801,2026-05-30T02:00:00
I03255,U0396,C099,completed,0.73,1.0,0.663,2026-05-30T04:00:00
I03256,U0396,C047,completed,0.464,1.0,,2026-05-30T06:00:00
I03257,U0396,C016,quiz_passed,0.806,1.0,0.739,2026-05-30T08:00:00
I03258,U0396,C042,quiz_passed,0.835,1.0,0.727,2026-05-30T10:00:00
I03259,U0396,C073,quiz_passed,0.876,1.0,0.803,2026-05-30T12:00:00
I03260,U0396,C045,completed,0.506,1.0,,2026-05-30T14:00:00
I03261,U0396,C046,completed,0.479,1.0,,2026-05-30T16:00:00
I03262,U0396,C053,quiz_passed,0.779,1.0,0.726,2026-05-30T18:00:00
I03263,U0396,C095,quiz_passed,0.792,1.0,0.636,2026-05-30T20:00:00
I03264,U0396,C016,completed,0.494,1.0,,2026-05-30T22:00:00
I03265,U0396,C091,viewed,0.562,0.48,0.5,2026-05-31T00:00:00
I03266,U0397,C051,completed,0.516,1.0,,2026-05-31T02:00:00
I03267,U0397,C081,disliked,0.326,0.17,0.284,2026-05-31T04:00:00
I03268,U0397,C025,quiz_passed,0.812,1.0,0.677,2026-05-31T06:00:00
I03269,U0397,C090,viewed,0.266,0.066,,2026-05-31T08:00:00
I03270,U0397,C090,disliked,0.246,0.16,0.252,2026-05-31T10:00:00
I03271,U0397,C090,completed,0.719,1.0,0.445,2026-05-31T12:00:00
I03272,U0397,C044,completed,0.686,1.0,0.432,2026-05-31T14:00:00
I03273,U0398,C096,viewed,0.366,0.28,0.248,2026-05-31T16:00:00
I03274,U0398,C042,viewed,0.383,0.35,0.401,2026-05-31T18:00:00
I03275,U0398,C006,quiz_passed,0.719,1.0,0.634,2026-05-31T20:00:00
I03276,U0398,C009,completed,0.491,1.0,,2026-05-31T22:00:00
I03277,U0398,C096,viewed,0.275,0.064,,2026-06-01T00:00:00
I03278,U0398,C099,viewed,0.192,0.22,,2026-06-01T02:00:00
I03279,U0398,C098,completed,0.713,1.0,0.452,2026-06-01T04:00:00
I03280,U0398,C099,completed,0.486,1.0,,2026-06-01T06:00:00
I03281,U0398,C082,completed,0.757,1.0,0.584,2026-06-01T08:00:00
I03282,U0398,C008,completed,0.843,1.0,0.696,2026-06-01T10:00:00
I03283,U0398,C006,completed,0.497,1.0,,2026-06-01T12:00:00
I03284,U0398,C057,quiz_passed,0.794,1.0,0.661,2026-06-01T14:00:00
I03285,U0398,C095,completed,0.505,1.0,,2026-06-01T16:00:00
I03286,U0398,C099,viewed,0.495,0.66,0.235,2026-06-01T18:00:00
I03287,U0399,C003,completed,0.518,1.0,,2026-06-01T20:00:00
I03288,U0399,C025,completed,0.866,1.0,0.748,2026-06-01T22:00:00
I03289,U0399,C082,viewed,0.376,0.59,,2026-06-02T00:00:00
I03290,U0399,C071,viewed,0.181,0.022,,2026-06-02T02:00:00
I03291,U0399,C090,completed,0.472,1.0,,2026-06-02T04:00:00
I03292,U0399,C013,viewed,0.369,0.54,,2026-06-02T06:00:00
I03293,U0399,C073,completed,0.554,1.0,,2026-06-02T08:00:00
I03294,U0399,C096,completed,0.739,1.0,0.567,2026-06-02T10:00:00
I03295,U0399,C048,completed,0.519,1.0,,2026-06-02T12:00:00
I03296,U0399,C092,viewed,0.106,0.015,,2026-06-02T14:00:00
I03297,U0399,C018,viewed,0.446,0.32,0.491,2026-06-02T16:00:00
I03298,U0399,C061,completed,0.804,1.0,0.738,2026-06-02T18:00:00
I03299,U0400,C018,disliked,0.393,0.11,0.538,2026-06-02T20:00:00
I03300,U0400,C082,viewed,0.613,0.59,0.527,2026-06-02T22:00:00
I03301,U0400,C015,completed,0.463,1.0,,2026-06-03T00:00:00
I03302,U0400,C092,completed,0.51,1.0,,2026-06-03T02:00:00
I03303,U0400,C081,disliked,0.299,0.02,0.36,2026-06-03T04:00:00
I03304,U0400,C015,completed,0.473,1.0,,2026-06-03T06:00:00
I03305,U0400,C003,quiz_passed,0.848,1.0,0.778,2026-06-03T08:00:00
I03306,U0400,C095,completed,0.715,1.0,0.547,2026-06-03T10:00:00
I03307,U0400,C029,completed,0.836,1.0,0.794,2026-06-03T12:00:00
I03308,U0401,C051,disliked,0.173,0.02,,2026-06-03T14:00:00
I03309,U0401,C090,completed,0.746,1.0,0.448,2026-06-03T16:00:00
I03310,U0401,C005,viewed,0.481,0.67,0.265,2026-06-03T18:00:00
I03311,U0401,C017,viewed,0.12,0.036,,2026-06-03T20:00:00
I03312,U0401,C045,completed,0.512,1.0,,2026-06-03T22:00:00
I03313,U0401,C054,completed,0.801,1.0,0.575,2026-06-04T00:00:00
I03314,U0401,C013,viewed,0.372,0.54,,2026-06-04T02:00:00
I03315,U0401,C001,quiz_passed,0.737,1.0,0.602,2026-06-04T04:00:00
I03316,U0402,C018,viewed,0.209,0.31,,2026-06-04T06:00:00
I03317,U0402,C017,completed,0.518,1.0,,2026-06-04T08:00:00
I03318,U0402,C095,completed,0.545,1.0,,2026-06-04T10:00:00
I03319,U0402,C092,completed,0.502,1.0,,2026-06-04T12:00:00
I03320,U0402,C011,disliked,0.374,0.08,0.455,2026-06-04T14:00:00
I03321,U0402,C001,completed,0.565,1.0,,2026-06-04T16:00:00
I03322,U0402,C046,viewed,0.339,0.21,0.225,2026-06-04T18:00:00
I03323,U0402,C046,completed,0.718,1.0,0.466,2026-06-04T20:00:00
I03324,U0402,C099,quiz_passed,0.75,1.0,0.675,2026-06-04T22:00:00
I03325,U0403,C098,completed,0.716,1.0,0.439,2026-06-05T00:00:00
I03326,U0403,C067,quiz_passed,0.72,1.0,0.632,2026-06-05T02:00:00
I03327,U0403,C030,viewed,0.145,0.024,,2026-06-05T04:00:00
I03328,U0403,C098,viewed,0.245,0.082,,2026-06-05T06:00:00
I03329,U0403,C001,viewed,0.344,0.69,,2026-06-05T08:00:00
I03330,U0403,C005,completed,0.765,1.0,0.523,2026-06-05T10:00:00
I03331,U0403,C074,completed,0.655,1.0,0.455,2026-06-05T12:00:00
I03332,U0403,C044,completed,0.534,1.0,,2026-06-05T14:00:00
I03333,U0403,C081,viewed,0.26,0.054,,2026-06-05T16:00:00
I03334,U0403,C082,completed,0.721,1.0,0.581,2026-06-05T18:00:00
I03335,U0403,C064,quiz_passed,0.774,1.0,0.664,2026-06-05T20:00:00
I03336,U0404,C062,completed,0.758,1.0,0.57,2026-06-05T22:00:00
I03337,U0404,C016,viewed,0.278,0.044,,2026-06-06T00:00:00
I03338,U0404,C061,completed,0.776,1.0,0.598,2026-06-06T02:00:00
I03339,U0405,C092,viewed,0.209,0.078,,2026-06-06T04:00:00
I03340,U0405,C051,completed,0.468,1.0,,2026-06-06T06:00:00
I03341,U0405,C062,completed,0.485,1.0,,2026-06-06T08:00:00
I03342,U0405,C002,quiz_passed,0.916,1.0,0.869,2026-06-06T10:00:00
I03343,U0405,C001,completed,0.476,1.0,,2026-06-06T12:00:00
I03344,U0406,C050,completed,0.542,1.0,,2026-06-06T14:00:00
I03345,U0406,C013,viewed,0.136,0.09,,2026-06-06T16:00:00
I03346,U0406,C062,disliked,0.187,0.09,,2026-06-06T18:00:00
I03347,U0407,C009,completed,0.496,1.0,,2026-06-06T20:00:00
I03348,U0407,C047,completed,0.49,1.0,,2026-06-06T22:00:00
I03349,U0407,C095,viewed,0.477,0.46,0.344,2026-06-07T00:00:00
I03350,U0407,C016,viewed,0.258,0.39,,2026-06-07T02:00:00
I03351,U0407,C058,quiz_passed,0.82,1.0,0.752,2026-06-07T04:00:00
I03352,U0407,C090,completed,0.535,1.0,,2026-06-07T06:00:00
I03353,U0407,C010,completed,0.464,1.0,,2026-06-07T08:00:00
I03354,U0407,C010,viewed,0.484,0.45,0.425,2026-06-07T10:00:00
I03355,U0407,C035,viewed,0.662,0.69,0.527,2026-06-07T12:00:00
I03356,U0407,C028,quiz_passed,0.79,1.0,0.748,2026-06-07T14:00:00
I03357,U0407,C070,completed,0.735,1.0,0.586,2026-06-07T16:00:00
I03358,U0408,C073,quiz_passed,0.836,1.0,0.72,2026-06-07T18:00:00
I03359,U0408,C048,completed,0.471,1.0,,2026-06-07T20:00:00
I03360,U0408,C009,quiz_passed,0.806,1.0,0.718,2026-06-07T22:00:00
I03361,U0408,C095,disliked,0.322,0.08,0.393,2026-06-08T00:00:00
I03362,U0408,C057,viewed,0.193,0.23,,2026-06-08T02:00:00
I03363,U0408,C076,quiz_passed,0.895,1.0,0.797,2026-06-08T04:00:00
I03364,U0409,C099,viewed,0.127,0.045,,2026-06-08T06:00:00
I03365,U0409,C065,viewed,0.104,0.038,,2026-06-08T08:00:00
I03366,U0409,C095,quiz_passed,0.871,1.0,0.764,2026-06-08T10:00:00
I03367,U0409,C054,quiz_passed,0.897,1.0,0.809,2026-06-08T12:00:00
I03368,U0409,C099,quiz_passed,0.783,1.0,0.732,2026-06-08T14:00:00
I03369,U0409,C035,completed,0.481,1.0,,2026-06-08T16:00:00
I03370,U0409,C041,completed,0.488,1.0,,2026-06-08T18:00:00
I03371,U0409,C098,completed,0.476,1.0,,2026-06-08T20:00:00
I03372,U0409,C082,completed,0.878,1.0,0.819,2026-06-08T22:00:00
I03373,U0409,C004,viewed,0.397,0.2,0.562,2026-06-09T00:00:00
I03374,U0409,C037,viewed,0.573,0.69,0.491,2026-06-09T02:00:00
I03375,U0409,C048,quiz_passed,0.872,1.0,0.828,2026-06-09T04:00:00
I03376,U0409,C028,completed,0.539,1.0,,2026-06-09T06:00:00
I03377,U0409,C018,completed,0.505,1.0,,2026-06-09T08:00:00
I03378,U0410,C076,completed,0.516,1.0,,2026-06-09T10:00:00
I03379,U0410,C018,completed,0.487,1.0,,2026-06-09T12:00:00
I03380,U0410,C043,viewed,0.309,0.4,,2026-06-09T14:00:00
I03381,U0410,C005,disliked,0.196,0.11,,2026-06-09T16:00:00
I03382,U0411,C043,quiz_passed,0.805,1.0,0.771,2026-06-09T18:00:00
I03383,U0411,C064,completed,0.488,1.0,,2026-06-09T20:00:00
I03384,U0411,C001,quiz_passed,0.773,1.0,0.736,2026-06-09T22:00:00
I03385,U0411,C046,completed,0.764,1.0,0.523,2026-06-10T00:00:00
I03386,U0411,C073,disliked,0.291,0.0,0.52,2026-06-10T02:00:00
I03387,U0411,C057,quiz_passed,0.872,1.0,0.811,2026-06-10T04:00:00
I03388,U0411,C046,completed,0.708,1.0,0.539,2026-06-10T06:00:00
I03389,U0411,C067,completed,0.508,1.0,,2026-06-10T08:00:00
I03390,U0411,C015,quiz_passed,0.858,1.0,0.805,2026-06-10T10:00:00
I03391,U0412,C008,completed,0.552,1.0,,2026-06-10T12:00:00
I03392,U0412,C099,viewed,0.561,0.7,0.504,2026-06-10T14:00:00
I03393,U0412,C009,completed,0.503,1.0,,2026-06-10T16:00:00
I03394,U0412,C065,quiz_passed,0.851,1.0,0.878,2026-06-10T18:00:00
I03395,U0412,C001,quiz_passed,0.842,1.0,0.873,2026-06-10T20:00:00
I03396,U0412,C064,completed,0.82,1.0,0.878,2026-06-10T22:00:00
I03397,U0412,C001,quiz_passed,0.795,1.0,0.824,2026-06-11T00:00:00
I03398,U0413,C017,completed,0.474,1.0,,2026-06-11T02:00:00
I03399,U0413,C017,disliked,0.141,0.18,,2026-06-11T04:00:00
I03400,U0413,C009,viewed,0.164,0.031,,2026-06-11T06:00:00
I03401,U0413,C096,completed,0.55,1.0,,2026-06-11T08:00:00
I03402,U0413,C099,completed,0.527,1.0,,2026-06-11T10:00:00
I03403,U0413,C099,completed,0.464,1.0,,2026-06-11T12:00:00
I03404,U0413,C098,quiz_passed,0.719,1.0,0.637,2026-06-11T14:00:00
I03405,U0413,C002,quiz_passed,0.851,1.0,0.755,2026-06-11T16:00:00
I03406,U0413,C013,completed,0.744,1.0,0.59,2026-06-11T18:00:00
I03407,U0413,C067,viewed,0.491,0.59,0.479,2026-06-11T20:00:00
I03408,U0414,C099,viewed,0.121,0.048,,2026-06-11T22:00:00
I03409,U0414,C018,completed,0.696,1.0,0.582,2026-06-12T00:00:00
I03410,U0414,C050,completed,0.518,1.0,,2026-06-12T02:00:00
I03411,U0414,C015,completed,0.559,1.0,,2026-06-12T04:00:00
I03412,U0414,C002,viewed,0.192,0.1,,2026-06-12T06:00:00
I03413,U0414,C057,viewed,0.321,0.27,0.365,2026-06-12T08:00:00
I03414,U0414,C073,viewed,0.131,0.092,,2026-06-12T10:00:00
I03415,U0414,C073,viewed,0.355,0.62,,2026-06-12T12:00:00
I03416,U0414,C025,viewed,0.206,0.056,,2026-06-12T14:00:00
I03417,U0415,C061,viewed,0.195,0.072,,2026-06-12T16:00:00
I03418,U0415,C095,completed,0.553,1.0,,2026-06-12T18:00:00
I03419,U0415,C053,completed,0.568,1.0,,2026-06-12T20:00:00
I03420,U0415,C030,quiz_passed,0.754,1.0,0.617,2026-06-12T22:00:00
I03421,U0415,C095,viewed,0.283,0.5,,2026-06-13T00:00:00
I03422,U0415,C082,completed,0.806,1.0,0.697,2026-06-13T02:00:00
I03423,U0415,C029,quiz_passed,0.765,1.0,0.632,2026-06-13T04:00:00
I03424,U0415,C062,viewed,0.185,0.003,,2026-06-13T06:00:00
I03425,U0415,C061,viewed,0.257,0.085,,2026-06-13T08:00:00
I03426,U0415,C050,completed,0.489,1.0,,2026-06-13T10:00:00
I03427,U0415,C017,viewed,0.49,0.53,0.38,2026-06-13T12:00:00
I03428,U0416,C099,viewed,0.47,0.69,0.308,2026-06-13T14:00:00
I03429,U0416,C066,completed,0.522,1.0,,2026-06-13T16:00:00
I03430,U0416,C050,quiz_passed,0.842,1.0,0.664,2026-06-13T18:00:00
I03431,U0416,C010,completed,0.644,1.0,0.421,2026-06-13T20:00:00
I03432,U0416,C091,completed,0.534,1.0,,2026-06-13T22:00:00
I03433,U0416,C044,viewed,0.156,0.018,,2026-06-14T00:00:00
I03434,U0416,C065,completed,0.519,1.0,,2026-06-14T02:00:00
I03435,U0416,C066,completed,0.472,1.0,,2026-06-14T04:00:00
I03436,U0416,C075,viewed,0.365,0.31,0.307,2026-06-14T06:00:00
I03437,U0416,C005,completed,0.783,1.0,0.549,2026-06-14T08:00:00
I03438,U0416,C029,viewed,0.375,0.31,0.356,2026-06-14T10:00:00
I03439,U0416,C010,viewed,0.205,0.3,,2026-06-14T12:00:00
I03440,U0416,C005,viewed,0.22,0.062,,2026-06-14T14:00:00
I03441,U0417,C043,completed,0.5,1.0,,2026-06-14T16:00:00
I03442,U0417,C017,completed,0.546,1.0,,2026-06-14T18:00:00
I03443,U0417,C046,completed,0.506,1.0,,2026-06-14T20:00:00
I03444,U0417,C046,completed,0.717,1.0,0.574,2026-06-14T22:00:00
I03445,U0417,C075,quiz_passed,0.815,1.0,0.709,2026-06-15T00:00:00
I03446,U0417,C046,disliked,0.139,0.12,,2026-06-15T02:00:00
I03447,U0417,C043,completed,0.505,1.0,,2026-06-15T04:00:00
I03448,U0417,C097,completed,0.52,1.0,,2026-06-15T06:00:00
I03449,U0417,C015,completed,0.481,1.0,,2026-06-15T08:00:00
I03450,U0417,C030,completed,0.499,1.0,,2026-06-15T10:00:00
I03451,U0417,C067,quiz_passed,0.809,1.0,0.833,2026-06-15T12:00:00
I03452,U0417,C057,quiz_passed,0.401,0.13,0.67,2026-06-15T14:00:00
I03453,U0417,C081,completed,0.869,1.0,0.743,2026-06-15T16:00:00
I03454,U0417,C057,viewed,0.239,0.091,,2026-06-15T18:00:00
I03455,U0417,C013,quiz_passed,0.788,1.0,0.808,2026-06-15T20:00:00
I03456,U0418,C096,viewed,0.505,0.64,0.24,2026-06-15T22:00:00
I03457,U0418,C061,completed,0.693,1.0,0.578,2026-06-16T00:00:00
I03458,U0418,C071,quiz_passed,0.82,1.0,0.602,2026-06-16T02:00:00
I03459,U0418,C043,viewed,0.199,0.052,,2026-06-16T04:00:00
I03460,U0418,C048,viewed,0.441,0.35,0.397,2026-06-16T06:00:00
I03461,U0418,C011,quiz_passed,0.755,1.0,0.68,2026-06-16T08:00:00
I03462,U0418,C045,completed,0.698,1.0,0.488,2026-06-16T10:00:00
I03463,U0418,C042,viewed,0.323,0.22,0.383,2026-06-16T12:00:00
I03464,U0418,C015,viewed,0.403,0.4,0.415,2026-06-16T14:00:00
I03465,U0418,C002,completed,0.553,1.0,,2026-06-16T16:00:00
I03466,U0418,C081,viewed,0.411,0.51,0.288,2026-06-16T18:00:00
I03467,U0418,C096,viewed,0.359,0.4,0.247,2026-06-16T20:00:00
I03468,U0418,C025,completed,0.698,1.0,0.592,2026-06-16T22:00:00
I03469,U0419,C099,completed,0.735,1.0,0.576,2026-06-17T00:00:00
I03470,U0419,C061,viewed,0.493,0.31,0.483,2026-06-17T02:00:00
I03471,U0419,C071,completed,0.535,1.0,,2026-06-17T04:00:00
I03472,U0419,C074,completed,0.51,1.0,,2026-06-17T06:00:00
I03473,U0419,C046,completed,0.498,1.0,,2026-06-17T08:00:00
I03474,U0419,C074,completed,0.534,1.0,,2026-06-17T10:00:00
I03475,U0419,C050,disliked,0.153,0.19,,2026-06-17T12:00:00
I03476,U0419,C067,completed,0.873,1.0,0.79,2026-06-17T14:00:00
I03477,U0419,C005,viewed,0.492,0.61,0.339,2026-06-17T16:00:00
I03478,U0419,C081,viewed,0.426,0.23,0.444,2026-06-17T18:00:00
I03479,U0419,C065,completed,0.474,1.0,,2026-06-17T20:00:00
I03480,U0419,C015,completed,0.53,1.0,,2026-06-17T22:00:00
I03481,U0419,C073,viewed,0.504,0.36,0.593,2026-06-18T00:00:00
I03482,U0419,C067,completed,0.544,1.0,,2026-06-18T02:00:00
I03483,U0419,C073,quiz_passed,0.827,1.0,0.771,2026-06-18T04:00:00
I03484,U0420,C061,completed,0.518,1.0,,2026-06-18T06:00:00
I03485,U0420,C082,quiz_passed,0.804,1.0,0.847,2026-06-18T08:00:00
I03486,U0420,C042,completed,0.545,1.0,,2026-06-18T10:00:00
I03487,U0420,C053,completed,0.915,1.0,0.858,2026-06-18T12:00:00
I03488,U0420,C081,completed,0.505,1.0,,2026-06-18T14:00:00
I03489,U0420,C045,completed,0.567,1.0,,2026-06-18T16:00:00
I03490,U0420,C046,viewed,0.287,0.024,,2026-06-18T18:00:00
I03491,U0420,C061,completed,0.573,1.0,,2026-06-18T20:00:00
I03492,U0420,C081,completed,0.468,1.0,,2026-06-18T22:00:00
I03493,U0421,C049,completed,0.572,1.0,,2026-06-19T00:00:00
I03494,U0421,C018,quiz_passed,0.869,1.0,0.859,2026-06-19T02:00:00
I03495,U0421,C006,completed,0.571,1.0,,2026-06-19T04:00:00
I03496,U0421,C002,completed,0.496,1.0,,2026-06-19T06:00:00
I03497,U0421,C048,completed,0.534,1.0,,2026-06-19T08:00:00
I03498,U0421,C025,completed,0.502,1.0,,2026-06-19T10:00:00
I03499,U0421,C081,quiz_passed,0.888,1.0,0.79,2026-06-19T12:00:00
I03500,U0421,C046,completed,0.507,1.0,,2026-06-19T14:00:00
I03501,U0421,C033,quiz_passed,0.827,1.0,0.775,2026-06-19T16:00:00
I03502,U0422,C066,completed,0.516,1.0,,2026-06-19T18:00:00
I03503,U0422,C064,quiz_passed,0.809,1.0,0.76,2026-06-19T20:00:00
I03504,U0422,C050,disliked,0.407,0.13,0.537,2026-06-19T22:00:00
I03505,U0422,C043,completed,0.807,1.0,0.787,2026-06-20T00:00:00
I03506,U0422,C029,viewed,0.509,0.32,0.526,2026-06-20T02:00:00
I03507,U0423,C092,viewed,0.198,0.043,,2026-06-20T04:00:00
I03508,U0423,C061,quiz_passed,0.838,1.0,0.661,2026-06-20T06:00:00
I03509,U0424,C025,quiz_passed,0.847,1.0,0.722,2026-06-20T08:00:00
I03510,U0424,C064,quiz_passed,0.789,1.0,0.805,2026-06-20T10:00:00
I03511,U0424,C098,quiz_passed,0.785,1.0,0.645,2026-06-20T12:00:00
I03512,U0424,C043,quiz_passed,0.839,1.0,0.789,2026-06-20T14:00:00
I03513,U0424,C044,viewed,0.406,0.45,0.332,2026-06-20T16:00:00
I03514,U0424,C054,quiz_passed,0.801,1.0,0.766,2026-06-20T18:00:00
I03515,U0424,C002,viewed,0.53,0.61,0.563,2026-06-20T20:00:00
I03516,U0424,C002,completed,0.53,1.0,,2026-06-20T22:00:00
I03517,U0424,C030,completed,0.815,1.0,0.789,2026-06-21T00:00:00
I03518,U0424,C054,quiz_passed,0.819,1.0,0.779,2026-06-21T02:00:00
I03519,U0424,C049,viewed,0.419,0.25,0.468,2026-06-21T04:00:00
I03520,U0425,C092,completed,0.506,1.0,,2026-06-21T06:00:00
I03521,U0425,C048,quiz_passed,0.809,1.0,0.862,2026-06-21T08:00:00
I03522,U0425,C057,quiz_passed,0.399,0.09,0.714,2026-06-21T10:00:00
I03523,U0425,C099,viewed,0.565,0.39,0.587,2026-06-21T12:00:00
I03524,U0425,C049,quiz_passed,0.706,0.65,0.685,2026-06-21T14:00:00
I03525,U0425,C001,viewed,0.298,0.09,,2026-06-21T16:00:00
I03526,U0426,C054,quiz_passed,0.858,1.0,0.765,2026-06-21T18:00:00
I03527,U0426,C015,completed,0.538,1.0,,2026-06-21T20:00:00
I03528,U0426,C051,completed,0.814,1.0,0.752,2026-06-21T22:00:00
I03529,U0426,C046,viewed,0.497,0.58,0.302,2026-06-22T00:00:00
I03530,U0426,C081,viewed,0.294,0.27,0.312,2026-06-22T02:00:00
I03531,U0427,C067,viewed,0.466,0.3,0.416,2026-06-22T04:00:00
I03532,U0427,C016,completed,0.687,1.0,0.566,2026-06-22T06:00:00
I03533,U0427,C076,quiz_passed,0.784,1.0,0.702,2026-06-22T08:00:00
I03534,U0427,C090,completed,0.573,1.0,,2026-06-22T10:00:00
I03535,U0427,C067,completed,0.758,1.0,0.564,2026-06-22T12:00:00
I03536,U0427,C045,viewed,0.21,0.25,,2026-06-22T14:00:00
I03537,U0427,C010,viewed,0.115,0.048,,2026-06-22T16:00:00
I03538,U0427,C017,viewed,0.249,0.034,,2026-06-22T18:00:00
I03539,U0427,C018,disliked,0.17,0.01,,2026-06-22T20:00:00
I03540,U0427,C017,completed,0.745,1.0,0.582,2026-06-22T22:00:00
I03541,U0427,C098,viewed,0.406,0.41,0.28,2026-06-23T00:00:00
I03542,U0427,C049,viewed,0.217,0.046,,2026-06-23T02:00:00
I03543,U0427,C076,quiz_passed,0.842,1.0,0.66,2026-06-23T04:00:00
I03544,U0427,C015,completed,0.498,1.0,,2026-06-23T06:00:00
I03545,U0427,C091,viewed,0.419,0.42,0.324,2026-06-23T08:00:00
I03546,U0428,C065,completed,0.461,1.0,,2026-06-23T10:00:00
I03547,U0428,C091,quiz_passed,0.846,1.0,0.878,2026-06-23T12:00:00
I03548,U0428,C030,viewed,0.187,0.013,,2026-06-23T14:00:00
I03549,U0428,C047,completed,0.893,1.0,0.817,2026-06-23T16:00:00
I03550,U0428,C053,completed,0.815,1.0,0.88,2026-06-23T18:00:00
I03551,U0428,C042,quiz_passed,0.831,1.0,0.828,2026-06-23T20:00:00
I03552,U0428,C073,completed,0.532,1.0,,2026-06-23T22:00:00
I03553,U0428,C051,quiz_passed,0.582,0.45,0.704,2026-06-24T00:00:00
I03554,U0428,C018,quiz_passed,0.815,1.0,0.883,2026-06-24T02:00:00
I03555,U0428,C057,quiz_passed,0.812,1.0,0.825,2026-06-24T04:00:00
I03556,U0428,C046,disliked,0.284,0.0,0.335,2026-06-24T06:00:00
I03557,U0428,C063,completed,0.517,1.0,,2026-06-24T08:00:00
I03558,U0428,C016,quiz_passed,0.863,1.0,0.871,2026-06-24T10:00:00
I03559,U0428,C046,viewed,0.223,0.022,,2026-06-24T12:00:00
I03560,U0428,C017,completed,0.524,1.0,,2026-06-24T14:00:00
I03561,U0429,C050,viewed,0.185,0.01,,2026-06-24T16:00:00
I03562,U0429,C066,completed,0.495,1.0,,2026-06-24T18:00:00
I03563,U0430,C098,viewed,0.404,0.35,0.228,2026-06-24T20:00:00
I03564,U0430,C051,completed,0.56,1.0,,2026-06-24T22:00:00
I03565,U0430,C098,completed,0.678,1.0,0.421,2026-06-25T00:00:00
I03566,U0430,C005,completed,0.484,1.0,,2026-06-25T02:00:00
I03567,U0430,C071,viewed,0.251,0.071,,2026-06-25T04:00:00
I03568,U0430,C074,completed,0.798,1.0,0.55,2026-06-25T06:00:00
I03569,U0430,C002,completed,0.548,1.0,,2026-06-25T08:00:00
I03570,U0430,C081,completed,0.518,1.0,,2026-06-25T10:00:00
I03571,U0431,C002,quiz_passed,0.795,1.0,0.62,2026-06-25T12:00:00
I03572,U0431,C095,completed,0.486,1.0,,2026-06-25T14:00:00
I03573,U0431,C061,viewed,0.468,0.5,0.36,2026-06-25T16:00:00
I03574,U0431,C058,viewed,0.202,0.093,,2026-06-25T18:00:00
I03575,U0431,C015,quiz_passed,0.802,1.0,0.639,2026-06-25T20:00:00
I03576,U0431,C095,viewed,0.331,0.64,,2026-06-25T22:00:00
I03577,U0431,C042,quiz_passed,0.803,1.0,0.694,2026-06-26T00:00:00
I03578,U0431,C042,quiz_passed,0.804,1.0,0.662,2026-06-26T02:00:00
I03579,U0431,C048,completed,0.518,1.0,,2026-06-26T04:00:00
I03580,U0431,C065,completed,0.569,1.0,,2026-06-26T06:00:00
I03581,U0431,C003,quiz_passed,0.797,1.0,0.613,2026-06-26T08:00:00
I03582,U0431,C066,viewed,0.201,0.33,,2026-06-26T10:00:00
I03583,U0432,C053,completed,0.739,1.0,0.65,2026-06-26T12:00:00
I03584,U0432,C066,completed,0.776,1.0,0.672,2026-06-26T14:00:00
I03585,U0432,C016,completed,0.778,1.0,0.59,2026-06-26T16:00:00
I03586,U0432,C088,completed,0.488,1.0,,2026-06-26T18:00:00
I03587,U0432,C066,completed,0.526,1.0,,2026-06-26T20:00:00
I03588,U0432,C047,completed,0.495,1.0,,2026-06-26T22:00:00
I03589,U0432,C067,quiz_passed,0.733,1.0,0.628,2026-06-27T00:00:00
I03590,U0433,C096,viewed,0.221,0.037,,2026-06-27T02:00:00
I03591,U0433,C098,disliked,0.319,0.03,0.411,2026-06-27T04:00:00
I03592,U0433,C092,quiz_passed,0.796,1.0,0.81,2026-06-27T06:00:00
I03593,U0433,C066,viewed,0.218,0.078,,2026-06-27T08:00:00
I03594,U0433,C071,viewed,0.192,0.028,,2026-06-27T10:00:00
I03595,U0433,C018,viewed,0.164,0.083,,2026-06-27T12:00:00
I03596,U0434,C092,completed,0.799,1.0,0.572,2026-06-27T14:00:00
I03597,U0434,C006,quiz_passed,0.825,1.0,0.639,2026-06-27T16:00:00
I03598,U0434,C028,completed,0.544,1.0,,2026-06-27T18:00:00
I03599,U0434,C091,completed,0.736,1.0,0.636,2026-06-27T20:00:00
I03600,U0434,C048,disliked,0.133,0.13,,2026-06-27T22:00:00
I03601,U0434,C071,viewed,0.498,0.49,0.444,2026-06-28T00:00:00
I03602,U0434,C065,viewed,0.37,0.59,,2026-06-28T02:00:00
I03603,U0434,C044,completed,0.706,1.0,0.541,2026-06-28T04:00:00
I03604,U0435,C095,viewed,0.154,0.032,,2026-06-28T06:00:00
I03605,U0435,C095,viewed,0.2,0.037,,2026-06-28T08:00:00
I03606,U0435,C003,viewed,0.327,0.64,,2026-06-28T10:00:00
I03607,U0435,C030,completed,0.546,1.0,,2026-06-28T12:00:00
I03608,U0435,C082,viewed,0.438,0.34,0.319,2026-06-28T14:00:00
I03609,U0435,C001,viewed,0.345,0.69,,2026-06-28T16:00:00
I03610,U0435,C045,viewed,0.178,0.017,,2026-06-28T18:00:00
I03611,U0435,C047,viewed,0.247,0.063,,2026-06-28T20:00:00
I03612,U0435,C045,viewed,0.45,0.47,0.239,2026-06-28T22:00:00
I03613,U0435,C071,viewed,0.156,0.036,,2026-06-29T00:00:00
I03614,U0435,C088,completed,0.802,1.0,0.592,2026-06-29T02:00:00
I03615,U0435,C079,viewed,0.214,0.032,,2026-06-29T04:00:00
I03616,U0435,C015,completed,0.494,1.0,,2026-06-29T06:00:00
I03617,U0436,C095,quiz_passed,0.797,1.0,0.747,2026-06-29T08:00:00
I03618,U0436,C072,quiz_passed,0.908,1.0,0.837,2026-06-29T10:00:00
I03619,U0436,C028,completed,0.804,1.0,0.859,2026-06-29T12:00:00
I03620,U0436,C099,completed,0.83,1.0,0.791,2026-06-29T14:00:00
I03621,U0436,C095,viewed,0.123,0.072,,2026-06-29T16:00:00
I03622,U0436,C054,completed,0.871,1.0,0.823,2026-06-29T18:00:00
I03623,U0436,C047,completed,0.471,1.0,,2026-06-29T20:00:00
I03624,U0436,C066,quiz_passed,0.892,1.0,0.864,2026-06-29T22:00:00
I03625,U0436,C015,completed,0.547,1.0,,2026-06-30T00:00:00
I03626,U0436,C045,viewed,0.185,0.032,,2026-06-30T02:00:00
I03627,U0437,C043,completed,0.507,1.0,,2026-06-30T04:00:00
I03628,U0437,C045,completed,0.568,1.0,,2026-06-30T06:00:00
I03629,U0437,C048,completed,0.544,1.0,,2026-06-30T08:00:00
I03630,U0437,C006,quiz_passed,0.781,1.0,0.687,2026-06-30T10:00:00
I03631,U0438,C011,completed,0.487,1.0,,2026-06-30T12:00:00
I03632,U0438,C099,completed,0.515,1.0,,2026-06-30T14:00:00
I03633,U0438,C047,completed,0.575,1.0,,2026-06-30T16:00:00
I03634,U0438,C043,viewed,0.572,0.64,0.388,2026-06-30T18:00:00
I03635,U0438,C002,quiz_passed,0.794,1.0,0.603,2026-06-30T20:00:00
I03636,U0438,C057,viewed,0.433,0.64,,2026-06-30T22:00:00
I03637,U0438,C044,completed,0.713,1.0,0.518,2026-07-01T00:00:00
I03638,U0438,C045,viewed,0.311,0.54,,2026-07-01T02:00:00
I03639,U0438,C098,viewed,0.235,0.011,,2026-07-01T04:00:00
I03640,U0438,C065,quiz_passed,0.805,1.0,0.613,2026-07-01T06:00:00
I03641,U0438,C092,viewed,0.471,0.55,0.367,2026-07-01T08:00:00
I03642,U0438,C013,completed,0.737,1.0,0.46,2026-07-01T10:00:00
I03643,U0438,C042,completed,0.809,1.0,0.59,2026-07-01T12:00:00
I03644,U0438,C081,viewed,0.225,0.028,,2026-07-01T14:00:00
I03645,U0438,C013,completed,0.518,1.0,,2026-07-01T16:00:00
I03646,U0439,C003,viewed,0.251,0.09,,2026-07-01T18:00:00
I03647,U0439,C015,completed,0.783,1.0,0.593,2026-07-01T20:00:00
I03648,U0439,C047,quiz_passed,0.738,1.0,0.632,2026-07-01T22:00:00
I03649,U0439,C073,quiz_passed,0.767,1.0,0.634,2026-07-02T00:00:00
I03650,U0439,C072,completed,0.769,1.0,0.582,2026-07-02T02:00:00
I03651,U0439,C075,completed,0.711,1.0,0.424,2026-07-02T04:00:00
I03652,U0439,C081,viewed,0.185,0.09,,2026-07-02T06:00:00
I03653,U0439,C062,viewed,0.165,0.006,,2026-07-02T08:00:00
I03654,U0439,C018,completed,0.759,1.0,0.567,2026-07-02T10:00:00
I03655,U0439,C050,completed,0.754,1.0,0.582,2026-07-02T12:00:00
I03656,U0440,C015,viewed,0.285,0.52,,2026-07-02T14:00:00
I03657,U0440,C008,viewed,0.394,0.32,0.407,2026-07-02T16:00:00
I03658,U0440,C088,completed,0.511,1.0,,2026-07-02T18:00:00
I03659,U0440,C089,completed,0.469,1.0,,2026-07-02T20:00:00
I03660,U0440,C054,viewed,0.189,0.0,,2026-07-02T22:00:00
I03661,U0440,C006,completed,0.767,1.0,0.69,2026-07-03T00:00:00
I03662,U0440,C090,viewed,0.117,0.082,,2026-07-03T02:00:00
I03663,U0441,C091,viewed,0.262,0.37,,2026-07-03T04:00:00
I03664,U0441,C061,viewed,0.267,0.42,,2026-07-03T06:00:00
I03665,U0441,C082,completed,0.561,1.0,,2026-07-03T08:00:00
I03666,U0441,C076,quiz_passed,0.846,1.0,0.778,2026-07-03T10:00:00
I03667,U0441,C072,completed,0.564,1.0,,2026-07-03T12:00:00
I03668,U0441,C091,quiz_passed,0.821,1.0,0.747,2026-07-03T14:00:00
I03669,U0441,C001,quiz_passed,0.808,1.0,0.735,2026-07-03T16:00:00
I03670,U0441,C005,completed,0.56,1.0,,2026-07-03T18:00:00
I03671,U0442,C071,viewed,0.502,0.51,0.424,2026-07-03T20:00:00
I03672,U0442,C081,completed,0.498,1.0,,2026-07-03T22:00:00
I03673,U0442,C011,completed,0.77,1.0,0.647,2026-07-04T00:00:00
I03674,U0442,C053,viewed,0.439,0.58,0.34,2026-07-04T02:00:00
I03675,U0442,C088,viewed,0.235,0.021,,2026-07-04T04:00:00
I03676,U0442,C011,viewed,0.537,0.56,0.384,2026-07-04T06:00:00
I03677,U0442,C063,completed,0.528,1.0,,2026-07-04T08:00:00
I03678,U0442,C051,viewed,0.358,0.56,,2026-07-04T10:00:00
I03679,U0442,C082,completed,0.478,1.0,,2026-07-04T12:00:00
I03680,U0442,C048,quiz_passed,0.79,1.0,0.656,2026-07-04T14:00:00
I03681,U0443,C099,viewed,0.133,0.1,,2026-07-04T16:00:00
I03682,U0443,C091,completed,0.766,1.0,0.643,2026-07-04T18:00:00
I03683,U0443,C075,completed,0.53,1.0,,2026-07-04T20:00:00
I03684,U0443,C054,completed,0.759,1.0,0.56,2026-07-04T22:00:00
I03685,U0444,C096,viewed,0.481,0.25,0.532,2026-07-05T00:00:00
I03686,U0444,C064,completed,0.85,1.0,0.853,2026-07-05T02:00:00
I03687,U0444,C072,completed,0.897,1.0,0.869,2026-07-05T04:00:00
I03688,U0444,C057,quiz_passed,0.555,0.52,0.714,2026-07-05T06:00:00
I03689,U0444,C030,completed,0.479,1.0,,2026-07-05T08:00:00
I03690,U0444,C057,quiz_passed,0.415,0.11,0.69,2026-07-05T10:00:00
I03691,U0444,C091,completed,0.528,1.0,,2026-07-05T12:00:00
I03692,U0444,C051,completed,0.547,1.0,,2026-07-05T14:00:00
I03693,U0444,C074,completed,0.568,1.0,,2026-07-05T16:00:00
I03694,U0444,C053,quiz_passed,0.854,1.0,0.823,2026-07-05T18:00:00
I03695,U0445,C017,quiz_passed,0.801,1.0,0.627,2026-07-05T20:00:00
I03696,U0445,C053,quiz_passed,0.77,1.0,0.618,2026-07-05T22:00:00
I03697,U0445,C096,completed,0.753,1.0,0.508,2026-07-06T00:00:00
I03698,U0445,C099,viewed,0.281,0.094,,2026-07-06T02:00:00
I03699,U0445,C099,viewed,0.301,0.27,0.209,2026-07-06T04:00:00
I03700,U0445,C096,viewed,0.268,0.005,,2026-07-06T06:00:00
I03701,U0445,C065,quiz_passed,0.804,1.0,0.607,2026-07-06T08:00:00
I03702,U0445,C078,completed,0.728,1.0,0.542,2026-07-06T10:00:00
I03703,U0445,C098,viewed,0.459,0.49,0.223,2026-07-06T12:00:00
I03704,U0445,C016,quiz_passed,0.751,1.0,0.701,2026-07-06T14:00:00
I03705,U0445,C030,quiz_passed,0.821,1.0,0.606,2026-07-06T16:00:00
I03706,U0445,C074,viewed,0.103,0.063,,2026-07-06T18:00:00
I03707,U0445,C071,disliked,0.347,0.17,0.386,2026-07-06T20:00:00
I03708,U0445,C091,quiz_passed,0.734,1.0,0.68,2026-07-06T22:00:00
I03709,U0445,C048,viewed,0.196,0.04,,2026-07-07T00:00:00
I03710,U0446,C065,completed,0.479,1.0,,2026-07-07T02:00:00
I03711,U0446,C047,completed,0.748,1.0,0.571,2026-07-07T04:00:00
I03712,U0446,C071,quiz_passed,0.787,1.0,0.694,2026-07-07T06:00:00
I03713,U0446,C010,viewed,0.107,0.046,,2026-07-07T08:00:00
I03714,U0446,C045,viewed,0.245,0.33,,2026-07-07T10:00:00
I03715,U0446,C067,completed,0.506,1.0,,2026-07-07T12:00:00
I03716,U0446,C015,disliked,0.3,0.07,0.352,2026-07-07T14:00:00
I03717,U0446,C064,completed,0.792,1.0,0.571,2026-07-07T16:00:00
I03718,U0446,C045,completed,0.526,1.0,,2026-07-07T18:00:00
I03719,U0446,C061,quiz_passed,0.735,1.0,0.631,2026-07-07T20:00:00
I03720,U0446,C074,disliked,0.271,0.12,0.226,2026-07-07T22:00:00
I03721,U0447,C030,completed,0.531,1.0,,2026-07-08T00:00:00
I03722,U0447,C099,viewed,0.149,0.021,,2026-07-08T02:00:00
I03723,U0447,C072,completed,0.571,1.0,,2026-07-08T04:00:00
I03724,U0447,C043,quiz_passed,0.704,1.0,0.604,2026-07-08T06:00:00
I03725,U0447,C075,viewed,0.33,0.29,0.211,2026-07-08T08:00:00
I03726,U0447,C048,quiz_passed,0.813,1.0,0.648,2026-07-08T10:00:00
I03727,U0447,C065,completed,0.803,1.0,0.59,2026-07-08T12:00:00
I03728,U0448,C099,quiz_passed,0.765,1.0,0.735,2026-07-08T14:00:00
I03729,U0448,C015,quiz_passed,0.845,1.0,0.855,2026-07-08T16:00:00
I03730,U0448,C043,completed,0.486,1.0,,2026-07-08T18:00:00
I03731,U0448,C097,completed,0.859,1.0,0.853,2026-07-08T20:00:00
I03732,U0448,C046,quiz_passed,0.75,1.0,0.609,2026-07-08T22:00:00
I03733,U0449,C064,quiz_passed,0.777,1.0,0.767,2026-07-09T00:00:00
I03734,U0449,C099,quiz_passed,0.772,1.0,0.668,2026-07-09T02:00:00
I03735,U0449,C096,disliked,0.315,0.11,0.436,2026-07-09T04:00:00
I03736,U0449,C099,viewed,0.463,0.41,0.399,2026-07-09T06:00:00
I03737,U0449,C050,completed,0.859,1.0,0.707,2026-07-09T08:00:00
I03738,U0449,C063,quiz_passed,0.828,1.0,0.803,2026-07-09T10:00:00
I03739,U0449,C036,completed,0.566,1.0,,2026-07-09T12:00:00
I03740,U0449,C017,completed,0.56,1.0,,2026-07-09T14:00:00
I03741,U0449,C015,completed,0.537,1.0,,2026-07-09T16:00:00
I03742,U0449,C047,completed,0.552,1.0,,2026-07-09T18:00:00
I03743,U0449,C063,viewed,0.114,0.005,,2026-07-09T20:00:00
I03744,U0449,C048,completed,0.529,1.0,,2026-07-09T22:00:00
I03745,U0449,C066,viewed,0.187,0.031,,2026-07-10T00:00:00
I03746,U0449,C076,completed,0.562,1.0,,2026-07-10T02:00:00
I03747,U0450,C057,completed,0.817,1.0,0.836,2026-07-10T04:00:00
I03748,U0450,C003,quiz_passed,0.905,1.0,0.844,2026-07-10T06:00:00
I03749,U0450,C016,quiz_passed,0.854,1.0,0.849,2026-07-10T08:00:00
I03750,U0450,C072,quiz_passed,0.878,1.0,0.888,2026-07-10T10:00:00
I03751,U0450,C082,completed,0.579,1.0,,2026-07-10T12:00:00
I03752,U0450,C013,viewed,0.251,0.075,,2026-07-10T14:00:00
I03753,U0450,C082,quiz_passed,0.895,1.0,0.872,2026-07-10T16:00:00
I03754,U0450,C003,quiz_passed,0.827,1.0,0.857,2026-07-10T18:00:00
I03755,U0450,C044,completed,0.568,1.0,,2026-07-10T20:00:00
I03756,U0450,C072,quiz_passed,0.841,1.0,0.889,2026-07-10T22:00:00
I03757,U0450,C071,completed,0.831,1.0,0.854,2026-07-11T00:00:00
I03758,U0450,C073,viewed,0.332,0.53,,2026-07-11T02:00:00
I03759,U0450,C015,completed,0.509,1.0,,2026-07-11T04:00:00
I03760,U0450,C091,completed,0.579,1.0,,2026-07-11T06:00:00
I03761,U0451,C057,completed,0.547,1.0,,2026-07-11T08:00:00
I03762,U0451,C096,quiz_passed,0.879,1.0,0.752,2026-07-11T10:00:00
I03763,U0451,C098,viewed,0.25,0.36,,2026-07-11T12:00:00
I03764,U0451,C071,quiz_passed,0.857,1.0,0.874,2026-07-11T14:00:00
I03765,U0451,C090,completed,0.873,1.0,0.804,2026-07-11T16:00:00
I03766,U0451,C010,completed,0.563,1.0,,2026-07-11T18:00:00
I03767,U0451,C076,quiz_passed,0.829,1.0,0.831,2026-07-11T20:00:00
I03768,U0451,C015,quiz_passed,0.891,1.0,0.829,2026-07-11T22:00:00
I03769,U0451,C006,disliked,0.117,0.09,,2026-07-12T00:00:00
I03770,U0452,C095,viewed,0.1,0.051,,2026-07-12T02:00:00
I03771,U0452,C098,quiz_passed,0.818,1.0,0.609,2026-07-12T04:00:00
I03772,U0452,C017,completed,0.461,1.0,,2026-07-12T06:00:00
I03773,U0452,C076,completed,0.525,1.0,,2026-07-12T08:00:00
I03774,U0452,C035,viewed,0.512,0.36,0.481,2026-07-12T10:00:00
I03775,U0452,C046,viewed,0.192,0.04,,2026-07-12T12:00:00
I03776,U0452,C061,quiz_passed,0.828,1.0,0.762,2026-07-12T14:00:00
I03777,U0453,C011,completed,0.525,1.0,,2026-07-12T16:00:00
I03778,U0453,C091,quiz_passed,0.894,1.0,0.796,2026-07-12T18:00:00
I03779,U0453,C010,completed,0.567,1.0,,2026-07-12T20:00:00
I03780,U0453,C066,viewed,0.418,0.22,0.451,2026-07-12T22:00:00
I03781,U0453,C046,completed,0.778,1.0,0.506,2026-07-13T00:00:00
I03782,U0453,C092,viewed,0.551,0.53,0.506,2026-07-13T02:00:00
I03783,U0453,C013,completed,0.558,1.0,,2026-07-13T04:00:00
I03784,U0453,C010,completed,0.488,1.0,,2026-07-13T06:00:00
I03785,U0453,C044,disliked,0.092,0.03,,2026-07-13T08:00:00
I03786,U0453,C062,completed,0.472,1.0,,2026-07-13T10:00:00
I03787,U0453,C073,quiz_passed,0.833,1.0,0.756,2026-07-13T12:00:00
I03788,U0453,C046,completed,0.695,1.0,0.47,2026-07-13T14:00:00
I03789,U0453,C028,completed,0.78,1.0,0.759,2026-07-13T16:00:00
I03790,U0453,C028,quiz_passed,0.776,1.0,0.769,2026-07-13T18:00:00
I03791,U0454,C030,quiz_passed,0.835,1.0,0.679,2026-07-13T20:00:00
I03792,U0454,C098,completed,0.71,1.0,0.516,2026-07-13T22:00:00
I03793,U0454,C066,quiz_passed,0.759,1.0,0.647,2026-07-14T00:00:00
I03794,U0454,C015,viewed,0.116,0.025,,2026-07-14T02:00:00
I03795,U0454,C095,disliked,0.225,0.05,0.271,2026-07-14T04:00:00
I03796,U0454,C091,viewed,0.213,0.073,,2026-07-14T06:00:00
I03797,U0454,C048,quiz_passed,0.813,1.0,0.672,2026-07-14T08:00:00
I03798,U0454,C099,viewed,0.431,0.49,0.225,2026-07-14T10:00:00
I03799,U0454,C067,completed,0.539,1.0,,2026-07-14T12:00:00
I03800,U0454,C076,viewed,0.321,0.21,0.335,2026-07-14T14:00:00
I03801,U0454,C090,completed,0.737,1.0,0.446,2026-07-14T16:00:00
I03802,U0454,C091,viewed,0.248,0.09,,2026-07-14T18:00:00
I03803,U0454,C063,completed,0.795,1.0,0.584,2026-07-14T20:00:00
I03804,U0454,C089,viewed,0.225,0.062,,2026-07-14T22:00:00
I03805,U0455,C009,quiz_passed,0.884,1.0,0.791,2026-07-15T00:00:00
I03806,U0455,C099,viewed,0.167,0.086,,2026-07-15T02:00:00
I03807,U0455,C029,completed,0.838,1.0,0.739,2026-07-15T04:00:00
I03808,U0455,C099,viewed,0.382,0.68,,2026-07-15T06:00:00
I03809,U0455,C067,quiz_passed,0.854,1.0,0.797,2026-07-15T08:00:00
I03810,U0455,C064,completed,0.519,1.0,,2026-07-15T10:00:00
I03811,U0455,C071,disliked,0.407,0.02,0.583,2026-07-15T12:00:00
I03812,U0455,C010,viewed,0.161,0.036,,2026-07-15T14:00:00
I03813,U0456,C050,completed,0.556,1.0,,2026-07-15T16:00:00
I03814,U0456,C015,viewed,0.237,0.42,,2026-07-15T18:00:00
I03815,U0456,C013,viewed,0.119,0.044,,2026-07-15T20:00:00
I03816,U0456,C048,completed,0.512,1.0,,2026-07-15T22:00:00
I03817,U0456,C049,viewed,0.198,0.046,,2026-07-16T00:00:00
I03818,U0456,C058,completed,0.47,1.0,,2026-07-16T02:00:00
I03819,U0456,C067,completed,0.53,1.0,,2026-07-16T04:00:00
I03820,U0456,C050,disliked,0.349,0.11,0.38,2026-07-16T06:00:00
I03821,U0456,C091,viewed,0.302,0.48,,2026-07-16T08:00:00
I03822,U0456,C005,completed,0.698,1.0,0.536,2026-07-16T10:00:00
I03823,U0456,C047,completed,0.572,1.0,,2026-07-16T12:00:00
I03824,U0457,C006,quiz_passed,0.862,1.0,0.728,2026-07-16T14:00:00
I03825,U0457,C073,viewed,0.398,0.22,0.51,2026-07-16T16:00:00
I03826,U0457,C098,viewed,0.178,0.028,,2026-07-16T18:00:00
I03827,U0457,C095,viewed,0.2,0.085,,2026-07-16T20:00:00
I03828,U0457,C003,quiz_passed,0.814,1.0,0.808,2026-07-16T22:00:00
I03829,U0457,C066,completed,0.578,1.0,,2026-07-17T00:00:00
I03830,U0457,C043,quiz_passed,0.867,1.0,0.736,2026-07-17T02:00:00
I03831,U0458,C076,completed,0.479,1.0,,2026-07-17T04:00:00
I03832,U0458,C054,completed,0.523,1.0,,2026-07-17T06:00:00
I03833,U0458,C067,quiz_passed,0.799,1.0,0.813,2026-07-17T08:00:00
I03834,U0458,C097,completed,0.573,1.0,,2026-07-17T10:00:00
I03835,U0458,C074,completed,0.514,1.0,,2026-07-17T12:00:00
I03836,U0458,C046,viewed,0.304,0.34,,2026-07-17T14:00:00
I03837,U0458,C005,completed,0.871,1.0,0.771,2026-07-17T16:00:00
I03838,U0458,C013,quiz_passed,0.812,1.0,0.713,2026-07-17T18:00:00
I03839,U0458,C054,quiz_passed,0.883,1.0,0.882,2026-07-17T20:00:00
I03840,U0458,C062,quiz_passed,0.819,1.0,0.856,2026-07-17T22:00:00
I03841,U0458,C067,disliked,0.226,0.17,,2026-07-18T00:00:00
I03842,U0458,C051,completed,0.482,1.0,,2026-07-18T02:00:00
I03843,U0458,C028,quiz_passed,0.812,1.0,0.846,2026-07-18T04:00:00
I03844,U0459,C029,completed,0.543,1.0,,2026-07-18T06:00:00
I03845,U0459,C001,quiz_passed,0.795,1.0,0.769,2026-07-18T08:00:00
I03846,U0460,C029,viewed,0.206,0.074,,2026-07-18T10:00:00
I03847,U0460,C099,viewed,0.142,0.039,,2026-07-18T12:00:00
I03848,U0460,C057,viewed,0.464,0.66,0.338,2026-07-18T14:00:00
I03849,U0460,C054,completed,0.756,1.0,0.59,2026-07-18T16:00:00
I03850,U0460,C065,quiz_passed,0.754,1.0,0.631,2026-07-18T18:00:00
I03851,U0460,C062,completed,0.768,1.0,0.564,2026-07-18T20:00:00
I03852,U0460,C091,completed,0.745,1.0,0.59,2026-07-18T22:00:00
I03853,U0460,C054,quiz_passed,0.785,1.0,0.617,2026-07-19T00:00:00
I03854,U0460,C091,completed,0.508,1.0,,2026-07-19T02:00:00
I03855,U0460,C047,quiz_passed,0.761,1.0,0.625,2026-07-19T04:00:00
I03856,U0461,C028,completed,0.526,1.0,,2026-07-19T06:00:00
I03857,U0461,C025,completed,0.479,1.0,,2026-07-19T08:00:00
I03858,U0461,C082,completed,0.555,1.0,,2026-07-19T10:00:00
I03859,U0461,C017,completed,0.779,1.0,0.588,2026-07-19T12:00:00
I03860,U0461,C018,completed,0.742,1.0,0.664,2026-07-19T14:00:00
I03861,U0462,C082,completed,0.83,1.0,0.762,2026-07-19T16:00:00
I03862,U0462,C095,completed,0.724,1.0,0.564,2026-07-19T18:00:00
I03863,U0462,C048,completed,0.473,1.0,,2026-07-19T20:00:00
I03864,U0462,C025,completed,0.502,1.0,,2026-07-19T22:00:00
I03865,U0463,C095,viewed,0.288,0.099,,2026-07-20T00:00:00
I03866,U0463,C067,completed,0.539,1.0,,2026-07-20T02:00:00
I03867,U0463,C091,completed,0.735,1.0,0.629,2026-07-20T04:00:00
I03868,U0463,C062,viewed,0.445,0.51,0.353,2026-07-20T06:00:00
I03869,U0463,C064,disliked,0.233,0.16,,2026-07-20T08:00:00
I03870,U0463,C049,viewed,0.166,0.057,,2026-07-20T10:00:00
I03871,U0463,C009,completed,0.526,1.0,,2026-07-20T12:00:00
I03872,U0463,C063,viewed,0.233,0.3,,2026-07-20T14:00:00
I03873,U0463,C016,quiz_passed,0.729,1.0,0.659,2026-07-20T16:00:00
I03874,U0463,C044,viewed,0.165,0.044,,2026-07-20T18:00:00
I03875,U0463,C074,viewed,0.268,0.014,,2026-07-20T20:00:00
I03876,U0464,C017,completed,0.718,1.0,0.597,2026-07-20T22:00:00
I03877,U0464,C096,disliked,0.29,0.12,0.259,2026-07-21T00:00:00
I03878,U0464,C095,completed,0.672,1.0,0.481,2026-07-21T02:00:00
I03879,U0464,C095,viewed,0.288,0.013,,2026-07-21T04:00:00
I03880,U0464,C064,disliked,0.152,0.01,,2026-07-21T06:00:00
I03881,U0464,C098,completed,0.712,1.0,0.524,2026-07-21T08:00:00
I03882,U0464,C098,viewed,0.101,0.058,,2026-07-21T10:00:00
I03883,U0464,C030,quiz_passed,0.733,1.0,0.604,2026-07-21T12:00:00
I03884,U0464,C016,viewed,0.271,0.065,,2026-07-21T14:00:00
I03885,U0465,C071,quiz_passed,0.823,1.0,0.799,2026-07-21T16:00:00
I03886,U0465,C053,quiz_passed,0.896,1.0,0.802,2026-07-21T18:00:00
I03887,U0465,C044,completed,0.707,1.0,0.57,2026-07-21T20:00:00
I03888,U0465,C018,completed,0.467,1.0,,2026-07-21T22:00:00
I03889,U0465,C098,viewed,0.292,0.076,,2026-07-22T00:00:00
I03890,U0465,C081,quiz_passed,0.806,1.0,0.633,2026-07-22T02:00:00
I03891,U0465,C025,quiz_passed,0.858,1.0,0.783,2026-07-22T04:00:00
I03892,U0465,C092,completed,0.465,1.0,,2026-07-22T06:00:00
I03893,U0465,C028,viewed,0.153,0.028,,2026-07-22T08:00:00
I03894,U0465,C092,completed,0.518,1.0,,2026-07-22T10:00:00
I03895,U0465,C045,quiz_passed,0.728,1.0,0.632,2026-07-22T12:00:00
I03896,U0465,C048,quiz_passed,0.817,1.0,0.798,2026-07-22T14:00:00
I03897,U0466,C096,completed,0.499,1.0,,2026-07-22T16:00:00
I03898,U0466,C015,completed,0.561,1.0,,2026-07-22T18:00:00
I03899,U0467,C091,completed,0.816,1.0,0.815,2026-07-22T20:00:00
I03900,U0467,C061,completed,0.478,1.0,,2026-07-22T22:00:00
I03901,U0467,C062,quiz_passed,0.831,1.0,0.87,2026-07-23T00:00:00
I03902,U0468,C095,completed,0.734,1.0,0.599,2026-07-23T02:00:00
I03903,U0468,C096,quiz_passed,0.816,1.0,0.627,2026-07-23T04:00:00
I03904,U0468,C095,completed,0.478,1.0,,2026-07-23T06:00:00
I03905,U0468,C071,quiz_passed,0.885,1.0,0.795,2026-07-23T08:00:00
I03906,U0469,C067,viewed,0.57,0.69,0.353,2026-07-23T10:00:00
I03907,U0469,C016,quiz_passed,0.776,1.0,0.632,2026-07-23T12:00:00
I03908,U0469,C053,completed,0.77,1.0,0.592,2026-07-23T14:00:00
I03909,U0469,C029,disliked,0.347,0.12,0.43,2026-07-23T16:00:00
I03910,U0469,C047,quiz_passed,0.811,1.0,0.603,2026-07-23T18:00:00
I03911,U0469,C082,quiz_passed,0.712,1.0,0.605,2026-07-23T20:00:00
I03912,U0469,C013,completed,0.472,1.0,,2026-07-23T22:00:00
I03913,U0469,C003,completed,0.536,1.0,,2026-07-24T00:00:00
I03914,U0470,C028,quiz_passed,0.798,1.0,0.686,2026-07-24T02:00:00
I03915,U0470,C064,viewed,0.285,0.02,,2026-07-24T04:00:00
I03916,U0470,C016,quiz_passed,0.835,1.0,0.683,2026-07-24T06:00:00
I03917,U0470,C016,completed,0.5,1.0,,2026-07-24T08:00:00
I03918,U0470,C003,completed,0.786,1.0,0.621,2026-07-24T10:00:00
I03919,U0470,C081,viewed,0.282,0.029,,2026-07-24T12:00:00
I03920,U0470,C011,viewed,0.296,0.062,,2026-07-24T14:00:00
I03921,U0470,C001,completed,0.551,1.0,,2026-07-24T16:00:00
I03922,U0470,C081,completed,0.551,1.0,,2026-07-24T18:00:00
I03923,U0470,C029,disliked,0.159,0.19,,2026-07-24T20:00:00
I03924,U0470,C043,completed,0.555,1.0,,2026-07-24T22:00:00
I03925,U0470,C096,disliked,0.209,0.16,0.204,2026-07-25T00:00:00
I03926,U0470,C005,completed,0.557,1.0,,2026-07-25T02:00:00
I03927,U0471,C098,completed,0.468,1.0,,2026-07-25T04:00:00
I03928,U0471,C048,completed,0.813,1.0,0.681,2026-07-25T06:00:00
I03929,U0471,C025,completed,0.828,1.0,0.656,2026-07-25T08:00:00
I03930,U0471,C098,completed,0.477,1.0,,2026-07-25T10:00:00
I03931,U0472,C029,viewed,0.343,0.68,,2026-07-25T12:00:00
I03932,U0472,C095,viewed,0.186,0.048,,2026-07-25T14:00:00
I03933,U0472,C097,viewed,0.229,0.003,,2026-07-25T16:00:00
I03934,U0472,C096,viewed,0.3,0.31,0.199,2026-07-25T18:00:00
I03935,U0472,C048,completed,0.71,1.0,0.611,2026-07-25T20:00:00
I03936,U0472,C049,viewed,0.147,0.036,,2026-07-25T22:00:00
I03937,U0472,C057,completed,0.558,1.0,,2026-07-26T00:00:00
I03938,U0472,C082,completed,0.476,1.0,,2026-07-26T02:00:00
I03939,U0472,C063,viewed,0.121,0.014,,2026-07-26T04:00:00
I03940,U0472,C043,viewed,0.204,0.027,,2026-07-26T06:00:00
I03941,U0472,C098,disliked,0.338,0.13,0.299,2026-07-26T08:00:00
I03942,U0472,C025,completed,0.786,1.0,0.589,2026-07-26T10:00:00
I03943,U0472,C099,completed,0.549,1.0,,2026-07-26T12:00:00
I03944,U0472,C098,completed,0.637,1.0,0.393,2026-07-26T14:00:00
I03945,U0472,C096,viewed,0.229,0.034,,2026-07-26T16:00:00
I03946,U0473,C073,completed,0.556,1.0,,2026-07-26T18:00:00
I03947,U0473,C095,disliked,0.22,0.11,,2026-07-26T20:00:00
I03948,U0473,C096,viewed,0.445,0.6,0.287,2026-07-26T22:00:00
I03949,U0473,C096,disliked,0.199,0.06,0.266,2026-07-27T00:00:00
I03950,U0473,C071,viewed,0.404,0.4,0.436,2026-07-27T02:00:00
I03951,U0473,C081,viewed,0.25,0.037,,2026-07-27T04:00:00
I03952,U0473,C016,quiz_passed,0.785,1.0,0.608,2026-07-27T06:00:00
I03953,U0473,C092,disliked,0.269,0.06,0.312,2026-07-27T08:00:00
I03954,U0474,C096,completed,0.724,1.0,0.588,2026-07-27T10:00:00
I03955,U0474,C071,viewed,0.156,0.041,,2026-07-27T12:00:00
I03956,U0474,C065,quiz_passed,0.772,1.0,0.774,2026-07-27T14:00:00
I03957,U0474,C003,quiz_passed,0.774,1.0,0.733,2026-07-27T16:00:00
I03958,U0474,C090,quiz_passed,0.765,1.0,0.624,2026-07-27T18:00:00
I03959,U0474,C017,quiz_passed,0.789,1.0,0.762,2026-07-27T20:00:00
I03960,U0474,C010,completed,0.731,1.0,0.588,2026-07-27T22:00:00
I03961,U0475,C092,viewed,0.112,0.033,,2026-07-28T00:00:00
I03962,U0475,C047,completed,0.507,1.0,,2026-07-28T02:00:00
I03963,U0476,C043,viewed,0.426,0.27,0.365,2026-07-28T04:00:00
I03964,U0476,C016,completed,0.69,1.0,0.568,2026-07-28T06:00:00
I03965,U0476,C061,completed,0.553,1.0,,2026-07-28T08:00:00
I03966,U0476,C054,completed,0.75,1.0,0.564,2026-07-28T10:00:00
I03967,U0476,C065,quiz_passed,0.832,1.0,0.669,2026-07-28T12:00:00
I03968,U0476,C061,viewed,0.524,0.7,0.438,2026-07-28T14:00:00
I03969,U0476,C010,completed,0.759,1.0,0.513,2026-07-28T16:00:00
I03970,U0476,C091,completed,0.751,1.0,0.701,2026-07-28T18:00:00
I03971,U0476,C005,viewed,0.142,0.057,,2026-07-28T20:00:00
I03972,U0476,C090,viewed,0.115,0.094,,2026-07-28T22:00:00
I03973,U0476,C015,viewed,0.187,0.082,,2026-07-29T00:00:00
I03974,U0476,C074,completed,0.559,1.0,,2026-07-29T02:00:00
I03975,U0476,C061,quiz_passed,0.808,1.0,0.624,2026-07-29T04:00:00
I03976,U0476,C010,viewed,0.101,0.012,,2026-07-29T06:00:00
I03977,U0476,C065,quiz_passed,0.839,1.0,0.657,2026-07-29T08:00:00
I03978,U0477,C030,viewed,0.325,0.21,0.394,2026-07-29T10:00:00
I03979,U0477,C051,viewed,0.251,0.027,,2026-07-29T12:00:00
I03980,U0477,C099,viewed,0.203,0.29,,2026-07-29T14:00:00
I03981,U0477,C082,completed,0.537,1.0,,2026-07-29T16:00:00
I03982,U0477,C054,completed,0.48,1.0,,2026-07-29T18:00:00
I03983,U0477,C099,viewed,0.199,0.091,,2026-07-29T20:00:00
I03984,U0477,C042,completed,0.573,1.0,,2026-07-29T22:00:00
I03985,U0477,C073,quiz_passed,0.782,1.0,0.665,2026-07-30T00:00:00
I03986,U0477,C042,viewed,0.159,0.006,,2026-07-30T02:00:00
I03987,U0477,C099,viewed,0.129,0.046,,2026-07-30T04:00:00
I03988,U0477,C043,completed,0.545,1.0,,2026-07-30T06:00:00
I03989,U0478,C076,quiz_passed,0.833,1.0,0.676,2026-07-30T08:00:00
I03990,U0478,C005,completed,0.676,1.0,0.434,2026-07-30T10:00:00
I03991,U0478,C005,completed,0.554,1.0,,2026-07-30T12:00:00
I03992,U0478,C090,viewed,0.325,0.26,0.243,2026-07-30T14:00:00
I03993,U0478,C081,completed,0.679,1.0,0.44,2026-07-30T16:00:00
I03994,U0478,C071,completed,0.824,1.0,0.632,2026-07-30T18:00:00
I03995,U0479,C048,disliked,0.17,0.1,,2026-07-30T20:00:00
I03996,U0479,C066,quiz_passed,0.79,1.0,0.632,2026-07-30T22:00:00
I03997,U0479,C063,quiz_passed,0.759,1.0,0.669,2026-07-31T00:00:00
I03998,U0479,C001,viewed,0.287,0.084,,2026-07-31T02:00:00
I03999,U0479,C066,viewed,0.107,0.098,,2026-07-31T04:00:00
I04000,U0480,C001,viewed,0.143,0.058,,2026-07-31T06:00:00
I04001,U0480,C096,completed,0.713,1.0,0.487,2026-07-31T08:00:00
I04002,U0480,C054,completed,0.547,1.0,,2026-07-31T10:00:00
I04003,U0480,C099,completed,0.576,1.0,,2026-07-31T12:00:00
I04004,U0480,C061,completed,0.46,1.0,,2026-07-31T14:00:00
I04005,U0480,C090,completed,0.677,1.0,0.421,2026-07-31T16:00:00
I04006,U0480,C050,completed,0.745,1.0,0.662,2026-07-31T18:00:00
I04007,U0480,C090,completed,0.7,1.0,0.417,2026-07-31T20:00:00
I04008,U0480,C042,viewed,0.125,0.068,,2026-07-31T22:00:00
I04009,U0480,C048,quiz_passed,0.801,1.0,0.687,2026-08-01T00:00:00
I04010,U0480,C001,disliked,0.332,0.11,0.324,2026-08-01T02:00:00
I04011,U0481,C025,quiz_passed,0.781,1.0,0.705,2026-08-01T04:00:00
I04012,U0481,C071,completed,0.826,1.0,0.718,2026-08-01T06:00:00
I04013,U0481,C046,viewed,0.222,0.23,,2026-08-01T08:00:00
I04014,U0481,C042,completed,0.783,1.0,0.754,2026-08-01T10:00:00
I04015,U0481,C044,quiz_passed,0.776,1.0,0.687,2026-08-01T12:00:00
I04016,U0482,C006,quiz_passed,0.899,1.0,0.827,2026-08-01T14:00:00
I04017,U0482,C098,viewed,0.44,0.28,0.52,2026-08-01T16:00:00
I04018,U0482,C050,completed,0.54,1.0,,2026-08-01T18:00:00
I04019,U0482,C044,completed,0.783,1.0,0.791,2026-08-01T20:00:00
I04020,U0482,C099,quiz_passed,0.834,1.0,0.708,2026-08-01T22:00:00
I04021,U0483,C061,quiz_passed,0.747,1.0,0.629,2026-08-02T00:00:00
I04022,U0483,C030,quiz_passed,0.752,1.0,0.637,2026-08-02T02:00:00
I04023,U0483,C057,quiz_passed,0.832,1.0,0.647,2026-08-02T04:00:00
I04024,U0483,C064,quiz_passed,0.819,1.0,0.608,2026-08-02T06:00:00
I04025,U0483,C043,quiz_passed,0.715,1.0,0.618,2026-08-02T08:00:00
I04026,U0483,C050,viewed,0.363,0.52,,2026-08-02T10:00:00
I04027,U0483,C074,completed,0.789,1.0,0.56,2026-08-02T12:00:00
I04028,U0483,C048,viewed,0.369,0.63,,2026-08-02T14:00:00
I04029,U0483,C053,completed,0.505,1.0,,2026-08-02T16:00:00
I04030,U0483,C030,completed,0.575,1.0,,2026-08-02T18:00:00
I04031,U0483,C028,viewed,0.156,0.026,,2026-08-02T20:00:00
I04032,U0483,C003,viewed,0.29,0.3,,2026-08-02T22:00:00
I04033,U0484,C050,viewed,0.244,0.092,,2026-08-03T00:00:00
I04034,U0484,C002,quiz_passed,0.86,1.0,0.813,2026-08-03T02:00:00
I04035,U0484,C054,completed,0.499,1.0,,2026-08-03T04:00:00
I04036,U0484,C018,viewed,0.183,0.23,,2026-08-03T06:00:00
I04037,U0484,C013,quiz_passed,0.86,1.0,0.793,2026-08-03T08:00:00
I04038,U0484,C073,quiz_passed,0.613,0.45,0.657,2026-08-03T10:00:00
I04039,U0484,C015,quiz_passed,0.916,1.0,0.848,2026-08-03T12:00:00
I04040,U0485,C076,completed,0.572,1.0,,2026-08-03T14:00:00
I04041,U0485,C067,quiz_passed,0.825,1.0,0.789,2026-08-03T16:00:00
I04042,U0485,C073,completed,0.544,1.0,,2026-08-03T18:00:00
I04043,U0485,C066,viewed,0.301,0.4,,2026-08-03T20:00:00
I04044,U0485,C073,completed,0.555,1.0,,2026-08-03T22:00:00
I04045,U0485,C035,quiz_passed,0.793,1.0,0.687,2026-08-04T00:00:00
I04046,U0485,C069,completed,0.741,1.0,0.582,2026-08-04T02:00:00
I04047,U0485,C065,viewed,0.519,0.47,0.57,2026-08-04T04:00:00
I04048,U0485,C097,disliked,0.414,0.15,0.487,2026-08-04T06:00:00
I04049,U0485,C025,completed,0.571,1.0,,2026-08-04T08:00:00
I04050,U0485,C046,viewed,0.225,0.046,,2026-08-04T10:00:00
I04051,U0485,C079,viewed,0.221,0.084,,2026-08-04T12:00:00
I04052,U0485,C076,completed,0.495,1.0,,2026-08-04T14:00:00
I04053,U0485,C041,completed,0.51,1.0,,2026-08-04T16:00:00
I04054,U0486,C048,viewed,0.473,0.51,0.315,2026-08-04T18:00:00
I04055,U0486,C057,viewed,0.377,0.65,,2026-08-04T20:00:00
I04056,U0487,C016,quiz_passed,0.725,1.0,0.631,2026-08-04T22:00:00
I04057,U0487,C050,viewed,0.197,0.053,,2026-08-05T00:00:00
I04058,U0487,C005,viewed,0.235,0.08,,2026-08-05T02:00:00
I04059,U0487,C044,viewed,0.355,0.67,,2026-08-05T04:00:00
I04060,U0487,C071,viewed,0.179,0.035,,2026-08-05T06:00:00
I04061,U0487,C064,completed,0.778,1.0,0.605,2026-08-05T08:00:00
I04062,U0487,C050,viewed,0.4,0.58,,2026-08-05T10:00:00
I04063,U0487,C074,viewed,0.177,0.049,,2026-08-05T12:00:00
I04064,U0487,C058,completed,0.772,1.0,0.595,2026-08-05T14:00:00
I04065,U0487,C005,viewed,0.27,0.051,,2026-08-05T16:00:00
I04066,U0488,C072,quiz_passed,0.82,1.0,0.777,2026-08-05T18:00:00
I04067,U0488,C073,completed,0.539,1.0,,2026-08-05T20:00:00
I04068,U0488,C096,viewed,0.103,0.095,,2026-08-05T22:00:00
I04069,U0488,C092,completed,0.505,1.0,,2026-08-06T00:00:00
I04070,U0488,C003,completed,0.538,1.0,,2026-08-06T02:00:00
I04071,U0488,C066,viewed,0.279,0.004,,2026-08-06T04:00:00
I04072,U0488,C061,completed,0.501,1.0,,2026-08-06T06:00:00
I04073,U0488,C075,completed,0.732,1.0,0.608,2026-08-06T08:00:00
I04074,U0488,C046,viewed,0.102,0.084,,2026-08-06T10:00:00
I04075,U0488,C018,completed,0.47,1.0,,2026-08-06T12:00:00
I04076,U0488,C013,viewed,0.181,0.004,,2026-08-06T14:00:00
I04077,U0488,C066,quiz_passed,0.847,1.0,0.774,2026-08-06T16:00:00
I04078,U0488,C018,completed,0.576,1.0,,2026-08-06T18:00:00
I04079,U0489,C099,completed,0.768,1.0,0.566,2026-08-06T20:00:00
I04080,U0489,C073,viewed,0.157,0.061,,2026-08-06T22:00:00
I04081,U0489,C028,completed,0.792,1.0,0.734,2026-08-07T00:00:00
I04082,U0489,C095,viewed,0.118,0.046,,2026-08-07T02:00:00
I04083,U0489,C011,quiz_passed,0.792,1.0,0.781,2026-08-07T04:00:00
I04084,U0489,C064,quiz_passed,0.802,1.0,0.733,2026-08-07T06:00:00
I04085,U0489,C042,completed,0.823,1.0,0.794,2026-08-07T08:00:00
I04086,U0489,C095,viewed,0.287,0.03,,2026-08-07T10:00:00
I04087,U0489,C030,completed,0.506,1.0,,2026-08-07T12:00:00
I04088,U0489,C092,completed,0.543,1.0,,2026-08-07T14:00:00
I04089,U0489,C050,completed,0.575,1.0,,2026-08-07T16:00:00
I04090,U0489,C090,viewed,0.225,0.018,,2026-08-07T18:00:00
I04091,U0489,C081,completed,0.713,1.0,0.581,2026-08-07T20:00:00
I04092,U0489,C045,quiz_passed,0.753,1.0,0.601,2026-08-07T22:00:00
I04093,U0490,C047,completed,0.53,1.0,,2026-08-08T00:00:00
I04094,U0490,C073,quiz_passed,0.78,1.0,0.633,2026-08-08T02:00:00
I04095,U0490,C042,disliked,0.209,0.19,,2026-08-08T04:00:00
I04096,U0490,C051,quiz_passed,0.795,1.0,0.613,2026-08-08T06:00:00
I04097,U0490,C005,completed,0.65,1.0,0.433,2026-08-08T08:00:00
I04098,U0490,C062,quiz_passed,0.752,1.0,0.67,2026-08-08T10:00:00
I04099,U0490,C003,viewed,0.428,0.52,0.356,2026-08-08T12:00:00
I04100,U0490,C073,completed,0.499,1.0,,2026-08-08T14:00:00
I04101,U0490,C054,completed,0.688,1.0,0.57,2026-08-08T16:00:00
I04102,U0490,C047,viewed,0.405,0.66,,2026-08-08T18:00:00
I04103,U0490,C082,quiz_passed,0.729,1.0,0.655,2026-08-08T20:00:00
I04104,U0491,C096,disliked,0.222,0.05,0.245,2026-08-08T22:00:00
I04105,U0491,C062,viewed,0.278,0.099,,2026-08-09T00:00:00
I04106,U0491,C076,viewed,0.423,0.33,0.404,2026-08-09T02:00:00
I04107,U0492,C095,viewed,0.167,0.041,,2026-08-09T04:00:00
I04108,U0492,C054,completed,0.757,1.0,0.592,2026-08-09T06:00:00
I04109,U0492,C057,quiz_passed,0.789,1.0,0.616,2026-08-09T08:00:00
I04110,U0492,C006,completed,0.569,1.0,,2026-08-09T10:00:00
I04111,U0492,C095,viewed,0.253,0.087,,2026-08-09T12:00:00
I04112,U0492,C042,quiz_passed,0.751,1.0,0.615,2026-08-09T14:00:00
I04113,U0492,C076,completed,0.798,1.0,0.695,2026-08-09T16:00:00
I04114,U0492,C053,completed,0.481,1.0,,2026-08-09T18:00:00
I04115,U0492,C073,completed,0.505,1.0,,2026-08-09T20:00:00
I04116,U0493,C091,completed,0.75,1.0,0.573,2026-08-09T22:00:00
I04117,U0493,C001,quiz_passed,0.798,1.0,0.664,2026-08-10T00:00:00
I04118,U0493,C016,viewed,0.539,0.63,0.397,2026-08-10T02:00:00
I04119,U0493,C066,quiz_passed,0.777,1.0,0.666,2026-08-10T04:00:00
I04120,U0493,C010,viewed,0.312,0.24,0.252,2026-08-10T06:00:00
I04121,U0493,C011,quiz_passed,0.738,1.0,0.64,2026-08-10T08:00:00
I04122,U0493,C082,quiz_passed,0.809,1.0,0.681,2026-08-10T10:00:00
I04123,U0493,C057,quiz_passed,0.822,1.0,0.703,2026-08-10T12:00:00
I04124,U0493,C002,completed,0.777,1.0,0.695,2026-08-10T14:00:00
I04125,U0493,C095,viewed,0.29,0.54,,2026-08-10T16:00:00
I04126,U0493,C018,completed,0.546,1.0,,2026-08-10T18:00:00
I04127,U0493,C006,completed,0.816,1.0,0.669,2026-08-10T20:00:00
I04128,U0493,C064,quiz_passed,0.788,1.0,0.691,2026-08-10T22:00:00
I04129,U0493,C082,viewed,0.139,0.043,,2026-08-11T00:00:00
I04130,U0494,C018,quiz_passed,0.419,0.19,0.659,2026-08-11T02:00:00
I04131,U0494,C001,completed,0.551,1.0,,2026-08-11T04:00:00
I04132,U0494,C061,completed,0.537,1.0,,2026-08-11T06:00:00
I04133,U0494,C046,viewed,0.272,0.035,,2026-08-11T08:00:00
I04134,U0494,C051,completed,0.9,1.0,0.878,2026-08-11T10:00:00
I04135,U0494,C071,completed,0.574,1.0,,2026-08-11T12:00:00
I04136,U0494,C067,completed,0.496,1.0,,2026-08-11T14:00:00
I04137,U0494,C009,completed,0.496,1.0,,2026-08-11T16:00:00
I04138,U0495,C030,completed,0.522,1.0,,2026-08-11T18:00:00
I04139,U0495,C051,quiz_passed,0.847,1.0,0.774,2026-08-11T20:00:00
I04140,U0495,C050,completed,0.78,1.0,0.74,2026-08-11T22:00:00
I04141,U0495,C046,viewed,0.418,0.35,0.246,2026-08-12T00:00:00
I04142,U0495,C066,viewed,0.512,0.61,0.5,2026-08-12T02:00:00
I04143,U0495,C066,quiz_passed,0.838,1.0,0.726,2026-08-12T04:00:00
I04144,U0495,C065,quiz_passed,0.874,1.0,0.788,2026-08-12T06:00:00
I04145,U0496,C064,completed,0.576,1.0,,2026-08-12T08:00:00
I04146,U0496,C053,completed,0.734,1.0,0.66,2026-08-12T10:00:00
I04147,U0497,C054,disliked,0.228,0.15,,2026-08-12T12:00:00
I04148,U0497,C017,quiz_passed,0.745,1.0,0.604,2026-08-12T14:00:00
I04149,U0497,C098,completed,0.738,1.0,0.527,2026-08-12T16:00:00
I04150,U0497,C082,quiz_passed,0.817,1.0,0.67,2026-08-12T18:00:00
I04151,U0497,C015,viewed,0.48,0.54,0.323,2026-08-12T20:00:00
I04152,U0497,C009,completed,0.473,1.0,,2026-08-12T22:00:00
I04153,U0497,C044,viewed,0.434,0.65,,2026-08-13T00:00:00
I04154,U0497,C013,viewed,0.171,0.075,,2026-08-13T02:00:00
I04155,U0497,C064,viewed,0.167,0.038,,2026-08-13T04:00:00
I04156,U0497,C098,viewed,0.174,0.045,,2026-08-13T06:00:00
I04157,U0497,C075,completed,0.483,1.0,,2026-08-13T08:00:00
I04158,U0497,C009,viewed,0.18,0.066,,2026-08-13T10:00:00
I04159,U0497,C075,disliked,0.301,0.15,0.264,2026-08-13T12:00:00
I04160,U0498,C098,viewed,0.127,0.062,,2026-08-13T14:00:00
I04161,U0498,C030,quiz_passed,0.808,1.0,0.637,2026-08-13T16:00:00
I04162,U0498,C098,viewed,0.282,0.006,,2026-08-13T18:00:00
I04163,U0498,C018,completed,0.531,1.0,,2026-08-13T20:00:00
I04164,U0498,C098,viewed,0.3,0.046,,2026-08-13T22:00:00
I04165,U0498,C096,viewed,0.281,0.088,,2026-08-14T00:00:00
I04166,U0498,C096,viewed,0.167,0.072,,2026-08-14T02:00:00
I04167,U0499,C008,completed,0.84,1.0,0.885,2026-08-14T04:00:00
I04168,U0499,C049,completed,0.499,1.0,,2026-08-14T06:00:00
I04169,U0499,C096,viewed,0.117,0.03,,2026-08-14T08:00:00
I04170,U0499,C071,viewed,0.25,0.022,,2026-08-14T10:00:00
I04171,U0499,C073,viewed,0.289,0.059,,2026-08-14T12:00:00
I04172,U0499,C072,completed,0.567,1.0,,2026-08-14T14:00:00
I04173,U0499,C082,quiz_passed,0.799,1.0,0.829,2026-08-14T16:00:00
I04174,U0499,C095,completed,0.466,1.0,,2026-08-14T18:00:00
I04175,U0500,C050,completed,0.793,1.0,0.769,2026-08-14T20:00:00
I04176,U0500,C053,completed,0.86,1.0,0.784,2026-08-14T22:00:00
I04177,U0500,C088,completed,0.546,1.0,,2026-08-15T00:00:00
I04178,U0500,C046,completed,0.785,1.0,0.524,2026-08-15T02:00:00
I04179,U0500,C057,completed,0.57,1.0,,2026-08-15T04:00:00
I04180,U0500,C053,completed,0.521,1.0,,2026-08-15T06:00:00
I04181,U0500,C015,quiz_passed,0.755,1.0,0.705,2026-08-15T08:00:00
I04182,U0500,C074,viewed,0.114,0.044,,2026-08-15T10:00:00
I04183,U0500,C028,viewed,0.599,0.51,0.584,2026-08-15T12:00:00
I04184,U0500,C048,quiz_passed,0.767,1.0,0.763,2026-08-15T14:00:00
I04185,U0501,C071,quiz_passed,0.836,1.0,0.765,2026-08-15T16:00:00
I04186,U0501,C044,viewed,0.357,0.47,,2026-08-15T18:00:00
I04187,U0501,C058,viewed,0.196,0.059,,2026-08-15T20:00:00
I04188,U0501,C054,viewed,0.202,0.053,,2026-08-15T22:00:00
I04189,U0501,C092,completed,0.806,1.0,0.803,2026-08-16T00:00:00
I04190,U0501,C076,completed,0.781,1.0,0.724,2026-08-16T02:00:00
I04191,U0501,C082,viewed,0.268,0.018,,2026-08-16T04:00:00
I04192,U0501,C074,viewed,0.112,0.007,,2026-08-16T06:00:00
I04193,U0501,C010,viewed,0.278,0.029,,2026-08-16T08:00:00
I04194,U0502,C078,viewed,0.242,0.046,,2026-08-16T10:00:00
I04195,U0502,C001,completed,0.491,1.0,,2026-08-16T12:00:00
I04196,U0502,C010,viewed,0.252,0.086,,2026-08-16T14:00:00
I04197,U0502,C057,viewed,0.552,0.65,0.391,2026-08-16T16:00:00
I04198,U0502,C061,completed,0.476,1.0,,2026-08-16T18:00:00
I04199,U0502,C063,completed,0.722,1.0,0.61,2026-08-16T20:00:00
I04200,U0502,C015,disliked,0.167,0.08,,2026-08-16T22:00:00
I04201,U0503,C096,viewed,0.127,0.001,,2026-08-17T00:00:00
I04202,U0503,C099,completed,0.544,1.0,,2026-08-17T02:00:00
I04203,U0503,C091,completed,0.839,1.0,0.736,2026-08-17T04:00:00
I04204,U0503,C073,completed,0.506,1.0,,2026-08-17T06:00:00
I04205,U0503,C035,completed,0.517,1.0,,2026-08-17T08:00:00
I04206,U0504,C009,viewed,0.498,0.35,0.529,2026-08-17T10:00:00
I04207,U0504,C062,quiz_passed,0.842,1.0,0.791,2026-08-17T12:00:00
I04208,U0504,C067,completed,0.575,1.0,,2026-08-17T14:00:00
I04209,U0504,C096,completed,0.687,1.0,0.55,2026-08-17T16:00:00
I04210,U0504,C041,quiz_passed,0.714,1.0,0.628,2026-08-17T18:00:00
I04211,U0504,C097,viewed,0.446,0.21,0.509,2026-08-17T20:00:00
I04212,U0504,C088,completed,0.867,1.0,0.788,2026-08-17T22:00:00
I04213,U0505,C095,completed,0.498,1.0,,2026-08-18T00:00:00
I04214,U0505,C016,completed,0.463,1.0,,2026-08-18T02:00:00
I04215,U0505,C098,completed,0.509,1.0,,2026-08-18T04:00:00
I04216,U0505,C043,disliked,0.296,0.1,0.392,2026-08-18T06:00:00
I04217,U0505,C053,disliked,0.245,0.11,0.349,2026-08-18T08:00:00
I04218,U0505,C073,viewed,0.29,0.094,,2026-08-18T10:00:00
I04219,U0505,C065,quiz_passed,0.81,1.0,0.603,2026-08-18T12:00:00
I04220,U0505,C073,quiz_passed,0.808,1.0,0.685,2026-08-18T14:00:00
I04221,U0505,C073,completed,0.575,1.0,,2026-08-18T16:00:00
I04222,U0505,C050,viewed,0.32,0.23,0.333,2026-08-18T18:00:00
I04223,U0505,C003,quiz_passed,0.761,1.0,0.665,2026-08-18T20:00:00
I04224,U0505,C028,quiz_passed,0.787,1.0,0.637,2026-08-18T22:00:00
I04225,U0505,C091,completed,0.553,1.0,,2026-08-19T00:00:00
I04226,U0506,C042,viewed,0.237,0.069,,2026-08-19T02:00:00
I04227,U0506,C065,completed,0.467,1.0,,2026-08-19T04:00:00
I04228,U0506,C001,quiz_passed,0.882,1.0,0.85,2026-08-19T06:00:00
I04229,U0506,C006,quiz_passed,0.902,1.0,0.845,2026-08-19T08:00:00
I04230,U0506,C064,quiz_passed,0.607,0.59,0.683,2026-08-19T10:00:00
I04231,U0506,C005,completed,0.528,1.0,,2026-08-19T12:00:00
I04232,U0506,C043,quiz_passed,0.831,1.0,0.883,2026-08-19T14:00:00
I04233,U0506,C067,quiz_passed,0.818,1.0,0.848,2026-08-19T16:00:00
I04234,U0506,C067,quiz_passed,0.905,1.0,0.831,2026-08-19T18:00:00
I04235,U0506,C054,completed,0.912,1.0,0.846,2026-08-19T20:00:00
I04236,U0506,C065,completed,0.467,1.0,,2026-08-19T22:00:00
I04237,U0506,C066,quiz_passed,0.818,1.0,0.881,2026-08-20T00:00:00
I04238,U0506,C076,completed,0.537,1.0,,2026-08-20T02:00:00
I04239,U0506,C057,quiz_passed,0.922,1.0,0.884,2026-08-20T04:00:00
I04240,U0506,C016,completed,0.815,1.0,0.823,2026-08-20T06:00:00
I04241,U0507,C064,completed,0.487,1.0,,2026-08-20T08:00:00
I04242,U0507,C098,viewed,0.102,0.078,,2026-08-20T10:00:00
I04243,U0507,C095,viewed,0.451,0.31,0.377,2026-08-20T12:00:00
I04244,U0507,C095,viewed,0.37,0.59,,2026-08-20T14:00:00
I04245,U0508,C095,viewed,0.131,0.034,,2026-08-20T16:00:00
I04246,U0508,C050,quiz_passed,0.759,1.0,0.743,2026-08-20T18:00:00
I04247,U0508,C095,disliked,0.325,0.17,0.371,2026-08-20T20:00:00
I04248,U0508,C091,completed,0.516,1.0,,2026-08-20T22:00:00
I04249,U0508,C010,disliked,0.174,0.07,,2026-08-21T00:00:00
I04250,U0508,C096,completed,0.502,1.0,,2026-08-21T02:00:00
I04251,U0508,C046,viewed,0.225,0.3,,2026-08-21T04:00:00
I04252,U0508,C071,viewed,0.111,0.092,,2026-08-21T06:00:00
I04253,U0508,C003,quiz_passed,0.844,1.0,0.758,2026-08-21T08:00:00
I04254,U0508,C074,viewed,0.189,0.017,,2026-08-21T10:00:00
I04255,U0508,C018,completed,0.506,1.0,,2026-08-21T12:00:00
I04256,U0508,C005,quiz_passed,0.791,1.0,0.623,2026-08-21T14:00:00
I04257,U0508,C071,completed,0.794,1.0,0.737,2026-08-21T16:00:00
I04258,U0508,C046,viewed,0.273,0.055,,2026-08-21T18:00:00
I04259,U0509,C099,completed,0.757,1.0,0.516,2026-08-21T20:00:00
I04260,U0509,C076,quiz_passed,0.75,1.0,0.651,2026-08-21T22:00:00
I04261,U0509,C065,completed,0.481,1.0,,2026-08-22T00:00:00
I04262,U0509,C030,viewed,0.222,0.003,,2026-08-22T02:00:00
I04263,U0509,C064,completed,0.548,1.0,,2026-08-22T04:00:00
I04264,U0510,C015,completed,0.564,1.0,,2026-08-22T06:00:00
I04265,U0510,C013,completed,0.52,1.0,,2026-08-22T08:00:00
I04266,U0510,C045,viewed,0.143,0.02,,2026-08-22T10:00:00
I04267,U0510,C001,disliked,0.316,0.1,0.369,2026-08-22T12:00:00
I04268,U0510,C081,viewed,0.226,0.01,,2026-08-22T14:00:00
I04269,U0510,C010,disliked,0.086,0.01,,2026-08-22T16:00:00
I04270,U0510,C002,completed,0.565,1.0,,2026-08-22T18:00:00
I04271,U0510,C074,completed,0.699,1.0,0.458,2026-08-22T20:00:00
I04272,U0510,C066,quiz_passed,0.799,1.0,0.64,2026-08-22T22:00:00
I04273,U0510,C003,viewed,0.266,0.51,,2026-08-23T00:00:00
I04274,U0510,C096,viewed,0.147,0.01,,2026-08-23T02:00:00
I04275,U0510,C092,viewed,0.192,0.048,,2026-08-23T04:00:00
I04276,U0510,C061,completed,0.514,1.0,,2026-08-23T06:00:00
I04277,U0510,C057,quiz_passed,0.81,1.0,0.694,2026-08-23T08:00:00
I04278,U0511,C095,completed,0.663,1.0,0.428,2026-08-23T10:00:00
I04279,U0511,C095,completed,0.687,1.0,0.419,2026-08-23T12:00:00
I04280,U0511,C073,quiz_passed,0.833,1.0,0.684,2026-08-23T14:00:00
I04281,U0511,C082,disliked,0.368,0.14,0.346,2026-08-23T16:00:00
I04282,U0511,C096,completed,0.518,1.0,,2026-08-23T18:00:00
I04283,U0511,C017,viewed,0.257,0.049,,2026-08-23T20:00:00
I04284,U0511,C071,completed,0.543,1.0,,2026-08-23T22:00:00
I04285,U0512,C076,viewed,0.339,0.41,,2026-08-24T00:00:00
I04286,U0512,C018,completed,0.534,1.0,,2026-08-24T02:00:00
I04287,U0512,C072,viewed,0.429,0.38,0.332,2026-08-24T04:00:00
I04288,U0512,C013,viewed,0.243,0.073,,2026-08-24T06:00:00
I04289,U0512,C043,disliked,0.203,0.13,,2026-08-24T08:00:00
I04290,U0512,C073,viewed,0.279,0.096,,2026-08-24T10:00:00
I04291,U0512,C006,completed,0.816,1.0,0.628,2026-08-24T12:00:00
I04292,U0512,C005,completed,0.487,1.0,,2026-08-24T14:00:00
I04293,U0512,C044,viewed,0.396,0.69,,2026-08-24T16:00:00
I04294,U0513,C015,completed,0.508,1.0,,2026-08-24T18:00:00
I04295,U0513,C092,viewed,0.224,0.36,,2026-08-24T20:00:00
I04296,U0513,C096,viewed,0.159,0.058,,2026-08-24T22:00:00
I04297,U0513,C053,quiz_passed,0.81,1.0,0.61,2026-08-25T00:00:00
I04298,U0513,C013,viewed,0.108,0.052,,2026-08-25T02:00:00
I04299,U0513,C050,disliked,0.189,0.12,,2026-08-25T04:00:00
I04300,U0513,C099,viewed,0.508,0.7,0.272,2026-08-25T06:00:00
I04301,U0514,C099,completed,0.553,1.0,,2026-08-25T08:00:00
I04302,U0514,C008,completed,0.546,1.0,,2026-08-25T10:00:00
I04303,U0514,C015,completed,0.543,1.0,,2026-08-25T12:00:00
I04304,U0514,C095,disliked,0.231,0.16,0.261,2026-08-25T14:00:00
I04305,U0514,C015,viewed,0.37,0.51,,2026-08-25T16:00:00
I04306,U0514,C048,viewed,0.281,0.081,,2026-08-25T18:00:00
I04307,U0514,C058,completed,0.523,1.0,,2026-08-25T20:00:00
I04308,U0514,C053,viewed,0.187,0.29,,2026-08-25T22:00:00
I04309,U0514,C058,viewed,0.518,0.57,0.406,2026-08-26T00:00:00
I04310,U0515,C098,completed,0.708,1.0,0.502,2026-08-26T02:00:00
I04311,U0515,C054,completed,0.53,1.0,,2026-08-26T04:00:00
I04312,U0515,C096,completed,0.485,1.0,,2026-08-26T06:00:00
I04313,U0515,C002,viewed,0.275,0.046,,2026-08-26T08:00:00
I04314,U0515,C053,completed,0.531,1.0,,2026-08-26T10:00:00
I04315,U0515,C017,completed,0.48,1.0,,2026-08-26T12:00:00
I04316,U0515,C053,completed,0.56,1.0,,2026-08-26T14:00:00
I04317,U0515,C048,viewed,0.123,0.04,,2026-08-26T16:00:00
I04318,U0515,C001,viewed,0.476,0.54,0.311,2026-08-26T18:00:00
I04319,U0515,C043,completed,0.572,1.0,,2026-08-26T20:00:00
I04320,U0515,C067,completed,0.525,1.0,,2026-08-26T22:00:00
I04321,U0515,C045,completed,0.53,1.0,,2026-08-27T00:00:00
I04322,U0515,C091,viewed,0.176,0.025,,2026-08-27T02:00:00
I04323,U0515,C030,completed,0.812,1.0,0.652,2026-08-27T04:00:00
I04324,U0515,C018,viewed,0.318,0.58,,2026-08-27T06:00:00
I04325,U0516,C043,quiz_passed,0.903,1.0,0.81,2026-08-27T08:00:00
I04326,U0516,C078,viewed,0.291,0.055,,2026-08-27T10:00:00
I04327,U0516,C075,viewed,0.438,0.46,0.402,2026-08-27T12:00:00
I04328,U0517,C073,viewed,0.168,0.049,,2026-08-27T14:00:00
I04329,U0517,C098,viewed,0.345,0.43,,2026-08-27T16:00:00
I04330,U0517,C029,viewed,0.433,0.47,0.38,2026-08-27T18:00:00
I04331,U0517,C095,disliked,0.211,0.11,0.234,2026-08-27T20:00:00
I04332,U0517,C098,viewed,0.396,0.36,0.237,2026-08-27T22:00:00
I04333,U0517,C099,completed,0.496,1.0,,2026-08-28T00:00:00
I04334,U0517,C095,completed,0.701,1.0,0.405,2026-08-28T02:00:00
I04335,U0517,C097,quiz_passed,0.822,1.0,0.608,2026-08-28T04:00:00
I04336,U0518,C095,viewed,0.219,0.019,,2026-08-28T06:00:00
I04337,U0518,C002,viewed,0.28,0.097,,2026-08-28T08:00:00
I04338,U0518,C017,completed,0.846,1.0,0.673,2026-08-28T10:00:00
I04339,U0518,C073,viewed,0.381,0.51,,2026-08-28T12:00:00
I04340,U0518,C009,completed,0.767,1.0,0.59,2026-08-28T14:00:00
I04341,U0519,C099,completed,0.88,1.0,0.76,2026-08-28T16:00:00
I04342,U0519,C054,completed,0.566,1.0,,2026-08-28T18:00:00
I04343,U0519,C003,completed,0.914,1.0,0.879,2026-08-28T20:00:00
I04344,U0519,C082,completed,0.579,1.0,,2026-08-28T22:00:00
I04345,U0519,C099,completed,0.513,1.0,,2026-08-29T00:00:00
I04346,U0519,C091,completed,0.808,1.0,0.832,2026-08-29T02:00:00
I04347,U0519,C046,completed,0.545,1.0,,2026-08-29T04:00:00
I04348,U0519,C067,completed,0.468,1.0,,2026-08-29T06:00:00
I04349,U0519,C003,completed,0.834,1.0,0.834,2026-08-29T08:00:00
I04350,U0519,C066,quiz_passed,0.824,1.0,0.823,2026-08-29T10:00:00
I04351,U0519,C017,quiz_passed,0.88,1.0,0.853,2026-08-29T12:00:00
I04352,U0519,C073,completed,0.506,1.0,,2026-08-29T14:00:00
I04353,U0519,C046,viewed,0.18,0.051,,2026-08-29T16:00:00
I04354,U0519,C051,quiz_passed,0.862,1.0,0.861,2026-08-29T18:00:00
I04355,U0519,C002,completed,0.489,1.0,,2026-08-29T20:00:00
I04356,U0520,C008,completed,0.522,1.0,,2026-08-29T22:00:00
I04357,U0520,C009,viewed,0.316,0.35,,2026-08-30T00:00:00
I04358,U0521,C048,quiz_passed,0.836,1.0,0.86,2026-08-30T02:00:00
I04359,U0521,C099,quiz_passed,0.779,1.0,0.761,2026-08-30T04:00:00
I04360,U0521,C091,quiz_passed,0.517,0.43,0.687,2026-08-30T06:00:00
I04361,U0521,C028,quiz_passed,0.931,1.0,0.883,2026-08-30T08:00:00
I04362,U0521,C075,quiz_passed,0.847,1.0,0.771,2026-08-30T10:00:00
I04363,U0521,C078,quiz_passed,0.903,1.0,0.827,2026-08-30T12:00:00
I04364,U0521,C048,completed,0.502,1.0,,2026-08-30T14:00:00
I04365,U0521,C015,completed,0.565,1.0,,2026-08-30T16:00:00
I04366,U0521,C002,completed,0.494,1.0,,2026-08-30T18:00:00
I04367,U0521,C062,quiz_passed,0.871,1.0,0.823,2026-08-30T20:00:00
I04368,U0521,C069,disliked,0.299,0.09,0.467,2026-08-30T22:00:00
I04369,U0521,C088,completed,0.885,1.0,0.812,2026-08-31T00:00:00
I04370,U0522,C065,completed,0.515,1.0,,2026-08-31T02:00:00
I04371,U0522,C095,completed,0.567,1.0,,2026-08-31T04:00:00
I04372,U0522,C073,completed,0.483,1.0,,2026-08-31T06:00:00
I04373,U0522,C054,viewed,0.129,0.035,,2026-08-31T08:00:00
I04374,U0522,C050,quiz_passed,0.881,1.0,0.868,2026-08-31T10:00:00
I04375,U0522,C082,completed,0.561,1.0,,2026-08-31T12:00:00
I04376,U0522,C090,completed,0.563,1.0,,2026-08-31T14:00:00
I04377,U0522,C046,completed,0.497,1.0,,2026-08-31T16:00:00
I04378,U0522,C081,viewed,0.595,0.62,0.504,2026-08-31T18:00:00
I04379,U0523,C099,completed,0.759,1.0,0.461,2026-08-31T20:00:00
I04380,U0523,C082,quiz_passed,0.789,1.0,0.683,2026-08-31T22:00:00
I04381,U0523,C099,completed,0.658,1.0,0.472,2026-09-01T00:00:00
I04382,U0524,C076,completed,0.549,1.0,,2026-09-01T02:00:00
I04383,U0524,C065,completed,0.524,1.0,,2026-09-01T04:00:00
I04384,U0524,C013,viewed,0.147,0.042,,2026-09-01T06:00:00
I04385,U0524,C090,viewed,0.414,0.43,0.275,2026-09-01T08:00:00
I04386,U0524,C081,completed,0.559,1.0,,2026-09-01T10:00:00
I04387,U0524,C073,quiz_passed,0.758,1.0,0.615,2026-09-01T12:00:00
I04388,U0524,C090,completed,0.707,1.0,0.557,2026-09-01T14:00:00
I04389,U0524,C043,viewed,0.461,0.38,0.353,2026-09-01T16:00:00
I04390,U0524,C010,completed,0.484,1.0,,2026-09-01T18:00:00
I04391,U0525,C095,disliked,0.405,0.15,0.588,2026-09-01T20:00:00
I04392,U0525,C043,completed,0.509,1.0,,2026-09-01T22:00:00
I04393,U0525,C091,viewed,0.201,0.007,,2026-09-02T00:00:00
I04394,U0525,C075,quiz_passed,0.832,1.0,0.716,2026-09-02T02:00:00
I04395,U0525,C092,quiz_passed,0.472,0.1,0.727,2026-09-02T04:00:00
I04396,U0525,C015,completed,0.55,1.0,,2026-09-02T06:00:00
I04397,U0525,C005,quiz_passed,0.887,1.0,0.788,2026-09-02T08:00:00
I04398,U0525,C001,quiz_passed,0.907,1.0,0.867,2026-09-02T10:00:00
I04399,U0525,C071,quiz_passed,0.865,1.0,0.832,2026-09-02T12:00:00
I04400,U0525,C082,quiz_passed,0.848,1.0,0.847,2026-09-02T14:00:00
I04401,U0525,C066,quiz_passed,0.896,1.0,0.844,2026-09-02T16:00:00
I04402,U0525,C074,quiz_passed,0.8,1.0,0.77,2026-09-02T18:00:00
I04403,U0526,C008,quiz_passed,0.813,1.0,0.657,2026-09-02T20:00:00
I04404,U0526,C072,viewed,0.415,0.3,0.422,2026-09-02T22:00:00
I04405,U0526,C096,completed,0.553,1.0,,2026-09-03T00:00:00
I04406,U0526,C057,completed,0.827,1.0,0.683,2026-09-03T02:00:00
I04407,U0526,C025,quiz_passed,0.853,1.0,0.696,2026-09-03T04:00:00
I04408,U0526,C009,viewed,0.317,0.29,0.335,2026-09-03T06:00:00
I04409,U0526,C091,completed,0.56,1.0,,2026-09-03T08:00:00
I04410,U0526,C065,disliked,0.149,0.07,,2026-09-03T10:00:00
I04411,U0526,C076,viewed,0.28,0.063,,2026-09-03T12:00:00
I04412,U0526,C042,completed,0.493,1.0,,2026-09-03T14:00:00
I04413,U0526,C081,completed,0.736,1.0,0.444,2026-09-03T16:00:00
I04414,U0527,C015,completed,0.496,1.0,,2026-09-03T18:00:00
I04415,U0527,C042,disliked,0.273,0.01,0.326,2026-09-03T20:00:00
I04416,U0527,C064,completed,0.824,1.0,0.609,2026-09-03T22:00:00
I04417,U0527,C074,completed,0.508,1.0,,2026-09-04T00:00:00
I04418,U0527,C029,viewed,0.155,0.09,,2026-09-04T02:00:00
I04419,U0527,C044,viewed,0.265,0.097,,2026-09-04T04:00:00
I04420,U0527,C057,completed,0.57,1.0,,2026-09-04T06:00:00
I04421,U0527,C043,viewed,0.223,0.21,,2026-09-04T08:00:00
I04422,U0527,C065,completed,0.756,1.0,0.615,2026-09-04T10:00:00
I04423,U0527,C043,completed,0.79,1.0,0.675,2026-09-04T12:00:00
I04424,U0527,C045,viewed,0.129,0.09,,2026-09-04T14:00:00
I04425,U0527,C010,completed,0.788,1.0,0.561,2026-09-04T16:00:00
I04426,U0527,C065,completed,0.526,1.0,,2026-09-04T18:00:00
I04427,U0528,C095,completed,0.465,1.0,,2026-09-04T20:00:00
I04428,U0528,C062,viewed,0.261,0.016,,2026-09-04T22:00:00
I04429,U0528,C028,completed,0.501,1.0,,2026-09-05T00:00:00
I04430,U0528,C073,disliked,0.158,0.15,,2026-09-05T02:00:00
I04431,U0528,C003,completed,0.529,1.0,,2026-09-05T04:00:00
I04432,U0528,C081,completed,0.52,1.0,,2026-09-05T06:00:00
I04433,U0528,C092,completed,0.54,1.0,,2026-09-05T08:00:00
I04434,U0528,C051,completed,0.567,1.0,,2026-09-05T10:00:00
I04435,U0529,C095,viewed,0.119,0.007,,2026-09-05T12:00:00
I04436,U0529,C091,completed,0.559,1.0,,2026-09-05T14:00:00
I04437,U0529,C091,completed,0.718,1.0,0.607,2026-09-05T16:00:00
I04438,U0529,C065,viewed,0.433,0.35,0.413,2026-09-05T18:00:00
I04439,U0529,C013,completed,0.655,1.0,0.421,2026-09-05T20:00:00
I04440,U0529,C018,completed,0.521,1.0,,2026-09-05T22:00:00
I04441,U0529,C057,viewed,0.186,0.023,,2026-09-06T00:00:00
I04442,U0529,C081,completed,0.653,1.0,0.439,2026-09-06T02:00:00
I04443,U0529,C042,quiz_passed,0.777,1.0,0.615,2026-09-06T04:00:00
I04444,U0529,C066,viewed,0.395,0.39,0.366,2026-09-06T06:00:00
I04445,U0530,C073,viewed,0.196,0.032,,2026-09-06T08:00:00
I04446,U0530,C057,quiz_passed,0.702,1.0,0.602,2026-09-06T10:00:00
I04447,U0530,C098,viewed,0.22,0.095,,2026-09-06T12:00:00
I04448,U0530,C098,viewed,0.133,0.026,,2026-09-06T14:00:00
I04449,U0530,C011,quiz_passed,0.827,1.0,0.638,2026-09-06T16:00:00
I04450,U0530,C053,completed,0.82,1.0,0.632,2026-09-06T18:00:00
I04451,U0530,C008,disliked,0.272,0.11,0.418,2026-09-06T20:00:00
I04452,U0530,C076,viewed,0.459,0.46,0.373,2026-09-06T22:00:00
I04453,U0530,C029,quiz_passed,0.743,1.0,0.684,2026-09-07T00:00:00
I04454,U0531,C058,completed,0.491,1.0,,2026-09-07T02:00:00
I04455,U0531,C018,completed,0.48,1.0,,2026-09-07T04:00:00
I04456,U0531,C082,completed,0.511,1.0,,2026-09-07T06:00:00
I04457,U0532,C095,viewed,0.189,0.1,,2026-09-07T08:00:00
I04458,U0532,C042,viewed,0.134,0.015,,2026-09-07T10:00:00
I04459,U0532,C092,completed,0.752,1.0,0.623,2026-09-07T12:00:00
I04460,U0533,C029,viewed,0.124,0.08,,2026-09-07T14:00:00
I04461,U0533,C054,completed,0.483,1.0,,2026-09-07T16:00:00
I04462,U0533,C048,viewed,0.23,0.003,,2026-09-07T18:00:00
I04463,U0533,C049,viewed,0.331,0.55,,2026-09-07T20:00:00
I04464,U0533,C098,viewed,0.159,0.027,,2026-09-07T22:00:00
I04465,U0533,C029,completed,0.463,1.0,,2026-09-08T00:00:00
I04466,U0533,C047,completed,0.547,1.0,,2026-09-08T02:00:00
I04467,U0533,C095,viewed,0.186,0.01,,2026-09-08T04:00:00
I04468,U0533,C048,viewed,0.15,0.007,,2026-09-08T06:00:00
I04469,U0533,C026,viewed,0.212,0.073,,2026-09-08T08:00:00
I04470,U0533,C096,completed,0.719,1.0,0.528,2026-09-08T10:00:00
I04471,U0533,C063,viewed,0.553,0.7,0.327,2026-09-08T12:00:00
I04472,U0533,C069,viewed,0.247,0.088,,2026-09-08T14:00:00
I04473,U0534,C054,quiz_passed,0.75,1.0,0.613,2026-09-08T16:00:00
I04474,U0534,C062,quiz_passed,0.75,1.0,0.621,2026-09-08T18:00:00
I04475,U0534,C037,viewed,0.296,0.014,,2026-09-08T20:00:00
I04476,U0534,C003,viewed,0.313,0.59,,2026-09-08T22:00:00
I04477,U0534,C064,quiz_passed,0.754,1.0,0.661,2026-09-09T00:00:00
I04478,U0534,C025,disliked,0.331,0.12,0.322,2026-09-09T02:00:00
I04479,U0534,C001,viewed,0.191,0.097,,2026-09-09T04:00:00
I04480,U0534,C082,quiz_passed,0.749,1.0,0.693,2026-09-09T06:00:00
I04481,U0534,C013,viewed,0.306,0.54,,2026-09-09T08:00:00
I04482,U0534,C018,quiz_passed,0.82,1.0,0.644,2026-09-09T10:00:00
I04483,U0534,C073,completed,0.694,1.0,0.579,2026-09-09T12:00:00
I04484,U0534,C064,quiz_passed,0.808,1.0,0.629,2026-09-09T14:00:00
I04485,U0534,C091,viewed,0.177,0.2,,2026-09-09T16:00:00
I04486,U0534,C043,quiz_passed,0.776,1.0,0.666,2026-09-09T18:00:00
I04487,U0535,C054,completed,0.521,1.0,,2026-09-09T20:00:00
I04488,U0535,C082,quiz_passed,0.803,1.0,0.668,2026-09-09T22:00:00
I04489,U0535,C099,completed,0.754,1.0,0.477,2026-09-10T00:00:00
I04490,U0535,C043,disliked,0.343,0.13,0.435,2026-09-10T02:00:00
I04491,U0535,C066,completed,0.555,1.0,,2026-09-10T04:00:00
I04492,U0535,C016,completed,0.788,1.0,0.701,2026-09-10T06:00:00
I04493,U0535,C003,completed,0.811,1.0,0.65,2026-09-10T08:00:00
I04494,U0536,C006,viewed,0.572,0.61,0.423,2026-09-10T10:00:00
I04495,U0536,C064,viewed,0.104,0.018,,2026-09-10T12:00:00
I04496,U0536,C048,viewed,0.177,0.046,,2026-09-10T14:00:00
I04497,U0536,C017,completed,0.57,1.0,,2026-09-10T16:00:00
I04498,U0536,C099,completed,0.545,1.0,,2026-09-10T18:00:00
I04499,U0536,C096,completed,0.522,1.0,,2026-09-10T20:00:00
I04500,U0536,C051,viewed,0.19,0.001,,2026-09-10T22:00:00
I04501,U0536,C047,viewed,0.189,0.003,,2026-09-11T00:00:00
I04502,U0536,C030,completed,0.505,1.0,,2026-09-11T02:00:00
I04503,U0536,C042,completed,0.736,1.0,0.593,2026-09-11T04:00:00
I04504,U0537,C057,completed,0.557,1.0,,2026-09-11T06:00:00
I04505,U0537,C061,quiz_passed,0.911,1.0,0.881,2026-09-11T08:00:00
I04506,U0537,C048,completed,0.56,1.0,,2026-09-11T10:00:00
I04507,U0537,C099,viewed,0.215,0.081,,2026-09-11T12:00:00
I04508,U0537,C046,completed,0.822,1.0,0.691,2026-09-11T14:00:00
I04509,U0537,C062,completed,0.502,1.0,,2026-09-11T16:00:00
I04510,U0537,C074,completed,0.482,1.0,,2026-09-11T18:00:00
I04511,U0537,C037,completed,0.486,1.0,,2026-09-11T20:00:00
I04512,U0537,C092,quiz_passed,0.886,1.0,0.879,2026-09-11T22:00:00
I04513,U0537,C016,completed,0.903,1.0,0.877,2026-09-12T00:00:00
I04514,U0537,C025,completed,0.575,1.0,,2026-09-12T02:00:00
I04515,U0538,C050,quiz_passed,0.822,1.0,0.617,2026-09-12T04:00:00
I04516,U0538,C053,viewed,0.158,0.025,,2026-09-12T06:00:00
I04517,U0538,C025,completed,0.508,1.0,,2026-09-12T08:00:00
I04518,U0538,C047,quiz_passed,0.742,1.0,0.683,2026-09-12T10:00:00
I04519,U0539,C016,viewed,0.165,0.22,,2026-09-12T12:00:00
I04520,U0539,C075,viewed,0.242,0.095,,2026-09-12T14:00:00
I04521,U0539,C065,completed,0.721,1.0,0.596,2026-09-12T16:00:00
I04522,U0539,C046,viewed,0.274,0.025,,2026-09-12T18:00:00
I04523,U0539,C097,completed,0.551,1.0,,2026-09-12T20:00:00
I04524,U0539,C044,viewed,0.408,0.67,,2026-09-12T22:00:00
I04525,U0539,C095,viewed,0.499,0.54,0.29,2026-09-13T00:00:00
I04526,U0539,C017,completed,0.727,1.0,0.591,2026-09-13T02:00:00
I04527,U0539,C081,completed,0.55,1.0,,2026-09-13T04:00:00
I04528,U0539,C005,viewed,0.441,0.67,,2026-09-13T06:00:00
I04529,U0539,C098,viewed,0.174,0.026,,2026-09-13T08:00:00
I04530,U0540,C099,quiz_passed,0.833,1.0,0.72,2026-09-13T10:00:00
I04531,U0540,C092,quiz_passed,0.85,1.0,0.871,2026-09-13T12:00:00
I04532,U0541,C054,completed,0.739,1.0,0.642,2026-09-13T14:00:00
I04533,U0541,C011,viewed,0.347,0.62,,2026-09-13T16:00:00
I04534,U0541,C098,completed,0.668,1.0,0.5,2026-09-13T18:00:00
I04535,U0541,C099,completed,0.697,1.0,0.465,2026-09-13T20:00:00
I04536,U0541,C098,disliked,0.137,0.19,,2026-09-13T22:00:00
I04537,U0541,C029,quiz_passed,0.758,1.0,0.673,2026-09-14T00:00:00
I04538,U0541,C030,quiz_passed,0.825,1.0,0.695,2026-09-14T02:00:00
I04539,U0541,C006,completed,0.524,1.0,,2026-09-14T04:00:00
I04540,U0542,C006,completed,0.541,1.0,,2026-09-14T06:00:00
I04541,U0542,C076,quiz_passed,0.827,1.0,0.766,2026-09-14T08:00:00
I04542,U0542,C076,disliked,0.353,0.16,0.559,2026-09-14T10:00:00
I04543,U0542,C057,completed,0.53,1.0,,2026-09-14T12:00:00
I04544,U0542,C046,completed,0.685,1.0,0.468,2026-09-14T14:00:00
I04545,U0543,C095,viewed,0.132,0.027,,2026-09-14T16:00:00
I04546,U0543,C053,viewed,0.52,0.65,0.364,2026-09-14T18:00:00
I04547,U0543,C076,completed,0.535,1.0,,2026-09-14T20:00:00
I04548,U0543,C043,completed,0.781,1.0,0.608,2026-09-14T22:00:00
I04549,U0543,C065,disliked,0.146,0.09,,2026-09-15T00:00:00
I04550,U0543,C063,completed,0.813,1.0,0.629,2026-09-15T02:00:00
I04551,U0544,C018,viewed,0.275,0.022,,2026-09-15T04:00:00
I04552,U0544,C002,completed,0.83,1.0,0.737,2026-09-15T06:00:00
I04553,U0544,C082,viewed,0.213,0.075,,2026-09-15T08:00:00
I04554,U0544,C002,viewed,0.567,0.68,0.499,2026-09-15T10:00:00
I04555,U0544,C082,quiz_passed,0.835,1.0,0.782,2026-09-15T12:00:00
I04556,U0544,C074,completed,0.469,1.0,,2026-09-15T14:00:00
I04557,U0544,C046,viewed,0.253,0.0,,2026-09-15T16:00:00
I04558,U0544,C048,completed,0.531,1.0,,2026-09-15T18:00:00
I04559,U0544,C053,quiz_passed,0.817,1.0,0.733,2026-09-15T20:00:00
I04560,U0545,C091,completed,0.785,1.0,0.63,2026-09-15T22:00:00
I04561,U0545,C045,viewed,0.296,0.003,,2026-09-16T00:00:00
I04562,U0545,C013,viewed,0.155,0.07,,2026-09-16T02:00:00
I04563,U0545,C015,viewed,0.157,0.21,,2026-09-16T04:00:00
I04564,U0545,C003,quiz_passed,0.741,1.0,0.607,2026-09-16T06:00:00
I04565,U0545,C010,completed,0.706,1.0,0.481,2026-09-16T08:00:00
I04566,U0545,C065,completed,0.579,1.0,,2026-09-16T10:00:00
I04567,U0546,C095,viewed,0.197,0.09,,2026-09-16T12:00:00
I04568,U0546,C058,completed,0.46,1.0,,2026-09-16T14:00:00
I04569,U0546,C091,completed,0.489,1.0,,2026-09-16T16:00:00
I04570,U0546,C075,completed,0.578,1.0,,2026-09-16T18:00:00
I04571,U0547,C099,completed,0.753,1.0,0.539,2026-09-16T20:00:00
I04572,U0547,C002,disliked,0.26,0.12,0.341,2026-09-16T22:00:00
I04573,U0547,C009,completed,0.476,1.0,,2026-09-17T00:00:00
I04574,U0547,C028,quiz_passed,0.741,1.0,0.645,2026-09-17T02:00:00
I04575,U0548,C095,viewed,0.258,0.04,,2026-09-17T04:00:00
I04576,U0548,C018,quiz_passed,0.91,1.0,0.876,2026-09-17T06:00:00
I04577,U0548,C050,completed,0.562,1.0,,2026-09-17T08:00:00
I04578,U0548,C067,completed,0.478,1.0,,2026-09-17T10:00:00
I04579,U0548,C067,quiz_passed,0.662,0.58,0.651,2026-09-17T12:00:00
I04580,U0548,C067,quiz_passed,0.845,1.0,0.879,2026-09-17T14:00:00
I04581,U0548,C010,quiz_passed,0.785,1.0,0.711,2026-09-17T16:00:00
I04582,U0548,C029,quiz_passed,0.91,1.0,0.864,2026-09-17T18:00:00
I04583,U0548,C076,completed,0.509,1.0,,2026-09-17T20:00:00
I04584,U0548,C044,viewed,0.397,0.26,0.479,2026-09-17T22:00:00
I04585,U0548,C013,quiz_passed,0.755,1.0,0.715,2026-09-18T00:00:00
I04586,U0548,C090,viewed,0.202,0.069,,2026-09-18T02:00:00
I04587,U0548,C046,viewed,0.126,0.057,,2026-09-18T04:00:00
I04588,U0548,C061,completed,0.547,1.0,,2026-09-18T06:00:00
I04589,U0549,C076,quiz_passed,0.878,1.0,0.832,2026-09-18T08:00:00
I04590,U0549,C076,completed,0.535,1.0,,2026-09-18T10:00:00
I04591,U0549,C081,completed,0.501,1.0,,2026-09-18T12:00:00
I04592,U0549,C017,completed,0.546,1.0,,2026-09-18T14:00:00
I04593,U0549,C011,completed,0.919,1.0,0.881,2026-09-18T16:00:00
I04594,U0549,C008,completed,0.565,1.0,,2026-09-18T18:00:00
I04595,U0550,C057,completed,0.468,1.0,,2026-09-18T20:00:00
I04596,U0550,C028,quiz_passed,0.825,1.0,0.683,2026-09-18T22:00:00
I04597,U0550,C047,completed,0.539,1.0,,2026-09-19T00:00:00
I04598,U0550,C002,completed,0.736,1.0,0.566,2026-09-19T02:00:00
I04599,U0550,C082,completed,0.498,1.0,,2026-09-19T04:00:00
I04600,U0550,C050,completed,0.54,1.0,,2026-09-19T06:00:00
I04601,U0550,C045,viewed,0.253,0.029,,2026-09-19T08:00:00
I04602,U0550,C074,completed,0.71,1.0,0.452,2026-09-19T10:00:00
I04603,U0550,C029,disliked,0.107,0.05,,2026-09-19T12:00:00
I04604,U0550,C016,completed,0.497,1.0,,2026-09-19T14:00:00
I04605,U0550,C062,completed,0.705,1.0,0.591,2026-09-19T16:00:00
I04606,U0550,C005,viewed,0.238,0.44,,2026-09-19T18:00:00
I04607,U0550,C092,completed,0.531,1.0,,2026-09-19T20:00:00
I04608,U0550,C063,quiz_passed,0.817,1.0,0.697,2026-09-19T22:00:00
I04609,U0551,C099,completed,0.745,1.0,0.587,2026-09-20T00:00:00
I04610,U0551,C035,quiz_passed,0.783,1.0,0.718,2026-09-20T02:00:00
I04611,U0551,C018,quiz_passed,0.828,1.0,0.783,2026-09-20T04:00:00
I04612,U0551,C079,completed,0.478,1.0,,2026-09-20T06:00:00
I04613,U0551,C062,completed,0.843,1.0,0.743,2026-09-20T08:00:00
I04614,U0551,C065,viewed,0.129,0.054,,2026-09-20T10:00:00
I04615,U0551,C011,viewed,0.25,0.019,,2026-09-20T12:00:00
I04616,U0551,C098,viewed,0.273,0.04,,2026-09-20T14:00:00
I04617,U0551,C091,quiz_passed,0.779,1.0,0.726,2026-09-20T16:00:00
I04618,U0551,C011,completed,0.475,1.0,,2026-09-20T18:00:00
I04619,U0551,C064,completed,0.479,1.0,,2026-09-20T20:00:00
I04620,U0551,C092,quiz_passed,0.829,1.0,0.75,2026-09-20T22:00:00
I04621,U0551,C046,viewed,0.134,0.076,,2026-09-21T00:00:00
I04622,U0551,C075,viewed,0.504,0.61,0.362,2026-09-21T02:00:00
I04623,U0552,C015,quiz_passed,0.781,1.0,0.662,2026-09-21T04:00:00
I04624,U0552,C057,completed,0.579,1.0,,2026-09-21T06:00:00
I04625,U0552,C028,completed,0.808,1.0,0.589,2026-09-21T08:00:00
I04626,U0552,C045,viewed,0.189,0.081,,2026-09-21T10:00:00
I04627,U0552,C017,quiz_passed,0.762,1.0,0.64,2026-09-21T12:00:00
I04628,U0552,C042,completed,0.757,1.0,0.608,2026-09-21T14:00:00
I04629,U0552,C090,viewed,0.276,0.011,,2026-09-21T16:00:00
I04630,U0553,C050,completed,0.534,1.0,,2026-09-21T18:00:00
I04631,U0553,C013,quiz_passed,0.785,1.0,0.696,2026-09-21T20:00:00
I04632,U0553,C046,viewed,0.187,0.093,,2026-09-21T22:00:00
I04633,U0553,C010,quiz_passed,0.758,1.0,0.613,2026-09-22T00:00:00
I04634,U0553,C081,completed,0.722,1.0,0.584,2026-09-22T02:00:00
I04635,U0553,C046,completed,0.677,1.0,0.49,2026-09-22T04:00:00
I04636,U0553,C075,quiz_passed,0.711,1.0,0.607,2026-09-22T06:00:00
I04637,U0554,C076,quiz_passed,0.88,1.0,0.798,2026-09-22T08:00:00
I04638,U0554,C048,completed,0.482,1.0,,2026-09-22T10:00:00
I04639,U0554,C005,disliked,0.28,0.18,0.339,2026-09-22T12:00:00
I04640,U0554,C042,completed,0.8,1.0,0.707,2026-09-22T14:00:00
I04641,U0554,C099,quiz_passed,0.72,1.0,0.63,2026-09-22T16:00:00
I04642,U0554,C002,completed,0.867,1.0,0.809,2026-09-22T18:00:00
I04643,U0554,C099,completed,0.532,1.0,,2026-09-22T20:00:00
I04644,U0554,C046,disliked,0.322,0.15,0.281,2026-09-22T22:00:00
I04645,U0554,C028,completed,0.558,1.0,,2026-09-23T00:00:00
I04646,U0554,C016,viewed,0.223,0.029,,2026-09-23T02:00:00
I04647,U0554,C088,completed,0.572,1.0,,2026-09-23T04:00:00
I04648,U0555,C073,completed,0.501,1.0,,2026-09-23T06:00:00
I04649,U0555,C082,completed,0.526,1.0,,2026-09-23T08:00:00
I04650,U0555,C096,completed,0.49,1.0,,2026-09-23T10:00:00
I04651,U0555,C099,disliked,0.392,0.17,0.392,2026-09-23T12:00:00
I04652,U0555,C099,completed,0.74,1.0,0.591,2026-09-23T14:00:00
I04653,U0555,C095,completed,0.695,1.0,0.564,2026-09-23T16:00:00
I04654,U0555,C095,viewed,0.272,0.052,,2026-09-23T18:00:00
I04655,U0556,C048,completed,0.533,1.0,,2026-09-23T20:00:00
I04656,U0556,C095,viewed,0.239,0.022,,2026-09-23T22:00:00
I04657,U0557,C048,completed,0.531,1.0,,2026-09-24T00:00:00
I04658,U0557,C015,viewed,0.175,0.078,,2026-09-24T02:00:00
I04659,U0557,C091,disliked,0.158,0.05,,2026-09-24T04:00:00
I04660,U0557,C090,completed,0.677,1.0,0.521,2026-09-24T06:00:00
I04661,U0557,C042,viewed,0.14,0.026,,2026-09-24T08:00:00
I04662,U0558,C066,completed,0.46,1.0,,2026-09-24T10:00:00
I04663,U0558,C066,disliked,0.355,0.11,0.495,2026-09-24T12:00:00
I04664,U0558,C099,viewed,0.166,0.005,,2026-09-24T14:00:00
I04665,U0559,C050,completed,0.562,1.0,,2026-09-24T16:00:00
I04666,U0559,C081,disliked,0.178,0.04,,2026-09-24T18:00:00
I04667,U0559,C018,completed,0.559,1.0,,2026-09-24T20:00:00
I04668,U0559,C013,completed,0.774,1.0,0.55,2026-09-24T22:00:00
I04669,U0559,C048,quiz_passed,0.774,1.0,0.648,2026-09-25T00:00:00
I04670,U0559,C090,viewed,0.384,0.6,,2026-09-25T02:00:00
I04671,U0560,C099,completed,0.558,1.0,,2026-09-25T04:00:00
I04672,U0560,C002,completed,0.542,1.0,,2026-09-25T06:00:00
I04673,U0560,C013,completed,0.475,1.0,,2026-09-25T08:00:00
I04674,U0560,C072,quiz_passed,0.894,1.0,0.804,2026-09-25T10:00:00
I04675,U0560,C066,completed,0.911,1.0,0.846,2026-09-25T12:00:00
I04676,U0560,C057,completed,0.563,1.0,,2026-09-25T14:00:00
I04677,U0560,C016,quiz_passed,0.878,1.0,0.829,2026-09-25T16:00:00
I04678,U0560,C061,quiz_passed,0.849,1.0,0.881,2026-09-25T18:00:00
I04679,U0560,C057,completed,0.463,1.0,,2026-09-25T20:00:00
I04680,U0560,C076,completed,0.531,1.0,,2026-09-25T22:00:00
I04681,U0560,C057,viewed,0.354,0.47,,2026-09-26T00:00:00
I04682,U0560,C098,completed,0.483,1.0,,2026-09-26T02:00:00
I04683,U0561,C061,quiz_passed,0.818,1.0,0.621,2026-09-26T04:00:00
I04684,U0561,C053,completed,0.692,1.0,0.563,2026-09-26T06:00:00
I04685,U0561,C067,viewed,0.294,0.022,,2026-09-26T08:00:00
I04686,U0561,C028,completed,0.749,1.0,0.583,2026-09-26T10:00:00
I04687,U0561,C071,disliked,0.345,0.17,0.447,2026-09-26T12:00:00
I04688,U0561,C082,completed,0.51,1.0,,2026-09-26T14:00:00
I04689,U0561,C058,viewed,0.139,0.027,,2026-09-26T16:00:00
I04690,U0561,C010,completed,0.698,1.0,0.532,2026-09-26T18:00:00
I04691,U0561,C061,completed,0.461,1.0,,2026-09-26T20:00:00
I04692,U0561,C015,completed,0.727,1.0,0.568,2026-09-26T22:00:00
I04693,U0561,C091,viewed,0.129,0.008,,2026-09-27T00:00:00
I04694,U0561,C064,viewed,0.442,0.4,0.405,2026-09-27T02:00:00
I04695,U0561,C042,completed,0.569,1.0,,2026-09-27T04:00:00
I04696,U0561,C066,completed,0.809,1.0,0.632,2026-09-27T06:00:00
I04697,U0561,C001,completed,0.736,1.0,0.625,2026-09-27T08:00:00
I04698,U0562,C066,disliked,0.351,0.11,0.558,2026-09-27T10:00:00
I04699,U0562,C043,completed,0.56,1.0,,2026-09-27T12:00:00
I04700,U0562,C075,completed,0.703,1.0,0.599,2026-09-27T14:00:00
I04701,U0562,C028,viewed,0.26,0.006,,2026-09-27T16:00:00
I04702,U0562,C064,completed,0.839,1.0,0.781,2026-09-27T18:00:00
I04703,U0562,C016,completed,0.8,1.0,0.769,2026-09-27T20:00:00
I04704,U0562,C005,viewed,0.506,0.68,0.334,2026-09-27T22:00:00
I04705,U0563,C062,completed,0.826,1.0,0.824,2026-09-28T00:00:00
I04706,U0563,C035,completed,0.524,1.0,,2026-09-28T02:00:00
I04707,U0563,C037,quiz_passed,0.888,1.0,0.795,2026-09-28T04:00:00
I04708,U0564,C071,quiz_passed,0.769,1.0,0.639,2026-09-28T06:00:00
I04709,U0564,C002,completed,0.464,1.0,,2026-09-28T08:00:00
I04710,U0564,C050,viewed,0.415,0.43,0.327,2026-09-28T10:00:00
I04711,U0564,C081,completed,0.512,1.0,,2026-09-28T12:00:00
I04712,U0564,C044,viewed,0.482,0.65,0.309,2026-09-28T14:00:00
I04713,U0565,C003,completed,0.576,1.0,,2026-09-28T16:00:00
I04714,U0565,C071,quiz_passed,0.867,1.0,0.754,2026-09-28T18:00:00
I04715,U0565,C003,quiz_passed,0.804,1.0,0.772,2026-09-28T20:00:00
I04716,U0565,C074,viewed,0.3,0.57,,2026-09-28T22:00:00
I04717,U0565,C090,completed,0.539,1.0,,2026-09-29T00:00:00
I04718,U0565,C076,completed,0.809,1.0,0.802,2026-09-29T02:00:00
I04719,U0565,C017,completed,0.552,1.0,,2026-09-29T04:00:00
I04720,U0565,C049,completed,0.47,1.0,,2026-09-29T06:00:00
I04721,U0565,C011,completed,0.867,1.0,0.758,2026-09-29T08:00:00
I04722,U0565,C053,viewed,0.222,0.025,,2026-09-29T10:00:00
I04723,U0565,C010,completed,0.695,1.0,0.581,2026-09-29T12:00:00
I04724,U0565,C099,completed,0.514,1.0,,2026-09-29T14:00:00
I04725,U0566,C048,completed,0.499,1.0,,2026-09-29T16:00:00
I04726,U0566,C071,completed,0.738,1.0,0.595,2026-09-29T18:00:00
I04727,U0566,C078,completed,0.757,1.0,0.562,2026-09-29T20:00:00
I04728,U0566,C058,completed,0.752,1.0,0.596,2026-09-29T22:00:00
I04729,U0566,C005,completed,0.489,1.0,,2026-09-30T00:00:00
I04730,U0566,C019,viewed,0.194,0.03,,2026-09-30T02:00:00
I04731,U0566,C005,viewed,0.139,0.019,,2026-09-30T04:00:00
I04732,U0566,C051,quiz_passed,0.813,1.0,0.693,2026-09-30T06:00:00
I04733,U0566,C054,viewed,0.298,0.082,,2026-09-30T08:00:00
I04734,U0566,C028,completed,0.578,1.0,,2026-09-30T10:00:00
I04735,U0566,C074,completed,0.681,1.0,0.511,2026-09-30T12:00:00
I04736,U0567,C096,viewed,0.28,0.054,,2026-09-30T14:00:00
I04737,U0567,C028,disliked,0.15,0.13,,2026-09-30T16:00:00
I04738,U0567,C099,disliked,0.195,0.06,0.27,2026-09-30T18:00:00
I04739,U0567,C058,completed,0.573,1.0,,2026-09-30T20:00:00
I04740,U0567,C071,completed,0.779,1.0,0.63,2026-09-30T22:00:00
I04741,U0567,C074,viewed,0.357,0.44,0.293,2026-10-01T00:00:00
I04742,U0567,C082,viewed,0.171,0.051,,2026-10-01T02:00:00
I04743,U0567,C013,viewed,0.138,0.025,,2026-10-01T04:00:00
I04744,U0567,C018,completed,0.524,1.0,,2026-10-01T06:00:00
I04745,U0567,C011,viewed,0.281,0.004,,2026-10-01T08:00:00
I04746,U0567,C025,completed,0.579,1.0,,2026-10-01T10:00:00
I04747,U0567,C088,completed,0.461,1.0,,2026-10-01T12:00:00
I04748,U0567,C047,viewed,0.561,0.57,0.421,2026-10-01T14:00:00
I04749,U0567,C071,completed,0.554,1.0,,2026-10-01T16:00:00
I04750,U0568,C017,quiz_passed,0.745,1.0,0.687,2026-10-01T18:00:00
I04751,U0568,C071,viewed,0.18,0.029,,2026-10-01T20:00:00
I04752,U0568,C064,viewed,0.243,0.26,,2026-10-01T22:00:00
I04753,U0568,C099,completed,0.466,1.0,,2026-10-02T00:00:00
I04754,U0568,C098,completed,0.475,1.0,,2026-10-02T02:00:00
I04755,U0569,C067,completed,0.881,1.0,0.793,2026-10-02T04:00:00
I04756,U0569,C099,completed,0.479,1.0,,2026-10-02T06:00:00
I04757,U0569,C099,viewed,0.329,0.2,0.414,2026-10-02T08:00:00
I04758,U0569,C098,completed,0.573,1.0,,2026-10-02T10:00:00
I04759,U0569,C066,completed,0.491,1.0,,2026-10-02T12:00:00
I04760,U0569,C003,viewed,0.609,0.67,0.566,2026-10-02T14:00:00
I04761,U0569,C016,viewed,0.45,0.45,0.481,2026-10-02T16:00:00
I04762,U0569,C010,quiz_passed,0.812,1.0,0.697,2026-10-02T18:00:00
I04763,U0569,C002,quiz_passed,0.779,1.0,0.735,2026-10-02T20:00:00
I04764,U0569,C063,viewed,0.456,0.27,0.565,2026-10-02T22:00:00
I04765,U0569,C046,completed,0.496,1.0,,2026-10-03T00:00:00
I04766,U0569,C063,completed,0.814,1.0,0.729,2026-10-03T02:00:00
I04767,U0569,C066,completed,0.849,1.0,0.702,2026-10-03T04:00:00
I04768,U0569,C029,quiz_passed,0.848,1.0,0.703,2026-10-03T06:00:00
I04769,U0570,C095,viewed,0.295,0.39,,2026-10-03T08:00:00
I04770,U0570,C098,viewed,0.284,0.083,,2026-10-03T10:00:00
I04771,U0570,C028,quiz_passed,0.729,1.0,0.642,2026-10-03T12:00:00
I04772,U0570,C099,completed,0.674,1.0,0.438,2026-10-03T14:00:00
I04773,U0570,C025,completed,0.528,1.0,,2026-10-03T16:00:00
I04774,U0570,C050,completed,0.802,1.0,0.624,2026-10-03T18:00:00
I04775,U0570,C043,completed,0.556,1.0,,2026-10-03T20:00:00
I04776,U0570,C066,viewed,0.158,0.031,,2026-10-03T22:00:00
I04777,U0570,C005,completed,0.542,1.0,,2026-10-04T00:00:00
I04778,U0570,C061,completed,0.816,1.0,0.592,2026-10-04T02:00:00
I04779,U0570,C001,completed,0.52,1.0,,2026-10-04T04:00:00
I04780,U0570,C035,completed,0.702,1.0,0.584,2026-10-04T06:00:00
I04781,U0570,C069,completed,0.722,1.0,0.396,2026-10-04T08:00:00
I04782,U0570,C067,viewed,0.149,0.008,,2026-10-04T10:00:00
I04783,U0571,C096,completed,0.815,1.0,0.672,2026-10-04T12:00:00
I04784,U0571,C030,completed,0.574,1.0,,2026-10-04T14:00:00
I04785,U0572,C025,completed,0.913,1.0,0.875,2026-10-04T16:00:00
I04786,U0572,C095,viewed,0.295,0.43,,2026-10-04T18:00:00
I04787,U0572,C018,completed,0.491,1.0,,2026-10-04T20:00:00
I04788,U0572,C098,quiz_passed,0.859,1.0,0.765,2026-10-04T22:00:00
I04789,U0572,C065,quiz_passed,0.866,1.0,0.856,2026-10-05T00:00:00
I04790,U0572,C067,completed,0.901,1.0,0.879,2026-10-05T02:00:00
I04791,U0572,C095,quiz_passed,0.846,1.0,0.791,2026-10-05T04:00:00
I04792,U0572,C006,completed,0.524,1.0,,2026-10-05T06:00:00
I04793,U0572,C067,completed,0.558,1.0,,2026-10-05T08:00:00
I04794,U0572,C051,completed,0.873,1.0,0.863,2026-10-05T10:00:00
I04795,U0572,C074,completed,0.525,1.0,,2026-10-05T12:00:00
I04796,U0572,C074,quiz_passed,0.852,1.0,0.703,2026-10-05T14:00:00
I04797,U0572,C091,quiz_passed,0.492,0.18,0.61,2026-10-05T16:00:00
I04798,U0572,C064,completed,0.499,1.0,,2026-10-05T18:00:00
I04799,U0573,C011,completed,0.772,1.0,0.608,2026-10-05T20:00:00
I04800,U0573,C011,viewed,0.491,0.68,0.319,2026-10-05T22:00:00
I04801,U0573,C030,disliked,0.164,0.15,,2026-10-06T00:00:00
I04802,U0573,C016,completed,0.498,1.0,,2026-10-06T02:00:00
I04803,U0573,C018,completed,0.755,1.0,0.652,2026-10-06T04:00:00
I04804,U0573,C015,completed,0.749,1.0,0.613,2026-10-06T06:00:00
I04805,U0573,C073,completed,0.478,1.0,,2026-10-06T08:00:00
I04806,U0573,C082,quiz_passed,0.755,1.0,0.645,2026-10-06T10:00:00
I04807,U0573,C064,viewed,0.243,0.074,,2026-10-06T12:00:00
I04808,U0574,C051,quiz_passed,0.764,1.0,0.671,2026-10-06T14:00:00
I04809,U0574,C015,completed,0.501,1.0,,2026-10-06T16:00:00
I04810,U0574,C076,viewed,0.294,0.092,,2026-10-06T18:00:00
I04811,U0574,C029,completed,0.768,1.0,0.631,2026-10-06T20:00:00
I04812,U0574,C091,completed,0.723,1.0,0.655,2026-10-06T22:00:00
I04813,U0574,C003,quiz_passed,0.823,1.0,0.653,2026-10-07T00:00:00
I04814,U0574,C067,viewed,0.393,0.35,0.429,2026-10-07T02:00:00
I04815,U0574,C013,completed,0.48,1.0,,2026-10-07T04:00:00
I04816,U0575,C030,viewed,0.235,0.43,,2026-10-07T06:00:00
I04817,U0575,C054,quiz_passed,0.84,1.0,0.753,2026-10-07T08:00:00
I04818,U0575,C048,viewed,0.388,0.55,,2026-10-07T10:00:00
I04819,U0575,C015,completed,0.558,1.0,,2026-10-07T12:00:00
I04820,U0575,C075,quiz_passed,0.835,1.0,0.696,2026-10-07T14:00:00
I04821,U0576,C028,viewed,0.356,0.51,,2026-10-07T16:00:00
I04822,U0576,C096,viewed,0.338,0.48,,2026-10-07T18:00:00
I04823,U0576,C025,quiz_passed,0.824,1.0,0.688,2026-10-07T20:00:00
I04824,U0576,C042,completed,0.763,1.0,0.66,2026-10-07T22:00:00
I04825,U0577,C003,viewed,0.382,0.31,0.361,2026-10-08T00:00:00
I04826,U0577,C067,viewed,0.453,0.65,0.313,2026-10-08T02:00:00
I04827,U0577,C074,completed,0.542,1.0,,2026-10-08T04:00:00
I04828,U0578,C054,viewed,0.28,0.087,,2026-10-08T06:00:00
I04829,U0578,C006,completed,0.804,1.0,0.588,2026-10-08T08:00:00
I04830,U0578,C098,completed,0.517,1.0,,2026-10-08T10:00:00
I04831,U0578,C095,disliked,0.282,0.03,0.237,2026-10-08T12:00:00
I04832,U0578,C098,viewed,0.246,0.23,,2026-10-08T14:00:00
I04833,U0578,C050,viewed,0.497,0.55,0.419,2026-10-08T16:00:00
I04834,U0578,C066,quiz_passed,0.774,1.0,0.617,2026-10-08T18:00:00
I04835,U0578,C064,completed,0.549,1.0,,2026-10-08T20:00:00
I04836,U0578,C028,viewed,0.313,0.57,,2026-10-08T22:00:00
I04837,U0579,C050,completed,0.734,1.0,0.574,2026-10-09T00:00:00
I04838,U0579,C073,completed,0.528,1.0,,2026-10-09T02:00:00
I04839,U0579,C011,quiz_passed,0.731,1.0,0.637,2026-10-09T04:00:00
I04840,U0579,C006,quiz_passed,0.733,1.0,0.647,2026-10-09T06:00:00
I04841,U0579,C064,completed,0.688,1.0,0.566,2026-10-09T08:00:00
I04842,U0580,C076,viewed,0.406,0.65,,2026-10-09T10:00:00
I04843,U0580,C076,quiz_passed,0.819,1.0,0.747,2026-10-09T12:00:00
I04844,U0580,C018,quiz_passed,0.859,1.0,0.765,2026-10-09T14:00:00
I04845,U0580,C090,quiz_passed,0.756,1.0,0.611,2026-10-09T16:00:00
I04846,U0580,C048,completed,0.507,1.0,,2026-10-09T18:00:00
I04847,U0580,C018,viewed,0.239,0.078,,2026-10-09T20:00:00
I04848,U0580,C061,quiz_passed,0.783,1.0,0.703,2026-10-09T22:00:00
I04849,U0580,C028,completed,0.462,1.0,,2026-10-10T00:00:00
I04850,U0581,C050,quiz_passed,0.817,1.0,0.738,2026-10-10T02:00:00
I04851,U0581,C003,completed,0.786,1.0,0.747,2026-10-10T04:00:00
I04852,U0581,C001,disliked,0.387,0.17,0.489,2026-10-10T06:00:00
I04853,U0581,C076,quiz_passed,0.824,1.0,0.776,2026-10-10T08:00:00
I04854,U0581,C046,viewed,0.307,0.6,,2026-10-10T10:00:00
I04855,U0581,C046,viewed,0.212,0.022,,2026-10-10T12:00:00
I04856,U0581,C005,completed,0.486,1.0,,2026-10-10T14:00:00
I04857,U0581,C081,completed,0.525,1.0,,2026-10-10T16:00:00
I04858,U0581,C005,completed,0.516,1.0,,2026-10-10T18:00:00
I04859,U0581,C091,completed,0.862,1.0,0.782,2026-10-10T20:00:00
I04860,U0581,C013,viewed,0.106,0.001,,2026-10-10T22:00:00
I04861,U0581,C095,disliked,0.167,0.13,,2026-10-11T00:00:00
I04862,U0581,C025,completed,0.828,1.0,0.722,2026-10-11T02:00:00
I04863,U0582,C064,quiz_passed,0.786,1.0,0.805,2026-10-11T04:00:00
I04864,U0582,C099,quiz_passed,0.745,1.0,0.666,2026-10-11T06:00:00
I04865,U0582,C071,completed,0.519,1.0,,2026-10-11T08:00:00
I04866,U0582,C029,completed,0.868,1.0,0.771,2026-10-11T10:00:00
I04867,U0582,C013,completed,0.56,1.0,,2026-10-11T12:00:00
I04868,U0582,C043,quiz_passed,0.832,1.0,0.703,2026-10-11T14:00:00
I04869,U0582,C090,quiz_passed,0.805,1.0,0.638,2026-10-11T16:00:00
I04870,U0582,C002,completed,0.521,1.0,,2026-10-11T18:00:00
I04871,U0582,C053,viewed,0.193,0.088,,2026-10-11T20:00:00
I04872,U0582,C013,completed,0.766,1.0,0.646,2026-10-11T22:00:00
I04873,U0582,C075,viewed,0.464,0.54,0.317,2026-10-12T00:00:00
I04874,U0582,C054,completed,0.561,1.0,,2026-10-12T02:00:00
I04875,U0582,C048,completed,0.898,1.0,0.803,2026-10-12T04:00:00
I04876,U0582,C053,viewed,0.249,0.042,,2026-10-12T06:00:00
I04877,U0582,C005,completed,0.794,1.0,0.58,2026-10-12T08:00:00
I04878,U0583,C042,viewed,0.126,0.002,,2026-10-12T10:00:00
I04879,U0583,C043,viewed,0.528,0.51,0.408,2026-10-12T12:00:00
I04880,U0583,C053,completed,0.576,1.0,,2026-10-12T14:00:00
I04881,U0583,C028,viewed,0.213,0.074,,2026-10-12T16:00:00
I04882,U0583,C090,viewed,0.287,0.23,0.257,2026-10-12T18:00:00
I04883,U0583,C088,viewed,0.132,0.042,,2026-10-12T20:00:00
I04884,U0583,C075,completed,0.785,1.0,0.554,2026-10-12T22:00:00
I04885,U0583,C061,viewed,0.299,0.57,,2026-10-13T00:00:00
I04886,U0583,C095,viewed,0.25,0.036,,2026-10-13T02:00:00
I04887,U0583,C066,completed,0.71,1.0,0.593,2026-10-13T04:00:00
I04888,U0583,C048,viewed,0.104,0.06,,2026-10-13T06:00:00
I04889,U0584,C098,completed,0.516,1.0,,2026-10-13T08:00:00
I04890,U0584,C025,quiz_passed,0.898,1.0,0.871,2026-10-13T10:00:00
I04891,U0584,C029,quiz_passed,0.484,0.32,0.603,2026-10-13T12:00:00
I04892,U0584,C098,completed,0.538,1.0,,2026-10-13T14:00:00
I04893,U0584,C003,viewed,0.227,0.071,,2026-10-13T16:00:00
I04894,U0584,C048,completed,0.865,1.0,0.841,2026-10-13T18:00:00
I04895,U0584,C047,completed,0.484,1.0,,2026-10-13T20:00:00
I04896,U0584,C071,completed,0.486,1.0,,2026-10-13T22:00:00
I04897,U0584,C075,completed,0.491,1.0,,2026-10-14T00:00:00
I04898,U0584,C017,quiz_passed,0.82,1.0,0.844,2026-10-14T02:00:00
I04899,U0584,C072,completed,0.808,1.0,0.834,2026-10-14T04:00:00
I04900,U0585,C029,disliked,0.287,0.11,0.434,2026-10-14T06:00:00
I04901,U0585,C029,completed,0.761,1.0,0.582,2026-10-14T08:00:00
I04902,U0585,C058,completed,0.804,1.0,0.678,2026-10-14T10:00:00
I04903,U0585,C096,viewed,0.164,0.029,,2026-10-14T12:00:00
I04904,U0586,C016,disliked,0.309,0.14,0.445,2026-10-14T14:00:00
I04905,U0586,C099,completed,0.642,1.0,0.451,2026-10-14T16:00:00
I04906,U0586,C065,viewed,0.361,0.47,,2026-10-14T18:00:00
I04907,U0587,C053,viewed,0.366,0.25,0.445,2026-10-14T20:00:00
I04908,U0587,C003,quiz_passed,0.768,1.0,0.626,2026-10-14T22:00:00
I04909,U0587,C005,completed,0.529,1.0,,2026-10-15T00:00:00
I04910,U0587,C090,completed,0.574,1.0,,2026-10-15T02:00:00
I04911,U0587,C044,completed,0.544,1.0,,2026-10-15T04:00:00
I04912,U0587,C001,completed,0.55,1.0,,2026-10-15T06:00:00
I04913,U0588,C098,quiz_passed,0.801,1.0,0.615,2026-10-15T08:00:00
I04914,U0588,C030,quiz_passed,0.852,1.0,0.8,2026-10-15T10:00:00
I04915,U0588,C096,viewed,0.116,0.029,,2026-10-15T12:00:00
I04916,U0588,C066,completed,0.516,1.0,,2026-10-15T14:00:00
I04917,U0589,C008,disliked,0.316,0.05,0.359,2026-10-15T16:00:00
I04918,U0589,C064,completed,0.721,1.0,0.6,2026-10-15T18:00:00
I04919,U0589,C050,completed,0.484,1.0,,2026-10-15T20:00:00
I04920,U0590,C098,viewed,0.22,0.06,,2026-10-15T22:00:00
I04921,U0590,C096,completed,0.73,1.0,0.457,2026-10-16T00:00:00
I04922,U0590,C099,completed,0.494,1.0,,2026-10-16T02:00:00
I04923,U0590,C053,viewed,0.4,0.7,,2026-10-16T04:00:00
I04924,U0590,C053,quiz_passed,0.708,1.0,0.602,2026-10-16T06:00:00
I04925,U0590,C011,completed,0.502,1.0,,2026-10-16T08:00:00
I04926,U0590,C095,viewed,0.169,0.019,,2026-10-16T10:00:00
I04927,U0590,C096,completed,0.754,1.0,0.492,2026-10-16T12:00:00
I04928,U0590,C017,viewed,0.245,0.034,,2026-10-16T14:00:00
I04929,U0590,C050,viewed,0.3,0.0,,2026-10-16T16:00:00
I04930,U0590,C018,quiz_passed,0.826,1.0,0.691,2026-10-16T18:00:00
I04931,U0590,C095,viewed,0.214,0.083,,2026-10-16T20:00:00
I04932,U0590,C092,completed,0.547,1.0,,2026-10-16T22:00:00
I04933,U0591,C096,completed,0.861,1.0,0.791,2026-10-17T00:00:00
I04934,U0591,C071,quiz_passed,0.841,1.0,0.862,2026-10-17T02:00:00
I04935,U0591,C082,quiz_passed,0.847,1.0,0.882,2026-10-17T04:00:00
I04936,U0591,C071,completed,0.472,1.0,,2026-10-17T06:00:00
I04937,U0591,C046,completed,0.556,1.0,,2026-10-17T08:00:00
I04938,U0591,C042,viewed,0.15,0.02,,2026-10-17T10:00:00
I04939,U0591,C008,quiz_passed,0.892,1.0,0.869,2026-10-17T12:00:00
I04940,U0591,C017,disliked,0.141,0.13,,2026-10-17T14:00:00
I04941,U0591,C076,completed,0.533,1.0,,2026-10-17T16:00:00
I04942,U0591,C066,completed,0.486,1.0,,2026-10-17T18:00:00
I04943,U0591,C017,quiz_passed,0.882,1.0,0.818,2026-10-17T20:00:00
I04944,U0591,C092,quiz_passed,0.834,1.0,0.824,2026-10-17T22:00:00
I04945,U0591,C067,completed,0.866,1.0,0.848,2026-10-18T00:00:00
I04946,U0591,C090,viewed,0.609,0.53,0.586,2026-10-18T02:00:00
I04947,U0592,C017,completed,0.535,1.0,,2026-10-18T04:00:00
I04948,U0592,C066,quiz_passed,0.871,1.0,0.775,2026-10-18T06:00:00
I04949,U0592,C082,viewed,0.149,0.007,,2026-10-18T08:00:00
I04950,U0592,C076,quiz_passed,0.841,1.0,0.804,2026-10-18T10:00:00
I04951,U0592,C001,completed,0.489,1.0,,2026-10-18T12:00:00
I04952,U0592,C049,quiz_passed,0.851,1.0,0.726,2026-10-18T14:00:00
I04953,U0592,C053,completed,0.824,1.0,0.749,2026-10-18T16:00:00
I04954,U0592,C098,completed,0.699,1.0,0.554,2026-10-18T18:00:00
I04955,U0592,C073,completed,0.858,1.0,0.803,2026-10-18T20:00:00
I04956,U0592,C092,viewed,0.557,0.39,0.585,2026-10-18T22:00:00
I04957,U0592,C071,completed,0.82,1.0,0.737,2026-10-19T00:00:00
I04958,U0592,C054,quiz_passed,0.835,1.0,0.713,2026-10-19T02:00:00
I04959,U0592,C015,completed,0.766,1.0,0.711,2026-10-19T04:00:00
I04960,U0592,C025,quiz_passed,0.851,1.0,0.752,2026-10-19T06:00:00
I04961,U0593,C047,disliked,0.146,0.09,,2026-10-19T08:00:00
I04962,U0593,C064,quiz_passed,0.722,1.0,0.619,2026-10-19T10:00:00
I04963,U0593,C015,completed,0.493,1.0,,2026-10-19T12:00:00
I04964,U0593,C075,viewed,0.111,0.047,,2026-10-19T14:00:00
I04965,U0593,C030,quiz_passed,0.805,1.0,0.697,2026-10-19T16:00:00
I04966,U0593,C048,completed,0.784,1.0,0.667,2026-10-19T18:00:00
I04967,U0593,C002,completed,0.725,1.0,0.613,2026-10-19T20:00:00
I04968,U0593,C053,completed,0.723,1.0,0.595,2026-10-19T22:00:00
I04969,U0593,C088,viewed,0.294,0.087,,2026-10-20T00:00:00
I04970,U0594,C099,completed,0.717,1.0,0.446,2026-10-20T02:00:00
I04971,U0594,C047,quiz_passed,0.797,1.0,0.61,2026-10-20T04:00:00
I04972,U0595,C009,viewed,0.488,0.45,0.418,2026-10-20T06:00:00
I04973,U0595,C018,viewed,0.184,0.03,,2026-10-20T08:00:00
I04974,U0595,C016,quiz_passed,0.835,1.0,0.646,2026-10-20T10:00:00
I04975,U0595,C025,viewed,0.212,0.078,,2026-10-20T12:00:00
I04976,U0596,C099,viewed,0.209,0.098,,2026-10-20T14:00:00
I04977,U0596,C002,completed,0.79,1.0,0.609,2026-10-20T16:00:00
I04978,U0596,C025,completed,0.768,1.0,0.597,2026-10-20T18:00:00
I04979,U0596,C003,quiz_passed,0.81,1.0,0.633,2026-10-20T20:00:00
I04980,U0596,C065,viewed,0.229,0.013,,2026-10-20T22:00:00
I04981,U0596,C071,viewed,0.219,0.015,,2026-10-21T00:00:00
I04982,U0596,C030,viewed,0.458,0.56,0.387,2026-10-21T02:00:00
I04983,U0596,C088,viewed,0.325,0.65,,2026-10-21T04:00:00
I04984,U0596,C090,completed,0.692,1.0,0.502,2026-10-21T06:00:00
I04985,U0597,C095,completed,0.688,1.0,0.406,2026-10-21T08:00:00
I04986,U0597,C030,viewed,0.323,0.43,,2026-10-21T10:00:00
I04987,U0597,C043,viewed,0.104,0.08,,2026-10-21T12:00:00
I04988,U0597,C095,completed,0.501,1.0,,2026-10-21T14:00:00
I04989,U0597,C082,viewed,0.425,0.29,0.325,2026-10-21T16:00:00
I04990,U0598,C028,quiz_passed,0.779,1.0,0.721,2026-10-21T18:00:00
I04991,U0598,C098,completed,0.468,1.0,,2026-10-21T20:00:00
I04992,U0598,C064,completed,0.523,1.0,,2026-10-21T22:00:00
I04993,U0598,C058,completed,0.837,1.0,0.765,2026-10-22T00:00:00
I04994,U0598,C076,quiz_passed,0.793,1.0,0.703,2026-10-22T02:00:00
I04995,U0598,C011,quiz_passed,0.821,1.0,0.711,2026-10-22T04:00:00
I04996,U0598,C005,viewed,0.454,0.36,0.369,2026-10-22T06:00:00
I04997,U0598,C092,completed,0.475,1.0,,2026-10-22T08:00:00
I04998,U0598,C049,quiz_passed,0.82,1.0,0.773,2026-10-22T10:00:00
I04999,U0598,C044,viewed,0.238,0.085,,2026-10-22T12:00:00
I05000,U0598,C092,completed,0.461,1.0,,2026-10-22T14:00:00
I05001,U0598,C054,completed,0.791,1.0,0.774,2026-10-22T16:00:00
I05002,U0598,C053,quiz_passed,0.818,1.0,0.749,2026-10-22T18:00:00
I05003,U0599,C096,completed,0.658,1.0,0.411,2026-10-22T20:00:00
I05004,U0599,C066,disliked,0.407,0.19,0.426,2026-10-22T22:00:00
I05005,U0599,C067,completed,0.484,1.0,,2026-10-23T00:00:00
I05006,U0599,C095,completed,0.502,1.0,,2026-10-23T02:00:00
I05007,U0599,C067,completed,0.767,1.0,0.594,2026-10-23T04:00:00
I05008,U0599,C016,completed,0.787,1.0,0.684,2026-10-23T06:00:00
I05009,U0600,C009,disliked,0.103,0.03,,2026-10-23T08:00:00
I05010,U0600,C025,viewed,0.278,0.082,,2026-10-23T10:00:00
I05011,U0600,C078,viewed,0.254,0.31,,2026-10-23T12:00:00
I05012,U0600,C098,viewed,0.142,0.072,,2026-10-23T14:00:00
I05013,U0600,C095,completed,0.674,1.0,0.467,2026-10-23T16:00:00
I05014,U0601,C063,quiz_passed,0.811,1.0,0.667,2026-10-23T18:00:00
I05015,U0601,C035,viewed,0.158,0.022,,2026-10-23T20:00:00
I05016,U0601,C076,viewed,0.281,0.49,,2026-10-23T22:00:00
I05017,U0601,C079,completed,0.68,1.0,0.529,2026-10-24T00:00:00
I05018,U0601,C075,viewed,0.197,0.095,,2026-10-24T02:00:00
I05019,U0601,C063,quiz_passed,0.758,1.0,0.616,2026-10-24T04:00:00
I05020,U0602,C088,completed,0.823,1.0,0.749,2026-10-24T06:00:00
I05021,U0602,C079,completed,0.546,1.0,,2026-10-24T08:00:00
I05022,U0602,C062,quiz_passed,0.79,1.0,0.787,2026-10-24T10:00:00
I05023,U0602,C076,disliked,0.316,0.0,0.529,2026-10-24T12:00:00
I05024,U0602,C082,quiz_passed,0.851,1.0,0.792,2026-10-24T14:00:00
I05025,U0602,C011,completed,0.5,1.0,,2026-10-24T16:00:00
I05026,U0602,C002,quiz_passed,0.767,1.0,0.749,2026-10-24T18:00:00
I05027,U0602,C085,completed,0.521,1.0,,2026-10-24T20:00:00
I05028,U0602,C028,completed,0.529,1.0,,2026-10-24T22:00:00
I05029,U0602,C048,completed,0.567,1.0,,2026-10-25T00:00:00
I05030,U0602,C030,quiz_passed,0.792,1.0,0.772,2026-10-25T02:00:00
I05031,U0602,C042,quiz_passed,0.84,1.0,0.776,2026-10-25T04:00:00
I05032,U0603,C095,completed,0.572,1.0,,2026-10-25T06:00:00
I05033,U0603,C071,completed,0.781,1.0,0.663,2026-10-25T08:00:00
I05034,U0603,C010,viewed,0.199,0.008,,2026-10-25T10:00:00
I05035,U0603,C025,viewed,0.213,0.027,,2026-10-25T12:00:00
I05036,U0603,C099,viewed,0.2,0.04,,2026-10-25T14:00:00
I05037,U0603,C011,completed,0.484,1.0,,2026-10-25T16:00:00
I05038,U0603,C029,disliked,0.342,0.11,0.35,2026-10-25T18:00:00
I05039,U0603,C025,completed,0.533,1.0,,2026-10-25T20:00:00
I05040,U0603,C090,completed,0.706,1.0,0.477,2026-10-25T22:00:00
I05041,U0604,C049,completed,0.553,1.0,,2026-10-26T00:00:00
I05042,U0604,C054,completed,0.518,1.0,,2026-10-26T02:00:00
I05043,U0604,C048,completed,0.541,1.0,,2026-10-26T04:00:00
I05044,U0604,C002,quiz_passed,0.823,1.0,0.786,2026-10-26T06:00:00
I05045,U0604,C045,completed,0.554,1.0,,2026-10-26T08:00:00
I05046,U0604,C095,completed,0.492,1.0,,2026-10-26T10:00:00
I05047,U0604,C063,completed,0.508,1.0,,2026-10-26T12:00:00
I05048,U0604,C073,completed,0.845,1.0,0.75,2026-10-26T14:00:00
I05049,U0604,C058,completed,0.786,1.0,0.74,2026-10-26T16:00:00
I05050,U0604,C010,viewed,0.274,0.39,,2026-10-26T18:00:00
I05051,U0604,C071,completed,0.565,1.0,,2026-10-26T20:00:00
I05052,U0605,C057,completed,0.478,1.0,,2026-10-26T22:00:00
I05053,U0605,C006,quiz_passed,0.82,1.0,0.694,2026-10-27T00:00:00
I05054,U0605,C048,completed,0.75,1.0,0.674,2026-10-27T02:00:00
I05055,U0605,C098,viewed,0.265,0.044,,2026-10-27T04:00:00
I05056,U0605,C015,disliked,0.119,0.07,,2026-10-27T06:00:00
I05057,U0605,C051,completed,0.725,1.0,0.615,2026-10-27T08:00:00
I05058,U0605,C063,completed,0.765,1.0,0.567,2026-10-27T10:00:00
I05059,U0605,C074,completed,0.514,1.0,,2026-10-27T12:00:00
I05060,U0605,C003,completed,0.505,1.0,,2026-10-27T14:00:00
I05061,U0605,C091,viewed,0.231,0.04,,2026-10-27T16:00:00
I05062,U0606,C095,completed,0.682,1.0,0.463,2026-10-27T18:00:00
I05063,U0606,C097,viewed,0.265,0.26,,2026-10-27T20:00:00
I05064,U0606,C029,completed,0.562,1.0,,2026-10-27T22:00:00
I05065,U0606,C048,quiz_passed,0.828,1.0,0.708,2026-10-28T00:00:00
I05066,U0606,C003,quiz_passed,0.798,1.0,0.657,2026-10-28T02:00:00
I05067,U0606,C096,viewed,0.202,0.073,,2026-10-28T04:00:00
I05068,U0606,C063,completed,0.5,1.0,,2026-10-28T06:00:00
I05069,U0606,C054,completed,0.53,1.0,,2026-10-28T08:00:00
I05070,U0606,C015,viewed,0.196,0.002,,2026-10-28T10:00:00
I05071,U0606,C090,viewed,0.425,0.4,0.232,2026-10-28T12:00:00
I05072,U0606,C067,viewed,0.483,0.68,0.369,2026-10-28T14:00:00
I05073,U0606,C003,viewed,0.306,0.43,,2026-10-28T16:00:00
I05074,U0606,C010,viewed,0.231,0.07,,2026-10-28T18:00:00
I05075,U0606,C072,completed,0.497,1.0,,2026-10-28T20:00:00
I05076,U0606,C005,completed,0.776,1.0,0.495,2026-10-28T22:00:00
I05077,U0607,C095,viewed,0.392,0.63,0.198,2026-10-29T00:00:00
I05078,U0607,C095,viewed,0.362,0.49,,2026-10-29T02:00:00
I05079,U0607,C043,viewed,0.136,0.044,,2026-10-29T04:00:00
I05080,U0607,C099,completed,0.575,1.0,,2026-10-29T06:00:00
I05081,U0607,C066,quiz_passed,0.726,1.0,0.641,2026-10-29T08:00:00
I05082,U0607,C051,viewed,0.428,0.69,,2026-10-29T10:00:00
I05083,U0607,C045,viewed,0.182,0.002,,2026-10-29T12:00:00
I05084,U0607,C053,completed,0.794,1.0,0.604,2026-10-29T14:00:00
I05085,U0607,C010,viewed,0.263,0.021,,2026-10-29T16:00:00
I05086,U0607,C002,viewed,0.271,0.079,,2026-10-29T18:00:00
I05087,U0607,C042,completed,0.726,1.0,0.565,2026-10-29T20:00:00
I05088,U0607,C091,viewed,0.459,0.5,0.354,2026-10-29T22:00:00
I05089,U0607,C029,completed,0.788,1.0,0.593,2026-10-30T00:00:00
I05090,U0607,C003,quiz_passed,0.774,1.0,0.667,2026-10-30T02:00:00
I05091,U0608,C098,viewed,0.195,0.075,,2026-10-30T04:00:00
I05092,U0608,C073,completed,0.546,1.0,,2026-10-30T06:00:00
I05093,U0608,C029,viewed,0.128,0.006,,2026-10-30T08:00:00
I05094,U0608,C095,completed,0.734,1.0,0.457,2026-10-30T10:00:00
I05095,U0608,C082,completed,0.796,1.0,0.565,2026-10-30T12:00:00
I05096,U0609,C096,completed,0.497,1.0,,2026-10-30T14:00:00
I05097,U0609,C057,disliked,0.221,0.06,0.31,2026-10-30T16:00:00
I05098,U0609,C061,viewed,0.392,0.55,,2026-10-30T18:00:00
I05099,U0609,C035,disliked,0.221,0.14,,2026-10-30T20:00:00
I05100,U0609,C013,viewed,0.255,0.047,,2026-10-30T22:00:00
I05101,U0609,C095,completed,0.684,1.0,0.481,2026-10-31T00:00:00
I05102,U0609,C095,disliked,0.227,0.06,0.213,2026-10-31T02:00:00
I05103,U0609,C061,completed,0.535,1.0,,2026-10-31T04:00:00
I05104,U0609,C062,completed,0.495,1.0,,2026-10-31T06:00:00
I05105,U0609,C002,viewed,0.154,0.051,,2026-10-31T08:00:00
I05106,U0610,C006,quiz_passed,0.823,1.0,0.644,2026-10-31T10:00:00
I05107,U0610,C099,viewed,0.443,0.59,0.237,2026-10-31T12:00:00
I05108,U0611,C098,completed,0.686,1.0,0.45,2026-10-31T14:00:00
I05109,U0611,C051,quiz_passed,0.806,1.0,0.69,2026-10-31T16:00:00
I05110,U0611,C006,viewed,0.131,0.073,,2026-10-31T18:00:00
I05111,U0611,C047,disliked,0.18,0.07,,2026-10-31T20:00:00
I05112,U0611,C044,viewed,0.21,0.08,,2026-10-31T22:00:00
I05113,U0611,C090,viewed,0.261,0.26,,2026-11-01T00:00:00
I05114,U0611,C054,completed,0.508,1.0,,2026-11-01T02:00:00
I05115,U0612,C076,completed,0.822,1.0,0.666,2026-11-01T04:00:00
I05116,U0612,C018,completed,0.482,1.0,,2026-11-01T06:00:00
I05117,U0612,C050,completed,0.497,1.0,,2026-11-01T08:00:00
I05118,U0612,C061,quiz_passed,0.803,1.0,0.678,2026-11-01T10:00:00
I05119,U0612,C048,quiz_passed,0.813,1.0,0.656,2026-11-01T12:00:00
I05120,U0612,C090,completed,0.542,1.0,,2026-11-01T14:00:00
I05121,U0612,C074,viewed,0.292,0.059,,2026-11-01T16:00:00
I05122,U0612,C010,completed,0.758,1.0,0.453,2026-11-01T18:00:00
I05123,U0612,C051,viewed,0.208,0.018,,2026-11-01T20:00:00
I05124,U0612,C013,viewed,0.352,0.48,0.237,2026-11-01T22:00:00
I05125,U0612,C010,viewed,0.235,0.35,,2026-11-02T00:00:00
I05126,U0612,C025,quiz_passed,0.858,1.0,0.697,2026-11-02T02:00:00
I05127,U0613,C047,completed,0.535,1.0,,2026-11-02T04:00:00
I05128,U0613,C057,completed,0.469,1.0,,2026-11-02T06:00:00
I05129,U0614,C053,completed,0.803,1.0,0.757,2026-11-02T08:00:00
I05130,U0614,C011,viewed,0.484,0.41,0.52,2026-11-02T10:00:00
I05131,U0615,C098,viewed,0.234,0.074,,2026-11-02T12:00:00
I05132,U0615,C050,completed,0.75,1.0,0.718,2026-11-02T14:00:00
I05133,U0615,C003,quiz_passed,0.777,1.0,0.766,2026-11-02T16:00:00
I05134,U0615,C046,completed,0.705,1.0,0.515,2026-11-02T18:00:00
I05135,U0615,C045,completed,0.493,1.0,,2026-11-02T20:00:00
I05136,U0615,C073,completed,0.522,1.0,,2026-11-02T22:00:00
I05137,U0615,C017,disliked,0.15,0.18,,2026-11-03T00:00:00
I05138,U0615,C091,completed,0.832,1.0,0.808,2026-11-03T02:00:00
I05139,U0615,C082,disliked,0.121,0.1,,2026-11-03T04:00:00
I05140,U0616,C003,completed,0.531,1.0,,2026-11-03T06:00:00
I05141,U0616,C090,viewed,0.124,0.01,,2026-11-03T08:00:00
I05142,U0616,C065,viewed,0.362,0.55,,2026-11-03T10:00:00
I05143,U0617,C028,quiz_passed,0.8,1.0,0.827,2026-11-03T12:00:00
I05144,U0617,C099,viewed,0.646,0.58,0.587,2026-11-03T14:00:00
I05145,U0617,C095,quiz_passed,0.783,1.0,0.791,2026-11-03T16:00:00
I05146,U0617,C002,quiz_passed,0.847,1.0,0.813,2026-11-03T18:00:00
I05147,U0618,C028,completed,0.513,1.0,,2026-11-03T20:00:00
I05148,U0618,C098,viewed,0.234,0.066,,2026-11-03T22:00:00
I05149,U0618,C061,viewed,0.544,0.67,0.452,2026-11-04T00:00:00
I05150,U0618,C071,completed,0.547,1.0,,2026-11-04T02:00:00
I05151,U0618,C046,viewed,0.201,0.085,,2026-11-04T04:00:00
I05152,U0618,C054,viewed,0.218,0.2,,2026-11-04T06:00:00
I05153,U0618,C042,quiz_passed,0.796,1.0,0.746,2026-11-04T08:00:00
I05154,U0618,C066,quiz_passed,0.856,1.0,0.788,2026-11-04T10:00:00
I05155,U0618,C011,quiz_passed,0.792,1.0,0.805,2026-11-04T12:00:00
I05156,U0618,C075,quiz_passed,0.775,1.0,0.615,2026-11-04T14:00:00
I05157,U0618,C042,quiz_passed,0.763,1.0,0.733,2026-11-04T16:00:00
I05158,U0619,C096,viewed,0.453,0.51,0.288,2026-11-04T18:00:00
I05159,U0619,C099,viewed,0.21,0.086,,2026-11-04T20:00:00
I05160,U0619,C098,viewed,0.319,0.3,0.265,2026-11-04T22:00:00
I05161,U0619,C003,quiz_passed,0.802,1.0,0.667,2026-11-05T00:00:00
I05162,U0619,C073,viewed,0.148,0.091,,2026-11-05T02:00:00
I05163,U0619,C071,completed,0.784,1.0,0.574,2026-11-05T04:00:00
I05164,U0619,C067,quiz_passed,0.754,1.0,0.667,2026-11-05T06:00:00
I05165,U0619,C090,viewed,0.24,0.082,,2026-11-05T08:00:00
I05166,U0619,C081,completed,0.745,1.0,0.432,2026-11-05T10:00:00
I05167,U0619,C057,viewed,0.202,0.22,,2026-11-05T12:00:00
I05168,U0619,C029,completed,0.776,1.0,0.677,2026-11-05T14:00:00
I05169,U0619,C051,completed,0.501,1.0,,2026-11-05T16:00:00
I05170,U0619,C025,completed,0.768,1.0,0.606,2026-11-05T18:00:00
I05171,U0620,C051,completed,0.548,1.0,,2026-11-05T20:00:00
I05172,U0620,C092,quiz_passed,0.675,0.66,0.687,2026-11-05T22:00:00
I05173,U0620,C071,quiz_passed,0.816,1.0,0.866,2026-11-06T00:00:00
I05174,U0620,C057,completed,0.525,1.0,,2026-11-06T02:00:00
I05175,U0621,C098,completed,0.577,1.0,,2026-11-06T04:00:00
I05176,U0621,C047,quiz_passed,0.876,1.0,0.858,2026-11-06T06:00:00
I05177,U0621,C099,quiz_passed,0.782,1.0,0.79,2026-11-06T08:00:00
I05178,U0621,C095,viewed,0.249,0.075,,2026-11-06T10:00:00
I05179,U0621,C098,completed,0.496,1.0,,2026-11-06T12:00:00
I05180,U0621,C001,quiz_passed,0.816,1.0,0.863,2026-11-06T14:00:00
I05181,U0621,C062,completed,0.808,1.0,0.816,2026-11-06T16:00:00
I05182,U0621,C066,completed,0.857,1.0,0.865,2026-11-06T18:00:00
I05183,U0622,C058,quiz_passed,0.841,1.0,0.873,2026-11-06T20:00:00
I05184,U0622,C067,completed,0.489,1.0,,2026-11-06T22:00:00
I05185,U0623,C061,disliked,0.299,0.17,0.375,2026-11-07T00:00:00
I05186,U0623,C095,disliked,0.146,0.05,,2026-11-07T02:00:00
I05187,U0623,C081,completed,0.677,1.0,0.464,2026-11-07T04:00:00
I05188,U0623,C005,viewed,0.269,0.31,,2026-11-07T06:00:00
I05189,U0623,C043,viewed,0.146,0.071,,2026-11-07T08:00:00
I05190,U0623,C074,completed,0.551,1.0,,2026-11-07T10:00:00
I05191,U0623,C072,completed,0.809,1.0,0.639,2026-11-07T12:00:00
I05192,U0623,C092,viewed,0.505,0.64,0.394,2026-11-07T14:00:00
I05193,U0623,C071,completed,0.502,1.0,,2026-11-07T16:00:00
I05194,U0623,C045,disliked,0.193,0.11,0.214,2026-11-07T18:00:00
I05195,U0623,C013,viewed,0.24,0.099,,2026-11-07T20:00:00
I05196,U0623,C081,viewed,0.512,0.66,0.221,2026-11-07T22:00:00
I05197,U0623,C092,completed,0.466,1.0,,2026-11-08T00:00:00
I05198,U0623,C005,completed,0.574,1.0,,2026-11-08T02:00:00
I05199,U0623,C003,viewed,0.15,0.021,,2026-11-08T04:00:00
I05200,U0624,C030,quiz_passed,0.857,1.0,0.832,2026-11-08T06:00:00
I05201,U0624,C072,completed,0.854,1.0,0.855,2026-11-08T08:00:00
I05202,U0625,C095,viewed,0.122,0.041,,2026-11-08T10:00:00
I05203,U0625,C091,quiz_passed,0.775,1.0,0.667,2026-11-08T12:00:00
I05204,U0625,C005,completed,0.548,1.0,,2026-11-08T14:00:00
I05205,U0625,C053,quiz_passed,0.812,1.0,0.601,2026-11-08T16:00:00
I05206,U0625,C035,completed,0.532,1.0,,2026-11-08T18:00:00
I05207,U0625,C078,completed,0.696,1.0,0.575,2026-11-08T20:00:00
I05208,U0625,C071,viewed,0.521,0.56,0.428,2026-11-08T22:00:00
I05209,U0625,C066,quiz_passed,0.727,1.0,0.641,2026-11-09T00:00:00
I05210,U0625,C095,completed,0.497,1.0,,2026-11-09T02:00:00
I05211,U0625,C043,viewed,0.555,0.62,0.41,2026-11-09T04:00:00
I05212,U0625,C050,disliked,0.336,0.05,0.345,2026-11-09T06:00:00
I05213,U0625,C044,viewed,0.191,0.055,,2026-11-09T08:00:00
I05214,U0626,C042,quiz_passed,0.914,1.0,0.87,2026-11-09T10:00:00
I05215,U0626,C098,disliked,0.218,0.19,,2026-11-09T12:00:00
I05216,U0626,C099,quiz_passed,0.841,1.0,0.775,2026-11-09T14:00:00
I05217,U0626,C003,viewed,0.156,0.06,,2026-11-09T16:00:00
I05218,U0626,C095,quiz_passed,0.868,1.0,0.766,2026-11-09T18:00:00
I05219,U0626,C095,viewed,0.168,0.019,,2026-11-09T20:00:00
I05220,U0627,C098,completed,0.493,1.0,,2026-11-09T22:00:00
I05221,U0627,C054,quiz_passed,0.849,1.0,0.692,2026-11-10T00:00:00
I05222,U0627,C009,quiz_passed,0.729,1.0,0.613,2026-11-10T02:00:00
I05223,U0627,C066,completed,0.762,1.0,0.565,2026-11-10T04:00:00
I05224,U0627,C057,quiz_passed,0.76,1.0,0.611,2026-11-10T06:00:00
I05225,U0628,C053,completed,0.843,1.0,0.661,2026-11-10T08:00:00
I05226,U0628,C057,viewed,0.472,0.49,0.327,2026-11-10T10:00:00
I05227,U0628,C006,completed,0.566,1.0,,2026-11-10T12:00:00
I05228,U0628,C018,completed,0.554,1.0,,2026-11-10T14:00:00
I05229,U0628,C088,disliked,0.329,0.15,0.39,2026-11-10T16:00:00
I05230,U0628,C002,disliked,0.138,0.19,,2026-11-10T18:00:00
I05231,U0628,C044,viewed,0.16,0.06,,2026-11-10T20:00:00
I05232,U0628,C076,completed,0.481,1.0,,2026-11-10T22:00:00
I05233,U0628,C065,quiz_passed,0.764,1.0,0.62,2026-11-11T00:00:00
I05234,U0628,C076,viewed,0.342,0.33,0.324,2026-11-11T02:00:00
I05235,U0628,C018,quiz_passed,0.782,1.0,0.638,2026-11-11T04:00:00
I05236,U0629,C082,viewed,0.275,0.029,,2026-11-11T06:00:00
I05237,U0629,C015,viewed,0.274,0.046,,2026-11-11T08:00:00
I05238,U0629,C092,completed,0.564,1.0,,2026-11-11T10:00:00
I05239,U0629,C065,viewed,0.271,0.093,,2026-11-11T12:00:00
I05240,U0629,C054,completed,0.757,1.0,0.594,2026-11-11T14:00:00
I05241,U0629,C064,quiz_passed,0.805,1.0,0.621,2026-11-11T16:00:00
I05242,U0629,C042,viewed,0.532,0.65,0.432,2026-11-11T18:00:00
I05243,U0629,C016,completed,0.523,1.0,,2026-11-11T20:00:00
I05244,U0629,C053,viewed,0.174,0.025,,2026-11-11T22:00:00
I05245,U0629,C042,completed,0.79,1.0,0.591,2026-11-12T00:00:00
I05246,U0629,C045,viewed,0.289,0.46,,2026-11-12T02:00:00
I05247,U0630,C047,completed,0.501,1.0,,2026-11-12T04:00:00
I05248,U0630,C050,completed,0.76,1.0,0.575,2026-11-12T06:00:00
I05249,U0630,C042,completed,0.716,1.0,0.582,2026-11-12T08:00:00
I05250,U0630,C091,quiz_passed,0.744,1.0,0.694,2026-11-12T10:00:00
I05251,U0630,C005,completed,0.706,1.0,0.541,2026-11-12T12:00:00
I05252,U0630,C076,quiz_passed,0.724,1.0,0.607,2026-11-12T14:00:00
I05253,U0630,C078,quiz_passed,0.743,1.0,0.67,2026-11-12T16:00:00
I05254,U0630,C081,completed,0.475,1.0,,2026-11-12T18:00:00
I05255,U0630,C028,quiz_passed,0.807,1.0,0.624,2026-11-12T20:00:00
I05256,U0631,C092,completed,0.533,1.0,,2026-11-12T22:00:00
I05257,U0631,C095,completed,0.494,1.0,,2026-11-13T00:00:00
I05258,U0631,C067,viewed,0.152,0.088,,2026-11-13T02:00:00
I05259,U0631,C098,completed,0.802,1.0,0.687,2026-11-13T04:00:00
I05260,U0631,C016,quiz_passed,0.874,1.0,0.835,2026-11-13T06:00:00
I05261,U0631,C044,viewed,0.391,0.66,,2026-11-13T08:00:00
I05262,U0631,C082,viewed,0.243,0.022,,2026-11-13T10:00:00
I05263,U0631,C062,quiz_passed,0.859,1.0,0.814,2026-11-13T12:00:00
I05264,U0631,C057,completed,0.478,1.0,,2026-11-13T14:00:00
I05265,U0631,C006,completed,0.561,1.0,,2026-11-13T16:00:00
I05266,U0631,C082,completed,0.534,1.0,,2026-11-13T18:00:00
I05267,U0631,C090,quiz_passed,0.835,1.0,0.803,2026-11-13T20:00:00
I05268,U0631,C073,quiz_passed,0.901,1.0,0.842,2026-11-13T22:00:00
I05269,U0631,C092,completed,0.515,1.0,,2026-11-14T00:00:00
I05270,U0632,C098,viewed,0.222,0.048,,2026-11-14T02:00:00
I05271,U0632,C096,viewed,0.31,0.22,0.237,2026-11-14T04:00:00
I05272,U0632,C018,quiz_passed,0.751,1.0,0.665,2026-11-14T06:00:00
I05273,U0632,C006,viewed,0.225,0.023,,2026-11-14T08:00:00
I05274,U0632,C001,quiz_passed,0.723,1.0,0.651,2026-11-14T10:00:00
I05275,U0632,C082,completed,0.492,1.0,,2026-11-14T12:00:00
I05276,U0632,C091,quiz_passed,0.772,1.0,0.615,2026-11-14T14:00:00
I05277,U0633,C092,completed,0.538,1.0,,2026-11-14T16:00:00
I05278,U0633,C073,viewed,0.264,0.51,,2026-11-14T18:00:00
I05279,U0633,C003,completed,0.735,1.0,0.662,2026-11-14T20:00:00
I05280,U0633,C062,viewed,0.288,0.44,,2026-11-14T22:00:00
I05281,U0633,C075,viewed,0.411,0.62,0.204,2026-11-15T00:00:00
I05282,U0633,C036,completed,0.713,1.0,0.465,2026-11-15T02:00:00
I05283,U0633,C073,completed,0.475,1.0,,2026-11-15T04:00:00
I05284,U0634,C088,completed,0.534,1.0,,2026-11-15T06:00:00
I05285,U0634,C061,quiz_passed,0.838,1.0,0.668,2026-11-15T08:00:00
I05286,U0634,C090,completed,0.722,1.0,0.458,2026-11-15T10:00:00
I05287,U0635,C030,quiz_passed,0.858,1.0,0.735,2026-11-15T12:00:00
I05288,U0635,C016,completed,0.559,1.0,,2026-11-15T14:00:00
I05289,U0635,C081,quiz_passed,0.778,1.0,0.688,2026-11-15T16:00:00
I05290,U0635,C017,viewed,0.428,0.2,0.458,2026-11-15T18:00:00
I05291,U0635,C043,completed,0.491,1.0,,2026-11-15T20:00:00
I05292,U0635,C045,quiz_passed,0.793,1.0,0.601,2026-11-15T22:00:00
I05293,U0636,C057,viewed,0.457,0.35,0.411,2026-11-16T00:00:00
I05294,U0636,C098,viewed,0.282,0.027,,2026-11-16T02:00:00
I05295,U0636,C099,completed,0.492,1.0,,2026-11-16T04:00:00
I05296,U0636,C067,completed,0.537,1.0,,2026-11-16T06:00:00
I05297,U0636,C030,completed,0.484,1.0,,2026-11-16T08:00:00
I05298,U0636,C042,completed,0.479,1.0,,2026-11-16T10:00:00
I05299,U0636,C072,completed,0.501,1.0,,2026-11-16T12:00:00
I05300,U0637,C071,viewed,0.528,0.52,0.405,2026-11-16T14:00:00
I05301,U0637,C047,viewed,0.123,0.066,,2026-11-16T16:00:00
I05302,U0637,C081,viewed,0.291,0.087,,2026-11-16T18:00:00
I05303,U0638,C098,quiz_passed,0.84,1.0,0.736,2026-11-16T20:00:00
I05304,U0638,C096,disliked,0.104,0.04,,2026-11-16T22:00:00
I05305,U0638,C011,quiz_passed,0.905,1.0,0.822,2026-11-17T00:00:00
I05306,U0638,C096,completed,0.484,1.0,,2026-11-17T02:00:00
I05307,U0638,C011,completed,0.567,1.0,,2026-11-17T04:00:00
I05308,U0638,C082,quiz_passed,0.868,1.0,0.82,2026-11-17T06:00:00
I05309,U0638,C067,viewed,0.168,0.2,,2026-11-17T08:00:00
I05310,U0638,C047,quiz_passed,0.865,1.0,0.88,2026-11-17T10:00:00
I05311,U0638,C091,completed,0.576,1.0,,2026-11-17T12:00:00
I05312,U0638,C046,viewed,0.384,0.68,,2026-11-17T14:00:00
I05313,U0639,C065,completed,0.519,1.0,,2026-11-17T16:00:00
I05314,U0639,C067,quiz_passed,0.822,1.0,0.609,2026-11-17T18:00:00
I05315,U0639,C096,viewed,0.41,0.6,,2026-11-17T20:00:00
I05316,U0639,C076,viewed,0.143,0.013,,2026-11-17T22:00:00
I05317,U0639,C011,quiz_passed,0.783,1.0,0.617,2026-11-18T00:00:00
I05318,U0639,C096,disliked,0.281,0.06,0.285,2026-11-18T02:00:00
I05319,U0639,C076,quiz_passed,0.734,1.0,0.668,2026-11-18T04:00:00
I05320,U0639,C065,quiz_passed,0.842,1.0,0.667,2026-11-18T06:00:00
I05321,U0639,C054,viewed,0.22,0.096,,2026-11-18T08:00:00
I05322,U0639,C049,disliked,0.305,0.18,0.344,2026-11-18T10:00:00
I05323,U0639,C075,completed,0.701,1.0,0.547,2026-11-18T12:00:00
I05324,U0639,C071,quiz_passed,0.767,1.0,0.659,2026-11-18T14:00:00
I05325,U0639,C076,completed,0.486,1.0,,2026-11-18T16:00:00
I05326,U0640,C053,completed,0.46,1.0,,2026-11-18T18:00:00
I05327,U0640,C095,quiz_passed,0.77,1.0,0.657,2026-11-18T20:00:00
I05328,U0641,C095,viewed,0.16,0.047,,2026-11-18T22:00:00
I05329,U0641,C001,completed,0.497,1.0,,2026-11-19T00:00:00
I05330,U0641,C005,viewed,0.159,0.088,,2026-11-19T02:00:00
I05331,U0641,C075,viewed,0.125,0.022,,2026-11-19T04:00:00
I05332,U0641,C047,completed,0.502,1.0,,2026-11-19T06:00:00
I05333,U0641,C088,viewed,0.103,0.025,,2026-11-19T08:00:00
I05334,U0641,C090,completed,0.516,1.0,,2026-11-19T10:00:00
I05335,U0641,C002,completed,0.727,1.0,0.619,2026-11-19T12:00:00
I05336,U0641,C028,viewed,0.116,0.017,,2026-11-19T14:00:00
I05337,U0641,C074,completed,0.721,1.0,0.452,2026-11-19T16:00:00
I05338,U0641,C005,viewed,0.27,0.29,,2026-11-19T18:00:00
I05339,U0641,C005,viewed,0.459,0.58,0.292,2026-11-19T20:00:00
I05340,U0642,C099,viewed,0.413,0.4,0.247,2026-11-19T22:00:00
I05341,U0642,C098,viewed,0.3,0.53,,2026-11-20T00:00:00
I05342,U0642,C050,viewed,0.391,0.34,0.356,2026-11-20T02:00:00
I05343,U0642,C061,quiz_passed,0.776,1.0,0.614,2026-11-20T04:00:00
I05344,U0642,C090,viewed,0.192,0.08,,2026-11-20T06:00:00
I05345,U0642,C044,completed,0.688,1.0,0.502,2026-11-20T08:00:00
I05346,U0642,C047,viewed,0.431,0.26,0.393,2026-11-20T10:00:00
I05347,U0642,C044,completed,0.761,1.0,0.522,2026-11-20T12:00:00
I05348,U0642,C088,viewed,0.52,0.69,0.444,2026-11-20T14:00:00
I05349,U0642,C081,viewed,0.178,0.23,,2026-11-20T16:00:00
I05350,U0642,C009,completed,0.521,1.0,,2026-11-20T18:00:00
I05351,U0642,C074,completed,0.702,1.0,0.441,2026-11-20T20:00:00
I05352,U0642,C035,viewed,0.254,0.48,,2026-11-20T22:00:00
I05353,U0643,C095,disliked,0.254,0.11,0.25,2026-11-21T00:00:00
I05354,U0643,C061,viewed,0.212,0.061,,2026-11-21T02:00:00
I05355,U0643,C029,completed,0.552,1.0,,2026-11-21T04:00:00
I05356,U0643,C095,viewed,0.205,0.059,,2026-11-21T06:00:00
I05357,U0643,C006,completed,0.506,1.0,,2026-11-21T08:00:00
I05358,U0643,C096,viewed,0.271,0.036,,2026-11-21T10:00:00
I05359,U0643,C002,completed,0.783,1.0,0.663,2026-11-21T12:00:00
I05360,U0643,C025,quiz_passed,0.757,1.0,0.629,2026-11-21T14:00:00
I05361,U0643,C047,completed,0.554,1.0,,2026-11-21T16:00:00
I05362,U0643,C010,viewed,0.152,0.087,,2026-11-21T18:00:00
I05363,U0644,C096,viewed,0.206,0.046,,2026-11-21T20:00:00
I05364,U0644,C061,completed,0.771,1.0,0.595,2026-11-21T22:00:00
I05365,U0644,C062,viewed,0.188,0.006,,2026-11-22T00:00:00
I05366,U0644,C050,completed,0.744,1.0,0.683,2026-11-22T02:00:00
I05367,U0644,C067,quiz_passed,0.834,1.0,0.644,2026-11-22T04:00:00
I05368,U0644,C090,viewed,0.124,0.007,,2026-11-22T06:00:00
I05369,U0644,C025,quiz_passed,0.728,1.0,0.666,2026-11-22T08:00:00
I05370,U0644,C092,viewed,0.106,0.048,,2026-11-22T10:00:00
I05371,U0644,C092,completed,0.472,1.0,,2026-11-22T12:00:00
I05372,U0644,C047,quiz_passed,0.728,1.0,0.646,2026-11-22T14:00:00
I05373,U0644,C073,viewed,0.183,0.064,,2026-11-22T16:00:00
I05374,U0645,C001,viewed,0.142,0.024,,2026-11-22T18:00:00
I05375,U0645,C088,quiz_passed,0.812,1.0,0.795,2026-11-22T20:00:00
I05376,U0645,C089,completed,0.511,1.0,,2026-11-22T22:00:00
I05377,U0645,C073,disliked,0.363,0.13,0.571,2026-11-23T00:00:00
I05378,U0645,C079,completed,0.754,1.0,0.647,2026-11-23T02:00:00
I05379,U0646,C095,completed,0.764,1.0,0.585,2026-11-23T04:00:00
I05380,U0646,C063,quiz_passed,0.771,1.0,0.765,2026-11-23T06:00:00
I05381,U0646,C069,completed,0.545,1.0,,2026-11-23T08:00:00
I05382,U0646,C092,quiz_passed,0.871,1.0,0.763,2026-11-23T10:00:00
I05383,U0646,C003,viewed,0.262,0.005,,2026-11-23T12:00:00
I05384,U0646,C050,quiz_passed,0.862,1.0,0.758,2026-11-23T14:00:00
I05385,U0646,C017,completed,0.514,1.0,,2026-11-23T16:00:00
I05386,U0646,C076,quiz_passed,0.825,1.0,0.734,2026-11-23T18:00:00
I05387,U0646,C058,quiz_passed,0.834,1.0,0.774,2026-11-23T20:00:00
I05388,U0646,C079,viewed,0.292,0.51,,2026-11-23T22:00:00
I05389,U0646,C020,viewed,0.318,0.39,0.238,2026-11-24T00:00:00
I05390,U0646,C082,quiz_passed,0.891,1.0,0.779,2026-11-24T02:00:00
I05391,U0646,C005,completed,0.498,1.0,,2026-11-24T04:00:00
I05392,U0647,C067,quiz_passed,0.891,1.0,0.794,2026-11-24T06:00:00
I05393,U0647,C096,completed,0.75,1.0,0.667,2026-11-24T08:00:00
I05394,U0648,C050,completed,0.888,1.0,0.863,2026-11-24T10:00:00
I05395,U0648,C046,completed,0.811,1.0,0.58,2026-11-24T12:00:00
I05396,U0648,C095,viewed,0.529,0.42,0.496,2026-11-24T14:00:00
I05397,U0648,C046,viewed,0.141,0.086,,2026-11-24T16:00:00
I05398,U0648,C090,completed,0.545,1.0,,2026-11-24T18:00:00
I05399,U0648,C046,completed,0.532,1.0,,2026-11-24T20:00:00
I05400,U0648,C003,completed,0.511,1.0,,2026-11-24T22:00:00
I05401,U0648,C075,completed,0.547,1.0,,2026-11-25T00:00:00
I05402,U0648,C046,completed,0.535,1.0,,2026-11-25T02:00:00
I05403,U0648,C043,completed,0.917,1.0,0.877,2026-11-25T04:00:00
I05404,U0648,C005,completed,0.494,1.0,,2026-11-25T06:00:00
I05405,U0649,C091,completed,0.747,1.0,0.679,2026-11-25T08:00:00
I05406,U0649,C013,viewed,0.146,0.014,,2026-11-25T10:00:00
I05407,U0649,C081,viewed,0.169,0.094,,2026-11-25T12:00:00
I05408,U0649,C013,viewed,0.317,0.61,,2026-11-25T14:00:00
I05409,U0649,C046,viewed,0.19,0.27,,2026-11-25T16:00:00
I05410,U0649,C076,viewed,0.134,0.036,,2026-11-25T18:00:00
I05411,U0649,C081,completed,0.681,1.0,0.422,2026-11-25T20:00:00
I05412,U0650,C011,viewed,0.174,0.019,,2026-11-25T22:00:00
I05413,U0650,C006,quiz_passed,0.752,1.0,0.676,2026-11-26T00:00:00
I05414,U0650,C048,completed,0.55,1.0,,2026-11-26T02:00:00
I05415,U0650,C048,viewed,0.402,0.53,0.326,2026-11-26T04:00:00
I05416,U0650,C061,quiz_passed,0.824,1.0,0.657,2026-11-26T06:00:00
I05417,U0651,C051,viewed,0.211,0.098,,2026-11-26T08:00:00
I05418,U0651,C092,completed,0.475,1.0,,2026-11-26T10:00:00
I05419,U0651,C099,viewed,0.101,0.027,,2026-11-26T12:00:00
I05420,U0651,C076,quiz_passed,0.809,1.0,0.675,2026-11-26T14:00:00
I05421,U0652,C098,completed,0.573,1.0,,2026-11-26T16:00:00
I05422,U0652,C001,completed,0.484,1.0,,2026-11-26T18:00:00
I05423,U0652,C054,completed,0.866,1.0,0.773,2026-11-26T20:00:00
I05424,U0653,C099,completed,0.572,1.0,,2026-11-26T22:00:00
I05425,U0653,C082,completed,0.547,1.0,,2026-11-27T00:00:00
I05426,U0653,C016,completed,0.897,1.0,0.827,2026-11-27T02:00:00
I05427,U0653,C046,quiz_passed,0.82,1.0,0.655,2026-11-27T04:00:00
I05428,U0653,C090,completed,0.536,1.0,,2026-11-27T06:00:00
I05429,U0653,C090,completed,0.472,1.0,,2026-11-27T08:00:00
I05430,U0653,C013,completed,0.855,1.0,0.784,2026-11-27T10:00:00
I05431,U0653,C044,viewed,0.576,0.66,0.558,2026-11-27T12:00:00
I05432,U0653,C044,completed,0.576,1.0,,2026-11-27T14:00:00
I05433,U0653,C046,viewed,0.472,0.33,0.404,2026-11-27T16:00:00
I05434,U0653,C076,quiz_passed,0.919,1.0,0.855,2026-11-27T18:00:00
I05435,U0654,C095,completed,0.574,1.0,,2026-11-27T20:00:00
I05436,U0654,C062,completed,0.516,1.0,,2026-11-27T22:00:00
I05437,U0654,C006,completed,0.568,1.0,,2026-11-28T00:00:00
I05438,U0654,C078,quiz_passed,0.84,1.0,0.683,2026-11-28T02:00:00
I05439,U0654,C099,viewed,0.287,0.37,,2026-11-28T04:00:00
I05440,U0654,C015,quiz_passed,0.717,1.0,0.616,2026-11-28T06:00:00
I05441,U0654,C014,viewed,0.372,0.5,0.213,2026-11-28T08:00:00
I05442,U0654,C041,completed,0.743,1.0,0.503,2026-11-28T10:00:00
I05443,U0654,C018,viewed,0.217,0.37,,2026-11-28T12:00:00
I05444,U0654,C001,completed,0.527,1.0,,2026-11-28T14:00:00
I05445,U0654,C010,viewed,0.221,0.038,,2026-11-28T16:00:00
I05446,U0654,C050,quiz_passed,0.734,1.0,0.612,2026-11-28T18:00:00
I05447,U0654,C036,viewed,0.254,0.06,,2026-11-28T20:00:00
I05448,U0655,C051,completed,0.846,1.0,0.681,2026-11-28T22:00:00
I05449,U0655,C099,completed,0.505,1.0,,2026-11-29T00:00:00
I05450,U0655,C010,viewed,0.343,0.34,0.266,2026-11-29T02:00:00
I05451,U0655,C028,completed,0.551,1.0,,2026-11-29T04:00:00
I05452,U0655,C013,viewed,0.124,0.039,,2026-11-29T06:00:00
I05453,U0655,C066,quiz_passed,0.789,1.0,0.644,2026-11-29T08:00:00
I05454,U0656,C092,completed,0.567,1.0,,2026-11-29T10:00:00
I05455,U0656,C043,completed,0.542,1.0,,2026-11-29T12:00:00
I05456,U0656,C016,viewed,0.358,0.59,,2026-11-29T14:00:00
I05457,U0656,C044,completed,0.47,1.0,,2026-11-29T16:00:00
I05458,U0656,C075,viewed,0.51,0.57,0.332,2026-11-29T18:00:00
I05459,U0656,C057,quiz_passed,0.859,1.0,0.744,2026-11-29T20:00:00
I05460,U0656,C018,quiz_passed,0.855,1.0,0.808,2026-11-29T22:00:00
I05461,U0656,C065,quiz_passed,0.886,1.0,0.783,2026-11-30T00:00:00
I05462,U0656,C053,quiz_passed,0.878,1.0,0.786,2026-11-30T02:00:00
I05463,U0657,C006,completed,0.796,1.0,0.64,2026-11-30T04:00:00
I05464,U0657,C006,quiz_passed,0.716,1.0,0.608,2026-11-30T06:00:00
I05465,U0657,C030,completed,0.705,1.0,0.561,2026-11-30T08:00:00
I05466,U0657,C048,quiz_passed,0.841,1.0,0.698,2026-11-30T10:00:00
I05467,U0657,C092,viewed,0.101,0.063,,2026-11-30T12:00:00
I05468,U0657,C096,viewed,0.412,0.57,0.23,2026-11-30T14:00:00
I05469,U0657,C066,quiz_passed,0.819,1.0,0.685,2026-11-30T16:00:00
I05470,U0657,C098,completed,0.537,1.0,,2026-11-30T18:00:00
I05471,U0657,C061,completed,0.74,1.0,0.585,2026-11-30T20:00:00
I05472,U0658,C096,completed,0.553,1.0,,2026-11-30T22:00:00
I05473,U0658,C028,quiz_passed,0.774,1.0,0.754,2026-12-01T00:00:00
I05474,U0658,C042,completed,0.506,1.0,,2026-12-01T02:00:00
I05475,U0659,C018,disliked,0.291,0.15,0.4,2026-12-01T04:00:00
I05476,U0659,C095,viewed,0.164,0.058,,2026-12-01T06:00:00
I05477,U0660,C095,viewed,0.149,0.072,,2026-12-01T08:00:00
I05478,U0660,C065,completed,0.783,1.0,0.688,2026-12-01T10:00:00
I05479,U0660,C048,completed,0.532,1.0,,2026-12-01T12:00:00
I05480,U0660,C067,completed,0.559,1.0,,2026-12-01T14:00:00
I05481,U0660,C047,completed,0.542,1.0,,2026-12-01T16:00:00
I05482,U0660,C098,completed,0.732,1.0,0.432,2026-12-01T18:00:00
I05483,U0660,C071,viewed,0.244,0.31,,2026-12-01T20:00:00
I05484,U0660,C010,completed,0.535,1.0,,2026-12-01T22:00:00
I05485,U0660,C073,quiz_passed,0.725,1.0,0.618,2026-12-02T00:00:00
I05486,U0660,C005,viewed,0.264,0.009,,2026-12-02T02:00:00
I05487,U0661,C061,completed,0.811,1.0,0.767,2026-12-02T04:00:00
I05488,U0661,C044,completed,0.754,1.0,0.582,2026-12-02T06:00:00
I05489,U0661,C010,completed,0.791,1.0,0.565,2026-12-02T08:00:00
I05490,U0662,C099,viewed,0.468,0.54,0.324,2026-12-02T10:00:00
I05491,U0662,C028,quiz_passed,0.775,1.0,0.769,2026-12-02T12:00:00
I05492,U0662,C053,completed,0.527,1.0,,2026-12-02T14:00:00
I05493,U0662,C006,completed,0.477,1.0,,2026-12-02T16:00:00
I05494,U0662,C042,quiz_passed,0.863,1.0,0.794,2026-12-02T18:00:00
I05495,U0662,C073,quiz_passed,0.836,1.0,0.803,2026-12-02T20:00:00
I05496,U0663,C098,viewed,0.419,0.35,0.364,2026-12-02T22:00:00
I05497,U0663,C096,viewed,0.172,0.036,,2026-12-03T00:00:00
I05498,U0663,C096,quiz_passed,0.84,1.0,0.675,2026-12-03T02:00:00
I05499,U0663,C095,disliked,0.219,0.11,,2026-12-03T04:00:00
I05500,U0663,C096,completed,0.461,1.0,,2026-12-03T06:00:00
I05501,U0663,C048,completed,0.489,1.0,,2026-12-03T08:00:00
I05502,U0663,C064,quiz_passed,0.868,1.0,0.735,2026-12-03T10:00:00
I05503,U0663,C030,quiz_passed,0.798,1.0,0.787,2026-12-03T12:00:00
I05504,U0663,C098,viewed,0.213,0.26,,2026-12-03T14:00:00
I05505,U0664,C098,viewed,0.272,0.087,,2026-12-03T16:00:00
I05506,U0664,C043,completed,0.751,1.0,0.621,2026-12-03T18:00:00
I05507,U0664,C048,quiz_passed,0.758,1.0,0.661,2026-12-03T20:00:00
I05508,U0664,C002,completed,0.54,1.0,,2026-12-03T22:00:00
I05509,U0664,C091,viewed,0.414,0.33,0.332,2026-12-04T00:00:00
I05510,U0664,C029,quiz_passed,0.761,1.0,0.624,2026-12-04T02:00:00
I05511,U0665,C054,completed,0.554,1.0,,2026-12-04T04:00:00
I05512,U0665,C006,viewed,0.231,0.019,,2026-12-04T06:00:00
I05513,U0665,C096,completed,0.482,1.0,,2026-12-04T08:00:00
I05514,U0665,C095,completed,0.687,1.0,0.393,2026-12-04T10:00:00
I05515,U0665,C098,disliked,0.221,0.03,0.308,2026-12-04T12:00:00
I05516,U0665,C073,completed,0.462,1.0,,2026-12-04T14:00:00
I05517,U0665,C073,viewed,0.291,0.063,,2026-12-04T16:00:00
I05518,U0666,C096,completed,0.668,1.0,0.429,2026-12-04T18:00:00
I05519,U0666,C057,disliked,0.278,0.08,0.425,2026-12-04T20:00:00
I05520,U0666,C095,viewed,0.339,0.3,0.291,2026-12-04T22:00:00
I05521,U0666,C057,viewed,0.255,0.061,,2026-12-05T00:00:00
I05522,U0666,C062,completed,0.529,1.0,,2026-12-05T02:00:00
I05523,U0666,C004,viewed,0.261,0.006,,2026-12-05T04:00:00
I05524,U0666,C064,viewed,0.335,0.34,0.314,2026-12-05T06:00:00
I05525,U0667,C096,completed,0.654,1.0,0.461,2026-12-05T08:00:00
I05526,U0667,C096,viewed,0.173,0.085,,2026-12-05T10:00:00
I05527,U0667,C016,disliked,0.352,0.12,0.33,2026-12-05T12:00:00
I05528,U0667,C010,viewed,0.493,0.65,0.21,2026-12-05T14:00:00
I05529,U0667,C095,viewed,0.173,0.048,,2026-12-05T16:00:00
I05530,U0667,C001,completed,0.539,1.0,,2026-12-05T18:00:00
I05531,U0667,C099,viewed,0.336,0.34,0.285,2026-12-05T20:00:00
I05532,U0667,C018,completed,0.769,1.0,0.595,2026-12-05T22:00:00
I05533,U0667,C003,viewed,0.203,0.024,,2026-12-06T00:00:00
I05534,U0667,C016,completed,0.725,1.0,0.578,2026-12-06T02:00:00
I05535,U0667,C075,viewed,0.296,0.47,,2026-12-06T04:00:00
I05536,U0668,C053,completed,0.784,1.0,0.641,2026-12-06T06:00:00
I05537,U0668,C016,viewed,0.411,0.66,,2026-12-06T08:00:00
I05538,U0668,C001,disliked,0.346,0.17,0.382,2026-12-06T10:00:00
I05539,U0668,C006,viewed,0.11,0.007,,2026-12-06T12:00:00
I05540,U0668,C075,disliked,0.311,0.16,0.308,2026-12-06T14:00:00
I05541,U0668,C003,quiz_passed,0.823,1.0,0.643,2026-12-06T16:00:00
I05542,U0668,C018,quiz_passed,0.759,1.0,0.7,2026-12-06T18:00:00
I05543,U0668,C071,completed,0.57,1.0,,2026-12-06T20:00:00
I05544,U0668,C057,completed,0.757,1.0,0.588,2026-12-06T22:00:00
I05545,U0668,C064,completed,0.532,1.0,,2026-12-07T00:00:00
I05546,U0668,C074,viewed,0.148,0.091,,2026-12-07T02:00:00
I05547,U0668,C044,viewed,0.16,0.099,,2026-12-07T04:00:00
I05548,U0669,C098,completed,0.556,1.0,,2026-12-07T06:00:00
I05549,U0669,C071,quiz_passed,0.753,1.0,0.615,2026-12-07T08:00:00
I05550,U0669,C065,completed,0.789,1.0,0.571,2026-12-07T10:00:00
I05551,U0669,C091,completed,0.477,1.0,,2026-12-07T12:00:00
I05552,U0669,C071,completed,0.743,1.0,0.634,2026-12-07T14:00:00
I05553,U0669,C075,completed,0.491,1.0,,2026-12-07T16:00:00
I05554,U0669,C003,quiz_passed,0.788,1.0,0.672,2026-12-07T18:00:00
I05555,U0669,C043,completed,0.501,1.0,,2026-12-07T20:00:00
I05556,U0669,C081,completed,0.537,1.0,,2026-12-07T22:00:00
I05557,U0669,C025,completed,0.722,1.0,0.602,2026-12-08T00:00:00
I05558,U0669,C064,viewed,0.171,0.0,,2026-12-08T02:00:00
I05559,U0669,C054,completed,0.715,1.0,0.563,2026-12-08T04:00:00
I05560,U0669,C043,viewed,0.117,0.005,,2026-12-08T06:00:00
I05561,U0670,C099,viewed,0.136,0.046,,2026-12-08T08:00:00
I05562,U0670,C099,completed,0.735,1.0,0.485,2026-12-08T10:00:00
I05563,U0670,C028,completed,0.508,1.0,,2026-12-08T12:00:00
I05564,U0670,C011,completed,0.843,1.0,0.687,2026-12-08T14:00:00
I05565,U0670,C095,completed,0.47,1.0,,2026-12-08T16:00:00
I05566,U0670,C099,viewed,0.226,0.045,,2026-12-08T18:00:00
I05567,U0670,C048,completed,0.731,1.0,0.609,2026-12-08T20:00:00
I05568,U0670,C047,quiz_passed,0.806,1.0,0.694,2026-12-08T22:00:00
I05569,U0670,C096,completed,0.489,1.0,,2026-12-09T00:00:00
I05570,U0670,C001,quiz_passed,0.794,1.0,0.698,2026-12-09T02:00:00
I05571,U0670,C045,completed,0.745,1.0,0.465,2026-12-09T04:00:00
I05572,U0670,C058,completed,0.519,1.0,,2026-12-09T06:00:00
I05573,U0670,C010,completed,0.512,1.0,,2026-12-09T08:00:00
I05574,U0670,C028,quiz_passed,0.806,1.0,0.656,2026-12-09T10:00:00
I05575,U0671,C098,completed,0.573,1.0,,2026-12-09T12:00:00
I05576,U0671,C029,quiz_passed,0.849,1.0,0.881,2026-12-09T14:00:00
I05577,U0671,C099,completed,0.841,1.0,0.744,2026-12-09T16:00:00
I05578,U0671,C015,quiz_passed,0.589,0.5,0.706,2026-12-09T18:00:00
I05579,U0671,C045,quiz_passed,0.824,1.0,0.723,2026-12-09T20:00:00
I05580,U0671,C028,quiz_passed,0.81,1.0,0.842,2026-12-09T22:00:00
I05581,U0671,C049,quiz_passed,0.875,1.0,0.851,2026-12-10T00:00:00
I05582,U0671,C033,completed,0.462,1.0,,2026-12-10T02:00:00
I05583,U0671,C096,completed,0.571,1.0,,2026-12-10T04:00:00
I05584,U0671,C054,completed,0.909,1.0,0.838,2026-12-10T06:00:00
I05585,U0671,C080,quiz_passed,0.852,1.0,0.724,2026-12-10T08:00:00
I05586,U0671,C091,completed,0.578,1.0,,2026-12-10T10:00:00
I05587,U0671,C044,completed,0.572,1.0,,2026-12-10T12:00:00
I05588,U0671,C095,disliked,0.172,0.11,,2026-12-10T14:00:00
I05589,U0671,C044,quiz_passed,0.854,1.0,0.788,2026-12-10T16:00:00
I05590,U0672,C043,quiz_passed,0.831,1.0,0.806,2026-12-10T18:00:00
I05591,U0672,C047,completed,0.481,1.0,,2026-12-10T20:00:00
I05592,U0672,C030,disliked,0.403,0.1,0.462,2026-12-10T22:00:00
I05593,U0672,C088,completed,0.853,1.0,0.704,2026-12-11T00:00:00
I05594,U0672,C011,completed,0.543,1.0,,2026-12-11T02:00:00
I05595,U0672,C046,viewed,0.21,0.007,,2026-12-11T04:00:00
I05596,U0672,C050,completed,0.497,1.0,,2026-12-11T06:00:00
I05597,U0672,C075,completed,0.756,1.0,0.64,2026-12-11T08:00:00
I05598,U0672,C075,completed,0.517,1.0,,2026-12-11T10:00:00
I05599,U0672,C006,viewed,0.295,0.43,,2026-12-11T12:00:00
I05600,U0673,C099,viewed,0.526,0.65,0.357,2026-12-11T14:00:00
I05601,U0673,C035,completed,0.526,1.0,,2026-12-11T16:00:00
I05602,U0673,C029,viewed,0.273,0.028,,2026-12-11T18:00:00
I05603,U0673,C050,completed,0.485,1.0,,2026-12-11T20:00:00
I05604,U0673,C057,viewed,0.391,0.32,0.455,2026-12-11T22:00:00
I05605,U0673,C046,completed,0.565,1.0,,2026-12-12T00:00:00
I05606,U0673,C035,completed,0.568,1.0,,2026-12-12T02:00:00
I05607,U0673,C063,completed,0.543,1.0,,2026-12-12T04:00:00
I05608,U0674,C064,completed,0.578,1.0,,2026-12-12T06:00:00
I05609,U0674,C098,viewed,0.189,0.058,,2026-12-12T08:00:00
I05610,U0674,C053,quiz_passed,0.845,1.0,0.751,2026-12-12T10:00:00
I05611,U0674,C061,completed,0.801,1.0,0.732,2026-12-12T12:00:00
I05612,U0674,C042,viewed,0.537,0.58,0.452,2026-12-12T14:00:00
I05613,U0674,C095,viewed,0.187,0.075,,2026-12-12T16:00:00
I05614,U0675,C095,viewed,0.195,0.045,,2026-12-12T18:00:00
I05615,U0675,C091,viewed,0.183,0.042,,2026-12-12T20:00:00
I05616,U0675,C073,completed,0.717,1.0,0.6,2026-12-12T22:00:00
I05617,U0675,C092,completed,0.78,1.0,0.649,2026-12-13T00:00:00
I05618,U0675,C076,viewed,0.266,0.25,,2026-12-13T02:00:00
I05619,U0675,C090,viewed,0.514,0.69,0.237,2026-12-13T04:00:00
I05620,U0675,C092,completed,0.539,1.0,,2026-12-13T06:00:00
I05621,U0675,C081,completed,0.512,1.0,,2026-12-13T08:00:00
I05622,U0675,C073,viewed,0.333,0.4,,2026-12-13T10:00:00
I05623,U0676,C029,completed,0.528,1.0,,2026-12-13T12:00:00
I05624,U0676,C099,completed,0.803,1.0,0.575,2026-12-13T14:00:00
I05625,U0676,C098,quiz_passed,0.757,1.0,0.665,2026-12-13T16:00:00
I05626,U0676,C061,completed,0.569,1.0,,2026-12-13T18:00:00
I05627,U0676,C029,completed,0.85,1.0,0.723,2026-12-13T20:00:00
I05628,U0676,C013,completed,0.487,1.0,,2026-12-13T22:00:00
I05629,U0676,C045,completed,0.517,1.0,,2026-12-14T00:00:00
I05630,U0676,C090,completed,0.527,1.0,,2026-12-14T02:00:00
I05631,U0676,C046,disliked,0.166,0.02,,2026-12-14T04:00:00
I05632,U0676,C043,completed,0.48,1.0,,2026-12-14T06:00:00
I05633,U0676,C046,viewed,0.309,0.29,0.244,2026-12-14T08:00:00
I05634,U0676,C025,completed,0.466,1.0,,2026-12-14T10:00:00
I05635,U0676,C044,disliked,0.342,0.06,0.369,2026-12-14T12:00:00
I05636,U0677,C088,completed,0.546,1.0,,2026-12-14T14:00:00
I05637,U0677,C030,completed,0.844,1.0,0.688,2026-12-14T16:00:00
I05638,U0677,C001,quiz_passed,0.781,1.0,0.627,2026-12-14T18:00:00
I05639,U0677,C089,disliked,0.294,0.18,0.215,2026-12-14T20:00:00
I05640,U0677,C057,quiz_passed,0.809,1.0,0.631,2026-12-14T22:00:00
I05641,U0677,C005,disliked,0.188,0.06,0.215,2026-12-15T00:00:00
I05642,U0677,C010,viewed,0.189,0.063,,2026-12-15T02:00:00
I05643,U0677,C043,viewed,0.132,0.064,,2026-12-15T04:00:00
I05644,U0678,C064,disliked,0.278,0.12,0.384,2026-12-15T06:00:00
I05645,U0678,C028,quiz_passed,0.836,1.0,0.686,2026-12-15T08:00:00
I05646,U0678,C029,quiz_passed,0.717,1.0,0.641,2026-12-15T10:00:00
I05647,U0678,C099,viewed,0.143,0.019,,2026-12-15T12:00:00
I05648,U0678,C009,viewed,0.376,0.28,0.387,2026-12-15T14:00:00
I05649,U0679,C096,completed,0.724,1.0,0.411,2026-12-15T16:00:00
I05650,U0679,C098,completed,0.664,1.0,0.488,2026-12-15T18:00:00
I05651,U0679,C057,quiz_passed,0.715,1.0,0.636,2026-12-15T20:00:00
I05652,U0679,C025,completed,0.523,1.0,,2026-12-15T22:00:00
I05653,U0679,C001,viewed,0.113,0.078,,2026-12-16T00:00:00
I05654,U0679,C001,viewed,0.198,0.023,,2026-12-16T02:00:00
I05655,U0679,C098,completed,0.575,1.0,,2026-12-16T04:00:00
I05656,U0680,C043,viewed,0.417,0.24,0.424,2026-12-16T06:00:00
I05657,U0680,C009,quiz_passed,0.84,1.0,0.697,2026-12-16T08:00:00
I05658,U0680,C042,viewed,0.38,0.39,0.375,2026-12-16T10:00:00
I05659,U0680,C076,completed,0.569,1.0,,2026-12-16T12:00:00
I05660,U0680,C097,quiz_passed,0.764,1.0,0.672,2026-12-16T14:00:00
I05661,U0680,C065,completed,0.785,1.0,0.658,2026-12-16T16:00:00
I05662,U0680,C057,quiz_passed,0.744,1.0,0.671,2026-12-16T18:00:00
I05663,U0681,C002,completed,0.718,1.0,0.577,2026-12-16T20:00:00
I05664,U0681,C006,viewed,0.148,0.082,,2026-12-16T22:00:00
I05665,U0681,C064,completed,0.538,1.0,,2026-12-17T00:00:00
I05666,U0681,C049,completed,0.817,1.0,0.642,2026-12-17T02:00:00
I05667,U0681,C058,completed,0.553,1.0,,2026-12-17T04:00:00
I05668,U0681,C045,completed,0.793,1.0,0.563,2026-12-17T06:00:00
I05669,U0681,C051,viewed,0.328,0.67,,2026-12-17T08:00:00
I05670,U0681,C053,completed,0.536,1.0,,2026-12-17T10:00:00
I05671,U0681,C003,completed,0.513,1.0,,2026-12-17T12:00:00
I05672,U0681,C028,quiz_passed,0.77,1.0,0.623,2026-12-17T14:00:00
I05673,U0681,C075,completed,0.701,1.0,0.473,2026-12-17T16:00:00
I05674,U0681,C074,viewed,0.238,0.009,,2026-12-17T18:00:00
I05675,U0681,C044,disliked,0.271,0.1,0.259,2026-12-17T20:00:00
I05676,U0681,C030,disliked,0.341,0.0,0.442,2026-12-17T22:00:00
I05677,U0682,C011,viewed,0.312,0.57,,2026-12-18T00:00:00
I05678,U0682,C098,viewed,0.395,0.36,0.284,2026-12-18T02:00:00
I05679,U0683,C049,disliked,0.136,0.14,,2026-12-18T04:00:00
I05680,U0683,C029,quiz_passed,0.849,1.0,0.76,2026-12-18T06:00:00
I05681,U0683,C029,completed,0.478,1.0,,2026-12-18T08:00:00
I05682,U0683,C006,completed,0.533,1.0,,2026-12-18T10:00:00
I05683,U0683,C018,completed,0.532,1.0,,2026-12-18T12:00:00
I05684,U0683,C082,completed,0.545,1.0,,2026-12-18T14:00:00
I05685,U0683,C017,quiz_passed,0.828,1.0,0.803,2026-12-18T16:00:00
I05686,U0683,C065,completed,0.473,1.0,,2026-12-18T18:00:00
I05687,U0684,C053,viewed,0.142,0.033,,2026-12-18T20:00:00
I05688,U0684,C025,quiz_passed,0.707,1.0,0.603,2026-12-18T22:00:00
I05689,U0684,C092,completed,0.774,1.0,0.595,2026-12-19T00:00:00
I05690,U0684,C098,completed,0.669,1.0,0.483,2026-12-19T02:00:00
I05691,U0684,C047,viewed,0.183,0.025,,2026-12-19T04:00:00
I05692,U0684,C095,viewed,0.537,0.67,0.27,2026-12-19T06:00:00
I05693,U0685,C066,completed,0.579,1.0,,2026-12-19T08:00:00
I05694,U0685,C095,viewed,0.427,0.35,0.448,2026-12-19T10:00:00
I05695,U0685,C030,quiz_passed,0.833,1.0,0.773,2026-12-19T12:00:00
I05696,U0685,C016,viewed,0.481,0.5,0.521,2026-12-19T14:00:00
I05697,U0685,C054,disliked,0.111,0.12,,2026-12-19T16:00:00
I05698,U0685,C081,viewed,0.305,0.55,,2026-12-19T18:00:00
I05699,U0685,C073,completed,0.536,1.0,,2026-12-19T20:00:00
I05700,U0685,C043,completed,0.518,1.0,,2026-12-19T22:00:00
I05701,U0685,C010,viewed,0.404,0.41,0.428,2026-12-20T00:00:00
I05702,U0685,C074,completed,0.772,1.0,0.599,2026-12-20T02:00:00
I05703,U0685,C046,viewed,0.214,0.035,,2026-12-20T04:00:00
I05704,U0685,C050,completed,0.505,1.0,,2026-12-20T06:00:00
I05705,U0685,C042,completed,0.878,1.0,0.778,2026-12-20T08:00:00
I05706,U0685,C071,quiz_passed,0.853,1.0,0.734,2026-12-20T10:00:00
I05707,U0686,C076,completed,0.499,1.0,,2026-12-20T12:00:00
I05708,U0686,C092,viewed,0.293,0.49,,2026-12-20T14:00:00
I05709,U0686,C099,completed,0.669,1.0,0.47,2026-12-20T16:00:00
I05710,U0686,C003,disliked,0.178,0.15,,2026-12-20T18:00:00
I05711,U0686,C082,viewed,0.107,0.097,,2026-12-20T20:00:00
I05712,U0686,C005,completed,0.659,1.0,0.466,2026-12-20T22:00:00
I05713,U0686,C061,viewed,0.193,0.092,,2026-12-21T00:00:00
I05714,U0686,C074,viewed,0.499,0.69,0.234,2026-12-21T02:00:00
I05715,U0686,C067,completed,0.467,1.0,,2026-12-21T04:00:00
I05716,U0686,C029,viewed,0.225,0.001,,2026-12-21T06:00:00
I05717,U0686,C061,viewed,0.25,0.1,,2026-12-21T08:00:00
I05718,U0686,C074,completed,0.766,1.0,0.526,2026-12-21T10:00:00
I05719,U0686,C073,viewed,0.24,0.31,,2026-12-21T12:00:00
I05720,U0687,C030,completed,0.514,1.0,,2026-12-21T14:00:00
I05721,U0687,C047,completed,0.46,1.0,,2026-12-21T16:00:00
I05722,U0687,C062,completed,0.531,1.0,,2026-12-21T18:00:00
I05723,U0687,C095,viewed,0.429,0.45,0.459,2026-12-21T20:00:00
I05724,U0687,C096,viewed,0.194,0.086,,2026-12-21T22:00:00
I05725,U0687,C076,quiz_passed,0.482,0.32,0.73,2026-12-22T00:00:00
I05726,U0687,C081,quiz_passed,0.792,1.0,0.736,2026-12-22T02:00:00
I05727,U0687,C045,completed,0.505,1.0,,2026-12-22T04:00:00
I05728,U0687,C082,completed,0.48,1.0,,2026-12-22T06:00:00
I05729,U0687,C076,completed,0.888,1.0,0.843,2026-12-22T08:00:00
I05730,U0687,C015,completed,0.475,1.0,,2026-12-22T10:00:00
I05731,U0687,C041,completed,0.501,1.0,,2026-12-22T12:00:00
I05732,U0688,C054,completed,0.797,1.0,0.64,2026-12-22T14:00:00
I05733,U0688,C098,completed,0.775,1.0,0.526,2026-12-22T16:00:00
I05734,U0688,C088,viewed,0.262,0.048,,2026-12-22T18:00:00
I05735,U0688,C062,viewed,0.263,0.086,,2026-12-22T20:00:00
I05736,U0688,C025,completed,0.548,1.0,,2026-12-22T22:00:00
I05737,U0689,C095,completed,0.493,1.0,,2026-12-23T00:00:00
I05738,U0689,C011,completed,0.822,1.0,0.808,2026-12-23T02:00:00
I05739,U0689,C066,completed,0.554,1.0,,2026-12-23T04:00:00
I05740,U0689,C006,completed,0.563,1.0,,2026-12-23T06:00:00
I05741,U0689,C098,disliked,0.194,0.13,,2026-12-23T08:00:00
I05742,U0690,C099,viewed,0.279,0.018,,2026-12-23T10:00:00
I05743,U0690,C098,viewed,0.291,0.063,,2026-12-23T12:00:00
I05744,U0691,C076,quiz_passed,0.859,1.0,0.728,2026-12-23T14:00:00
I05745,U0691,C071,completed,0.463,1.0,,2026-12-23T16:00:00
I05746,U0691,C073,quiz_passed,0.838,1.0,0.728,2026-12-23T18:00:00
I05747,U0691,C064,disliked,0.129,0.04,,2026-12-23T20:00:00
I05748,U0692,C095,disliked,0.065,0.0,,2026-12-23T22:00:00
I05749,U0692,C096,viewed,0.161,0.057,,2026-12-24T00:00:00
I05750,U0692,C096,viewed,0.296,0.028,,2026-12-24T02:00:00
I05751,U0692,C001,completed,0.475,1.0,,2026-12-24T04:00:00
I05752,U0692,C013,completed,0.755,1.0,0.453,2026-12-24T06:00:00
I05753,U0692,C016,completed,0.748,1.0,0.576,2026-12-24T08:00:00
I05754,U0692,C035,viewed,0.156,0.011,,2026-12-24T10:00:00
I05755,U0692,C010,viewed,0.391,0.42,0.259,2026-12-24T12:00:00
I05756,U0692,C011,completed,0.555,1.0,,2026-12-24T14:00:00
I05757,U0692,C073,completed,0.712,1.0,0.598,2026-12-24T16:00:00
I05758,U0692,C028,quiz_passed,0.763,1.0,0.607,2026-12-24T18:00:00
I05759,U0692,C001,completed,0.705,1.0,0.589,2026-12-24T20:00:00
I05760,U0693,C064,viewed,0.142,0.033,,2026-12-24T22:00:00
I05761,U0693,C048,completed,0.543,1.0,,2026-12-25T00:00:00
I05762,U0693,C095,quiz_passed,0.799,1.0,0.775,2026-12-25T02:00:00
I05763,U0693,C064,completed,0.532,1.0,,2026-12-25T04:00:00
I05764,U0693,C098,completed,0.485,1.0,,2026-12-25T06:00:00
I05765,U0693,C065,viewed,0.158,0.057,,2026-12-25T08:00:00
I05766,U0694,C096,viewed,0.505,0.61,0.39,2026-12-25T10:00:00
I05767,U0694,C095,completed,0.697,1.0,0.587,2026-12-25T12:00:00
I05768,U0694,C096,completed,0.731,1.0,0.546,2026-12-25T14:00:00
I05769,U0694,C099,quiz_passed,0.733,1.0,0.664,2026-12-25T16:00:00
I05770,U0694,C098,quiz_passed,0.747,1.0,0.681,2026-12-25T18:00:00
I05771,U0694,C025,quiz_passed,0.769,1.0,0.747,2026-12-25T20:00:00
I05772,U0694,C072,completed,0.545,1.0,,2026-12-25T22:00:00
I05773,U0694,C030,quiz_passed,0.848,1.0,0.784,2026-12-26T00:00:00
I05774,U0694,C054,quiz_passed,0.834,1.0,0.807,2026-12-26T02:00:00
I05775,U0694,C054,quiz_passed,0.885,1.0,0.782,2026-12-26T04:00:00
I05776,U0694,C054,viewed,0.425,0.38,0.482,2026-12-26T06:00:00
I05777,U0694,C043,quiz_passed,0.835,1.0,0.712,2026-12-26T08:00:00
I05778,U0694,C018,completed,0.779,1.0,0.755,2026-12-26T10:00:00
I05779,U0694,C046,viewed,0.127,0.083,,2026-12-26T12:00:00
I05780,U0695,C018,completed,0.537,1.0,,2026-12-26T14:00:00
I05781,U0695,C002,completed,0.783,1.0,0.803,2026-12-26T16:00:00
I05782,U0695,C075,quiz_passed,0.762,1.0,0.68,2026-12-26T18:00:00
I05783,U0695,C095,quiz_passed,0.845,1.0,0.665,2026-12-26T20:00:00
I05784,U0696,C098,completed,0.723,1.0,0.401,2026-12-26T22:00:00
I05785,U0696,C095,viewed,0.363,0.27,0.273,2026-12-27T00:00:00
I05786,U0696,C097,quiz_passed,0.781,1.0,0.675,2026-12-27T02:00:00
I05787,U0696,C001,viewed,0.219,0.073,,2026-12-27T04:00:00
I05788,U0696,C096,viewed,0.108,0.092,,2026-12-27T06:00:00
I05789,U0696,C018,quiz_passed,0.742,1.0,0.693,2026-12-27T08:00:00
I05790,U0696,C003,completed,0.542,1.0,,2026-12-27T10:00:00
I05791,U0697,C025,disliked,0.368,0.09,0.441,2026-12-27T12:00:00
I05792,U0697,C076,quiz_passed,0.812,1.0,0.6,2026-12-27T14:00:00
I05793,U0697,C011,completed,0.487,1.0,,2026-12-27T16:00:00
I05794,U0697,C090,viewed,0.257,0.051,,2026-12-27T18:00:00
I05795,U0697,C006,completed,0.776,1.0,0.59,2026-12-27T20:00:00
I05796,U0697,C099,completed,0.742,1.0,0.498,2026-12-27T22:00:00
I05797,U0697,C044,disliked,0.222,0.11,,2026-12-28T00:00:00
I05798,U0697,C043,completed,0.519,1.0,,2026-12-28T02:00:00
I05799,U0697,C099,completed,0.55,1.0,,2026-12-28T04:00:00
I05800,U0698,C065,viewed,0.162,0.035,,2026-12-28T06:00:00
I05801,U0698,C017,completed,0.501,1.0,,2026-12-28T08:00:00
I05802,U0698,C057,viewed,0.241,0.09,,2026-12-28T10:00:00
I05803,U0699,C018,viewed,0.478,0.37,0.564,2026-12-28T12:00:00
I05804,U0699,C011,quiz_passed,0.823,1.0,0.712,2026-12-28T14:00:00
I05805,U0699,C067,completed,0.843,1.0,0.803,2026-12-28T16:00:00
I05806,U0699,C099,viewed,0.233,0.039,,2026-12-28T18:00:00
I05807,U0699,C043,quiz_passed,0.869,1.0,0.788,2026-12-28T20:00:00
I05808,U0699,C074,quiz_passed,0.751,1.0,0.66,2026-12-28T22:00:00
I05809,U0699,C095,completed,0.513,1.0,,2026-12-29T00:00:00
I05810,U0699,C092,completed,0.539,1.0,,2026-12-29T02:00:00
I05811,U0699,C050,completed,0.83,1.0,0.753,2026-12-29T04:00:00
I05812,U0699,C054,quiz_passed,0.87,1.0,0.776,2026-12-29T06:00:00
I05813,U0699,C092,viewed,0.338,0.62,,2026-12-29T08:00:00
I05814,U0699,C042,quiz_passed,0.8,1.0,0.775,2026-12-29T10:00:00
I05815,U0699,C016,completed,0.468,1.0,,2026-12-29T12:00:00
I05816,U0700,C002,quiz_passed,0.86,1.0,0.851,2026-12-29T14:00:00
I05817,U0700,C075,quiz_passed,0.83,1.0,0.704,2026-12-29T16:00:00
I05818,U0700,C071,completed,0.523,1.0,,2026-12-29T18:00:00
I05819,U0700,C046,viewed,0.254,0.064,,2026-12-29T20:00:00
I05820,U0700,C050,viewed,0.329,0.46,,2026-12-29T22:00:00
I05821,U0700,C006,completed,0.868,1.0,0.847,2026-12-30T00:00:00
I05822,U0700,C053,completed,0.498,1.0,,2026-12-30T02:00:00
I05823,U0700,C075,completed,0.472,1.0,,2026-12-30T04:00:00
I05824,U0700,C001,quiz_passed,0.891,1.0,0.856,2026-12-30T06:00:00
I05825,U0700,C067,quiz_passed,0.819,1.0,0.838,2026-12-30T08:00:00
I05826,U0700,C064,quiz_passed,0.815,1.0,0.883,2026-12-30T10:00:00
I05827,U0700,C091,quiz_passed,0.871,1.0,0.867,2026-12-30T12:00:00
I05828,U0700,C099,completed,0.523,1.0,,2026-12-30T14:00:00
I05829,U0701,C096,completed,0.668,1.0,0.395,2026-12-30T16:00:00
I05830,U0701,C099,viewed,0.128,0.036,,2026-12-30T18:00:00
I05831,U0701,C099,viewed,0.131,0.042,,2026-12-30T20:00:00
I05832,U0701,C063,completed,0.792,1.0,0.539,2026-12-30T22:00:00
I05833,U0701,C016,viewed,0.144,0.069,,2026-12-31T00:00:00
I05834,U0701,C057,disliked,0.353,0.0,0.444,2026-12-31T02:00:00
I05835,U0701,C004,completed,0.719,1.0,0.441,2026-12-31T04:00:00
I05836,U0702,C076,completed,0.529,1.0,,2026-12-31T06:00:00
I05837,U0702,C050,quiz_passed,0.851,1.0,0.781,2026-12-31T08:00:00
I05838,U0702,C047,quiz_passed,0.81,1.0,0.765,2026-12-31T10:00:00
I05839,U0702,C074,quiz_passed,0.747,1.0,0.667,2026-12-31T12:00:00
I05840,U0702,C002,quiz_passed,0.846,1.0,0.735,2026-12-31T14:00:00
I05841,U0702,C042,viewed,0.271,0.32,,2026-12-31T16:00:00
I05842,U0702,C005,completed,0.749,1.0,0.573,2026-12-31T18:00:00
I05843,U0702,C064,completed,0.794,1.0,0.779,2026-12-31T20:00:00
I05844,U0702,C076,completed,0.564,1.0,,2026-12-31T22:00:00
I05845,U0702,C061,viewed,0.262,0.005,,2027-01-01T00:00:00
I05846,U0702,C053,viewed,0.146,0.026,,2027-01-01T02:00:00
I05847,U0702,C081,completed,0.799,1.0,0.573,2027-01-01T04:00:00
I05848,U0703,C096,completed,0.548,1.0,,2027-01-01T06:00:00
I05849,U0703,C053,completed,0.796,1.0,0.649,2027-01-01T08:00:00
I05850,U0703,C098,viewed,0.273,0.043,,2027-01-01T10:00:00
I05851,U0703,C097,completed,0.708,1.0,0.589,2027-01-01T12:00:00
I05852,U0703,C018,completed,0.544,1.0,,2027-01-01T14:00:00
I05853,U0703,C096,completed,0.565,1.0,,2027-01-01T16:00:00
I05854,U0703,C082,completed,0.778,1.0,0.697,2027-01-01T18:00:00
I05855,U0703,C098,completed,0.466,1.0,,2027-01-01T20:00:00
I05856,U0703,C017,quiz_passed,0.745,1.0,0.634,2027-01-01T22:00:00
I05857,U0703,C015,viewed,0.228,0.021,,2027-01-02T00:00:00
I05858,U0703,C043,completed,0.763,1.0,0.637,2027-01-02T02:00:00
I05859,U0703,C092,quiz_passed,0.777,1.0,0.666,2027-01-02T04:00:00
I05860,U0703,C030,quiz_passed,0.756,1.0,0.6,2027-01-02T06:00:00
I05861,U0703,C045,viewed,0.331,0.31,0.229,2027-01-02T08:00:00
I05862,U0704,C065,disliked,0.306,0.19,0.413,2027-01-02T10:00:00
I05863,U0704,C018,viewed,0.363,0.33,0.38,2027-01-02T12:00:00
I05864,U0704,C053,completed,0.797,1.0,0.624,2027-01-02T14:00:00
I05865,U0704,C042,completed,0.543,1.0,,2027-01-02T16:00:00
I05866,U0704,C098,viewed,0.202,0.097,,2027-01-02T18:00:00
I05867,U0704,C017,completed,0.728,1.0,0.643,2027-01-02T20:00:00
I05868,U0704,C053,viewed,0.304,0.53,,2027-01-02T22:00:00
I05869,U0704,C099,viewed,0.101,0.093,,2027-01-03T00:00:00
I05870,U0704,C042,completed,0.522,1.0,,2027-01-03T02:00:00
I05871,U0704,C096,viewed,0.37,0.51,0.233,2027-01-03T04:00:00
I05872,U0704,C054,completed,0.485,1.0,,2027-01-03T06:00:00
I05873,U0704,C076,completed,0.545,1.0,,2027-01-03T08:00:00
I05874,U0704,C048,quiz_passed,0.775,1.0,0.705,2027-01-03T10:00:00
I05875,U0705,C067,completed,0.705,1.0,0.569,2027-01-03T12:00:00
I05876,U0705,C092,completed,0.728,1.0,0.64,2027-01-03T14:00:00
I05877,U0705,C096,completed,0.475,1.0,,2027-01-03T16:00:00
I05878,U0705,C028,viewed,0.507,0.45,0.393,2027-01-03T18:00:00
I05879,U0705,C095,viewed,0.172,0.025,,2027-01-03T20:00:00
I05880,U0705,C017,completed,0.519,1.0,,2027-01-03T22:00:00
I05881,U0705,C043,completed,0.577,1.0,,2027-01-04T00:00:00
I05882,U0705,C065,viewed,0.228,0.04,,2027-01-04T02:00:00
I05883,U0705,C051,completed,0.503,1.0,,2027-01-04T04:00:00
I05884,U0705,C025,completed,0.811,1.0,0.7,2027-01-04T06:00:00
I05885,U0705,C011,completed,0.54,1.0,,2027-01-04T08:00:00
I05886,U0705,C090,viewed,0.13,0.038,,2027-01-04T10:00:00
I05887,U0705,C044,completed,0.481,1.0,,2027-01-04T12:00:00
I05888,U0705,C092,viewed,0.553,0.6,0.364,2027-01-04T14:00:00
I05889,U0705,C043,completed,0.527,1.0,,2027-01-04T16:00:00
I05890,U0706,C025,disliked,0.119,0.07,,2027-01-04T18:00:00
I05891,U0706,C098,viewed,0.14,0.088,,2027-01-04T20:00:00
I05892,U0706,C043,completed,0.711,1.0,0.58,2027-01-04T22:00:00
I05893,U0706,C042,viewed,0.204,0.009,,2027-01-05T00:00:00
I05894,U0707,C098,viewed,0.243,0.032,,2027-01-05T02:00:00
I05895,U0707,C098,completed,0.8,1.0,0.574,2027-01-05T04:00:00
I05896,U0707,C006,completed,0.547,1.0,,2027-01-05T06:00:00
I05897,U0707,C099,viewed,0.236,0.27,,2027-01-05T08:00:00
I05898,U0707,C002,completed,0.523,1.0,,2027-01-05T10:00:00
I05899,U0707,C073,quiz_passed,0.853,1.0,0.808,2027-01-05T12:00:00
I05900,U0707,C054,completed,0.556,1.0,,2027-01-05T14:00:00
I05901,U0707,C091,completed,0.48,1.0,,2027-01-05T16:00:00
I05902,U0707,C046,viewed,0.384,0.39,0.286,2027-01-05T18:00:00
I05903,U0708,C030,completed,0.472,1.0,,2027-01-05T20:00:00
I05904,U0708,C025,viewed,0.167,0.039,,2027-01-05T22:00:00
I05905,U0708,C065,viewed,0.267,0.083,,2027-01-06T00:00:00
I05906,U0708,C015,completed,0.574,1.0,,2027-01-06T02:00:00
I05907,U0709,C096,viewed,0.132,0.069,,2027-01-06T04:00:00
I05908,U0709,C098,viewed,0.154,0.072,,2027-01-06T06:00:00
I05909,U0709,C071,viewed,0.501,0.58,0.406,2027-01-06T08:00:00
I05910,U0709,C046,viewed,0.273,0.096,,2027-01-06T10:00:00
I05911,U0709,C092,completed,0.755,1.0,0.656,2027-01-06T12:00:00
I05912,U0709,C076,viewed,0.138,0.097,,2027-01-06T14:00:00
I05913,U0709,C063,quiz_passed,0.783,1.0,0.628,2027-01-06T16:00:00
I05914,U0709,C081,completed,0.68,1.0,0.445,2027-01-06T18:00:00
I05915,U0710,C050,completed,0.747,1.0,0.595,2027-01-06T20:00:00
I05916,U0710,C062,completed,0.787,1.0,0.699,2027-01-06T22:00:00
I05917,U0710,C006,completed,0.737,1.0,0.585,2027-01-07T00:00:00
I05918,U0710,C070,completed,0.758,1.0,0.457,2027-01-07T02:00:00
I05919,U0710,C050,quiz_passed,0.769,1.0,0.652,2027-01-07T04:00:00
I05920,U0710,C050,quiz_passed,0.785,1.0,0.661,2027-01-07T06:00:00
I05921,U0711,C047,completed,0.505,1.0,,2027-01-07T08:00:00
I05922,U0711,C099,disliked,0.213,0.11,,2027-01-07T10:00:00
I05923,U0711,C048,completed,0.542,1.0,,2027-01-07T12:00:00
I05924,U0711,C095,disliked,0.244,0.17,0.209,2027-01-07T14:00:00
I05925,U0711,C030,quiz_passed,0.8,1.0,0.605,2027-01-07T16:00:00
I05926,U0711,C029,viewed,0.5,0.5,0.42,2027-01-07T18:00:00
I05927,U0711,C017,quiz_passed,0.748,1.0,0.641,2027-01-07T20:00:00
I05928,U0711,C030,completed,0.503,1.0,,2027-01-07T22:00:00
I05929,U0711,C051,completed,0.792,1.0,0.569,2027-01-08T00:00:00
I05930,U0711,C044,viewed,0.133,0.07,,2027-01-08T02:00:00
I05931,U0711,C090,disliked,0.196,0.07,,2027-01-08T04:00:00
I05932,U0711,C010,viewed,0.47,0.54,0.28,2027-01-08T06:00:00
I05933,U0712,C096,disliked,0.352,0.12,0.41,2027-01-08T08:00:00
I05934,U0712,C017,viewed,0.194,0.038,,2027-01-08T10:00:00
I05935,U0712,C025,viewed,0.187,0.0,,2027-01-08T12:00:00
I05936,U0712,C058,viewed,0.297,0.41,,2027-01-08T14:00:00
I05937,U0712,C054,viewed,0.4,0.67,,2027-01-08T16:00:00
I05938,U0712,C020,completed,0.731,1.0,0.537,2027-01-08T18:00:00
I05939,U0712,C073,viewed,0.229,0.083,,2027-01-08T20:00:00
I05940,U0712,C067,viewed,0.519,0.31,0.55,2027-01-08T22:00:00
I05941,U0713,C016,viewed,0.142,0.063,,2027-01-09T00:00:00
I05942,U0713,C001,completed,0.58,1.0,,2027-01-09T02:00:00
I05943,U0713,C049,completed,0.841,1.0,0.751,2027-01-09T04:00:00
I05944,U0713,C076,completed,0.788,1.0,0.809,2027-01-09T06:00:00
I05945,U0713,C099,viewed,0.437,0.54,0.351,2027-01-09T08:00:00
I05946,U0713,C095,viewed,0.158,0.2,,2027-01-09T10:00:00
I05947,U0713,C091,completed,0.543,1.0,,2027-01-09T12:00:00
I05948,U0713,C013,viewed,0.19,0.082,,2027-01-09T14:00:00
I05949,U0713,C028,quiz_passed,0.815,1.0,0.798,2027-01-09T16:00:00
I05950,U0713,C029,completed,0.765,1.0,0.752,2027-01-09T18:00:00
I05951,U0713,C013,viewed,0.141,0.002,,2027-01-09T20:00:00
I05952,U0713,C046,viewed,0.182,0.065,,2027-01-09T22:00:00
I05953,U0714,C096,completed,0.492,1.0,,2027-01-10T00:00:00
I05954,U0714,C092,quiz_passed,0.845,1.0,0.861,2027-01-10T02:00:00
I05955,U0714,C029,quiz_passed,0.392,0.03,0.624,2027-01-10T04:00:00
I05956,U0714,C072,viewed,0.173,0.25,,2027-01-10T06:00:00
I05957,U0714,C057,quiz_passed,0.8,1.0,0.839,2027-01-10T08:00:00
I05958,U0714,C017,quiz_passed,0.797,1.0,0.817,2027-01-10T10:00:00
I05959,U0714,C006,completed,0.521,1.0,,2027-01-10T12:00:00
I05960,U0714,C095,viewed,0.27,0.059,,2027-01-10T14:00:00
I05961,U0714,C025,quiz_passed,0.811,1.0,0.854,2027-01-10T16:00:00
I05962,U0714,C067,completed,0.478,1.0,,2027-01-10T18:00:00
I05963,U0715,C061,viewed,0.279,0.3,,2027-01-10T20:00:00
I05964,U0715,C049,completed,0.507,1.0,,2027-01-10T22:00:00
I05965,U0715,C065,quiz_passed,0.79,1.0,0.759,2027-01-11T00:00:00
I05966,U0715,C046,disliked,0.234,0.07,0.307,2027-01-11T02:00:00
I05967,U0716,C082,disliked,0.292,0.04,0.385,2027-01-11T04:00:00
I05968,U0716,C096,completed,0.688,1.0,0.526,2027-01-11T06:00:00
I05969,U0716,C050,completed,0.513,1.0,,2027-01-11T08:00:00
I05970,U0716,C067,completed,0.497,1.0,,2027-01-11T10:00:00
I05971,U0716,C098,completed,0.701,1.0,0.458,2027-01-11T12:00:00
I05972,U0716,C051,completed,0.534,1.0,,2027-01-11T14:00:00
I05973,U0716,C076,viewed,0.549,0.7,0.313,2027-01-11T16:00:00
I05974,U0716,C047,viewed,0.2,0.078,,2027-01-11T18:00:00
I05975,U0716,C081,viewed,0.242,0.051,,2027-01-11T20:00:00
I05976,U0716,C071,quiz_passed,0.851,1.0,0.691,2027-01-11T22:00:00
I05977,U0717,C053,completed,0.552,1.0,,2027-01-12T00:00:00
I05978,U0717,C061,completed,0.756,1.0,0.637,2027-01-12T02:00:00
I05979,U0717,C005,viewed,0.33,0.49,,2027-01-12T04:00:00
I05980,U0717,C015,completed,0.73,1.0,0.642,2027-01-12T06:00:00
I05981,U0717,C057,completed,0.743,1.0,0.597,2027-01-12T08:00:00
I05982,U0717,C045,viewed,0.272,0.24,0.281,2027-01-12T10:00:00
I05983,U0717,C096,completed,0.483,1.0,,2027-01-12T12:00:00
I05984,U0717,C073,completed,0.51,1.0,,2027-01-12T14:00:00
I05985,U0717,C042,viewed,0.138,0.076,,2027-01-12T16:00:00
I05986,U0717,C092,viewed,0.253,0.009,,2027-01-12T18:00:00
I05987,U0718,C006,quiz_passed,0.813,1.0,0.697,2027-01-12T20:00:00
I05988,U0718,C065,quiz_passed,0.75,1.0,0.652,2027-01-12T22:00:00
I05989,U0718,C017,viewed,0.178,0.066,,2027-01-13T00:00:00
I05990,U0718,C057,completed,0.766,1.0,0.661,2027-01-13T02:00:00
I05991,U0718,C042,viewed,0.516,0.44,0.42,2027-01-13T04:00:00
I05992,U0718,C099,viewed,0.193,0.26,,2027-01-13T06:00:00
I05993,U0719,C051,viewed,0.138,0.069,,2027-01-13T08:00:00
I05994,U0719,C092,completed,0.485,1.0,,2027-01-13T10:00:00
I05995,U0719,C030,quiz_passed,0.745,1.0,0.695,2027-01-13T12:00:00
I05996,U0720,C048,completed,0.557,1.0,,2027-01-13T14:00:00
I05997,U0720,C047,quiz_passed,0.488,0.36,0.606,2027-01-13T16:00:00
I05998,U0721,C096,viewed,0.173,0.077,,2027-01-13T18:00:00
I05999,U0721,C050,completed,0.559,1.0,,2027-01-13T20:00:00
I06000,U0721,C061,viewed,0.216,0.067,,2027-01-13T22:00:00
I06001,U0721,C067,viewed,0.442,0.66,,2027-01-14T00:00:00
I06002,U0721,C005,viewed,0.375,0.48,0.204,2027-01-14T02:00:00
I06003,U0721,C053,completed,0.526,1.0,,2027-01-14T04:00:00
I06004,U0721,C049,quiz_passed,0.812,1.0,0.653,2027-01-14T06:00:00
I06005,U0721,C048,quiz_passed,0.823,1.0,0.686,2027-01-14T08:00:00
I06006,U0721,C050,disliked,0.149,0.02,,2027-01-14T10:00:00
I06007,U0721,C051,completed,0.727,1.0,0.63,2027-01-14T12:00:00
I06008,U0721,C010,viewed,0.515,0.59,0.251,2027-01-14T14:00:00
I06009,U0721,C074,completed,0.727,1.0,0.484,2027-01-14T16:00:00
I06010,U0721,C010,viewed,0.392,0.53,0.202,2027-01-14T18:00:00
I06011,U0721,C010,disliked,0.157,0.01,0.218,2027-01-14T20:00:00
I06012,U0722,C099,viewed,0.22,0.021,,2027-01-14T22:00:00
I06013,U0722,C047,completed,0.574,1.0,,2027-01-15T00:00:00
I06014,U0722,C096,completed,0.702,1.0,0.505,2027-01-15T02:00:00
I06015,U0722,C003,completed,0.511,1.0,,2027-01-15T04:00:00
I06016,U0722,C042,completed,0.713,1.0,0.582,2027-01-15T06:00:00
I06017,U0722,C088,completed,0.477,1.0,,2027-01-15T08:00:00
I06018,U0722,C043,quiz_passed,0.721,1.0,0.606,2027-01-15T10:00:00
I06019,U0722,C081,completed,0.753,1.0,0.554,2027-01-15T12:00:00
I06020,U0722,C025,completed,0.471,1.0,,2027-01-15T14:00:00
I06021,U0722,C054,completed,0.54,1.0,,2027-01-15T16:00:00
I06022,U0722,C061,quiz_passed,0.85,1.0,0.681,2027-01-15T18:00:00
I06023,U0722,C079,completed,0.682,1.0,0.478,2027-01-15T20:00:00
I06024,U0723,C053,completed,0.551,1.0,,2027-01-15T22:00:00
I06025,U0723,C096,completed,0.539,1.0,,2027-01-16T00:00:00
I06026,U0723,C098,viewed,0.111,0.1,,2027-01-16T02:00:00
I06027,U0723,C099,disliked,0.257,0.17,0.257,2027-01-16T04:00:00
I06028,U0723,C017,viewed,0.431,0.52,0.381,2027-01-16T06:00:00
I06029,U0723,C051,viewed,0.236,0.074,,2027-01-16T08:00:00
I06030,U0723,C076,completed,0.474,1.0,,2027-01-16T10:00:00
I06031,U0723,C076,viewed,0.222,0.074,,2027-01-16T12:00:00
I06032,U0723,C075,completed,0.695,1.0,0.515,2027-01-16T14:00:00
I06033,U0723,C051,completed,0.516,1.0,,2027-01-16T16:00:00
I06034,U0724,C009,completed,0.543,1.0,,2027-01-16T18:00:00
I06035,U0724,C047,quiz_passed,0.819,1.0,0.757,2027-01-16T20:00:00
I06036,U0724,C002,disliked,0.418,0.11,0.545,2027-01-16T22:00:00
I06037,U0724,C046,viewed,0.536,0.61,0.288,2027-01-17T00:00:00
I06038,U0724,C073,completed,0.476,1.0,,2027-01-17T02:00:00
I06039,U0724,C046,viewed,0.175,0.015,,2027-01-17T04:00:00
I06040,U0724,C057,completed,0.782,1.0,0.776,2027-01-17T06:00:00
I06041,U0724,C074,completed,0.767,1.0,0.6,2027-01-17T08:00:00
I06042,U0724,C044,completed,0.715,1.0,0.59,2027-01-17T10:00:00
I06043,U0724,C009,viewed,0.147,0.077,,2027-01-17T12:00:00
I06044,U0724,C096,disliked,0.294,0.06,0.353,2027-01-17T14:00:00
I06045,U0724,C046,viewed,0.261,0.5,,2027-01-17T16:00:00
I06046,U0724,C015,disliked,0.343,0.17,0.514,2027-01-17T18:00:00
I06047,U0725,C057,viewed,0.493,0.32,0.582,2027-01-17T20:00:00
I06048,U0725,C099,viewed,0.146,0.004,,2027-01-17T22:00:00
I06049,U0725,C082,quiz_passed,0.793,1.0,0.798,2027-01-18T00:00:00
I06050,U0725,C098,completed,0.463,1.0,,2027-01-18T02:00:00
I06051,U0725,C082,quiz_passed,0.811,1.0,0.729,2027-01-18T04:00:00
I06052,U0725,C099,completed,0.543,1.0,,2027-01-18T06:00:00
I06053,U0725,C008,completed,0.854,1.0,0.763,2027-01-18T08:00:00
I06054,U0725,C051,completed,0.463,1.0,,2027-01-18T10:00:00
I06055,U0725,C044,viewed,0.286,0.046,,2027-01-18T12:00:00
I06056,U0725,C006,viewed,0.219,0.031,,2027-01-18T14:00:00
I06057,U0725,C028,completed,0.48,1.0,,2027-01-18T16:00:00
I06058,U0725,C018,completed,0.494,1.0,,2027-01-18T18:00:00
I06059,U0725,C017,quiz_passed,0.893,1.0,0.807,2027-01-18T20:00:00
I06060,U0726,C057,disliked,0.337,0.13,0.474,2027-01-18T22:00:00
I06061,U0726,C095,disliked,0.167,0.09,,2027-01-19T00:00:00
I06062,U0726,C073,viewed,0.181,0.058,,2027-01-19T02:00:00
I06063,U0727,C096,completed,0.572,1.0,,2027-01-19T04:00:00
I06064,U0727,C061,completed,0.529,1.0,,2027-01-19T06:00:00
I06065,U0727,C058,completed,0.545,1.0,,2027-01-19T08:00:00
I06066,U0727,C046,viewed,0.49,0.6,0.386,2027-01-19T10:00:00
I06067,U0727,C046,viewed,0.19,0.014,,2027-01-19T12:00:00
I06068,U0727,C074,completed,0.494,1.0,,2027-01-19T14:00:00
I06069,U0727,C029,viewed,0.381,0.63,,2027-01-19T16:00:00
I06070,U0727,C044,completed,0.514,1.0,,2027-01-19T18:00:00
I06071,U0728,C002,completed,0.777,1.0,0.748,2027-01-19T20:00:00
I06072,U0728,C081,quiz_passed,0.831,1.0,0.648,2027-01-19T22:00:00
I06073,U0728,C061,quiz_passed,0.864,1.0,0.72,2027-01-20T00:00:00
I06074,U0728,C009,viewed,0.596,0.53,0.571,2027-01-20T02:00:00
I06075,U0728,C016,quiz_passed,0.808,1.0,0.804,2027-01-20T04:00:00
I06076,U0728,C066,quiz_passed,0.763,1.0,0.702,2027-01-20T06:00:00
I06077,U0728,C003,quiz_passed,0.859,1.0,0.802,2027-01-20T08:00:00
I06078,U0728,C050,completed,0.542,1.0,,2027-01-20T10:00:00
I06079,U0728,C088,completed,0.562,1.0,,2027-01-20T12:00:00
I06080,U0728,C046,completed,0.732,1.0,0.545,2027-01-20T14:00:00
I06081,U0728,C006,quiz_passed,0.781,1.0,0.741,2027-01-20T16:00:00
I06082,U0728,C091,viewed,0.207,0.055,,2027-01-20T18:00:00
I06083,U0728,C046,completed,0.665,1.0,0.449,2027-01-20T20:00:00
I06084,U0728,C081,completed,0.509,1.0,,2027-01-20T22:00:00
I06085,U0728,C057,quiz_passed,0.804,1.0,0.738,2027-01-21T00:00:00
I06086,U0729,C082,quiz_passed,0.851,1.0,0.7,2027-01-21T02:00:00
I06087,U0729,C082,viewed,0.458,0.4,0.444,2027-01-21T04:00:00
I06088,U0729,C064,quiz_passed,0.786,1.0,0.618,2027-01-21T06:00:00
I06089,U0729,C017,viewed,0.36,0.69,,2027-01-21T08:00:00
I06090,U0729,C098,viewed,0.376,0.65,,2027-01-21T10:00:00
I06091,U0729,C048,viewed,0.274,0.32,,2027-01-21T12:00:00
I06092,U0729,C003,completed,0.746,1.0,0.576,2027-01-21T14:00:00
I06093,U0729,C001,completed,0.78,1.0,0.577,2027-01-21T16:00:00
I06094,U0729,C090,viewed,0.353,0.33,0.305,2027-01-21T18:00:00
I06095,U0730,C008,quiz_passed,0.892,1.0,0.805,2027-01-21T20:00:00
I06096,U0730,C016,completed,0.785,1.0,0.805,2027-01-21T22:00:00
I06097,U0731,C002,viewed,0.279,0.003,,2027-01-22T00:00:00
I06098,U0731,C048,viewed,0.427,0.47,0.342,2027-01-22T02:00:00
I06099,U0731,C051,quiz_passed,0.757,1.0,0.617,2027-01-22T04:00:00
I06100,U0731,C016,quiz_passed,0.814,1.0,0.67,2027-01-22T06:00:00
I06101,U0732,C096,viewed,0.179,0.035,,2027-01-22T08:00:00
I06102,U0732,C098,completed,0.571,1.0,,2027-01-22T10:00:00
I06103,U0732,C058,quiz_passed,0.733,1.0,0.618,2027-01-22T12:00:00
I06104,U0732,C098,viewed,0.442,0.5,0.202,2027-01-22T14:00:00
I06105,U0733,C088,quiz_passed,0.811,1.0,0.738,2027-01-22T16:00:00
I06106,U0733,C043,completed,0.545,1.0,,2027-01-22T18:00:00
I06107,U0734,C029,completed,0.544,1.0,,2027-01-22T20:00:00
I06108,U0734,C096,completed,0.711,1.0,0.59,2027-01-22T22:00:00
I06109,U0734,C096,completed,0.774,1.0,0.61,2027-01-23T00:00:00
I06110,U0734,C096,completed,0.732,1.0,0.68,2027-01-23T02:00:00
I06111,U0734,C095,viewed,0.218,0.016,,2027-01-23T04:00:00
I06112,U0735,C030,viewed,0.361,0.56,,2027-01-23T06:00:00
I06113,U0735,C095,completed,0.713,1.0,0.435,2027-01-23T08:00:00
I06114,U0735,C053,completed,0.493,1.0,,2027-01-23T10:00:00
I06115,U0735,C042,viewed,0.24,0.42,,2027-01-23T12:00:00
I06116,U0735,C061,quiz_passed,0.756,1.0,0.604,2027-01-23T14:00:00
I06117,U0735,C048,viewed,0.384,0.2,0.326,2027-01-23T16:00:00
I06118,U0735,C061,completed,0.769,1.0,0.585,2027-01-23T18:00:00
I06119,U0735,C048,quiz_passed,0.744,1.0,0.701,2027-01-23T20:00:00
I06120,U0735,C054,disliked,0.262,0.03,0.349,2027-01-23T22:00:00
I06121,U0735,C028,completed,0.505,1.0,,2027-01-24T00:00:00
I06122,U0736,C095,viewed,0.272,0.43,,2027-01-24T02:00:00
I06123,U0736,C095,completed,0.494,1.0,,2027-01-24T04:00:00
I06124,U0736,C099,quiz_passed,0.73,1.0,0.671,2027-01-24T06:00:00
I06125,U0736,C098,viewed,0.366,0.3,0.397,2027-01-24T08:00:00
I06126,U0736,C098,completed,0.464,1.0,,2027-01-24T10:00:00
I06127,U0736,C082,quiz_passed,0.809,1.0,0.788,2027-01-24T12:00:00
I06128,U0737,C048,quiz_passed,0.766,1.0,0.744,2027-01-24T14:00:00
I06129,U0737,C054,completed,0.768,1.0,0.745,2027-01-24T16:00:00
I06130,U0737,C099,completed,0.564,1.0,,2027-01-24T18:00:00
I06131,U0737,C082,quiz_passed,0.799,1.0,0.743,2027-01-24T20:00:00
I06132,U0737,C029,completed,0.784,1.0,0.757,2027-01-24T22:00:00
I06133,U0737,C095,viewed,0.121,0.085,,2027-01-25T00:00:00
I06134,U0737,C095,quiz_passed,0.787,1.0,0.656,2027-01-25T02:00:00
I06135,U0737,C030,quiz_passed,0.839,1.0,0.785,2027-01-25T04:00:00
I06136,U0737,C072,quiz_passed,0.791,1.0,0.719,2027-01-25T06:00:00
I06137,U0737,C001,completed,0.812,1.0,0.802,2027-01-25T08:00:00
I06138,U0738,C078,completed,0.806,1.0,0.587,2027-01-25T10:00:00
I06139,U0738,C096,completed,0.704,1.0,0.413,2027-01-25T12:00:00
I06140,U0738,C050,completed,0.564,1.0,,2027-01-25T14:00:00
I06141,U0738,C010,disliked,0.291,0.04,0.274,2027-01-25T16:00:00
I06142,U0739,C099,viewed,0.429,0.44,0.396,2027-01-25T18:00:00
I06143,U0739,C003,completed,0.547,1.0,,2027-01-25T20:00:00
I06144,U0739,C090,quiz_passed,0.708,1.0,0.617,2027-01-25T22:00:00
I06145,U0739,C017,disliked,0.292,0.04,0.518,2027-01-26T00:00:00
I06146,U0739,C050,quiz_passed,0.789,1.0,0.803,2027-01-26T02:00:00
I06147,U0740,C006,quiz_passed,0.808,1.0,0.723,2027-01-26T04:00:00
I06148,U0740,C008,quiz_passed,0.834,1.0,0.759,2027-01-26T06:00:00
I06149,U0740,C096,completed,0.479,1.0,,2027-01-26T08:00:00
I06150,U0740,C076,quiz_passed,0.771,1.0,0.776,2027-01-26T10:00:00
I06151,U0740,C045,completed,0.478,1.0,,2027-01-26T12:00:00
I06152,U0740,C011,quiz_passed,0.872,1.0,0.789,2027-01-26T14:00:00
I06153,U0740,C015,viewed,0.375,0.67,,2027-01-26T16:00:00
I06154,U0740,C011,quiz_passed,0.85,1.0,0.777,2027-01-26T18:00:00
I06155,U0740,C092,completed,0.545,1.0,,2027-01-26T20:00:00
I06156,U0740,C092,completed,0.855,1.0,0.753,2027-01-26T22:00:00
I06157,U0741,C096,viewed,0.435,0.46,0.2,2027-01-27T00:00:00
I06158,U0741,C042,completed,0.789,1.0,0.609,2027-01-27T02:00:00
I06159,U0741,C015,quiz_passed,0.749,1.0,0.603,2027-01-27T04:00:00
I06160,U0741,C042,completed,0.559,1.0,,2027-01-27T06:00:00
I06161,U0741,C051,completed,0.479,1.0,,2027-01-27T08:00:00
I06162,U0741,C010,completed,0.516,1.0,,2027-01-27T10:00:00
I06163,U0741,C092,viewed,0.437,0.26,0.412,2027-01-27T12:00:00
I06164,U0741,C074,viewed,0.316,0.37,,2027-01-27T14:00:00
I06165,U0741,C029,disliked,0.289,0.01,0.433,2027-01-27T16:00:00
I06166,U0742,C016,viewed,0.158,0.074,,2027-01-27T18:00:00
I06167,U0742,C061,viewed,0.108,0.007,,2027-01-27T20:00:00
I06168,U0743,C061,quiz_passed,0.819,1.0,0.693,2027-01-27T22:00:00
I06169,U0743,C029,viewed,0.288,0.089,,2027-01-28T00:00:00
I06170,U0743,C066,viewed,0.185,0.3,,2027-01-28T02:00:00
I06171,U0743,C057,completed,0.552,1.0,,2027-01-28T04:00:00
I06172,U0743,C016,completed,0.797,1.0,0.577,2027-01-28T06:00:00
I06173,U0743,C058,completed,0.476,1.0,,2027-01-28T08:00:00
I06174,U0743,C075,completed,0.654,1.0,0.457,2027-01-28T10:00:00
I06175,U0743,C074,viewed,0.144,0.036,,2027-01-28T12:00:00
I06176,U0743,C044,viewed,0.241,0.021,,2027-01-28T14:00:00
I06177,U0744,C091,completed,0.549,1.0,,2027-01-28T16:00:00
I06178,U0744,C017,quiz_passed,0.743,1.0,0.621,2027-01-28T18:00:00
I06179,U0745,C062,completed,0.74,1.0,0.563,2027-01-28T20:00:00
I06180,U0745,C082,completed,0.761,1.0,0.578,2027-01-28T22:00:00
I06181,U0745,C036,viewed,0.258,0.47,,2027-01-29T00:00:00
I06182,U0745,C043,viewed,0.297,0.04,,2027-01-29T02:00:00
I06183,U0745,C048,disliked,0.163,0.01,,2027-01-29T04:00:00
I06184,U0745,C036,completed,0.512,1.0,,2027-01-29T06:00:00
I06185,U0745,C089,viewed,0.164,0.017,,2027-01-29T08:00:00
I06186,U0745,C036,disliked,0.175,0.09,,2027-01-29T10:00:00
I06187,U0745,C067,completed,0.561,1.0,,2027-01-29T12:00:00
I06188,U0746,C064,viewed,0.117,0.019,,2027-01-29T14:00:00
I06189,U0746,C003,viewed,0.448,0.39,0.344,2027-01-29T16:00:00
I06190,U0746,C013,completed,0.784,1.0,0.513,2027-01-29T18:00:00
I06191,U0746,C015,viewed,0.453,0.44,0.349,2027-01-29T20:00:00
I06192,U0746,C005,viewed,0.133,0.015,,2027-01-29T22:00:00
I06193,U0746,C025,viewed,0.364,0.68,,2027-01-30T00:00:00
I06194,U0746,C075,disliked,0.144,0.15,,2027-01-30T02:00:00
I06195,U0746,C095,completed,0.503,1.0,,2027-01-30T04:00:00
I06196,U0746,C045,disliked,0.181,0.09,,2027-01-30T06:00:00
I06197,U0746,C090,viewed,0.46,0.5,0.228,2027-01-30T08:00:00
I06198,U0746,C017,viewed,0.222,0.32,,2027-01-30T10:00:00
I06199,U0747,C006,viewed,0.523,0.66,0.372,2027-01-30T12:00:00
I06200,U0747,C048,viewed,0.175,0.1,,2027-01-30T14:00:00
I06201,U0747,C017,completed,0.763,1.0,0.624,2027-01-30T16:00:00
I06202,U0747,C091,quiz_passed,0.83,1.0,0.646,2027-01-30T18:00:00
I06203,U0747,C098,completed,0.755,1.0,0.519,2027-01-30T20:00:00
I06204,U0747,C082,viewed,0.194,0.083,,2027-01-30T22:00:00
I06205,U0747,C011,completed,0.712,1.0,0.592,2027-01-31T00:00:00
I06206,U0747,C047,completed,0.495,1.0,,2027-01-31T02:00:00
I06207,U0747,C075,viewed,0.385,0.29,0.243,2027-01-31T04:00:00
I06208,U0747,C018,completed,0.493,1.0,,2027-01-31T06:00:00
I06209,U0747,C001,quiz_passed,0.796,1.0,0.635,2027-01-31T08:00:00
I06210,U0747,C049,viewed,0.289,0.43,,2027-01-31T10:00:00
I06211,U0747,C057,completed,0.499,1.0,,2027-01-31T12:00:00
I06212,U0747,C073,viewed,0.499,0.42,0.442,2027-01-31T14:00:00
I06213,U0748,C098,completed,0.574,1.0,,2027-01-31T16:00:00
I06214,U0748,C065,quiz_passed,0.902,1.0,0.827,2027-01-31T18:00:00
I06215,U0748,C095,viewed,0.509,0.36,0.53,2027-01-31T20:00:00
I06216,U0749,C067,completed,0.798,1.0,0.596,2027-01-31T22:00:00
I06217,U0749,C073,viewed,0.529,0.62,0.4,2027-02-01T00:00:00
I06218,U0749,C030,completed,0.536,1.0,,2027-02-01T02:00:00
I06219,U0749,C035,viewed,0.558,0.57,0.388,2027-02-01T04:00:00
I06220,U0749,C029,completed,0.817,1.0,0.623,2027-02-01T06:00:00
I06221,U0749,C004,viewed,0.442,0.68,,2027-02-01T08:00:00
I06222,U0749,C063,viewed,0.257,0.005,,2027-02-01T10:00:00
I06223,U0749,C070,viewed,0.16,0.06,,2027-02-01T12:00:00
I06224,U0750,C071,viewed,0.485,0.49,0.391,2027-02-01T14:00:00
I06225,U0750,C011,quiz_passed,0.783,1.0,0.602,2027-02-01T16:00:00
I06226,U0750,C029,viewed,0.262,0.074,,2027-02-01T18:00:00
I06227,U0750,C001,quiz_passed,0.797,1.0,0.675,2027-02-01T20:00:00
I06228,U0750,C001,quiz_passed,0.718,1.0,0.623,2027-02-01T22:00:00
I06229,U0750,C058,quiz_passed,0.827,1.0,0.655,2027-02-02T00:00:00
I06230,U0750,C045,viewed,0.151,0.063,,2027-02-02T02:00:00
I06231,U0750,C057,viewed,0.321,0.57,,2027-02-02T04:00:00
I06232,U0750,C029,quiz_passed,0.823,1.0,0.684,2027-02-02T06:00:00
I06233,U0750,C017,viewed,0.224,0.065,,2027-02-02T08:00:00
I06234,U0750,C067,viewed,0.16,0.076,,2027-02-02T10:00:00
I06235,U0750,C002,completed,0.489,1.0,,2027-02-02T12:00:00
I06236,U0751,C099,completed,0.683,1.0,0.397,2027-02-02T14:00:00
I06237,U0751,C095,completed,0.668,1.0,0.415,2027-02-02T16:00:00
I06238,U0751,C016,completed,0.563,1.0,,2027-02-02T18:00:00
I06239,U0751,C044,viewed,0.235,0.018,,2027-02-02T20:00:00
I06240,U0751,C061,viewed,0.337,0.49,,2027-02-02T22:00:00
I06241,U0751,C010,viewed,0.284,0.027,,2027-02-03T00:00:00
I06242,U0751,C090,completed,0.525,1.0,,2027-02-03T02:00:00
I06243,U0751,C028,quiz_passed,0.728,1.0,0.617,2027-02-03T04:00:00
I06244,U0751,C029,viewed,0.399,0.64,,2027-02-03T06:00:00
I06245,U0751,C082,completed,0.498,1.0,,2027-02-03T08:00:00
I06246,U0752,C078,completed,0.508,1.0,,2027-02-03T10:00:00
I06247,U0752,C071,completed,0.509,1.0,,2027-02-03T12:00:00
I06248,U0752,C048,completed,0.505,1.0,,2027-02-03T14:00:00
I06249,U0752,C095,completed,0.544,1.0,,2027-02-03T16:00:00
I06250,U0752,C075,completed,0.781,1.0,0.589,2027-02-03T18:00:00
I06251,U0752,C058,completed,0.488,1.0,,2027-02-03T20:00:00
I06252,U0752,C008,completed,0.859,1.0,0.741,2027-02-03T22:00:00
I06253,U0752,C030,completed,0.556,1.0,,2027-02-04T00:00:00
I06254,U0752,C046,disliked,0.151,0.18,,2027-02-04T02:00:00
I06255,U0752,C020,viewed,0.332,0.27,0.232,2027-02-04T04:00:00
I06256,U0753,C025,viewed,0.247,0.052,,2027-02-04T06:00:00
I06257,U0753,C098,completed,0.723,1.0,0.448,2027-02-04T08:00:00
I06258,U0753,C076,viewed,0.261,0.069,,2027-02-04T10:00:00
I06259,U0753,C067,viewed,0.19,0.048,,2027-02-04T12:00:00
I06260,U0753,C073,completed,0.765,1.0,0.656,2027-02-04T14:00:00
I06261,U0753,C066,completed,0.791,1.0,0.584,2027-02-04T16:00:00
I06262,U0753,C098,completed,0.694,1.0,0.407,2027-02-04T18:00:00
I06263,U0754,C092,completed,0.495,1.0,,2027-02-04T20:00:00
I06264,U0754,C003,viewed,0.577,0.67,0.507,2027-02-04T22:00:00
I06265,U0754,C010,viewed,0.243,0.088,,2027-02-05T00:00:00
I06266,U0754,C044,completed,0.821,1.0,0.612,2027-02-05T02:00:00
I06267,U0754,C046,viewed,0.226,0.24,,2027-02-05T04:00:00
I06268,U0754,C062,completed,0.549,1.0,,2027-02-05T06:00:00
I06269,U0754,C090,viewed,0.327,0.23,0.397,2027-02-05T08:00:00
I06270,U0754,C009,completed,0.53,1.0,,2027-02-05T10:00:00
I06271,U0754,C061,quiz_passed,0.873,1.0,0.799,2027-02-05T12:00:00
I06272,U0754,C046,disliked,0.271,0.09,0.292,2027-02-05T14:00:00
I06273,U0755,C028,quiz_passed,0.807,1.0,0.826,2027-02-05T16:00:00
I06274,U0755,C016,viewed,0.411,0.68,,2027-02-05T18:00:00
I06275,U0755,C096,completed,0.777,1.0,0.738,2027-02-05T20:00:00
I06276,U0755,C028,completed,0.504,1.0,,2027-02-05T22:00:00
I06277,U0755,C046,quiz_passed,0.77,1.0,0.673,2027-02-06T00:00:00
I06278,U0756,C006,viewed,0.504,0.67,0.312,2027-02-06T02:00:00
I06279,U0756,C082,completed,0.508,1.0,,2027-02-06T04:00:00
I06280,U0756,C002,viewed,0.155,0.022,,2027-02-06T06:00:00
I06281,U0756,C072,completed,0.511,1.0,,2027-02-06T08:00:00
I06282,U0756,C025,viewed,0.253,0.42,,2027-02-06T10:00:00
I06283,U0756,C096,viewed,0.442,0.44,0.23,2027-02-06T12:00:00
I06284,U0756,C098,viewed,0.111,0.084,,2027-02-06T14:00:00
I06285,U0756,C096,viewed,0.252,0.082,,2027-02-06T16:00:00
I06286,U0756,C047,completed,0.499,1.0,,2027-02-06T18:00:00
I06287,U0756,C076,completed,0.769,1.0,0.688,2027-02-06T20:00:00
I06288,U0756,C028,completed,0.794,1.0,0.58,2027-02-06T22:00:00
I06289,U0756,C051,viewed,0.48,0.49,0.324,2027-02-07T00:00:00
I06290,U0756,C076,viewed,0.414,0.69,,2027-02-07T02:00:00
I06291,U0756,C005,completed,0.538,1.0,,2027-02-07T04:00:00
I06292,U0756,C091,quiz_passed,0.723,1.0,0.643,2027-02-07T06:00:00
I06293,U0757,C073,quiz_passed,0.838,1.0,0.747,2027-02-07T08:00:00
I06294,U0757,C064,completed,0.835,1.0,0.712,2027-02-07T10:00:00
I06295,U0757,C066,quiz_passed,0.767,1.0,0.732,2027-02-07T12:00:00
I06296,U0757,C062,completed,0.564,1.0,,2027-02-07T14:00:00
I06297,U0757,C053,completed,0.466,1.0,,2027-02-07T16:00:00
I06298,U0757,C017,completed,0.523,1.0,,2027-02-07T18:00:00
I06299,U0757,C050,quiz_passed,0.83,1.0,0.787,2027-02-07T20:00:00
I06300,U0757,C063,viewed,0.527,0.36,0.576,2027-02-07T22:00:00
I06301,U0757,C098,viewed,0.351,0.22,0.429,2027-02-08T00:00:00
I06302,U0757,C061,viewed,0.505,0.46,0.572,2027-02-08T02:00:00
I06303,U0757,C002,completed,0.491,1.0,,2027-02-08T04:00:00
I06304,U0757,C025,completed,0.844,1.0,0.721,2027-02-08T06:00:00
I06305,U0757,C074,completed,0.738,1.0,0.596,2027-02-08T08:00:00
I06306,U0757,C090,completed,0.555,1.0,,2027-02-08T10:00:00
I06307,U0758,C082,quiz_passed,0.797,1.0,0.84,2027-02-08T12:00:00
I06308,U0758,C096,quiz_passed,0.85,1.0,0.709,2027-02-08T14:00:00
I06309,U0758,C071,quiz_passed,0.909,1.0,0.877,2027-02-08T16:00:00
I06310,U0758,C048,quiz_passed,0.871,1.0,0.869,2027-02-08T18:00:00
I06311,U0758,C018,quiz_passed,0.81,1.0,0.847,2027-02-08T20:00:00
I06312,U0758,C046,completed,0.746,1.0,0.583,2027-02-08T22:00:00
I06313,U0758,C046,viewed,0.211,0.013,,2027-02-09T00:00:00
I06314,U0758,C017,completed,0.827,1.0,0.846,2027-02-09T02:00:00
I06315,U0758,C044,quiz_passed,0.813,1.0,0.766,2027-02-09T04:00:00
I06316,U0758,C074,viewed,0.278,0.012,,2027-02-09T06:00:00
I06317,U0758,C028,completed,0.495,1.0,,2027-02-09T08:00:00
I06318,U0758,C098,completed,0.525,1.0,,2027-02-09T10:00:00
I06319,U0759,C098,completed,0.848,1.0,0.793,2027-02-09T12:00:00
I06320,U0759,C095,completed,0.48,1.0,,2027-02-09T14:00:00
I06321,U0759,C057,completed,0.498,1.0,,2027-02-09T16:00:00
I06322,U0759,C061,quiz_passed,0.915,1.0,0.876,2027-02-09T18:00:00
I06323,U0759,C064,completed,0.855,1.0,0.83,2027-02-09T20:00:00
I06324,U0759,C057,viewed,0.171,0.004,,2027-02-09T22:00:00
I06325,U0759,C013,completed,0.792,1.0,0.808,2027-02-10T00:00:00
I06326,U0759,C015,quiz_passed,0.8,1.0,0.84,2027-02-10T02:00:00
I06327,U0759,C005,quiz_passed,0.848,1.0,0.792,2027-02-10T04:00:00
I06328,U0759,C025,quiz_passed,0.471,0.32,0.664,2027-02-10T06:00:00
I06329,U0759,C016,quiz_passed,0.618,0.52,0.729,2027-02-10T08:00:00
I06330,U0759,C047,completed,0.501,1.0,,2027-02-10T10:00:00
I06331,U0759,C029,quiz_passed,0.892,1.0,0.82,2027-02-10T12:00:00
I06332,U0759,C043,quiz_passed,0.874,1.0,0.883,2027-02-10T14:00:00
I06333,U0760,C095,viewed,0.285,0.056,,2027-02-10T16:00:00
I06334,U0760,C006,completed,0.82,1.0,0.79,2027-02-10T18:00:00
I06335,U0760,C061,quiz_passed,0.85,1.0,0.705,2027-02-10T20:00:00
I06336,U0760,C051,quiz_passed,0.773,1.0,0.708,2027-02-10T22:00:00
I06337,U0761,C098,completed,0.474,1.0,,2027-02-11T00:00:00
I06338,U0761,C099,quiz_passed,0.814,1.0,0.626,2027-02-11T02:00:00
I06339,U0761,C095,completed,0.556,1.0,,2027-02-11T04:00:00
I06340,U0761,C065,quiz_passed,0.818,1.0,0.8,2027-02-11T06:00:00
I06341,U0761,C016,completed,0.53,1.0,,2027-02-11T08:00:00
I06342,U0761,C005,viewed,0.191,0.074,,2027-02-11T10:00:00
I06343,U0761,C046,viewed,0.264,0.24,0.23,2027-02-11T12:00:00
I06344,U0761,C042,completed,0.467,1.0,,2027-02-11T14:00:00
I06345,U0761,C013,quiz_passed,0.746,1.0,0.692,2027-02-11T16:00:00
I06346,U0761,C013,viewed,0.514,0.63,0.335,2027-02-11T18:00:00
I06347,U0761,C029,viewed,0.215,0.22,,2027-02-11T20:00:00
I06348,U0761,C099,viewed,0.172,0.085,,2027-02-11T22:00:00
I06349,U0762,C042,disliked,0.158,0.07,,2027-02-12T00:00:00
I06350,U0762,C030,viewed,0.128,0.006,,2027-02-12T02:00:00
I06351,U0762,C048,viewed,0.257,0.04,,2027-02-12T04:00:00
I06352,U0762,C076,completed,0.78,1.0,0.583,2027-02-12T06:00:00
I06353,U0762,C071,completed,0.51,1.0,,2027-02-12T08:00:00
I06354,U0762,C054,quiz_passed,0.795,1.0,0.634,2027-02-12T10:00:00
I06355,U0762,C050,completed,0.752,1.0,0.666,2027-02-12T12:00:00
I06356,U0762,C064,viewed,0.202,0.036,,2027-02-12T14:00:00
I06357,U0762,C050,viewed,0.218,0.083,,2027-02-12T16:00:00
I06358,U0762,C075,viewed,0.24,0.44,,2027-02-12T18:00:00
I06359,U0762,C088,viewed,0.219,0.022,,2027-02-12T20:00:00
I06360,U0762,C002,completed,0.761,1.0,0.588,2027-02-12T22:00:00
I06361,U0762,C045,viewed,0.326,0.4,,2027-02-13T00:00:00
I06362,U0762,C067,completed,0.773,1.0,0.681,2027-02-13T02:00:00
I06363,U0763,C063,quiz_passed,0.777,1.0,0.634,2027-02-13T04:00:00
I06364,U0763,C042,viewed,0.316,0.56,,2027-02-13T06:00:00
I06365,U0763,C037,completed,0.571,1.0,,2027-02-13T08:00:00
I06366,U0763,C016,completed,0.746,1.0,0.686,2027-02-13T10:00:00
I06367,U0763,C057,completed,0.575,1.0,,2027-02-13T12:00:00
I06368,U0763,C075,viewed,0.289,0.45,,2027-02-13T14:00:00
I06369,U0763,C001,completed,0.467,1.0,,2027-02-13T16:00:00
I06370,U0763,C016,viewed,0.128,0.097,,2027-02-13T18:00:00
I06371,U0764,C098,viewed,0.43,0.24,0.568,2027-02-13T20:00:00
I06372,U0764,C006,completed,0.8,1.0,0.849,2027-02-13T22:00:00
I06373,U0764,C096,completed,0.573,1.0,,2027-02-14T00:00:00
I06374,U0765,C051,quiz_passed,0.848,1.0,0.734,2027-02-14T02:00:00
I06375,U0765,C017,completed,0.574,1.0,,2027-02-14T04:00:00
I06376,U0765,C076,completed,0.878,1.0,0.795,2027-02-14T06:00:00
I06377,U0765,C081,disliked,0.145,0.03,,2027-02-14T08:00:00
I06378,U0766,C047,viewed,0.542,0.58,0.365,2027-02-14T10:00:00
I06379,U0766,C098,viewed,0.316,0.38,,2027-02-14T12:00:00
I06380,U0766,C076,completed,0.73,1.0,0.576,2027-02-14T14:00:00
I06381,U0766,C006,quiz_passed,0.845,1.0,0.674,2027-02-14T16:00:00
I06382,U0766,C008,completed,0.771,1.0,0.582,2027-02-14T18:00:00
I06383,U0766,C092,quiz_passed,0.834,1.0,0.642,2027-02-14T20:00:00
I06384,U0766,C057,viewed,0.465,0.67,0.321,2027-02-14T22:00:00
I06385,U0766,C005,completed,0.523,1.0,,2027-02-15T00:00:00
I06386,U0766,C051,completed,0.721,1.0,0.614,2027-02-15T02:00:00
I06387,U0766,C071,completed,0.75,1.0,0.572,2027-02-15T04:00:00
I06388,U0766,C025,disliked,0.291,0.06,0.356,2027-02-15T06:00:00
I06389,U0766,C076,viewed,0.293,0.056,,2027-02-15T08:00:00
I06390,U0766,C071,quiz_passed,0.73,1.0,0.618,2027-02-15T10:00:00
I06391,U0766,C053,quiz_passed,0.74,1.0,0.605,2027-02-15T12:00:00
I06392,U0766,C066,completed,0.757,1.0,0.691,2027-02-15T14:00:00
I06393,U0767,C098,completed,0.763,1.0,0.497,2027-02-15T16:00:00
I06394,U0767,C092,viewed,0.211,0.053,,2027-02-15T18:00:00
I06395,U0767,C067,quiz_passed,0.783,1.0,0.651,2027-02-15T20:00:00
I06396,U0768,C095,completed,0.475,1.0,,2027-02-15T22:00:00
I06397,U0768,C002,viewed,0.525,0.48,0.597,2027-02-16T00:00:00
I06398,U0768,C044,completed,0.477,1.0,,2027-02-16T02:00:00
I06399,U0768,C047,completed,0.491,1.0,,2027-02-16T04:00:00
I06400,U0768,C065,quiz_passed,0.784,1.0,0.744,2027-02-16T06:00:00
I06401,U0768,C081,quiz_passed,0.738,1.0,0.693,2027-02-16T08:00:00
I06402,U0768,C066,completed,0.494,1.0,,2027-02-16T10:00:00
I06403,U0769,C066,viewed,0.26,0.012,,2027-02-16T12:00:00
I06404,U0769,C054,completed,0.776,1.0,0.564,2027-02-16T14:00:00
I06405,U0769,C082,viewed,0.203,0.021,,2027-02-16T16:00:00
I06406,U0769,C073,completed,0.556,1.0,,2027-02-16T18:00:00
I06407,U0769,C098,completed,0.716,1.0,0.484,2027-02-16T20:00:00
I06408,U0769,C016,quiz_passed,0.773,1.0,0.609,2027-02-16T22:00:00
I06409,U0770,C050,completed,0.507,1.0,,2027-02-17T00:00:00
I06410,U0770,C061,quiz_passed,0.897,1.0,0.845,2027-02-17T02:00:00
I06411,U0770,C002,quiz_passed,0.93,1.0,0.882,2027-02-17T04:00:00
I06412,U0770,C072,viewed,0.205,0.33,,2027-02-17T06:00:00
I06413,U0770,C053,viewed,0.166,0.035,,2027-02-17T08:00:00
I06414,U0770,C001,completed,0.573,1.0,,2027-02-17T10:00:00
I06415,U0770,C049,quiz_passed,0.876,1.0,0.835,2027-02-17T12:00:00
I06416,U0770,C071,completed,0.5,1.0,,2027-02-17T14:00:00
I06417,U0771,C095,viewed,0.215,0.082,,2027-02-17T16:00:00
I06418,U0771,C098,completed,0.547,1.0,,2027-02-17T18:00:00
I06419,U0771,C098,completed,0.563,1.0,,2027-02-17T20:00:00
I06420,U0771,C095,viewed,0.221,0.21,,2027-02-17T22:00:00
I06421,U0771,C057,completed,0.789,1.0,0.733,2027-02-18T00:00:00
I06422,U0771,C015,completed,0.849,1.0,0.739,2027-02-18T02:00:00
I06423,U0771,C046,viewed,0.297,0.017,,2027-02-18T04:00:00
I06424,U0771,C090,viewed,0.383,0.39,0.401,2027-02-18T06:00:00
I06425,U0771,C046,completed,0.687,1.0,0.544,2027-02-18T08:00:00
I06426,U0771,C075,viewed,0.276,0.021,,2027-02-18T10:00:00
I06427,U0771,C050,completed,0.806,1.0,0.789,2027-02-18T12:00:00
I06428,U0771,C013,viewed,0.288,0.032,,2027-02-18T14:00:00
I06429,U0771,C015,completed,0.843,1.0,0.731,2027-02-18T16:00:00
I06430,U0771,C010,viewed,0.415,0.63,,2027-02-18T18:00:00
I06431,U0772,C067,viewed,0.184,0.091,,2027-02-18T20:00:00
I06432,U0772,C096,completed,0.718,1.0,0.509,2027-02-18T22:00:00
I06433,U0772,C006,completed,0.771,1.0,0.639,2027-02-19T00:00:00
I06434,U0772,C047,viewed,0.504,0.68,0.352,2027-02-19T02:00:00
I06435,U0772,C057,completed,0.517,1.0,,2027-02-19T04:00:00
I06436,U0772,C006,viewed,0.248,0.2,,2027-02-19T06:00:00
I06437,U0772,C082,disliked,0.273,0.03,0.403,2027-02-19T08:00:00
I06438,U0772,C067,quiz_passed,0.803,1.0,0.666,2027-02-19T10:00:00
I06439,U0772,C011,completed,0.745,1.0,0.595,2027-02-19T12:00:00
I06440,U0772,C096,viewed,0.224,0.088,,2027-02-19T14:00:00
I06441,U0772,C054,completed,0.749,1.0,0.595,2027-02-19T16:00:00
I06442,U0772,C058,viewed,0.106,0.004,,2027-02-19T18:00:00
I06443,U0772,C071,completed,0.778,1.0,0.574,2027-02-19T20:00:00
I06444,U0773,C064,quiz_passed,0.746,1.0,0.609,2027-02-19T22:00:00
I06445,U0773,C091,completed,0.484,1.0,,2027-02-20T00:00:00
I06446,U0773,C045,completed,0.684,1.0,0.498,2027-02-20T02:00:00
I06447,U0773,C067,completed,0.547,1.0,,2027-02-20T04:00:00
I06448,U0773,C066,completed,0.76,1.0,0.579,2027-02-20T06:00:00
I06449,U0773,C076,completed,0.469,1.0,,2027-02-20T08:00:00
I06450,U0773,C073,completed,0.542,1.0,,2027-02-20T10:00:00
I06451,U0773,C029,completed,0.478,1.0,,2027-02-20T12:00:00
I06452,U0773,C045,viewed,0.129,0.088,,2027-02-20T14:00:00
I06453,U0773,C002,viewed,0.556,0.67,0.378,2027-02-20T16:00:00
I06454,U0773,C074,completed,0.687,1.0,0.544,2027-02-20T18:00:00
I06455,U0773,C082,completed,0.569,1.0,,2027-02-20T20:00:00
I06456,U0773,C025,viewed,0.313,0.24,0.368,2027-02-20T22:00:00
I06457,U0773,C043,quiz_passed,0.834,1.0,0.66,2027-02-21T00:00:00
I06458,U0774,C065,quiz_passed,0.742,1.0,0.656,2027-02-21T02:00:00
I06459,U0774,C018,completed,0.791,1.0,0.662,2027-02-21T04:00:00
I06460,U0774,C064,disliked,0.204,0.11,,2027-02-21T06:00:00
I06461,U0774,C006,viewed,0.194,0.01,,2027-02-21T08:00:00
I06462,U0774,C058,quiz_passed,0.717,1.0,0.619,2027-02-21T10:00:00
I06463,U0774,C095,completed,0.522,1.0,,2027-02-21T12:00:00
I06464,U0774,C029,completed,0.487,1.0,,2027-02-21T14:00:00
I06465,U0774,C016,viewed,0.176,0.089,,2027-02-21T16:00:00
I06466,U0774,C076,completed,0.503,1.0,,2027-02-21T18:00:00
I06467,U0774,C011,viewed,0.463,0.45,0.372,2027-02-21T20:00:00
I06468,U0774,C075,viewed,0.268,0.096,,2027-02-21T22:00:00
I06469,U0774,C073,completed,0.571,1.0,,2027-02-22T00:00:00
I06470,U0774,C019,viewed,0.301,0.49,,2027-02-22T02:00:00
I06471,U0775,C098,completed,0.706,1.0,0.482,2027-02-22T04:00:00
I06472,U0775,C017,viewed,0.292,0.014,,2027-02-22T06:00:00
I06473,U0775,C099,viewed,0.115,0.016,,2027-02-22T08:00:00
I06474,U0775,C051,viewed,0.359,0.66,,2027-02-22T10:00:00
I06475,U0775,C025,completed,0.735,1.0,0.567,2027-02-22T12:00:00
I06476,U0775,C097,viewed,0.259,0.46,,2027-02-22T14:00:00
I06477,U0775,C082,completed,0.467,1.0,,2027-02-22T16:00:00
I06478,U0775,C047,quiz_passed,0.705,1.0,0.606,2027-02-22T18:00:00
I06479,U0776,C071,completed,0.541,1.0,,2027-02-22T20:00:00
I06480,U0776,C043,completed,0.791,1.0,0.766,2027-02-22T22:00:00
I06481,U0777,C061,completed,0.575,1.0,,2027-02-23T00:00:00
I06482,U0777,C045,completed,0.791,1.0,0.574,2027-02-23T02:00:00
I06483,U0777,C074,completed,0.529,1.0,,2027-02-23T04:00:00
I06484,U0777,C001,quiz_passed,0.841,1.0,0.783,2027-02-23T06:00:00
I06485,U0777,C057,quiz_passed,0.853,1.0,0.726,2027-02-23T08:00:00
I06486,U0777,C061,completed,0.463,1.0,,2027-02-23T10:00:00
I06487,U0777,C044,viewed,0.372,0.34,0.39,2027-02-23T12:00:00
I06488,U0777,C065,quiz_passed,0.838,1.0,0.77,2027-02-23T14:00:00
I06489,U0777,C074,completed,0.554,1.0,,2027-02-23T16:00:00
I06490,U0777,C096,quiz_passed,0.742,1.0,0.675,2027-02-23T18:00:00
I06491,U0778,C071,viewed,0.199,0.067,,2027-02-23T20:00:00
I06492,U0778,C061,quiz_passed,0.815,1.0,0.779,2027-02-23T22:00:00
I06493,U0778,C092,quiz_passed,0.823,1.0,0.714,2027-02-24T00:00:00
I06494,U0778,C047,quiz_passed,0.878,1.0,0.782,2027-02-24T02:00:00
I06495,U0778,C075,quiz_passed,0.836,1.0,0.669,2027-02-24T04:00:00
I06496,U0779,C054,quiz_passed,0.848,1.0,0.816,2027-02-24T06:00:00
I06497,U0779,C095,completed,0.561,1.0,,2027-02-24T08:00:00
I06498,U0779,C099,quiz_passed,0.818,1.0,0.784,2027-02-24T10:00:00
I06499,U0779,C053,completed,0.506,1.0,,2027-02-24T12:00:00
I06500,U0779,C006,completed,0.851,1.0,0.86,2027-02-24T14:00:00
I06501,U0779,C057,quiz_passed,0.861,1.0,0.875,2027-02-24T16:00:00
I06502,U0779,C095,completed,0.467,1.0,,2027-02-24T18:00:00
I06503,U0779,C043,completed,0.864,1.0,0.84,2027-02-24T20:00:00
I06504,U0779,C025,completed,0.572,1.0,,2027-02-24T22:00:00
I06505,U0779,C046,completed,0.804,1.0,0.696,2027-02-25T00:00:00
I06506,U0779,C076,quiz_passed,0.884,1.0,0.862,2027-02-25T02:00:00
I06507,U0779,C044,completed,0.535,1.0,,2027-02-25T04:00:00
I06508,U0779,C075,completed,0.54,1.0,,2027-02-25T06:00:00
I06509,U0779,C095,viewed,0.61,0.59,0.495,2027-02-25T08:00:00
I06510,U0780,C054,completed,0.576,1.0,,2027-02-25T10:00:00
I06511,U0780,C015,quiz_passed,0.803,1.0,0.805,2027-02-25T12:00:00
I06512,U0780,C081,completed,0.781,1.0,0.598,2027-02-25T14:00:00
I06513,U0780,C017,completed,0.56,1.0,,2027-02-25T16:00:00
I06514,U0780,C044,viewed,0.184,0.1,,2027-02-25T18:00:00
I06515,U0780,C016,completed,0.473,1.0,,2027-02-25T20:00:00
I06516,U0780,C025,viewed,0.265,0.071,,2027-02-25T22:00:00
I06517,U0780,C003,completed,0.541,1.0,,2027-02-26T00:00:00
I06518,U0780,C046,viewed,0.189,0.051,,2027-02-26T02:00:00
I06519,U0780,C065,quiz_passed,0.835,1.0,0.701,2027-02-26T04:00:00
I06520,U0780,C018,quiz_passed,0.775,1.0,0.728,2027-02-26T06:00:00
I06521,U0780,C075,quiz_passed,0.791,1.0,0.666,2027-02-26T08:00:00
I06522,U0781,C057,completed,0.572,1.0,,2027-02-26T10:00:00
I06523,U0781,C049,viewed,0.243,0.067,,2027-02-26T12:00:00
I06524,U0782,C048,completed,0.797,1.0,0.669,2027-02-26T14:00:00
I06525,U0782,C057,viewed,0.193,0.014,,2027-02-26T16:00:00
I06526,U0782,C099,completed,0.574,1.0,,2027-02-26T18:00:00
I06527,U0782,C073,quiz_passed,0.777,1.0,0.626,2027-02-26T20:00:00
I06528,U0782,C016,completed,0.528,1.0,,2027-02-26T22:00:00
I06529,U0782,C005,viewed,0.207,0.023,,2027-02-27T00:00:00
I06530,U0782,C099,completed,0.646,1.0,0.439,2027-02-27T02:00:00
I06531,U0783,C054,completed,0.802,1.0,0.752,2027-02-27T04:00:00
I06532,U0783,C025,quiz_passed,0.849,1.0,0.76,2027-02-27T06:00:00
I06533,U0783,C091,completed,0.493,1.0,,2027-02-27T08:00:00
I06534,U0783,C025,viewed,0.477,0.38,0.509,2027-02-27T10:00:00
I06535,U0783,C054,quiz_passed,0.841,1.0,0.718,2027-02-27T12:00:00
I06536,U0783,C013,viewed,0.264,0.048,,2027-02-27T14:00:00
I06537,U0783,C057,disliked,0.396,0.17,0.532,2027-02-27T16:00:00
I06538,U0783,C091,viewed,0.612,0.53,0.563,2027-02-27T18:00:00
I06539,U0783,C047,quiz_passed,0.809,1.0,0.811,2027-02-27T20:00:00
I06540,U0783,C008,completed,0.856,1.0,0.727,2027-02-27T22:00:00
I06541,U0784,C096,completed,0.549,1.0,,2027-02-28T00:00:00
I06542,U0784,C028,quiz_passed,0.739,1.0,0.688,2027-02-28T02:00:00
I06543,U0784,C072,disliked,0.291,0.11,0.413,2027-02-28T04:00:00
I06544,U0784,C099,disliked,0.277,0.11,0.276,2027-02-28T06:00:00
I06545,U0784,C098,viewed,0.139,0.029,,2027-02-28T08:00:00
I06546,U0784,C098,viewed,0.372,0.55,,2027-02-28T10:00:00
I06547,U0784,C095,viewed,0.123,0.076,,2027-02-28T12:00:00
I06548,U0784,C082,completed,0.56,1.0,,2027-02-28T14:00:00
I06549,U0784,C096,viewed,0.22,0.073,,2027-02-28T16:00:00
I06550,U0784,C096,completed,0.557,1.0,,2027-02-28T18:00:00
I06551,U0784,C063,viewed,0.188,0.068,,2027-02-28T20:00:00
I06552,U0784,C018,viewed,0.132,0.024,,2027-02-28T22:00:00
I06553,U0784,C098,viewed,0.158,0.072,,2027-03-01T00:00:00
I06554,U0785,C016,completed,0.562,1.0,,2027-03-01T02:00:00
I06555,U0785,C043,quiz_passed,0.888,1.0,0.874,2027-03-01T04:00:00
I06556,U0785,C062,completed,0.482,1.0,,2027-03-01T06:00:00
I06557,U0785,C002,completed,0.508,1.0,,2027-03-01T08:00:00
I06558,U0785,C001,completed,0.869,1.0,0.875,2027-03-01T10:00:00
I06559,U0785,C013,completed,0.499,1.0,,2027-03-01T12:00:00
I06560,U0785,C085,completed,0.832,1.0,0.785,2027-03-01T14:00:00
I06561,U0785,C028,completed,0.813,1.0,0.839,2027-03-01T16:00:00
I06562,U0785,C081,completed,0.562,1.0,,2027-03-01T18:00:00
I06563,U0785,C046,completed,0.808,1.0,0.576,2027-03-01T20:00:00
I06564,U0785,C065,completed,0.861,1.0,0.854,2027-03-01T22:00:00
I06565,U0786,C042,disliked,0.176,0.18,,2027-03-02T00:00:00
I06566,U0786,C003,viewed,0.148,0.073,,2027-03-02T02:00:00
I06567,U0787,C043,disliked,0.274,0.06,0.317,2027-03-02T04:00:00
I06568,U0787,C091,completed,0.562,1.0,,2027-03-02T06:00:00
I06569,U0787,C082,completed,0.688,1.0,0.546,2027-03-02T08:00:00
I06570,U0787,C081,viewed,0.243,0.014,,2027-03-02T10:00:00
I06571,U0787,C053,viewed,0.231,0.31,,2027-03-02T12:00:00
I06572,U0787,C015,disliked,0.288,0.09,0.343,2027-03-02T14:00:00
I06573,U0787,C074,viewed,0.119,0.09,,2027-03-02T16:00:00
I06574,U0787,C074,disliked,0.208,0.02,0.293,2027-03-02T18:00:00
I06575,U0787,C053,quiz_passed,0.75,1.0,0.627,2027-03-02T20:00:00
I06576,U0787,C002,viewed,0.396,0.35,0.363,2027-03-02T22:00:00
I06577,U0787,C016,completed,0.746,1.0,0.59,2027-03-03T00:00:00
I06578,U0787,C003,completed,0.782,1.0,0.565,2027-03-03T02:00:00
I06579,U0787,C064,quiz_passed,0.783,1.0,0.674,2027-03-03T04:00:00
I06580,U0788,C003,viewed,0.386,0.64,,2027-03-03T06:00:00
I06581,U0788,C016,completed,0.719,1.0,0.575,2027-03-03T08:00:00
I06582,U0788,C074,completed,0.463,1.0,,2027-03-03T10:00:00
I06583,U0788,C006,quiz_passed,0.795,1.0,0.692,2027-03-03T12:00:00
I06584,U0788,C048,viewed,0.23,0.033,,2027-03-03T14:00:00
I06585,U0788,C030,completed,0.46,1.0,,2027-03-03T16:00:00
I06586,U0788,C045,viewed,0.292,0.012,,2027-03-03T18:00:00
I06587,U0788,C025,completed,0.543,1.0,,2027-03-03T20:00:00
I06588,U0788,C015,completed,0.722,1.0,0.606,2027-03-03T22:00:00
I06589,U0788,C045,completed,0.707,1.0,0.531,2027-03-04T00:00:00
I06590,U0788,C025,completed,0.527,1.0,,2027-03-04T02:00:00
I06591,U0788,C048,completed,0.788,1.0,0.687,2027-03-04T04:00:00
I06592,U0788,C048,completed,0.737,1.0,0.592,2027-03-04T06:00:00
I06593,U0788,C013,viewed,0.117,0.022,,2027-03-04T08:00:00
I06594,U0788,C075,disliked,0.215,0.06,0.301,2027-03-04T10:00:00
I06595,U0789,C048,disliked,0.392,0.09,0.546,2027-03-04T12:00:00
I06596,U0789,C065,quiz_passed,0.783,1.0,0.71,2027-03-04T14:00:00
I06597,U0789,C098,viewed,0.217,0.096,,2027-03-04T16:00:00
I06598,U0789,C061,viewed,0.338,0.53,,2027-03-04T18:00:00
I06599,U0789,C054,viewed,0.267,0.023,,2027-03-04T20:00:00
I06600,U0789,C046,viewed,0.35,0.45,0.21,2027-03-04T22:00:00
I06601,U0789,C046,viewed,0.314,0.48,,2027-03-05T00:00:00
I06602,U0790,C053,quiz_passed,0.87,1.0,0.844,2027-03-05T02:00:00
I06603,U0790,C098,disliked,0.341,0.15,0.492,2027-03-05T04:00:00
I06604,U0790,C051,quiz_passed,0.846,1.0,0.856,2027-03-05T06:00:00
I06605,U0790,C074,completed,0.504,1.0,,2027-03-05T08:00:00
I06606,U0790,C090,quiz_passed,0.819,1.0,0.778,2027-03-05T10:00:00
I06607,U0790,C054,completed,0.463,1.0,,2027-03-05T12:00:00
I06608,U0790,C002,completed,0.861,1.0,0.814,2027-03-05T14:00:00
I06609,U0790,C082,completed,0.87,1.0,0.826,2027-03-05T16:00:00
I06610,U0790,C008,quiz_passed,0.812,1.0,0.813,2027-03-05T18:00:00
I06611,U0790,C046,completed,0.533,1.0,,2027-03-05T20:00:00
I06612,U0790,C073,quiz_passed,0.848,1.0,0.86,2027-03-05T22:00:00
I06613,U0791,C065,disliked,0.064,0.0,,2027-03-06T00:00:00
I06614,U0791,C067,completed,0.532,1.0,,2027-03-06T02:00:00
I06615,U0791,C098,viewed,0.204,0.24,,2027-03-06T04:00:00
I06616,U0791,C047,viewed,0.194,0.065,,2027-03-06T06:00:00
I06617,U0791,C048,disliked,0.347,0.07,0.395,2027-03-06T08:00:00
I06618,U0791,C029,quiz_passed,0.8,1.0,0.653,2027-03-06T10:00:00
I06619,U0791,C057,quiz_passed,0.79,1.0,0.613,2027-03-06T12:00:00
I06620,U0791,C099,viewed,0.145,0.025,,2027-03-06T14:00:00
I06621,U0791,C003,quiz_passed,0.719,1.0,0.625,2027-03-06T16:00:00
I06622,U0791,C071,quiz_passed,0.743,1.0,0.702,2027-03-06T18:00:00
I06623,U0791,C045,viewed,0.306,0.28,0.24,2027-03-06T20:00:00
I06624,U0792,C071,completed,0.88,1.0,0.813,2027-03-06T22:00:00
I06625,U0792,C006,quiz_passed,0.812,1.0,0.853,2027-03-07T00:00:00
I06626,U0792,C073,quiz_passed,0.904,1.0,0.826,2027-03-07T02:00:00
I06627,U0792,C006,viewed,0.117,0.093,,2027-03-07T04:00:00
I06628,U0792,C013,completed,0.515,1.0,,2027-03-07T06:00:00
I06629,U0792,C061,quiz_passed,0.912,1.0,0.859,2027-03-07T08:00:00
I06630,U0792,C082,completed,0.826,1.0,0.832,2027-03-07T10:00:00
I06631,U0792,C048,completed,0.487,1.0,,2027-03-07T12:00:00
I06632,U0792,C047,completed,0.465,1.0,,2027-03-07T14:00:00
I06633,U0792,C075,completed,0.523,1.0,,2027-03-07T16:00:00
I06634,U0792,C018,quiz_passed,0.347,0.04,0.674,2027-03-07T18:00:00
I06635,U0792,C049,completed,0.532,1.0,,2027-03-07T20:00:00
I06636,U0792,C045,quiz_passed,0.834,1.0,0.749,2027-03-07T22:00:00
I06637,U0793,C030,viewed,0.228,0.098,,2027-03-08T00:00:00
I06638,U0793,C003,completed,0.756,1.0,0.651,2027-03-08T02:00:00
I06639,U0793,C058,completed,0.762,1.0,0.576,2027-03-08T04:00:00
I06640,U0793,C028,completed,0.573,1.0,,2027-03-08T06:00:00
I06641,U0793,C092,completed,0.765,1.0,0.629,2027-03-08T08:00:00
I06642,U0793,C071,completed,0.504,1.0,,2027-03-08T10:00:00
I06643,U0793,C075,completed,0.706,1.0,0.561,2027-03-08T12:00:00
I06644,U0793,C029,completed,0.575,1.0,,2027-03-08T14:00:00
I06645,U0793,C050,completed,0.513,1.0,,2027-03-08T16:00:00
I06646,U0793,C066,quiz_passed,0.822,1.0,0.651,2027-03-08T18:00:00
I06647,U0793,C075,viewed,0.141,0.078,,2027-03-08T20:00:00
I06648,U0793,C065,completed,0.766,1.0,0.564,2027-03-08T22:00:00
I06649,U0793,C008,completed,0.529,1.0,,2027-03-09T00:00:00
I06650,U0794,C065,completed,0.55,1.0,,2027-03-09T02:00:00
I06651,U0794,C006,disliked,0.347,0.17,0.351,2027-03-09T04:00:00
I06652,U0794,C001,completed,0.577,1.0,,2027-03-09T06:00:00
I06653,U0794,C045,viewed,0.172,0.057,,2027-03-09T08:00:00
I06654,U0794,C075,completed,0.464,1.0,,2027-03-09T10:00:00
I06655,U0794,C029,quiz_passed,0.73,1.0,0.625,2027-03-09T12:00:00
I06656,U0794,C078,completed,0.472,1.0,,2027-03-09T14:00:00
I06657,U0795,C064,viewed,0.111,0.088,,2027-03-09T16:00:00
I06658,U0795,C058,viewed,0.219,0.38,,2027-03-09T18:00:00
I06659,U0795,C019,viewed,0.209,0.072,,2027-03-09T20:00:00
I06660,U0795,C009,viewed,0.271,0.073,,2027-03-09T22:00:00
I06661,U0795,C096,viewed,0.101,0.016,,2027-03-10T00:00:00
I06662,U0795,C054,viewed,0.533,0.66,0.319,2027-03-10T02:00:00
I06663,U0795,C099,disliked,0.188,0.02,0.278,2027-03-10T04:00:00
I06664,U0795,C047,viewed,0.176,0.013,,2027-03-10T06:00:00
I06665,U0796,C064,viewed,0.151,0.064,,2027-03-10T08:00:00
I06666,U0796,C097,completed,0.74,1.0,0.551,2027-03-10T10:00:00
I06667,U0796,C099,completed,0.705,1.0,0.424,2027-03-10T12:00:00
I06668,U0796,C063,quiz_passed,0.739,1.0,0.623,2027-03-10T14:00:00
I06669,U0796,C072,viewed,0.199,0.02,,2027-03-10T16:00:00
I06670,U0796,C069,viewed,0.21,0.093,,2027-03-10T18:00:00
I06671,U0797,C076,quiz_passed,0.864,1.0,0.838,2027-03-10T20:00:00
I06672,U0797,C015,completed,0.876,1.0,0.822,2027-03-10T22:00:00
I06673,U0797,C090,completed,0.765,1.0,0.759,2027-03-11T00:00:00
I06674,U0797,C058,completed,0.814,1.0,0.802,2027-03-11T02:00:00
I06675,U0797,C016,quiz_passed,0.883,1.0,0.878,2027-03-11T04:00:00
I06676,U0797,C051,completed,0.563,1.0,,2027-03-11T06:00:00
I06677,U0797,C010,completed,0.872,1.0,0.751,2027-03-11T08:00:00
I06678,U0797,C090,quiz_passed,0.782,1.0,0.761,2027-03-11T10:00:00
I06679,U0797,C020,viewed,0.167,0.008,,2027-03-11T12:00:00
I06680,U0797,C092,viewed,0.254,0.042,,2027-03-11T14:00:00
I06681,U0797,C065,quiz_passed,0.891,1.0,0.851,2027-03-11T16:00:00
I06682,U0797,C074,completed,0.569,1.0,,2027-03-11T18:00:00
I06683,U0798,C098,viewed,0.272,0.41,,2027-03-11T20:00:00
I06684,U0798,C067,quiz_passed,0.903,1.0,0.884,2027-03-11T22:00:00
I06685,U0798,C048,completed,0.865,1.0,0.865,2027-03-12T00:00:00
I06686,U0798,C061,quiz_passed,0.508,0.35,0.724,2027-03-12T02:00:00
I06687,U0798,C075,completed,0.495,1.0,,2027-03-12T04:00:00
I06688,U0798,C076,quiz_passed,0.807,1.0,0.823,2027-03-12T06:00:00
I06689,U0798,C042,quiz_passed,0.864,1.0,0.864,2027-03-12T08:00:00
I06690,U0798,C075,completed,0.867,1.0,0.787,2027-03-12T10:00:00
I06691,U0798,C090,quiz_passed,0.861,1.0,0.705,2027-03-12T12:00:00
I06692,U0798,C098,viewed,0.248,0.035,,2027-03-12T14:00:00
I06693,U0798,C006,quiz_passed,0.897,1.0,0.838,2027-03-12T16:00:00
I06694,U0798,C042,completed,0.562,1.0,,2027-03-12T18:00:00
I06695,U0798,C091,quiz_passed,0.795,1.0,0.826,2027-03-12T20:00:00
I06696,U0799,C095,completed,0.565,1.0,,2027-03-12T22:00:00
I06697,U0799,C088,completed,0.567,1.0,,2027-03-13T00:00:00
I06698,U0800,C097,quiz_passed,0.85,1.0,0.815,2027-03-13T02:00:00
I06699,U0800,C098,viewed,0.219,0.07,,2027-03-13T04:00:00
I06700,U0800,C003,completed,0.539,1.0,,2027-03-13T06:00:00
I06701,U0800,C074,viewed,0.411,0.65,,2027-03-13T08:00:00
I06702,U0800,C017,quiz_passed,0.892,1.0,0.846,2027-03-13T10:00:00
I06703,U0800,C054,completed,0.539,1.0,,2027-03-13T12:00:00
I06704,U0800,C046,quiz_passed,0.792,1.0,0.6,2027-03-13T14:00:00
I06705,U0801,C064,completed,0.782,1.0,0.648,2027-03-13T16:00:00
I06706,U0801,C061,viewed,0.256,0.0,,2027-03-13T18:00:00
I06707,U0801,C015,completed,0.491,1.0,,2027-03-13T20:00:00
I06708,U0801,C065,completed,0.466,1.0,,2027-03-13T22:00:00
I06709,U0802,C076,completed,0.562,1.0,,2027-03-14T00:00:00
I06710,U0802,C081,viewed,0.269,0.035,,2027-03-14T02:00:00
I06711,U0802,C051,viewed,0.296,0.5,,2027-03-14T04:00:00
I06712,U0802,C045,viewed,0.322,0.62,,2027-03-14T06:00:00
I06713,U0802,C090,viewed,0.109,0.05,,2027-03-14T08:00:00
I06714,U0802,C003,viewed,0.499,0.62,0.38,2027-03-14T10:00:00
I06715,U0802,C075,viewed,0.161,0.019,,2027-03-14T12:00:00
I06716,U0802,C028,quiz_passed,0.84,1.0,0.684,2027-03-14T14:00:00
I06717,U0802,C095,viewed,0.212,0.29,,2027-03-14T16:00:00
I06718,U0802,C076,completed,0.496,1.0,,2027-03-14T18:00:00
I06719,U0803,C096,quiz_passed,0.845,1.0,0.748,2027-03-14T20:00:00
I06720,U0803,C001,quiz_passed,0.806,1.0,0.853,2027-03-14T22:00:00
I06721,U0803,C081,completed,0.528,1.0,,2027-03-15T00:00:00
I06722,U0803,C005,completed,0.508,1.0,,2027-03-15T02:00:00
I06723,U0803,C088,completed,0.539,1.0,,2027-03-15T04:00:00
I06724,U0803,C051,completed,0.888,1.0,0.837,2027-03-15T06:00:00
I06725,U0803,C028,completed,0.529,1.0,,2027-03-15T08:00:00
I06726,U0803,C076,quiz_passed,0.856,1.0,0.832,2027-03-15T10:00:00
I06727,U0803,C046,viewed,0.13,0.018,,2027-03-15T12:00:00
I06728,U0803,C098,completed,0.815,1.0,0.755,2027-03-15T14:00:00
I06729,U0803,C050,quiz_passed,0.821,1.0,0.851,2027-03-15T16:00:00
I06730,U0803,C061,completed,0.808,1.0,0.842,2027-03-15T18:00:00
I06731,U0804,C096,completed,0.679,1.0,0.495,2027-03-15T20:00:00
I06732,U0804,C011,viewed,0.401,0.26,0.365,2027-03-15T22:00:00
I06733,U0804,C048,completed,0.846,1.0,0.694,2027-03-16T00:00:00
I06734,U0804,C048,completed,0.521,1.0,,2027-03-16T02:00:00
I06735,U0804,C076,viewed,0.158,0.057,,2027-03-16T04:00:00
I06736,U0804,C082,disliked,0.088,0.02,,2027-03-16T06:00:00
I06737,U0804,C098,disliked,0.18,0.09,,2027-03-16T08:00:00
I06738,U0804,C064,disliked,0.216,0.13,,2027-03-16T10:00:00
I06739,U0804,C095,viewed,0.234,0.059,,2027-03-16T12:00:00
I06740,U0805,C048,completed,0.497,1.0,,2027-03-16T14:00:00
I06741,U0805,C018,viewed,0.214,0.019,,2027-03-16T16:00:00
I06742,U0805,C008,viewed,0.527,0.57,0.441,2027-03-16T18:00:00
I06743,U0805,C058,viewed,0.279,0.071,,2027-03-16T20:00:00
I06744,U0805,C096,viewed,0.494,0.62,0.255,2027-03-16T22:00:00
I06745,U0805,C066,completed,0.523,1.0,,2027-03-17T00:00:00
I06746,U0805,C098,viewed,0.165,0.074,,2027-03-17T02:00:00
I06747,U0805,C092,completed,0.531,1.0,,2027-03-17T04:00:00
I06748,U0806,C099,viewed,0.181,0.032,,2027-03-17T06:00:00
I06749,U0806,C067,quiz_passed,0.764,1.0,0.61,2027-03-17T08:00:00
I06750,U0806,C054,disliked,0.277,0.07,0.413,2027-03-17T10:00:00
I06751,U0806,C047,viewed,0.368,0.24,0.349,2027-03-17T12:00:00
I06752,U0806,C096,viewed,0.242,0.083,,2027-03-17T14:00:00
I06753,U0806,C096,completed,0.681,1.0,0.481,2027-03-17T16:00:00
I06754,U0806,C006,completed,0.527,1.0,,2027-03-17T18:00:00
I06755,U0806,C091,viewed,0.313,0.42,,2027-03-17T20:00:00
I06756,U0806,C076,viewed,0.364,0.35,0.399,2027-03-17T22:00:00
I06757,U0806,C011,completed,0.5,1.0,,2027-03-18T00:00:00
I06758,U0806,C063,completed,0.511,1.0,,2027-03-18T02:00:00
I06759,U0806,C050,quiz_passed,0.813,1.0,0.7,2027-03-18T04:00:00
I06760,U0806,C092,quiz_passed,0.732,1.0,0.629,2027-03-18T06:00:00
I06761,U0806,C073,completed,0.493,1.0,,2027-03-18T08:00:00
I06762,U0806,C090,completed,0.736,1.0,0.491,2027-03-18T10:00:00
I06763,U0807,C076,completed,0.781,1.0,0.585,2027-03-18T12:00:00
I06764,U0807,C081,completed,0.707,1.0,0.479,2027-03-18T14:00:00
I06765,U0807,C076,quiz_passed,0.722,1.0,0.624,2027-03-18T16:00:00
I06766,U0807,C011,completed,0.468,1.0,,2027-03-18T18:00:00
I06767,U0807,C002,completed,0.786,1.0,0.566,2027-03-18T20:00:00
I06768,U0807,C073,completed,0.489,1.0,,2027-03-18T22:00:00
I06769,U0807,C073,completed,0.801,1.0,0.627,2027-03-19T00:00:00
I06770,U0807,C017,completed,0.467,1.0,,2027-03-19T02:00:00
I06771,U0807,C081,viewed,0.209,0.087,,2027-03-19T04:00:00
I06772,U0807,C047,quiz_passed,0.732,1.0,0.651,2027-03-19T06:00:00
I06773,U0807,C025,completed,0.54,1.0,,2027-03-19T08:00:00
I06774,U0807,C057,viewed,0.372,0.48,,2027-03-19T10:00:00
I06775,U0807,C044,viewed,0.296,0.093,,2027-03-19T12:00:00
I06776,U0807,C057,completed,0.484,1.0,,2027-03-19T14:00:00
I06777,U0808,C095,completed,0.797,1.0,0.542,2027-03-19T16:00:00
I06778,U0808,C066,completed,0.553,1.0,,2027-03-19T18:00:00
I06779,U0808,C099,disliked,0.279,0.07,0.313,2027-03-19T20:00:00
I06780,U0808,C095,completed,0.816,1.0,0.679,2027-03-19T22:00:00
I06781,U0808,C057,completed,0.822,1.0,0.781,2027-03-20T00:00:00
I06782,U0808,C096,completed,0.742,1.0,0.562,2027-03-20T02:00:00
I06783,U0809,C002,viewed,0.552,0.67,0.314,2027-03-20T04:00:00
I06784,U0809,C066,completed,0.717,1.0,0.569,2027-03-20T06:00:00
I06785,U0809,C098,completed,0.68,1.0,0.452,2027-03-20T08:00:00
I06786,U0809,C045,viewed,0.2,0.097,,2027-03-20T10:00:00
I06787,U0809,C050,quiz_passed,0.768,1.0,0.664,2027-03-20T12:00:00
I06788,U0809,C001,quiz_passed,0.839,1.0,0.671,2027-03-20T14:00:00
I06789,U0809,C043,viewed,0.497,0.53,0.387,2027-03-20T16:00:00
I06790,U0809,C048,completed,0.563,1.0,,2027-03-20T18:00:00
I06791,U0809,C065,completed,0.743,1.0,0.644,2027-03-20T20:00:00
I06792,U0809,C081,viewed,0.186,0.028,,2027-03-20T22:00:00
I06793,U0809,C067,quiz_passed,0.763,1.0,0.696,2027-03-21T00:00:00
I06794,U0809,C005,viewed,0.181,0.031,,2027-03-21T02:00:00
I06795,U0809,C002,completed,0.564,1.0,,2027-03-21T04:00:00
I06796,U0809,C051,completed,0.491,1.0,,2027-03-21T06:00:00
I06797,U0810,C002,completed,0.52,1.0,,2027-03-21T08:00:00
I06798,U0810,C044,viewed,0.563,0.56,0.505,2027-03-21T10:00:00
I06799,U0810,C076,quiz_passed,0.596,0.48,0.664,2027-03-21T12:00:00
I06800,U0810,C013,quiz_passed,0.83,1.0,0.794,2027-03-21T14:00:00
I06801,U0810,C074,quiz_passed,0.767,1.0,0.734,2027-03-21T16:00:00
I06802,U0810,C048,completed,0.545,1.0,,2027-03-21T18:00:00
I06803,U0811,C030,completed,0.576,1.0,,2027-03-21T20:00:00
I06804,U0811,C076,completed,0.747,1.0,0.627,2027-03-21T22:00:00
I06805,U0811,C050,viewed,0.502,0.67,0.428,2027-03-22T00:00:00
I06806,U0811,C067,quiz_passed,0.712,1.0,0.601,2027-03-22T02:00:00
I06807,U0811,C009,completed,0.733,1.0,0.533,2027-03-22T04:00:00
I06808,U0811,C065,viewed,0.474,0.54,0.375,2027-03-22T06:00:00
I06809,U0811,C067,viewed,0.118,0.039,,2027-03-22T08:00:00
I06810,U0811,C051,quiz_passed,0.785,1.0,0.673,2027-03-22T10:00:00
I06811,U0812,C095,completed,0.511,1.0,,2027-03-22T12:00:00
I06812,U0812,C082,viewed,0.147,0.2,,2027-03-22T14:00:00
I06813,U0812,C099,completed,0.534,1.0,,2027-03-22T16:00:00
I06814,U0812,C057,quiz_passed,0.859,1.0,0.749,2027-03-22T18:00:00
I06815,U0812,C082,quiz_passed,0.831,1.0,0.74,2027-03-22T20:00:00
I06816,U0812,C098,viewed,0.244,0.27,,2027-03-22T22:00:00
I06817,U0812,C073,viewed,0.488,0.53,0.531,2027-03-23T00:00:00
I06818,U0812,C011,completed,0.466,1.0,,2027-03-23T02:00:00
I06819,U0813,C096,viewed,0.133,0.002,,2027-03-23T04:00:00
I06820,U0813,C095,viewed,0.179,0.047,,2027-03-23T06:00:00
I06821,U0813,C042,completed,0.515,1.0,,2027-03-23T08:00:00
I06822,U0813,C030,quiz_passed,0.813,1.0,0.636,2027-03-23T10:00:00
I06823,U0813,C057,disliked,0.192,0.07,,2027-03-23T12:00:00
I06824,U0813,C006,quiz_passed,0.846,1.0,0.69,2027-03-23T14:00:00
I06825,U0813,C030,quiz_passed,0.81,1.0,0.629,2027-03-23T16:00:00
I06826,U0813,C098,completed,0.699,1.0,0.519,2027-03-23T18:00:00
I06827,U0813,C095,completed,0.757,1.0,0.527,2027-03-23T20:00:00
I06828,U0813,C051,disliked,0.272,0.04,0.366,2027-03-23T22:00:00
I06829,U0813,C044,completed,0.482,1.0,,2027-03-24T00:00:00
I06830,U0814,C095,disliked,0.189,0.09,,2027-03-24T02:00:00
I06831,U0814,C048,quiz_passed,0.805,1.0,0.733,2027-03-24T04:00:00
I06832,U0814,C096,viewed,0.245,0.29,,2027-03-24T06:00:00
I06833,U0814,C096,completed,0.749,1.0,0.645,2027-03-24T08:00:00
I06834,U0814,C073,completed,0.868,1.0,0.808,2027-03-24T10:00:00
I06835,U0814,C098,completed,0.547,1.0,,2027-03-24T12:00:00
I06836,U0814,C028,quiz_passed,0.83,1.0,0.758,2027-03-24T14:00:00
I06837,U0814,C030,completed,0.77,1.0,0.743,2027-03-24T16:00:00
I06838,U0814,C050,completed,0.527,1.0,,2027-03-24T18:00:00
I06839,U0814,C092,viewed,0.181,0.24,,2027-03-24T20:00:00
I06840,U0814,C011,completed,0.857,1.0,0.773,2027-03-24T22:00:00
I06841,U0814,C075,viewed,0.236,0.051,,2027-03-25T00:00:00
I06842,U0815,C061,completed,0.575,1.0,,2027-03-25T02:00:00
I06843,U0815,C046,viewed,0.244,0.013,,2027-03-25T04:00:00
I06844,U0815,C029,viewed,0.317,0.61,,2027-03-25T06:00:00
I06845,U0815,C010,disliked,0.227,0.03,0.335,2027-03-25T08:00:00
I06846,U0815,C047,quiz_passed,0.842,1.0,0.784,2027-03-25T10:00:00
I06847,U0815,C064,completed,0.519,1.0,,2027-03-25T12:00:00
I06848,U0815,C003,completed,0.819,1.0,0.762,2027-03-25T14:00:00
I06849,U0815,C046,viewed,0.236,0.037,,2027-03-25T16:00:00
I06850,U0815,C081,viewed,0.342,0.42,,2027-03-25T18:00:00
I06851,U0816,C002,viewed,0.221,0.081,,2027-03-25T20:00:00
I06852,U0816,C098,completed,0.643,1.0,0.406,2027-03-25T22:00:00
I06853,U0816,C095,viewed,0.206,0.022,,2027-03-26T00:00:00
I06854,U0816,C011,viewed,0.387,0.32,0.322,2027-03-26T02:00:00
I06855,U0817,C028,completed,0.486,1.0,,2027-03-26T04:00:00
I06856,U0817,C053,completed,0.523,1.0,,2027-03-26T06:00:00
I06857,U0817,C098,viewed,0.136,0.029,,2027-03-26T08:00:00
I06858,U0817,C025,quiz_passed,0.829,1.0,0.629,2027-03-26T10:00:00
I06859,U0817,C096,viewed,0.541,0.63,0.296,2027-03-26T12:00:00
I06860,U0817,C016,completed,0.542,1.0,,2027-03-26T14:00:00
I06861,U0817,C072,completed,0.549,1.0,,2027-03-26T16:00:00
I06862,U0818,C029,quiz_passed,0.825,1.0,0.714,2027-03-26T18:00:00
I06863,U0818,C017,completed,0.481,1.0,,2027-03-26T20:00:00
I06864,U0818,C006,completed,0.465,1.0,,2027-03-26T22:00:00
I06865,U0818,C095,completed,0.836,1.0,0.646,2027-03-27T00:00:00
I06866,U0818,C051,completed,0.542,1.0,,2027-03-27T02:00:00
I06867,U0819,C096,disliked,0.24,0.18,0.207,2027-03-27T04:00:00
I06868,U0819,C096,viewed,0.34,0.68,,2027-03-27T06:00:00
I06869,U0819,C095,viewed,0.408,0.39,0.242,2027-03-27T08:00:00
I06870,U0819,C030,completed,0.516,1.0,,2027-03-27T10:00:00
I06871,U0819,C006,completed,0.707,1.0,0.566,2027-03-27T12:00:00
I06872,U0819,C017,completed,0.704,1.0,0.578,2027-03-27T14:00:00
I06873,U0819,C028,viewed,0.146,0.035,,2027-03-27T16:00:00
I06874,U0819,C099,completed,0.478,1.0,,2027-03-27T18:00:00
I06875,U0819,C006,completed,0.705,1.0,0.568,2027-03-27T20:00:00
I06876,U0819,C017,quiz_passed,0.779,1.0,0.651,2027-03-27T22:00:00
I06877,U0820,C099,disliked,0.152,0.19,,2027-03-28T00:00:00
I06878,U0820,C042,viewed,0.257,0.27,,2027-03-28T02:00:00
I06879,U0820,C095,completed,0.688,1.0,0.436,2027-03-28T04:00:00
I06880,U0821,C098,quiz_passed,0.761,1.0,0.657,2027-03-28T06:00:00
I06881,U0821,C095,viewed,0.431,0.32,0.325,2027-03-28T08:00:00
I06882,U0821,C011,quiz_passed,0.824,1.0,0.723,2027-03-28T10:00:00
I06883,U0821,C092,viewed,0.236,0.39,,2027-03-28T12:00:00
I06884,U0821,C098,viewed,0.145,0.042,,2027-03-28T14:00:00
I06885,U0821,C099,completed,0.524,1.0,,2027-03-28T16:00:00
I06886,U0821,C082,disliked,0.385,0.15,0.476,2027-03-28T18:00:00
I06887,U0821,C095,completed,0.769,1.0,0.653,2027-03-28T20:00:00
I06888,U0821,C030,viewed,0.585,0.53,0.579,2027-03-28T22:00:00
I06889,U0821,C061,completed,0.841,1.0,0.795,2027-03-29T00:00:00
I06890,U0821,C067,viewed,0.44,0.36,0.569,2027-03-29T02:00:00
I06891,U0821,C046,completed,0.694,1.0,0.456,2027-03-29T04:00:00
I06892,U0821,C057,completed,0.531,1.0,,2027-03-29T06:00:00
I06893,U0822,C064,viewed,0.221,0.056,,2027-03-29T08:00:00
I06894,U0822,C050,completed,0.761,1.0,0.625,2027-03-29T10:00:00
I06895,U0822,C042,completed,0.811,1.0,0.666,2027-03-29T12:00:00
I06896,U0822,C005,viewed,0.387,0.55,0.215,2027-03-29T14:00:00
I06897,U0823,C095,viewed,0.274,0.099,,2027-03-29T16:00:00
I06898,U0823,C076,viewed,0.296,0.49,,2027-03-29T18:00:00
I06899,U0823,C075,completed,0.725,1.0,0.437,2027-03-29T20:00:00
I06900,U0823,C013,viewed,0.208,0.041,,2027-03-29T22:00:00
I06901,U0823,C016,completed,0.715,1.0,0.566,2027-03-30T00:00:00
I06902,U0823,C064,completed,0.475,1.0,,2027-03-30T02:00:00
I06903,U0823,C054,completed,0.793,1.0,0.676,2027-03-30T04:00:00
I06904,U0823,C062,viewed,0.501,0.56,0.418,2027-03-30T06:00:00
I06905,U0824,C051,completed,0.49,1.0,,2027-03-30T08:00:00
I06906,U0824,C046,completed,0.726,1.0,0.535,2027-03-30T10:00:00
I06907,U0825,C099,disliked,0.226,0.06,0.217,2027-03-30T12:00:00
I06908,U0825,C071,completed,0.478,1.0,,2027-03-30T14:00:00
I06909,U0825,C048,completed,0.528,1.0,,2027-03-30T16:00:00
I06910,U0825,C054,completed,0.524,1.0,,2027-03-30T18:00:00
I06911,U0825,C029,viewed,0.227,0.085,,2027-03-30T20:00:00
I06912,U0825,C099,viewed,0.304,0.26,0.274,2027-03-30T22:00:00
I06913,U0826,C095,completed,0.751,1.0,0.695,2027-03-31T00:00:00
I06914,U0826,C092,completed,0.498,1.0,,2027-03-31T02:00:00
I06915,U0826,C048,completed,0.543,1.0,,2027-03-31T04:00:00
I06916,U0826,C095,quiz_passed,0.803,1.0,0.775,2027-03-31T06:00:00
I06917,U0826,C003,completed,0.851,1.0,0.882,2027-03-31T08:00:00
I06918,U0826,C046,quiz_passed,0.737,1.0,0.604,2027-03-31T10:00:00
I06919,U0826,C076,quiz_passed,0.875,1.0,0.885,2027-03-31T12:00:00
I06920,U0826,C053,viewed,0.291,0.042,,2027-03-31T14:00:00
I06921,U0827,C018,completed,0.756,1.0,0.568,2027-03-31T16:00:00
I06922,U0827,C098,viewed,0.275,0.49,,2027-03-31T18:00:00
I06923,U0827,C096,completed,0.464,1.0,,2027-03-31T20:00:00
I06924,U0827,C011,quiz_passed,0.751,1.0,0.673,2027-03-31T22:00:00
I06925,U0827,C009,completed,0.522,1.0,,2027-04-01T00:00:00
I06926,U0827,C008,completed,0.532,1.0,,2027-04-01T02:00:00
I06927,U0827,C002,completed,0.577,1.0,,2027-04-01T04:00:00
I06928,U0827,C047,completed,0.739,1.0,0.584,2027-04-01T06:00:00
I06929,U0827,C017,viewed,0.248,0.081,,2027-04-01T08:00:00
I06930,U0827,C096,viewed,0.218,0.039,,2027-04-01T10:00:00
I06931,U0827,C030,quiz_passed,0.803,1.0,0.618,2027-04-01T12:00:00
I06932,U0827,C011,viewed,0.205,0.053,,2027-04-01T14:00:00
I06933,U0828,C095,viewed,0.13,0.089,,2027-04-01T16:00:00
I06934,U0828,C001,completed,0.503,1.0,,2027-04-01T18:00:00
I06935,U0828,C011,completed,0.477,1.0,,2027-04-01T20:00:00
I06936,U0828,C071,completed,0.794,1.0,0.575,2027-04-01T22:00:00
I06937,U0828,C071,completed,0.481,1.0,,2027-04-02T00:00:00
I06938,U0828,C057,completed,0.553,1.0,,2027-04-02T02:00:00
I06939,U0828,C001,completed,0.571,1.0,,2027-04-02T04:00:00
I06940,U0828,C018,disliked,0.305,0.0,0.418,2027-04-02T06:00:00
I06941,U0828,C071,viewed,0.218,0.019,,2027-04-02T08:00:00
I06942,U0828,C073,completed,0.464,1.0,,2027-04-02T10:00:00
I06943,U0828,C044,completed,0.568,1.0,,2027-04-02T12:00:00
I06944,U0829,C099,completed,0.725,1.0,0.477,2027-04-02T14:00:00
I06945,U0829,C078,viewed,0.596,0.65,0.415,2027-04-02T16:00:00
I06946,U0829,C096,viewed,0.183,0.26,,2027-04-02T18:00:00
I06947,U0829,C057,completed,0.523,1.0,,2027-04-02T20:00:00
I06948,U0829,C029,completed,0.498,1.0,,2027-04-02T22:00:00
I06949,U0829,C017,quiz_passed,0.818,1.0,0.606,2027-04-03T00:00:00
I06950,U0829,C091,viewed,0.125,0.093,,2027-04-03T02:00:00
I06951,U0829,C065,viewed,0.12,0.084,,2027-04-03T04:00:00
I06952,U0829,C099,completed,0.735,1.0,0.483,2027-04-03T06:00:00
I06953,U0829,C017,completed,0.501,1.0,,2027-04-03T08:00:00
I06954,U0829,C091,completed,0.474,1.0,,2027-04-03T10:00:00
I06955,U0829,C002,viewed,0.269,0.48,,2027-04-03T12:00:00
I06956,U0829,C042,completed,0.764,1.0,0.658,2027-04-03T14:00:00
I06957,U0829,C076,disliked,0.312,0.09,0.35,2027-04-03T16:00:00
I06958,U0829,C095,viewed,0.515,0.69,0.272,2027-04-03T18:00:00
I06959,U0830,C043,quiz_passed,0.788,1.0,0.606,2027-04-03T20:00:00
I06960,U0830,C071,completed,0.561,1.0,,2027-04-03T22:00:00
I06961,U0830,C075,viewed,0.232,0.22,,2027-04-04T00:00:00
I06962,U0831,C015,quiz_passed,0.855,1.0,0.868,2027-04-04T02:00:00
I06963,U0831,C090,viewed,0.309,0.53,,2027-04-04T04:00:00
I06964,U0831,C002,quiz_passed,0.883,1.0,0.831,2027-04-04T06:00:00
I06965,U0831,C076,quiz_passed,0.887,1.0,0.886,2027-04-04T08:00:00
I06966,U0831,C061,quiz_passed,0.888,1.0,0.871,2027-04-04T10:00:00
I06967,U0831,C075,completed,0.836,1.0,0.772,2027-04-04T12:00:00
I06968,U0832,C095,completed,0.566,1.0,,2027-04-04T14:00:00
I06969,U0832,C082,completed,0.461,1.0,,2027-04-04T16:00:00
I06970,U0832,C091,completed,0.859,1.0,0.767,2027-04-04T18:00:00
I06971,U0832,C003,disliked,0.145,0.09,,2027-04-04T20:00:00
I06972,U0832,C005,completed,0.539,1.0,,2027-04-04T22:00:00
I06973,U0833,C065,completed,0.798,1.0,0.675,2027-04-05T00:00:00
I06974,U0833,C018,completed,0.714,1.0,0.586,2027-04-05T02:00:00
I06975,U0833,C064,completed,0.481,1.0,,2027-04-05T04:00:00
I06976,U0833,C073,completed,0.713,1.0,0.597,2027-04-05T06:00:00
I06977,U0833,C064,quiz_passed,0.772,1.0,0.674,2027-04-05T08:00:00
I06978,U0833,C076,completed,0.738,1.0,0.666,2027-04-05T10:00:00
I06979,U0833,C001,quiz_passed,0.802,1.0,0.7,2027-04-05T12:00:00
I06980,U0833,C081,disliked,0.098,0.08,,2027-04-05T14:00:00
I06981,U0833,C075,viewed,0.443,0.47,0.203,2027-04-05T16:00:00
I06982,U0833,C075,viewed,0.167,0.053,,2027-04-05T18:00:00
I06983,U0833,C073,completed,0.541,1.0,,2027-04-05T20:00:00
I06984,U0834,C053,completed,0.567,1.0,,2027-04-05T22:00:00
I06985,U0834,C049,quiz_passed,0.882,1.0,0.811,2027-04-06T00:00:00
I06986,U0834,C033,completed,0.568,1.0,,2027-04-06T02:00:00
I06987,U0834,C042,quiz_passed,0.919,1.0,0.874,2027-04-06T04:00:00
I06988,U0834,C001,completed,0.499,1.0,,2027-04-06T06:00:00
I06989,U0834,C051,completed,0.911,1.0,0.863,2027-04-06T08:00:00
I06990,U0834,C003,completed,0.569,1.0,,2027-04-06T10:00:00
I06991,U0834,C073,quiz_passed,0.911,1.0,0.845,2027-04-06T12:00:00
I06992,U0834,C071,quiz_passed,0.86,1.0,0.854,2027-04-06T14:00:00
I06993,U0835,C047,completed,0.708,1.0,0.584,2027-04-06T16:00:00
I06994,U0835,C073,completed,0.538,1.0,,2027-04-06T18:00:00
I06995,U0835,C002,completed,0.501,1.0,,2027-04-06T20:00:00
I06996,U0835,C030,quiz_passed,0.775,1.0,0.631,2027-04-06T22:00:00
I06997,U0835,C092,completed,0.463,1.0,,2027-04-07T00:00:00
I06998,U0835,C091,quiz_passed,0.802,1.0,0.698,2027-04-07T02:00:00
I06999,U0835,C002,quiz_passed,0.787,1.0,0.637,2027-04-07T04:00:00
I07000,U0836,C065,quiz_passed,0.802,1.0,0.799,2027-04-07T06:00:00
I07001,U0836,C025,completed,0.484,1.0,,2027-04-07T08:00:00
I07002,U0837,C050,quiz_passed,0.871,1.0,0.828,2027-04-07T10:00:00
I07003,U0837,C090,quiz_passed,0.766,1.0,0.731,2027-04-07T12:00:00
I07004,U0837,C082,quiz_passed,0.915,1.0,0.884,2027-04-07T14:00:00
I07005,U0838,C016,completed,0.489,1.0,,2027-04-07T16:00:00
I07006,U0838,C047,completed,0.574,1.0,,2027-04-07T18:00:00
I07007,U0838,C028,completed,0.525,1.0,,2027-04-07T20:00:00
I07008,U0838,C092,viewed,0.13,0.035,,2027-04-07T22:00:00
I07009,U0838,C091,completed,0.731,1.0,0.578,2027-04-08T00:00:00
I07010,U0839,C092,completed,0.69,1.0,0.57,2027-04-08T02:00:00
I07011,U0839,C096,viewed,0.367,0.39,0.304,2027-04-08T04:00:00
I07012,U0839,C003,viewed,0.484,0.52,0.417,2027-04-08T06:00:00
I07013,U0839,C057,completed,0.528,1.0,,2027-04-08T08:00:00
I07014,U0839,C017,completed,0.813,1.0,0.593,2027-04-08T10:00:00
I07015,U0839,C062,completed,0.55,1.0,,2027-04-08T12:00:00
I07016,U0839,C048,viewed,0.245,0.05,,2027-04-08T14:00:00
I07017,U0839,C067,quiz_passed,0.838,1.0,0.663,2027-04-08T16:00:00
I07018,U0839,C097,disliked,0.094,0.03,,2027-04-08T18:00:00
I07019,U0839,C097,completed,0.495,1.0,,2027-04-08T20:00:00
I07020,U0839,C085,completed,0.64,1.0,0.417,2027-04-08T22:00:00
I07021,U0839,C015,completed,0.823,1.0,0.649,2027-04-09T00:00:00
I07022,U0839,C028,disliked,0.182,0.12,,2027-04-09T02:00:00
I07023,U0840,C030,viewed,0.134,0.088,,2027-04-09T04:00:00
I07024,U0840,C003,quiz_passed,0.76,1.0,0.658,2027-04-09T06:00:00
I07025,U0840,C002,completed,0.759,1.0,0.686,2027-04-09T08:00:00
I07026,U0840,C075,viewed,0.423,0.67,,2027-04-09T10:00:00
I07027,U0840,C002,viewed,0.153,0.045,,2027-04-09T12:00:00
I07028,U0840,C013,viewed,0.439,0.55,0.305,2027-04-09T14:00:00
I07029,U0840,C013,viewed,0.386,0.48,0.222,2027-04-09T16:00:00
I07030,U0841,C098,viewed,0.264,0.022,,2027-04-09T18:00:00
I07031,U0841,C062,viewed,0.507,0.4,0.523,2027-04-09T20:00:00
I07032,U0841,C050,quiz_passed,0.818,1.0,0.764,2027-04-09T22:00:00
I07033,U0841,C057,viewed,0.524,0.6,0.522,2027-04-10T00:00:00
I07034,U0841,C089,completed,0.758,1.0,0.591,2027-04-10T02:00:00
I07035,U0841,C088,viewed,0.531,0.37,0.553,2027-04-10T04:00:00
I07036,U0841,C029,quiz_passed,0.77,1.0,0.708,2027-04-10T06:00:00
I07037,U0841,C003,quiz_passed,0.861,1.0,0.81,2027-04-10T08:00:00
I07038,U0841,C043,quiz_passed,0.807,1.0,0.764,2027-04-10T10:00:00
I07039,U0841,C070,completed,0.723,1.0,0.626,2027-04-10T12:00:00
I07040,U0841,C017,viewed,0.196,0.007,,2027-04-10T14:00:00
I07041,U0841,C029,completed,0.529,1.0,,2027-04-10T16:00:00
I07042,U0842,C043,viewed,0.407,0.39,0.33,2027-04-10T18:00:00
I07043,U0842,C045,viewed,0.4,0.43,0.236,2027-04-10T20:00:00
I07044,U0842,C092,viewed,0.455,0.54,0.415,2027-04-10T22:00:00
I07045,U0842,C066,completed,0.726,1.0,0.657,2027-04-11T00:00:00
I07046,U0843,C098,completed,0.572,1.0,,2027-04-11T02:00:00
I07047,U0843,C099,viewed,0.279,0.078,,2027-04-11T04:00:00
I07048,U0843,C042,viewed,0.292,0.09,,2027-04-11T06:00:00
I07049,U0843,C098,viewed,0.108,0.023,,2027-04-11T08:00:00
I07050,U0844,C002,quiz_passed,0.762,1.0,0.66,2027-04-11T10:00:00
I07051,U0844,C011,viewed,0.569,0.62,0.384,2027-04-11T12:00:00
I07052,U0844,C076,completed,0.779,1.0,0.667,2027-04-11T14:00:00
I07053,U0844,C008,viewed,0.256,0.031,,2027-04-11T16:00:00
I07054,U0844,C010,completed,0.754,1.0,0.48,2027-04-11T18:00:00
I07055,U0845,C099,viewed,0.265,0.013,,2027-04-11T20:00:00
I07056,U0845,C098,disliked,0.252,0.15,0.25,2027-04-11T22:00:00
I07057,U0845,C058,quiz_passed,0.769,1.0,0.669,2027-04-12T00:00:00
I07058,U0845,C047,completed,0.776,1.0,0.628,2027-04-12T02:00:00
I07059,U0845,C092,completed,0.499,1.0,,2027-04-12T04:00:00
I07060,U0845,C020,viewed,0.136,0.033,,2027-04-12T06:00:00
I07061,U0845,C042,viewed,0.393,0.41,0.365,2027-04-12T08:00:00
I07062,U0845,C058,quiz_passed,0.735,1.0,0.602,2027-04-12T10:00:00
I07063,U0845,C020,viewed,0.246,0.42,,2027-04-12T12:00:00
I07064,U0846,C098,completed,0.747,1.0,0.487,2027-04-12T14:00:00
I07065,U0846,C054,completed,0.694,1.0,0.583,2027-04-12T16:00:00
I07066,U0846,C095,viewed,0.212,0.28,,2027-04-12T18:00:00
I07067,U0846,C015,completed,0.545,1.0,,2027-04-12T20:00:00
I07068,U0847,C030,completed,0.89,1.0,0.795,2027-04-12T22:00:00
I07069,U0847,C061,quiz_passed,0.859,1.0,0.76,2027-04-13T00:00:00
I07070,U0847,C072,quiz_passed,0.881,1.0,0.791,2027-04-13T02:00:00
I07071,U0847,C028,completed,0.472,1.0,,2027-04-13T04:00:00
I07072,U0847,C028,completed,0.527,1.0,,2027-04-13T06:00:00
I07073,U0847,C098,completed,0.571,1.0,,2027-04-13T08:00:00
I07074,U0848,C096,viewed,0.271,0.49,,2027-04-13T10:00:00
I07075,U0848,C030,completed,0.767,1.0,0.64,2027-04-13T12:00:00
I07076,U0848,C064,completed,0.505,1.0,,2027-04-13T14:00:00
I07077,U0848,C051,quiz_passed,0.737,1.0,0.67,2027-04-13T16:00:00
I07078,U0848,C090,completed,0.665,1.0,0.473,2027-04-13T18:00:00
I07079,U0848,C058,completed,0.76,1.0,0.596,2027-04-13T20:00:00
I07080,U0848,C099,viewed,0.31,0.25,0.223,2027-04-13T22:00:00
I07081,U0848,C048,completed,0.537,1.0,,2027-04-14T00:00:00
I07082,U0848,C042,completed,0.72,1.0,0.646,2027-04-14T02:00:00
I07083,U0848,C073,quiz_passed,0.794,1.0,0.671,2027-04-14T04:00:00
I07084,U0848,C015,viewed,0.283,0.006,,2027-04-14T06:00:00
I07085,U0849,C098,completed,0.467,1.0,,2027-04-14T08:00:00
I07086,U0849,C057,quiz_passed,0.792,1.0,0.66,2027-04-14T10:00:00
I07087,U0849,C042,quiz_passed,0.837,1.0,0.654,2027-04-14T12:00:00
I07088,U0849,C099,viewed,0.293,0.084,,2027-04-14T14:00:00
I07089,U0849,C006,completed,0.577,1.0,,2027-04-14T16:00:00
I07090,U0849,C098,viewed,0.251,0.012,,2027-04-14T18:00:00
I07091,U0849,C029,quiz_passed,0.777,1.0,0.644,2027-04-14T20:00:00
I07092,U0850,C063,quiz_passed,0.833,1.0,0.705,2027-04-14T22:00:00
I07093,U0850,C037,completed,0.49,1.0,,2027-04-15T00:00:00
I07094,U0850,C065,quiz_passed,0.751,1.0,0.69,2027-04-15T02:00:00
I07095,U0850,C082,completed,0.81,1.0,0.656,2027-04-15T04:00:00
I07096,U0850,C072,viewed,0.189,0.092,,2027-04-15T06:00:00
I07097,U0850,C030,viewed,0.113,0.007,,2027-04-15T08:00:00
I07098,U0850,C097,viewed,0.22,0.075,,2027-04-15T10:00:00
I07099,U0850,C057,completed,0.54,1.0,,2027-04-15T12:00:00
I07100,U0850,C054,viewed,0.118,0.073,,2027-04-15T14:00:00
I07101,U0850,C035,viewed,0.163,0.098,,2027-04-15T16:00:00
I07102,U0850,C001,quiz_passed,0.827,1.0,0.69,2027-04-15T18:00:00
I07103,U0850,C001,viewed,0.595,0.66,0.418,2027-04-15T20:00:00
I07104,U0850,C062,completed,0.55,1.0,,2027-04-15T22:00:00
I07105,U0851,C029,completed,0.852,1.0,0.803,2027-04-16T00:00:00
I07106,U0851,C099,completed,0.796,1.0,0.651,2027-04-16T02:00:00
I07107,U0851,C099,quiz_passed,0.779,1.0,0.625,2027-04-16T04:00:00
I07108,U0851,C061,quiz_passed,0.799,1.0,0.803,2027-04-16T06:00:00
I07109,U0851,C030,viewed,0.282,0.077,,2027-04-16T08:00:00
I07110,U0851,C049,quiz_passed,0.772,1.0,0.745,2027-04-16T10:00:00
I07111,U0851,C026,viewed,0.464,0.59,0.345,2027-04-16T12:00:00
I07112,U0852,C065,viewed,0.168,0.08,,2027-04-16T14:00:00
I07113,U0852,C061,completed,0.497,1.0,,2027-04-16T16:00:00
I07114,U0852,C057,quiz_passed,0.795,1.0,0.705,2027-04-16T18:00:00
I07115,U0852,C002,disliked,0.364,0.12,0.362,2027-04-16T20:00:00
I07116,U0852,C072,viewed,0.326,0.38,,2027-04-16T22:00:00
I07117,U0852,C062,completed,0.715,1.0,0.593,2027-04-17T00:00:00
I07118,U0852,C076,viewed,0.104,0.025,,2027-04-17T02:00:00
I07119,U0852,C049,quiz_passed,0.749,1.0,0.675,2027-04-17T04:00:00
I07120,U0852,C048,viewed,0.532,0.51,0.382,2027-04-17T06:00:00
I07121,U0852,C092,completed,0.58,1.0,,2027-04-17T08:00:00
I07122,U0853,C071,quiz_passed,0.746,1.0,0.71,2027-04-17T10:00:00
I07123,U0853,C047,quiz_passed,0.889,1.0,0.777,2027-04-17T12:00:00
I07124,U0853,C049,completed,0.567,1.0,,2027-04-17T14:00:00
I07125,U0853,C071,completed,0.57,1.0,,2027-04-17T16:00:00
I07126,U0854,C028,disliked,0.26,0.06,0.337,2027-04-17T18:00:00
I07127,U0854,C002,completed,0.495,1.0,,2027-04-17T20:00:00
I07128,U0854,C065,viewed,0.584,0.69,0.326,2027-04-17T22:00:00
I07129,U0854,C050,completed,0.798,1.0,0.6,2027-04-18T00:00:00
I07130,U0854,C044,completed,0.463,1.0,,2027-04-18T02:00:00
I07131,U0854,C005,viewed,0.2,0.013,,2027-04-18T04:00:00
I07132,U0854,C099,completed,0.715,1.0,0.409,2027-04-18T06:00:00
I07133,U0854,C091,viewed,0.447,0.52,0.379,2027-04-18T08:00:00
I07134,U0854,C065,completed,0.563,1.0,,2027-04-18T10:00:00
I07135,U0854,C048,viewed,0.168,0.056,,2027-04-18T12:00:00
I07136,U0854,C013,viewed,0.245,0.043,,2027-04-18T14:00:00
I07137,U0854,C053,viewed,0.236,0.021,,2027-04-18T16:00:00
I07138,U0854,C018,completed,0.567,1.0,,2027-04-18T18:00:00
I07139,U0854,C043,viewed,0.36,0.23,0.411,2027-04-18T20:00:00
I07140,U0855,C047,viewed,0.414,0.3,0.323,2027-04-18T22:00:00
I07141,U0855,C067,completed,0.785,1.0,0.563,2027-04-19T00:00:00
I07142,U0855,C098,completed,0.719,1.0,0.524,2027-04-19T02:00:00
I07143,U0855,C092,quiz_passed,0.732,1.0,0.606,2027-04-19T04:00:00
I07144,U0855,C015,completed,0.478,1.0,,2027-04-19T06:00:00
I07145,U0855,C048,completed,0.497,1.0,,2027-04-19T08:00:00
I07146,U0856,C096,quiz_passed,0.854,1.0,0.792,2027-04-19T10:00:00
I07147,U0856,C098,quiz_passed,0.796,1.0,0.794,2027-04-19T12:00:00
I07148,U0856,C051,completed,0.501,1.0,,2027-04-19T14:00:00
I07149,U0856,C005,quiz_passed,0.832,1.0,0.776,2027-04-19T16:00:00
I07150,U0856,C081,quiz_passed,0.861,1.0,0.712,2027-04-19T18:00:00
I07151,U0856,C010,quiz_passed,0.793,1.0,0.743,2027-04-19T20:00:00
I07152,U0856,C006,quiz_passed,0.468,0.24,0.604,2027-04-19T22:00:00
I07153,U0856,C096,viewed,0.629,0.58,0.593,2027-04-20T00:00:00
I07154,U0856,C043,completed,0.565,1.0,,2027-04-20T02:00:00
I07155,U0856,C046,completed,0.793,1.0,0.598,2027-04-20T04:00:00
I07156,U0856,C088,viewed,0.258,0.062,,2027-04-20T06:00:00
I07157,U0857,C050,quiz_passed,0.808,1.0,0.859,2027-04-20T08:00:00
I07158,U0857,C017,quiz_passed,0.9,1.0,0.812,2027-04-20T10:00:00
I07159,U0857,C030,quiz_passed,0.836,1.0,0.88,2027-04-20T12:00:00
I07160,U0857,C011,completed,0.574,1.0,,2027-04-20T14:00:00
I07161,U0857,C044,quiz_passed,0.848,1.0,0.752,2027-04-20T16:00:00
I07162,U0857,C046,quiz_passed,0.79,1.0,0.669,2027-04-20T18:00:00
I07163,U0857,C051,quiz_passed,0.631,0.64,0.711,2027-04-20T20:00:00
I07164,U0857,C051,completed,0.555,1.0,,2027-04-20T22:00:00
I07165,U0857,C092,quiz_passed,0.83,1.0,0.844,2027-04-21T00:00:00
I07166,U0857,C071,completed,0.858,1.0,0.836,2027-04-21T02:00:00
I07167,U0857,C010,quiz_passed,0.774,1.0,0.728,2027-04-21T04:00:00
I07168,U0857,C065,quiz_passed,0.816,1.0,0.861,2027-04-21T06:00:00
I07169,U0858,C053,completed,0.851,1.0,0.726,2027-04-21T08:00:00
I07170,U0858,C071,completed,0.469,1.0,,2027-04-21T10:00:00
I07171,U0858,C018,quiz_passed,0.863,1.0,0.791,2027-04-21T12:00:00
I07172,U0859,C099,viewed,0.279,0.1,,2027-04-21T14:00:00
I07173,U0859,C018,quiz_passed,0.844,1.0,0.665,2027-04-21T16:00:00
I07174,U0859,C062,viewed,0.359,0.22,0.372,2027-04-21T18:00:00
I07175,U0859,C042,viewed,0.217,0.002,,2027-04-21T20:00:00
I07176,U0859,C054,completed,0.699,1.0,0.566,2027-04-21T22:00:00
I07177,U0859,C057,quiz_passed,0.797,1.0,0.696,2027-04-22T00:00:00
I07178,U0859,C037,viewed,0.218,0.083,,2027-04-22T02:00:00
I07179,U0859,C051,completed,0.54,1.0,,2027-04-22T04:00:00
I07180,U0860,C088,viewed,0.253,0.27,,2027-04-22T06:00:00
I07181,U0860,C089,completed,0.565,1.0,,2027-04-22T08:00:00
I07182,U0860,C071,completed,0.548,1.0,,2027-04-22T10:00:00
I07183,U0860,C067,completed,0.478,1.0,,2027-04-22T12:00:00
I07184,U0860,C090,quiz_passed,0.854,1.0,0.792,2027-04-22T14:00:00
I07185,U0860,C074,viewed,0.51,0.33,0.558,2027-04-22T16:00:00
I07186,U0860,C075,completed,0.864,1.0,0.796,2027-04-22T18:00:00
I07187,U0860,C050,completed,0.535,1.0,,2027-04-22T20:00:00
I07188,U0860,C078,completed,0.53,1.0,,2027-04-22T22:00:00
I07189,U0860,C061,viewed,0.241,0.33,,2027-04-23T00:00:00
I07190,U0860,C064,completed,0.485,1.0,,2027-04-23T02:00:00
I07191,U0860,C018,completed,0.521,1.0,,2027-04-23T04:00:00
I07192,U0861,C050,completed,0.892,1.0,0.832,2027-04-23T06:00:00
I07193,U0861,C029,completed,0.49,1.0,,2027-04-23T08:00:00
I07194,U0861,C010,completed,0.886,1.0,0.773,2027-04-23T10:00:00
I07195,U0861,C002,completed,0.484,1.0,,2027-04-23T12:00:00
I07196,U0861,C048,completed,0.57,1.0,,2027-04-23T14:00:00
I07197,U0861,C042,completed,0.517,1.0,,2027-04-23T16:00:00
I07198,U0861,C081,quiz_passed,0.813,1.0,0.756,2027-04-23T18:00:00
I07199,U0861,C046,viewed,0.151,0.081,,2027-04-23T20:00:00
I07200,U0861,C005,completed,0.819,1.0,0.711,2027-04-23T22:00:00
I07201,U0861,C047,completed,0.498,1.0,,2027-04-24T00:00:00
I07202,U0861,C016,disliked,0.092,0.03,,2027-04-24T02:00:00
I07203,U0861,C002,quiz_passed,0.846,1.0,0.829,2027-04-24T04:00:00
I07204,U0861,C091,disliked,0.184,0.19,,2027-04-24T06:00:00
I07205,U0862,C063,quiz_passed,0.856,1.0,0.774,2027-04-24T08:00:00
I07206,U0862,C002,viewed,0.177,0.077,,2027-04-24T10:00:00
I07207,U0862,C043,quiz_passed,0.817,1.0,0.797,2027-04-24T12:00:00
I07208,U0862,C099,viewed,0.153,0.047,,2027-04-24T14:00:00
I07209,U0862,C071,completed,0.57,1.0,,2027-04-24T16:00:00
I07210,U0862,C006,disliked,0.415,0.11,0.528,2027-04-24T18:00:00
I07211,U0862,C001,quiz_passed,0.748,1.0,0.705,2027-04-24T20:00:00
I07212,U0862,C046,viewed,0.173,0.055,,2027-04-24T22:00:00
I07213,U0862,C001,quiz_passed,0.875,1.0,0.77,2027-04-25T00:00:00
I07214,U0863,C003,viewed,0.516,0.6,0.389,2027-04-25T02:00:00
I07215,U0863,C045,completed,0.572,1.0,,2027-04-25T04:00:00
I07216,U0863,C003,completed,0.563,1.0,,2027-04-25T06:00:00
I07217,U0863,C010,completed,0.502,1.0,,2027-04-25T08:00:00
I07218,U0863,C010,viewed,0.279,0.027,,2027-04-25T10:00:00
I07219,U0863,C029,completed,0.556,1.0,,2027-04-25T12:00:00
I07220,U0863,C048,quiz_passed,0.825,1.0,0.706,2027-04-25T14:00:00
I07221,U0863,C030,completed,0.466,1.0,,2027-04-25T16:00:00
I07222,U0863,C045,completed,0.556,1.0,,2027-04-25T18:00:00
I07223,U0863,C074,completed,0.578,1.0,,2027-04-25T20:00:00
I07224,U0864,C092,completed,0.743,1.0,0.574,2027-04-25T22:00:00
I07225,U0864,C095,viewed,0.313,0.54,,2027-04-26T00:00:00
I07226,U0864,C030,completed,0.579,1.0,,2027-04-26T02:00:00
I07227,U0864,C098,viewed,0.136,0.009,,2027-04-26T04:00:00
I07228,U0864,C054,completed,0.505,1.0,,2027-04-26T06:00:00
I07229,U0864,C092,disliked,0.206,0.14,,2027-04-26T08:00:00
I07230,U0864,C095,completed,0.558,1.0,,2027-04-26T10:00:00
I07231,U0864,C096,viewed,0.502,0.65,0.257,2027-04-26T12:00:00
I07232,U0864,C099,viewed,0.158,0.051,,2027-04-26T14:00:00
I07233,U0864,C096,viewed,0.176,0.041,,2027-04-26T16:00:00
I07234,U0864,C025,viewed,0.296,0.007,,2027-04-26T18:00:00
I07235,U0864,C009,viewed,0.225,0.009,,2027-04-26T20:00:00
I07236,U0864,C053,viewed,0.467,0.48,0.394,2027-04-26T22:00:00
I07237,U0864,C082,viewed,0.251,0.06,,2027-04-27T00:00:00
I07238,U0865,C061,quiz_passed,0.869,1.0,0.788,2027-04-27T02:00:00
I07239,U0865,C016,quiz_passed,0.807,1.0,0.712,2027-04-27T04:00:00
I07240,U0865,C050,viewed,0.139,0.094,,2027-04-27T06:00:00
I07241,U0865,C076,viewed,0.486,0.45,0.559,2027-04-27T08:00:00
I07242,U0865,C048,completed,0.529,1.0,,2027-04-27T10:00:00
I07243,U0865,C066,quiz_passed,0.801,1.0,0.771,2027-04-27T12:00:00
I07244,U0866,C076,completed,0.789,1.0,0.58,2027-04-27T14:00:00
I07245,U0866,C057,viewed,0.283,0.28,,2027-04-27T16:00:00
I07246,U0866,C051,viewed,0.225,0.064,,2027-04-27T18:00:00
I07247,U0866,C002,completed,0.82,1.0,0.671,2027-04-27T20:00:00
I07248,U0866,C017,completed,0.476,1.0,,2027-04-27T22:00:00
I07249,U0866,C005,completed,0.746,1.0,0.475,2027-04-28T00:00:00
I07250,U0866,C054,viewed,0.289,0.036,,2027-04-28T02:00:00
I07251,U0866,C053,completed,0.794,1.0,0.561,2027-04-28T04:00:00
I07252,U0867,C095,viewed,0.138,0.001,,2027-04-28T06:00:00
I07253,U0867,C057,viewed,0.139,0.041,,2027-04-28T08:00:00
I07254,U0867,C028,viewed,0.291,0.065,,2027-04-28T10:00:00
I07255,U0867,C061,viewed,0.578,0.58,0.415,2027-04-28T12:00:00
I07256,U0867,C092,quiz_passed,0.781,1.0,0.677,2027-04-28T14:00:00
I07257,U0867,C082,disliked,0.125,0.11,,2027-04-28T16:00:00
I07258,U0867,C050,viewed,0.399,0.58,,2027-04-28T18:00:00
I07259,U0868,C073,quiz_passed,0.826,1.0,0.681,2027-04-28T20:00:00
I07260,U0868,C065,viewed,0.295,0.084,,2027-04-28T22:00:00
I07261,U0868,C099,completed,0.565,1.0,,2027-04-29T00:00:00
I07262,U0868,C001,quiz_passed,0.761,1.0,0.626,2027-04-29T02:00:00
I07263,U0868,C051,quiz_passed,0.775,1.0,0.686,2027-04-29T04:00:00
I07264,U0868,C092,viewed,0.277,0.059,,2027-04-29T06:00:00
I07265,U0868,C082,quiz_passed,0.795,1.0,0.685,2027-04-29T08:00:00
I07266,U0868,C001,quiz_passed,0.724,1.0,0.625,2027-04-29T10:00:00
I07267,U0868,C013,disliked,0.093,0.02,,2027-04-29T12:00:00
I07268,U0868,C064,viewed,0.325,0.64,,2027-04-29T14:00:00
I07269,U0868,C099,viewed,0.167,0.085,,2027-04-29T16:00:00
I07270,U0868,C081,completed,0.509,1.0,,2027-04-29T18:00:00
I07271,U0869,C043,viewed,0.164,0.072,,2027-04-29T20:00:00
I07272,U0869,C099,completed,0.719,1.0,0.399,2027-04-29T22:00:00
I07273,U0869,C066,viewed,0.203,0.094,,2027-04-30T00:00:00
I07274,U0869,C006,completed,0.823,1.0,0.612,2027-04-30T02:00:00
I07275,U0869,C095,viewed,0.203,0.2,,2027-04-30T04:00:00
I07276,U0869,C057,completed,0.717,1.0,0.563,2027-04-30T06:00:00
I07277,U0869,C061,completed,0.479,1.0,,2027-04-30T08:00:00
I07278,U0869,C075,disliked,0.275,0.1,0.307,2027-04-30T10:00:00
I07279,U0869,C042,quiz_passed,0.732,1.0,0.662,2027-04-30T12:00:00
I07280,U0869,C017,completed,0.754,1.0,0.551,2027-04-30T14:00:00
I07281,U0869,C002,viewed,0.244,0.055,,2027-04-30T16:00:00
I07282,U0869,C017,completed,0.524,1.0,,2027-04-30T18:00:00
I07283,U0869,C013,viewed,0.213,0.019,,2027-04-30T20:00:00
I07284,U0869,C044,viewed,0.232,0.2,,2027-04-30T22:00:00
I07285,U0869,C044,disliked,0.094,0.0,,2027-05-01T00:00:00
I07286,U0870,C051,completed,0.498,1.0,,2027-05-01T02:00:00
I07287,U0870,C010,completed,0.508,1.0,,2027-05-01T04:00:00
I07288,U0871,C025,completed,0.481,1.0,,2027-05-01T06:00:00
I07289,U0871,C095,viewed,0.255,0.094,,2027-05-01T08:00:00
I07290,U0871,C096,viewed,0.209,0.044,,2027-05-01T10:00:00
I07291,U0871,C098,viewed,0.111,0.093,,2027-05-01T12:00:00
I07292,U0871,C025,completed,0.51,1.0,,2027-05-01T14:00:00
I07293,U0872,C099,quiz_passed,0.712,1.0,0.6,2027-05-01T16:00:00
I07294,U0872,C071,viewed,0.196,0.012,,2027-05-01T18:00:00
I07295,U0872,C018,completed,0.525,1.0,,2027-05-01T20:00:00
I07296,U0872,C076,completed,0.498,1.0,,2027-05-01T22:00:00
I07297,U0872,C082,quiz_passed,0.881,1.0,0.765,2027-05-02T00:00:00
I07298,U0872,C030,quiz_passed,0.819,1.0,0.8,2027-05-02T02:00:00
I07299,U0872,C013,viewed,0.173,0.022,,2027-05-02T04:00:00
I07300,U0872,C045,completed,0.546,1.0,,2027-05-02T06:00:00
I07301,U0872,C091,viewed,0.488,0.42,0.597,2027-05-02T08:00:00
I07302,U0873,C006,quiz_passed,0.816,1.0,0.736,2027-05-02T10:00:00
I07303,U0873,C096,viewed,0.219,0.34,,2027-05-02T12:00:00
I07304,U0873,C043,completed,0.855,1.0,0.714,2027-05-02T14:00:00
I07305,U0873,C071,completed,0.513,1.0,,2027-05-02T16:00:00
I07306,U0873,C061,completed,0.486,1.0,,2027-05-02T18:00:00
I07307,U0873,C081,viewed,0.435,0.34,0.368,2027-05-02T20:00:00
I07308,U0873,C074,completed,0.558,1.0,,2027-05-02T22:00:00
I07309,U0873,C053,quiz_passed,0.837,1.0,0.74,2027-05-03T00:00:00
I07310,U0873,C048,viewed,0.212,0.072,,2027-05-03T02:00:00
I07311,U0873,C008,quiz_passed,0.789,1.0,0.805,2027-05-03T04:00:00
I07312,U0873,C046,completed,0.73,1.0,0.468,2027-05-03T06:00:00
I07313,U0873,C051,viewed,0.323,0.51,,2027-05-03T08:00:00
I07314,U0874,C028,quiz_passed,0.868,1.0,0.868,2027-05-03T10:00:00
I07315,U0874,C043,viewed,0.21,0.07,,2027-05-03T12:00:00
I07316,U0874,C042,viewed,0.266,0.037,,2027-05-03T14:00:00
I07317,U0874,C001,completed,0.514,1.0,,2027-05-03T16:00:00
I07318,U0874,C001,completed,0.569,1.0,,2027-05-03T18:00:00
I07319,U0874,C061,completed,0.897,1.0,0.822,2027-05-03T20:00:00
I07320,U0874,C046,completed,0.521,1.0,,2027-05-03T22:00:00
I07321,U0874,C010,viewed,0.216,0.014,,2027-05-04T00:00:00
I07322,U0874,C005,quiz_passed,0.782,1.0,0.799,2027-05-04T02:00:00
I07323,U0874,C072,completed,0.572,1.0,,2027-05-04T04:00:00
I07324,U0874,C064,quiz_passed,0.835,1.0,0.837,2027-05-04T06:00:00
I07325,U0875,C030,completed,0.489,1.0,,2027-05-04T08:00:00
I07326,U0875,C072,completed,0.48,1.0,,2027-05-04T10:00:00
I07327,U0876,C050,quiz_passed,0.817,1.0,0.83,2027-05-04T12:00:00
I07328,U0876,C013,completed,0.51,1.0,,2027-05-04T14:00:00
I07329,U0876,C075,completed,0.833,1.0,0.783,2027-05-04T16:00:00
I07330,U0876,C062,completed,0.475,1.0,,2027-05-04T18:00:00
I07331,U0876,C067,quiz_passed,0.921,1.0,0.853,2027-05-04T20:00:00
I07332,U0876,C046,viewed,0.198,0.099,,2027-05-04T22:00:00
I07333,U0876,C081,completed,0.535,1.0,,2027-05-05T00:00:00
I07334,U0876,C046,completed,0.529,1.0,,2027-05-05T02:00:00
I07335,U0876,C016,completed,0.574,1.0,,2027-05-05T04:00:00
I07336,U0877,C097,viewed,0.299,0.081,,2027-05-05T06:00:00
I07337,U0877,C073,completed,0.482,1.0,,2027-05-05T08:00:00
I07338,U0877,C053,completed,0.795,1.0,0.662,2027-05-05T10:00:00
I07339,U0877,C082,quiz_passed,0.775,1.0,0.679,2027-05-05T12:00:00
I07340,U0877,C029,quiz_passed,0.733,1.0,0.676,2027-05-05T14:00:00
I07341,U0877,C011,completed,0.801,1.0,0.647,2027-05-05T16:00:00
I07342,U0877,C029,completed,0.492,1.0,,2027-05-05T18:00:00
I07343,U0877,C049,quiz_passed,0.836,1.0,0.668,2027-05-05T20:00:00
I07344,U0877,C061,viewed,0.346,0.69,,2027-05-05T22:00:00
I07345,U0877,C028,quiz_passed,0.748,1.0,0.646,2027-05-06T00:00:00
I07346,U0877,C061,completed,0.514,1.0,,2027-05-06T02:00:00
I07347,U0877,C030,viewed,0.281,0.017,,2027-05-06T04:00:00
I07348,U0877,C057,completed,0.578,1.0,,2027-05-06T06:00:00
I07349,U0877,C054,quiz_passed,0.827,1.0,0.641,2027-05-06T08:00:00
I07350,U0877,C029,quiz_passed,0.785,1.0,0.601,2027-05-06T10:00:00
I07351,U0878,C099,viewed,0.243,0.44,,2027-05-06T12:00:00
I07352,U0878,C048,completed,0.849,1.0,0.787,2027-05-06T14:00:00
I07353,U0878,C095,viewed,0.193,0.027,,2027-05-06T16:00:00
I07354,U0878,C088,quiz_passed,0.818,1.0,0.691,2027-05-06T18:00:00
I07355,U0879,C082,viewed,0.223,0.006,,2027-05-06T20:00:00
I07356,U0879,C099,viewed,0.138,0.088,,2027-05-06T22:00:00
I07357,U0879,C028,quiz_passed,0.872,1.0,0.784,2027-05-07T00:00:00
I07358,U0879,C048,viewed,0.401,0.23,0.576,2027-05-07T02:00:00
I07359,U0879,C095,viewed,0.272,0.076,,2027-05-07T04:00:00
I07360,U0879,C091,quiz_passed,0.831,1.0,0.808,2027-05-07T06:00:00
I07361,U0879,C002,completed,0.497,1.0,,2027-05-07T08:00:00
I07362,U0879,C045,completed,0.788,1.0,0.645,2027-05-07T10:00:00
I07363,U0879,C046,completed,0.551,1.0,,2027-05-07T12:00:00
I07364,U0880,C018,viewed,0.388,0.2,0.565,2027-05-07T14:00:00
I07365,U0880,C003,completed,0.514,1.0,,2027-05-07T16:00:00
I07366,U0880,C081,disliked,0.363,0.1,0.443,2027-05-07T18:00:00
I07367,U0880,C095,viewed,0.372,0.61,,2027-05-07T20:00:00
I07368,U0880,C072,quiz_passed,0.823,1.0,0.754,2027-05-07T22:00:00
I07369,U0880,C010,viewed,0.234,0.044,,2027-05-08T00:00:00
I07370,U0880,C046,viewed,0.115,0.098,,2027-05-08T02:00:00
I07371,U0880,C066,quiz_passed,0.869,1.0,0.753,2027-05-08T04:00:00
I07372,U0880,C046,completed,0.769,1.0,0.531,2027-05-08T06:00:00
I07373,U0880,C001,completed,0.576,1.0,,2027-05-08T08:00:00
I07374,U0880,C099,completed,0.77,1.0,0.652,2027-05-08T10:00:00
I07375,U0881,C095,disliked,0.298,0.01,0.503,2027-05-08T12:00:00
I07376,U0881,C066,quiz_passed,0.821,1.0,0.826,2027-05-08T14:00:00
I07377,U0881,C047,completed,0.469,1.0,,2027-05-08T16:00:00
I07378,U0881,C025,quiz_passed,0.884,1.0,0.884,2027-05-08T18:00:00
I07379,U0881,C096,viewed,0.493,0.44,0.509,2027-05-08T20:00:00
I07380,U0881,C015,quiz_passed,0.863,1.0,0.841,2027-05-08T22:00:00
I07381,U0881,C053,quiz_passed,0.9,1.0,0.85,2027-05-09T00:00:00
I07382,U0881,C065,quiz_passed,0.818,1.0,0.878,2027-05-09T02:00:00
I07383,U0881,C044,quiz_passed,0.785,1.0,0.708,2027-05-09T04:00:00
I07384,U0882,C065,quiz_passed,0.758,1.0,0.737,2027-05-09T06:00:00
I07385,U0882,C099,quiz_passed,0.823,1.0,0.681,2027-05-09T08:00:00
I07386,U0882,C098,completed,0.57,1.0,,2027-05-09T10:00:00
I07387,U0882,C088,completed,0.558,1.0,,2027-05-09T12:00:00
I07388,U0882,C095,completed,0.527,1.0,,2027-05-09T14:00:00
I07389,U0882,C099,viewed,0.514,0.53,0.405,2027-05-09T16:00:00
I07390,U0882,C057,completed,0.521,1.0,,2027-05-09T18:00:00
I07391,U0882,C050,quiz_passed,0.797,1.0,0.713,2027-05-09T20:00:00
I07392,U0882,C005,viewed,0.296,0.038,,2027-05-09T22:00:00
I07393,U0882,C046,viewed,0.394,0.35,0.224,2027-05-10T00:00:00
I07394,U0882,C061,completed,0.485,1.0,,2027-05-10T02:00:00
I07395,U0882,C051,completed,0.774,1.0,0.74,2027-05-10T04:00:00
I07396,U0882,C090,completed,0.732,1.0,0.575,2027-05-10T06:00:00
I07397,U0883,C002,viewed,0.199,0.088,,2027-05-10T08:00:00
I07398,U0883,C067,completed,0.46,1.0,,2027-05-10T10:00:00
I07399,U0883,C016,viewed,0.454,0.28,0.57,2027-05-10T12:00:00
I07400,U0883,C046,viewed,0.194,0.087,,2027-05-10T14:00:00
I07401,U0883,C092,viewed,0.534,0.57,0.511,2027-05-10T16:00:00
I07402,U0883,C013,completed,0.505,1.0,,2027-05-10T18:00:00
I07403,U0883,C028,completed,0.8,1.0,0.779,2027-05-10T20:00:00
I07404,U0883,C050,viewed,0.189,0.073,,2027-05-10T22:00:00
I07405,U0883,C013,viewed,0.527,0.54,0.429,2027-05-11T00:00:00
I07406,U0884,C054,viewed,0.522,0.38,0.548,2027-05-11T02:00:00
I07407,U0884,C050,completed,0.569,1.0,,2027-05-11T04:00:00
I07408,U0884,C013,completed,0.814,1.0,0.651,2027-05-11T06:00:00
I07409,U0884,C046,viewed,0.184,0.03,,2027-05-11T08:00:00
I07410,U0884,C066,quiz_passed,0.879,1.0,0.793,2027-05-11T10:00:00
I07411,U0884,C049,viewed,0.306,0.45,,2027-05-11T12:00:00
I07412,U0884,C046,viewed,0.142,0.096,,2027-05-11T14:00:00
I07413,U0885,C018,quiz_passed,0.785,1.0,0.692,2027-05-11T16:00:00
I07414,U0885,C006,viewed,0.151,0.038,,2027-05-11T18:00:00
I07415,U0885,C048,completed,0.468,1.0,,2027-05-11T20:00:00
I07416,U0886,C003,completed,0.495,1.0,,2027-05-11T22:00:00
I07417,U0886,C025,quiz_passed,0.804,1.0,0.686,2027-05-12T00:00:00
I07418,U0886,C046,viewed,0.395,0.52,0.288,2027-05-12T02:00:00
I07419,U0886,C028,completed,0.5,1.0,,2027-05-12T04:00:00
I07420,U0886,C050,viewed,0.501,0.62,0.482,2027-05-12T06:00:00
I07421,U0887,C099,viewed,0.235,0.054,,2027-05-12T08:00:00
I07422,U0887,C098,quiz_passed,0.797,1.0,0.747,2027-05-12T10:00:00
I07423,U0887,C042,completed,0.487,1.0,,2027-05-12T12:00:00
I07424,U0887,C071,completed,0.477,1.0,,2027-05-12T14:00:00
I07425,U0887,C050,quiz_passed,0.837,1.0,0.882,2027-05-12T16:00:00
I07426,U0887,C065,completed,0.527,1.0,,2027-05-12T18:00:00
I07427,U0887,C091,completed,0.549,1.0,,2027-05-12T20:00:00
I07428,U0887,C092,completed,0.563,1.0,,2027-05-12T22:00:00
I07429,U0887,C016,viewed,0.206,0.071,,2027-05-13T00:00:00
I07430,U0888,C029,viewed,0.523,0.63,0.449,2027-05-13T02:00:00
I07431,U0888,C071,completed,0.518,1.0,,2027-05-13T04:00:00
I07432,U0888,C048,viewed,0.294,0.3,,2027-05-13T06:00:00
I07433,U0888,C010,viewed,0.139,0.01,,2027-05-13T08:00:00
I07434,U0888,C067,viewed,0.324,0.57,,2027-05-13T10:00:00
I07435,U0888,C075,completed,0.695,1.0,0.505,2027-05-13T12:00:00
I07436,U0888,C075,viewed,0.22,0.029,,2027-05-13T14:00:00
I07437,U0888,C016,viewed,0.252,0.003,,2027-05-13T16:00:00
I07438,U0888,C025,viewed,0.147,0.041,,2027-05-13T18:00:00
I07439,U0888,C071,completed,0.467,1.0,,2027-05-13T20:00:00
I07440,U0888,C016,quiz_passed,0.747,1.0,0.661,2027-05-13T22:00:00
I07441,U0888,C005,completed,0.723,1.0,0.504,2027-05-14T00:00:00
I07442,U0888,C076,completed,0.805,1.0,0.588,2027-05-14T02:00:00
I07443,U0889,C091,completed,0.534,1.0,,2027-05-14T04:00:00
I07444,U0889,C010,completed,0.494,1.0,,2027-05-14T06:00:00
I07445,U0889,C051,completed,0.844,1.0,0.868,2027-05-14T08:00:00
I07446,U0889,C042,completed,0.518,1.0,,2027-05-14T10:00:00
I07447,U0889,C099,completed,0.536,1.0,,2027-05-14T12:00:00
I07448,U0890,C073,quiz_passed,0.895,1.0,0.792,2027-05-14T14:00:00
I07449,U0890,C096,completed,0.785,1.0,0.542,2027-05-14T16:00:00
I07450,U0890,C061,quiz_passed,0.814,1.0,0.764,2027-05-14T18:00:00
I07451,U0890,C081,completed,0.488,1.0,,2027-05-14T20:00:00
I07452,U0890,C053,viewed,0.228,0.067,,2027-05-14T22:00:00
I07453,U0890,C048,completed,0.827,1.0,0.707,2027-05-15T00:00:00
I07454,U0890,C010,completed,0.497,1.0,,2027-05-15T02:00:00
I07455,U0890,C045,viewed,0.249,0.072,,2027-05-15T04:00:00
I07456,U0890,C088,disliked,0.152,0.14,,2027-05-15T06:00:00
I07457,U0890,C082,quiz_passed,0.826,1.0,0.763,2027-05-15T08:00:00
I07458,U0890,C081,disliked,0.167,0.08,,2027-05-15T10:00:00
I07459,U0890,C005,quiz_passed,0.787,1.0,0.6,2027-05-15T12:00:00
I07460,U0891,C098,viewed,0.125,0.086,,2027-05-15T14:00:00
I07461,U0891,C064,viewed,0.398,0.38,0.352,2027-05-15T16:00:00
I07462,U0891,C099,completed,0.661,1.0,0.434,2027-05-15T18:00:00
I07463,U0891,C043,completed,0.575,1.0,,2027-05-15T20:00:00
I07464,U0891,C053,quiz_passed,0.83,1.0,0.635,2027-05-15T22:00:00
I07465,U0891,C057,viewed,0.203,0.042,,2027-05-16T00:00:00
I07466,U0891,C048,completed,0.729,1.0,0.648,2027-05-16T02:00:00
I07467,U0892,C076,completed,0.698,1.0,0.583,2027-05-16T04:00:00
I07468,U0892,C076,quiz_passed,0.773,1.0,0.629,2027-05-16T06:00:00
I07469,U0893,C001,disliked,0.36,0.08,0.439,2027-05-16T08:00:00
I07470,U0893,C098,completed,0.525,1.0,,2027-05-16T10:00:00
I07471,U0893,C064,completed,0.472,1.0,,2027-05-16T12:00:00
I07472,U0893,C053,completed,0.495,1.0,,2027-05-16T14:00:00
I07473,U0893,C011,completed,0.757,1.0,0.573,2027-05-16T16:00:00
I07474,U0893,C028,viewed,0.462,0.62,0.369,2027-05-16T18:00:00
I07475,U0894,C003,disliked,0.214,0.17,,2027-05-16T20:00:00
I07476,U0894,C072,completed,0.517,1.0,,2027-05-16T22:00:00
I07477,U0894,C088,viewed,0.466,0.62,0.352,2027-05-17T00:00:00
I07478,U0894,C089,completed,0.52,1.0,,2027-05-17T02:00:00
I07479,U0894,C088,disliked,0.213,0.13,,2027-05-17T04:00:00
I07480,U0894,C010,viewed,0.253,0.48,,2027-05-17T06:00:00
I07481,U0895,C018,viewed,0.424,0.35,0.392,2027-05-17T08:00:00
I07482,U0895,C096,viewed,0.216,0.34,,2027-05-17T10:00:00
I07483,U0895,C067,completed,0.578,1.0,,2027-05-17T12:00:00
I07484,U0895,C072,viewed,0.469,0.4,0.399,2027-05-17T14:00:00
I07485,U0895,C018,quiz_passed,0.842,1.0,0.659,2027-05-17T16:00:00
I07486,U0895,C011,viewed,0.263,0.073,,2027-05-17T18:00:00
I07487,U0895,C064,completed,0.508,1.0,,2027-05-17T20:00:00
I07488,U0895,C029,viewed,0.466,0.56,0.311,2027-05-17T22:00:00
I07489,U0896,C065,viewed,0.385,0.65,,2027-05-18T00:00:00
I07490,U0896,C054,viewed,0.345,0.56,,2027-05-18T02:00:00
I07491,U0896,C047,completed,0.774,1.0,0.614,2027-05-18T04:00:00
I07492,U0896,C002,disliked,0.148,0.13,,2027-05-18T06:00:00
I07493,U0896,C057,completed,0.758,1.0,0.624,2027-05-18T08:00:00
I07494,U0896,C090,viewed,0.221,0.085,,2027-05-18T10:00:00
I07495,U0896,C010,disliked,0.231,0.03,0.266,2027-05-18T12:00:00
I07496,U0896,C065,viewed,0.139,0.028,,2027-05-18T14:00:00
I07497,U0896,C066,completed,0.487,1.0,,2027-05-18T16:00:00
I07498,U0896,C029,completed,0.501,1.0,,2027-05-18T18:00:00
I07499,U0896,C002,completed,0.76,1.0,0.683,2027-05-18T20:00:00
I07500,U0897,C099,viewed,0.471,0.3,0.526,2027-05-18T22:00:00
I07501,U0897,C053,completed,0.902,1.0,0.832,2027-05-19T00:00:00
I07502,U0897,C096,completed,0.49,1.0,,2027-05-19T02:00:00
I07503,U0897,C095,completed,0.5,1.0,,2027-05-19T04:00:00
I07504,U0897,C095,viewed,0.144,0.056,,2027-05-19T06:00:00
I07505,U0897,C092,quiz_passed,0.864,1.0,0.839,2027-05-19T08:00:00
I07506,U0898,C098,quiz_passed,0.731,1.0,0.611,2027-05-19T10:00:00
I07507,U0898,C073,quiz_passed,0.872,1.0,0.747,2027-05-19T12:00:00
I07508,U0898,C066,quiz_passed,0.769,1.0,0.715,2027-05-19T14:00:00
I07509,U0898,C098,completed,0.519,1.0,,2027-05-19T16:00:00
I07510,U0898,C006,completed,0.523,1.0,,2027-05-19T18:00:00
I07511,U0898,C067,completed,0.832,1.0,0.742,2027-05-19T20:00:00
I07512,U0898,C098,viewed,0.184,0.014,,2027-05-19T22:00:00
I07513,U0898,C096,viewed,0.176,0.004,,2027-05-20T00:00:00
I07514,U0898,C029,viewed,0.226,0.084,,2027-05-20T02:00:00
I07515,U0899,C071,completed,0.498,1.0,,2027-05-20T04:00:00
I07516,U0899,C016,completed,0.819,1.0,0.846,2027-05-20T06:00:00
I07517,U0899,C009,completed,0.512,1.0,,2027-05-20T08:00:00
I07518,U0899,C051,completed,0.471,1.0,,2027-05-20T10:00:00
I07519,U0899,C044,completed,0.471,1.0,,2027-05-20T12:00:00
I07520,U0899,C001,completed,0.53,1.0,,2027-05-20T14:00:00
I07521,U0900,C095,completed,0.703,1.0,0.55,2027-05-20T16:00:00
I07522,U0900,C095,viewed,0.28,0.045,,2027-05-20T18:00:00
I07523,U0900,C082,completed,0.501,1.0,,2027-05-20T20:00:00
I07524,U0901,C076,viewed,0.448,0.55,0.324,2027-05-20T22:00:00
I07525,U0901,C045,viewed,0.348,0.24,0.242,2027-05-21T00:00:00
I07526,U0901,C005,completed,0.675,1.0,0.442,2027-05-21T02:00:00
I07527,U0901,C074,viewed,0.342,0.38,0.294,2027-05-21T04:00:00
I07528,U0901,C030,completed,0.795,1.0,0.678,2027-05-21T06:00:00
I07529,U0901,C008,completed,0.82,1.0,0.604,2027-05-21T08:00:00
I07530,U0901,C030,viewed,0.277,0.29,,2027-05-21T10:00:00
I07531,U0901,C065,completed,0.535,1.0,,2027-05-21T12:00:00
I07532,U0901,C054,viewed,0.142,0.007,,2027-05-21T14:00:00
I07533,U0901,C011,completed,0.46,1.0,,2027-05-21T16:00:00
I07534,U0901,C098,viewed,0.142,0.09,,2027-05-21T18:00:00
I07535,U0902,C071,viewed,0.143,0.002,,2027-05-21T20:00:00
I07536,U0902,C096,completed,0.481,1.0,,2027-05-21T22:00:00
I07537,U0903,C098,completed,0.479,1.0,,2027-05-22T00:00:00
I07538,U0903,C095,completed,0.805,1.0,0.632,2027-05-22T02:00:00
I07539,U0903,C096,completed,0.489,1.0,,2027-05-22T04:00:00
I07540,U0903,C018,completed,0.573,1.0,,2027-05-22T06:00:00
I07541,U0903,C098,viewed,0.113,0.021,,2027-05-22T08:00:00
I07542,U0903,C067,quiz_passed,0.821,1.0,0.735,2027-05-22T10:00:00
I07543,U0903,C029,completed,0.479,1.0,,2027-05-22T12:00:00
I07544,U0904,C099,viewed,0.474,0.45,0.366,2027-05-22T14:00:00
I07545,U0904,C095,quiz_passed,0.806,1.0,0.653,2027-05-22T16:00:00
I07546,U0904,C096,completed,0.54,1.0,,2027-05-22T18:00:00
I07547,U0904,C006,completed,0.821,1.0,0.729,2027-05-22T20:00:00
I07548,U0904,C018,completed,0.578,1.0,,2027-05-22T22:00:00
I07549,U0904,C096,viewed,0.133,0.09,,2027-05-23T00:00:00
I07550,U0904,C015,completed,0.464,1.0,,2027-05-23T02:00:00
I07551,U0904,C047,quiz_passed,0.875,1.0,0.77,2027-05-23T04:00:00
I07552,U0904,C075,completed,0.731,1.0,0.657,2027-05-23T06:00:00
I07553,U0904,C045,completed,0.508,1.0,,2027-05-23T08:00:00
I07554,U0904,C009,completed,0.57,1.0,,2027-05-23T10:00:00
I07555,U0905,C048,viewed,0.368,0.52,,2027-05-23T12:00:00
I07556,U0905,C016,completed,0.7,1.0,0.599,2027-05-23T14:00:00
I07557,U0905,C074,completed,0.769,1.0,0.512,2027-05-23T16:00:00
I07558,U0905,C044,viewed,0.303,0.44,,2027-05-23T18:00:00
I07559,U0906,C018,completed,0.783,1.0,0.705,2027-05-23T20:00:00
I07560,U0906,C058,viewed,0.113,0.09,,2027-05-23T22:00:00
I07561,U0906,C057,quiz_passed,0.819,1.0,0.768,2027-05-24T00:00:00
I07562,U0906,C073,quiz_passed,0.856,1.0,0.771,2027-05-24T02:00:00
I07563,U0906,C098,completed,0.578,1.0,,2027-05-24T04:00:00
I07564,U0906,C049,viewed,0.277,0.36,,2027-05-24T06:00:00
I07565,U0906,C016,viewed,0.522,0.6,0.546,2027-05-24T08:00:00
I07566,U0906,C029,completed,0.522,1.0,,2027-05-24T10:00:00
I07567,U0907,C088,quiz_passed,0.772,1.0,0.613,2027-05-24T12:00:00
I07568,U0907,C030,completed,0.5,1.0,,2027-05-24T14:00:00
I07569,U0907,C043,completed,0.573,1.0,,2027-05-24T16:00:00
I07570,U0907,C013,completed,0.714,1.0,0.48,2027-05-24T18:00:00
I07571,U0908,C017,completed,0.756,1.0,0.567,2027-05-24T20:00:00
I07572,U0908,C001,completed,0.526,1.0,,2027-05-24T22:00:00
I07573,U0908,C071,completed,0.726,1.0,0.659,2027-05-25T00:00:00
I07574,U0908,C001,completed,0.559,1.0,,2027-05-25T02:00:00
I07575,U0908,C030,completed,0.806,1.0,0.59,2027-05-25T04:00:00
I07576,U0908,C045,viewed,0.314,0.47,,2027-05-25T06:00:00
I07577,U0908,C006,viewed,0.216,0.002,,2027-05-25T08:00:00
I07578,U0909,C096,viewed,0.22,0.06,,2027-05-25T10:00:00
I07579,U0909,C096,viewed,0.166,0.026,,2027-05-25T12:00:00
I07580,U0909,C098,viewed,0.251,0.058,,2027-05-25T14:00:00
I07581,U0909,C096,viewed,0.233,0.25,,2027-05-25T16:00:00
I07582,U0909,C072,completed,0.573,1.0,,2027-05-25T18:00:00
I07583,U0910,C096,viewed,0.249,0.066,,2027-05-25T20:00:00
I07584,U0910,C091,completed,0.579,1.0,,2027-05-25T22:00:00
I07585,U0910,C098,viewed,0.195,0.026,,2027-05-26T00:00:00
I07586,U0910,C018,completed,0.547,1.0,,2027-05-26T02:00:00
I07587,U0910,C013,viewed,0.193,0.066,,2027-05-26T04:00:00
I07588,U0910,C076,quiz_passed,0.805,1.0,0.671,2027-05-26T06:00:00
I07589,U0910,C091,quiz_passed,0.788,1.0,0.685,2027-05-26T08:00:00
I07590,U0910,C057,completed,0.496,1.0,,2027-05-26T10:00:00
I07591,U0911,C002,quiz_passed,0.796,1.0,0.673,2027-05-26T12:00:00
I07592,U0911,C045,completed,0.72,1.0,0.45,2027-05-26T14:00:00
I07593,U0911,C010,viewed,0.153,0.031,,2027-05-26T16:00:00
I07594,U0911,C005,completed,0.554,1.0,,2027-05-26T18:00:00
I07595,U0912,C095,completed,0.745,1.0,0.436,2027-05-26T20:00:00
I07596,U0912,C001,viewed,0.538,0.58,0.33,2027-05-26T22:00:00
I07597,U0912,C042,viewed,0.263,0.079,,2027-05-27T00:00:00
I07598,U0912,C005,completed,0.774,1.0,0.548,2027-05-27T02:00:00
I07599,U0912,C098,completed,0.727,1.0,0.531,2027-05-27T04:00:00
I07600,U0912,C075,completed,0.553,1.0,,2027-05-27T06:00:00
I07601,U0912,C088,viewed,0.204,0.081,,2027-05-27T08:00:00
I07602,U0912,C003,disliked,0.323,0.09,0.348,2027-05-27T10:00:00
I07603,U0912,C054,completed,0.547,1.0,,2027-05-27T12:00:00
I07604,U0912,C017,completed,0.826,1.0,0.639,2027-05-27T14:00:00
I07605,U0913,C047,viewed,0.254,0.036,,2027-05-27T16:00:00
I07606,U0913,C053,quiz_passed,0.818,1.0,0.744,2027-05-27T18:00:00
I07607,U0913,C076,quiz_passed,0.878,1.0,0.758,2027-05-27T20:00:00
I07608,U0913,C006,completed,0.815,1.0,0.721,2027-05-27T22:00:00
I07609,U0913,C065,quiz_passed,0.774,1.0,0.722,2027-05-28T00:00:00
I07610,U0913,C046,completed,0.678,1.0,0.536,2027-05-28T02:00:00
I07611,U0913,C013,completed,0.805,1.0,0.616,2027-05-28T04:00:00
I07612,U0913,C099,viewed,0.236,0.03,,2027-05-28T06:00:00
I07613,U0913,C002,quiz_passed,0.831,1.0,0.805,2027-05-28T08:00:00
I07614,U0914,C092,completed,0.896,1.0,0.812,2027-05-28T10:00:00
I07615,U0914,C066,quiz_passed,0.866,1.0,0.87,2027-05-28T12:00:00
I07616,U0914,C042,completed,0.555,1.0,,2027-05-28T14:00:00
I07617,U0914,C063,completed,0.875,1.0,0.796,2027-05-28T16:00:00
I07618,U0914,C018,quiz_passed,0.899,1.0,0.885,2027-05-28T18:00:00
I07619,U0914,C061,completed,0.799,1.0,0.825,2027-05-28T20:00:00
I07620,U0914,C006,disliked,0.19,0.1,,2027-05-28T22:00:00
I07621,U0914,C002,quiz_passed,0.895,1.0,0.851,2027-05-29T00:00:00
I07622,U0914,C061,completed,0.817,1.0,0.82,2027-05-29T02:00:00
I07623,U0914,C046,viewed,0.27,0.39,,2027-05-29T04:00:00
I07624,U0914,C003,quiz_passed,0.815,1.0,0.886,2027-05-29T06:00:00
I07625,U0914,C096,viewed,0.366,0.25,0.486,2027-05-29T08:00:00
I07626,U0914,C046,completed,0.503,1.0,,2027-05-29T10:00:00
I07627,U0914,C057,completed,0.892,1.0,0.837,2027-05-29T12:00:00
I07628,U0914,C095,quiz_passed,0.829,1.0,0.69,2027-05-29T14:00:00
I07629,U0915,C095,viewed,0.238,0.053,,2027-05-29T16:00:00
I07630,U0915,C088,viewed,0.479,0.52,0.399,2027-05-29T18:00:00
I07631,U0915,C079,completed,0.678,1.0,0.479,2027-05-29T20:00:00
I07632,U0915,C003,completed,0.553,1.0,,2027-05-29T22:00:00
I07633,U0915,C051,quiz_passed,0.765,1.0,0.673,2027-05-30T00:00:00
I07634,U0915,C049,viewed,0.421,0.66,,2027-05-30T02:00:00
I07635,U0916,C096,completed,0.69,1.0,0.468,2027-05-30T04:00:00
I07636,U0916,C096,disliked,0.265,0.18,0.252,2027-05-30T06:00:00
I07637,U0916,C050,viewed,0.138,0.053,,2027-05-30T08:00:00
I07638,U0916,C095,viewed,0.491,0.67,0.259,2027-05-30T10:00:00
I07639,U0916,C096,viewed,0.227,0.32,,2027-05-30T12:00:00
I07640,U0916,C028,viewed,0.318,0.22,0.35,2027-05-30T14:00:00
I07641,U0916,C057,completed,0.793,1.0,0.639,2027-05-30T16:00:00
I07642,U0916,C098,completed,0.547,1.0,,2027-05-30T18:00:00
I07643,U0916,C001,viewed,0.465,0.38,0.45,2027-05-30T20:00:00
I07644,U0916,C095,viewed,0.111,0.054,,2027-05-30T22:00:00
I07645,U0916,C042,disliked,0.207,0.16,,2027-05-31T00:00:00
I07646,U0917,C095,completed,0.762,1.0,0.524,2027-05-31T02:00:00
I07647,U0917,C017,completed,0.462,1.0,,2027-05-31T04:00:00
I07648,U0917,C099,viewed,0.483,0.7,0.21,2027-05-31T06:00:00
I07649,U0917,C072,quiz_passed,0.72,1.0,0.629,2027-05-31T08:00:00
I07650,U0917,C048,completed,0.468,1.0,,2027-05-31T10:00:00
I07651,U0917,C096,completed,0.53,1.0,,2027-05-31T12:00:00
I07652,U0917,C011,completed,0.483,1.0,,2027-05-31T14:00:00
I07653,U0917,C047,quiz_passed,0.839,1.0,0.679,2027-05-31T16:00:00
I07654,U0917,C058,viewed,0.371,0.26,0.353,2027-05-31T18:00:00
I07655,U0917,C049,completed,0.533,1.0,,2027-05-31T20:00:00
I07656,U0917,C066,quiz_passed,0.825,1.0,0.624,2027-05-31T22:00:00
I07657,U0917,C080,viewed,0.471,0.69,0.215,2027-06-01T00:00:00
I07658,U0918,C096,quiz_passed,0.774,1.0,0.729,2027-06-01T02:00:00
I07659,U0918,C016,quiz_passed,0.868,1.0,0.875,2027-06-01T04:00:00
I07660,U0918,C067,completed,0.556,1.0,,2027-06-01T06:00:00
I07661,U0918,C016,completed,0.841,1.0,0.855,2027-06-01T08:00:00
I07662,U0918,C048,viewed,0.196,0.088,,2027-06-01T10:00:00
I07663,U0918,C046,completed,0.798,1.0,0.587,2027-06-01T12:00:00
I07664,U0918,C010,completed,0.52,1.0,,2027-06-01T14:00:00
I07665,U0918,C099,viewed,0.431,0.25,0.547,2027-06-01T16:00:00
I07666,U0918,C016,completed,0.534,1.0,,2027-06-01T18:00:00
I07667,U0918,C090,completed,0.482,1.0,,2027-06-01T20:00:00
I07668,U0919,C095,viewed,0.132,0.091,,2027-06-01T22:00:00
I07669,U0919,C095,viewed,0.121,0.066,,2027-06-02T00:00:00
I07670,U0919,C091,completed,0.759,1.0,0.612,2027-06-02T02:00:00
I07671,U0920,C002,completed,0.534,1.0,,2027-06-02T04:00:00
I07672,U0920,C064,completed,0.535,1.0,,2027-06-02T06:00:00
I07673,U0920,C048,completed,0.566,1.0,,2027-06-02T08:00:00
I07674,U0920,C044,completed,0.837,1.0,0.712,2027-06-02T10:00:00
I07675,U0920,C013,completed,0.814,1.0,0.72,2027-06-02T12:00:00
I07676,U0920,C045,quiz_passed,0.828,1.0,0.711,2027-06-02T14:00:00
I07677,U0920,C042,completed,0.462,1.0,,2027-06-02T16:00:00
I07678,U0920,C081,quiz_passed,0.882,1.0,0.791,2027-06-02T18:00:00
I07679,U0920,C006,completed,0.549,1.0,,2027-06-02T20:00:00
I07680,U0920,C017,quiz_passed,0.852,1.0,0.853,2027-06-02T22:00:00
I07681,U0920,C046,quiz_passed,0.815,1.0,0.653,2027-06-03T00:00:00
I07682,U0920,C045,completed,0.56,1.0,,2027-06-03T02:00:00
I07683,U0921,C096,completed,0.707,1.0,0.418,2027-06-03T04:00:00
I07684,U0921,C099,viewed,0.112,0.056,,2027-06-03T06:00:00
I07685,U0922,C017,completed,0.55,1.0,,2027-06-03T08:00:00
I07686,U0922,C061,quiz_passed,0.855,1.0,0.792,2027-06-03T10:00:00
I07687,U0923,C049,quiz_passed,0.754,1.0,0.617,2027-06-03T12:00:00
I07688,U0923,C029,viewed,0.138,0.061,,2027-06-03T14:00:00
I07689,U0923,C008,completed,0.554,1.0,,2027-06-03T16:00:00
I07690,U0924,C073,viewed,0.132,0.074,,2027-06-03T18:00:00
I07691,U0924,C006,completed,0.513,1.0,,2027-06-03T20:00:00
I07692,U0924,C092,viewed,0.449,0.54,0.329,2027-06-03T22:00:00
I07693,U0924,C065,completed,0.749,1.0,0.59,2027-06-04T00:00:00
I07694,U0924,C042,completed,0.74,1.0,0.576,2027-06-04T02:00:00
I07695,U0924,C091,completed,0.516,1.0,,2027-06-04T04:00:00
I07696,U0924,C082,completed,0.814,1.0,0.684,2027-06-04T06:00:00
I07697,U0924,C096,completed,0.53,1.0,,2027-06-04T08:00:00
I07698,U0925,C095,completed,0.469,1.0,,2027-06-04T10:00:00
I07699,U0925,C050,completed,0.706,1.0,0.574,2027-06-04T12:00:00
I07700,U0925,C054,completed,0.499,1.0,,2027-06-04T14:00:00
I07701,U0925,C091,disliked,0.11,0.09,,2027-06-04T16:00:00
I07702,U0925,C067,completed,0.475,1.0,,2027-06-04T18:00:00
I07703,U0925,C011,viewed,0.329,0.38,,2027-06-04T20:00:00
I07704,U0926,C095,completed,0.769,1.0,0.589,2027-06-04T22:00:00
I07705,U0926,C047,completed,0.507,1.0,,2027-06-05T00:00:00
I07706,U0926,C030,completed,0.512,1.0,,2027-06-05T02:00:00
I07707,U0926,C057,completed,0.745,1.0,0.71,2027-06-05T04:00:00
I07708,U0926,C058,quiz_passed,0.812,1.0,0.687,2027-06-05T06:00:00
I07709,U0926,C098,completed,0.53,1.0,,2027-06-05T08:00:00
I07710,U0926,C095,completed,0.568,1.0,,2027-06-05T10:00:00
I07711,U0926,C049,viewed,0.241,0.08,,2027-06-05T12:00:00
I07712,U0926,C048,completed,0.794,1.0,0.784,2027-06-05T14:00:00
I07713,U0927,C030,viewed,0.255,0.083,,2027-06-05T16:00:00
I07714,U0927,C092,completed,0.578,1.0,,2027-06-05T18:00:00
I07715,U0927,C095,viewed,0.481,0.64,0.378,2027-06-05T20:00:00
I07716,U0927,C064,quiz_passed,0.785,1.0,0.769,2027-06-05T22:00:00
I07717,U0928,C065,viewed,0.521,0.51,0.504,2027-06-06T00:00:00
I07718,U0928,C030,viewed,0.276,0.28,,2027-06-06T02:00:00
I07719,U0928,C057,quiz_passed,0.789,1.0,0.778,2027-06-06T04:00:00
I07720,U0928,C082,completed,0.501,1.0,,2027-06-06T06:00:00
I07721,U0929,C099,viewed,0.135,0.074,,2027-06-06T08:00:00
I07722,U0929,C072,completed,0.462,1.0,,2027-06-06T10:00:00
I07723,U0929,C047,completed,0.464,1.0,,2027-06-06T12:00:00
I07724,U0929,C058,completed,0.556,1.0,,2027-06-06T14:00:00
I07725,U0929,C071,quiz_passed,0.916,1.0,0.85,2027-06-06T16:00:00
I07726,U0929,C074,quiz_passed,0.852,1.0,0.759,2027-06-06T18:00:00
I07727,U0929,C051,quiz_passed,0.844,1.0,0.839,2027-06-06T20:00:00
I07728,U0929,C051,quiz_passed,0.909,1.0,0.875,2027-06-06T22:00:00
I07729,U0930,C099,viewed,0.137,0.087,,2027-06-07T00:00:00
I07730,U0930,C042,completed,0.551,1.0,,2027-06-07T02:00:00
I07731,U0930,C063,quiz_passed,0.867,1.0,0.747,2027-06-07T04:00:00
I07732,U0930,C050,quiz_passed,0.824,1.0,0.784,2027-06-07T06:00:00
I07733,U0930,C047,viewed,0.42,0.32,0.556,2027-06-07T08:00:00
I07734,U0931,C063,viewed,0.169,0.054,,2027-06-07T10:00:00
I07735,U0931,C047,completed,0.561,1.0,,2027-06-07T12:00:00
I07736,U0931,C099,completed,0.721,1.0,0.499,2027-06-07T14:00:00
I07737,U0931,C051,quiz_passed,0.818,1.0,0.606,2027-06-07T16:00:00
I07738,U0931,C088,completed,0.769,1.0,0.592,2027-06-07T18:00:00
I07739,U0931,C025,completed,0.726,1.0,0.647,2027-06-07T20:00:00
I07740,U0931,C010,viewed,0.28,0.072,,2027-06-07T22:00:00
I07741,U0932,C018,completed,0.5,1.0,,2027-06-08T00:00:00
I07742,U0932,C042,quiz_passed,0.762,1.0,0.647,2027-06-08T02:00:00
I07743,U0932,C042,completed,0.696,1.0,0.581,2027-06-08T04:00:00
I07744,U0932,C095,completed,0.722,1.0,0.426,2027-06-08T06:00:00
I07745,U0932,C006,quiz_passed,0.836,1.0,0.647,2027-06-08T08:00:00
I07746,U0932,C076,viewed,0.423,0.34,0.43,2027-06-08T10:00:00
I07747,U0932,C081,completed,0.787,1.0,0.554,2027-06-08T12:00:00
I07748,U0932,C057,disliked,0.154,0.13,,2027-06-08T14:00:00
I07749,U0932,C017,viewed,0.22,0.074,,2027-06-08T16:00:00
I07750,U0933,C099,viewed,0.281,0.079,,2027-06-08T18:00:00
I07751,U0933,C092,completed,0.562,1.0,,2027-06-08T20:00:00
I07752,U0933,C099,completed,0.577,1.0,,2027-06-08T22:00:00
I07753,U0933,C092,viewed,0.211,0.068,,2027-06-09T00:00:00
I07754,U0933,C097,quiz_passed,0.807,1.0,0.774,2027-06-09T02:00:00
I07755,U0933,C098,completed,0.73,1.0,0.589,2027-06-09T04:00:00
I07756,U0933,C098,completed,0.48,1.0,,2027-06-09T06:00:00
I07757,U0933,C061,completed,0.467,1.0,,2027-06-09T08:00:00
I07758,U0933,C029,completed,0.869,1.0,0.801,2027-06-09T10:00:00
I07759,U0933,C090,quiz_passed,0.76,1.0,0.617,2027-06-09T12:00:00
I07760,U0933,C074,quiz_passed,0.768,1.0,0.672,2027-06-09T14:00:00
I07761,U0933,C043,completed,0.474,1.0,,2027-06-09T16:00:00
I07762,U0933,C042,completed,0.516,1.0,,2027-06-09T18:00:00
I07763,U0934,C048,viewed,0.142,0.011,,2027-06-09T20:00:00
I07764,U0934,C078,viewed,0.416,0.66,,2027-06-09T22:00:00
I07765,U0934,C011,completed,0.569,1.0,,2027-06-10T00:00:00
I07766,U0934,C001,viewed,0.233,0.043,,2027-06-10T02:00:00
I07767,U0934,C011,quiz_passed,0.801,1.0,0.608,2027-06-10T04:00:00
I07768,U0934,C051,quiz_passed,0.84,1.0,0.651,2027-06-10T06:00:00
I07769,U0934,C053,viewed,0.106,0.072,,2027-06-10T08:00:00
I07770,U0934,C042,completed,0.556,1.0,,2027-06-10T10:00:00
I07771,U0934,C045,viewed,0.351,0.23,0.304,2027-06-10T12:00:00
I07772,U0934,C081,viewed,0.472,0.61,0.301,2027-06-10T14:00:00
I07773,U0934,C002,disliked,0.271,0.08,0.336,2027-06-10T16:00:00
I07774,U0934,C001,completed,0.475,1.0,,2027-06-10T18:00:00
I07775,U0934,C096,viewed,0.361,0.58,,2027-06-10T20:00:00
I07776,U0935,C096,viewed,0.15,0.02,,2027-06-10T22:00:00
I07777,U0935,C096,viewed,0.231,0.095,,2027-06-11T00:00:00
I07778,U0935,C096,completed,0.697,1.0,0.502,2027-06-11T02:00:00
I07779,U0935,C096,completed,0.522,1.0,,2027-06-11T04:00:00
I07780,U0935,C076,completed,0.537,1.0,,2027-06-11T06:00:00
I07781,U0935,C090,disliked,0.226,0.0,0.22,2027-06-11T08:00:00
I07782,U0935,C088,quiz_passed,0.793,1.0,0.605,2027-06-11T10:00:00
I07783,U0935,C082,viewed,0.316,0.6,,2027-06-11T12:00:00
I07784,U0935,C096,viewed,0.175,0.096,,2027-06-11T14:00:00
I07785,U0935,C029,completed,0.768,1.0,0.655,2027-06-11T16:00:00
I07786,U0935,C073,completed,0.784,1.0,0.568,2027-06-11T18:00:00
I07787,U0935,C016,completed,0.551,1.0,,2027-06-11T20:00:00
I07788,U0936,C097,viewed,0.464,0.43,0.481,2027-06-11T22:00:00
I07789,U0936,C098,completed,0.803,1.0,0.584,2027-06-12T00:00:00
I07790,U0936,C063,completed,0.528,1.0,,2027-06-12T02:00:00
I07791,U0937,C057,quiz_passed,0.81,1.0,0.776,2027-06-12T04:00:00
I07792,U0937,C054,quiz_passed,0.819,1.0,0.775,2027-06-12T06:00:00
I07793,U0937,C098,quiz_passed,0.803,1.0,0.621,2027-06-12T08:00:00
I07794,U0937,C092,completed,0.515,1.0,,2027-06-12T10:00:00
I07795,U0937,C076,completed,0.576,1.0,,2027-06-12T12:00:00
I07796,U0937,C001,completed,0.841,1.0,0.719,2027-06-12T14:00:00
I07797,U0937,C054,quiz_passed,0.867,1.0,0.732,2027-06-12T16:00:00
I07798,U0937,C046,completed,0.661,1.0,0.472,2027-06-12T18:00:00
I07799,U0938,C076,viewed,0.158,0.044,,2027-06-12T20:00:00
I07800,U0938,C098,viewed,0.466,0.66,0.278,2027-06-12T22:00:00
I07801,U0938,C035,completed,0.571,1.0,,2027-06-13T00:00:00
I07802,U0938,C064,completed,0.464,1.0,,2027-06-13T02:00:00
I07803,U0938,C066,viewed,0.373,0.38,0.348,2027-06-13T04:00:00
I07804,U0938,C079,viewed,0.22,0.01,,2027-06-13T06:00:00
I07805,U0938,C096,completed,0.697,1.0,0.526,2027-06-13T08:00:00
I07806,U0938,C088,quiz_passed,0.795,1.0,0.65,2027-06-13T10:00:00
I07807,U0938,C082,disliked,0.272,0.05,0.432,2027-06-13T12:00:00
I07808,U0938,C003,completed,0.742,1.0,0.575,2027-06-13T14:00:00
I07809,U0938,C085,viewed,0.252,0.095,,2027-06-13T16:00:00
I07810,U0938,C095,viewed,0.193,0.095,,2027-06-13T18:00:00
I07811,U0938,C089,completed,0.719,1.0,0.502,2027-06-13T20:00:00
I07812,U0939,C009,completed,0.515,1.0,,2027-06-13T22:00:00
I07813,U0939,C061,quiz_passed,0.797,1.0,0.778,2027-06-14T00:00:00
I07814,U0939,C013,viewed,0.518,0.55,0.416,2027-06-14T02:00:00
I07815,U0939,C054,quiz_passed,0.758,1.0,0.717,2027-06-14T04:00:00
I07816,U0939,C013,viewed,0.489,0.69,0.317,2027-06-14T06:00:00
I07817,U0939,C017,quiz_passed,0.821,1.0,0.758,2027-06-14T08:00:00
I07818,U0939,C088,completed,0.53,1.0,,2027-06-14T10:00:00
I07819,U0939,C089,quiz_passed,0.796,1.0,0.673,2027-06-14T12:00:00
I07820,U0939,C047,quiz_passed,0.754,1.0,0.733,2027-06-14T14:00:00
I07821,U0939,C053,completed,0.886,1.0,0.779,2027-06-14T16:00:00
I07822,U0939,C044,quiz_passed,0.765,1.0,0.61,2027-06-14T18:00:00
I07823,U0939,C092,quiz_passed,0.787,1.0,0.745,2027-06-14T20:00:00
I07824,U0940,C096,viewed,0.181,0.071,,2027-06-14T22:00:00
I07825,U0940,C092,quiz_passed,0.754,1.0,0.687,2027-06-15T00:00:00
I07826,U0940,C042,disliked,0.153,0.15,,2027-06-15T02:00:00
I07827,U0940,C095,disliked,0.163,0.05,,2027-06-15T04:00:00
I07828,U0941,C053,completed,0.47,1.0,,2027-06-15T06:00:00
I07829,U0941,C051,quiz_passed,0.735,1.0,0.62,2027-06-15T08:00:00
I07830,U0941,C071,viewed,0.273,0.47,,2027-06-15T10:00:00
I07831,U0941,C092,viewed,0.518,0.47,0.399,2027-06-15T12:00:00
I07832,U0941,C044,completed,0.779,1.0,0.529,2027-06-15T14:00:00
I07833,U0941,C081,completed,0.742,1.0,0.515,2027-06-15T16:00:00
I07834,U0941,C003,viewed,0.366,0.29,0.413,2027-06-15T18:00:00
I07835,U0941,C099,viewed,0.276,0.074,,2027-06-15T20:00:00
I07836,U0941,C003,viewed,0.512,0.65,0.437,2027-06-15T22:00:00
I07837,U0942,C018,completed,0.473,1.0,,2027-06-16T00:00:00
I07838,U0942,C095,completed,0.702,1.0,0.409,2027-06-16T02:00:00
I07839,U0942,C025,viewed,0.461,0.63,0.351,2027-06-16T04:00:00
I07840,U0942,C099,viewed,0.298,0.073,,2027-06-16T06:00:00
I07841,U0942,C096,viewed,0.203,0.27,,2027-06-16T08:00:00
I07842,U0942,C061,viewed,0.418,0.45,0.386,2027-06-16T10:00:00
I07843,U0942,C001,viewed,0.474,0.67,0.343,2027-06-16T12:00:00
I07844,U0942,C048,completed,0.547,1.0,,2027-06-16T14:00:00
I07845,U0942,C057,quiz_passed,0.812,1.0,0.679,2027-06-16T16:00:00
I07846,U0942,C028,completed,0.482,1.0,,2027-06-16T18:00:00
I07847,U0942,C001,viewed,0.245,0.29,,2027-06-16T20:00:00
I07848,U0943,C011,viewed,0.548,0.49,0.515,2027-06-16T22:00:00
I07849,U0943,C065,completed,0.52,1.0,,2027-06-17T00:00:00
I07850,U0943,C035,completed,0.544,1.0,,2027-06-17T02:00:00
I07851,U0943,C076,quiz_passed,0.819,1.0,0.798,2027-06-17T04:00:00
I07852,U0944,C099,viewed,0.294,0.06,,2027-06-17T06:00:00
I07853,U0944,C025,viewed,0.206,0.033,,2027-06-17T08:00:00
I07854,U0945,C097,completed,0.512,1.0,,2027-06-17T10:00:00
I07855,U0945,C057,completed,0.474,1.0,,2027-06-17T12:00:00
I07856,U0945,C098,completed,0.566,1.0,,2027-06-17T14:00:00
I07857,U0945,C018,completed,0.8,1.0,0.61,2027-06-17T16:00:00
I07858,U0945,C006,completed,0.565,1.0,,2027-06-17T18:00:00
I07859,U0945,C072,completed,0.532,1.0,,2027-06-17T20:00:00
I07860,U0946,C098,viewed,0.444,0.54,0.406,2027-06-17T22:00:00
I07861,U0946,C006,quiz_passed,0.811,1.0,0.8,2027-06-18T00:00:00
I07862,U0946,C065,completed,0.576,1.0,,2027-06-18T02:00:00
I07863,U0946,C016,completed,0.805,1.0,0.792,2027-06-18T04:00:00
I07864,U0947,C002,quiz_passed,0.715,1.0,0.635,2027-06-18T06:00:00
I07865,U0947,C030,viewed,0.251,0.039,,2027-06-18T08:00:00
I07866,U0947,C097,completed,0.462,1.0,,2027-06-18T10:00:00
I07867,U0947,C005,viewed,0.259,0.062,,2027-06-18T12:00:00
I07868,U0948,C016,quiz_passed,0.803,1.0,0.752,2027-06-18T14:00:00
I07869,U0948,C046,completed,0.58,1.0,,2027-06-18T16:00:00
I07870,U0948,C081,viewed,0.172,0.005,,2027-06-18T18:00:00
I07871,U0948,C067,viewed,0.154,0.018,,2027-06-18T20:00:00
I07872,U0949,C099,quiz_passed,0.757,1.0,0.695,2027-06-18T22:00:00
I07873,U0949,C095,completed,0.563,1.0,,2027-06-19T00:00:00
I07874,U0949,C051,completed,0.519,1.0,,2027-06-19T02:00:00
I07875,U0949,C028,quiz_passed,0.923,1.0,0.883,2027-06-19T04:00:00
I07876,U0949,C082,completed,0.553,1.0,,2027-06-19T06:00:00
I07877,U0949,C051,completed,0.868,1.0,0.877,2027-06-19T08:00:00
I07878,U0949,C029,completed,0.56,1.0,,2027-06-19T10:00:00
I07879,U0949,C090,quiz_passed,0.842,1.0,0.746,2027-06-19T12:00:00
I07880,U0949,C035,quiz_passed,0.894,1.0,0.837,2027-06-19T14:00:00
I07881,U0949,C065,quiz_passed,0.693,0.69,0.695,2027-06-19T16:00:00
I07882,U0949,C085,completed,0.782,1.0,0.753,2027-06-19T18:00:00
I07883,U0949,C011,quiz_passed,0.853,1.0,0.823,2027-06-19T20:00:00
I07884,U0949,C057,quiz_passed,0.821,1.0,0.863,2027-06-19T22:00:00
I07885,U0950,C099,completed,0.736,1.0,0.526,2027-06-20T00:00:00
I07886,U0950,C043,completed,0.744,1.0,0.692,2027-06-20T02:00:00
I07887,U0951,C042,completed,0.475,1.0,,2027-06-20T04:00:00
I07888,U0951,C053,viewed,0.183,0.021,,2027-06-20T06:00:00
I07889,U0951,C071,completed,0.496,1.0,,2027-06-20T08:00:00
I07890,U0951,C011,viewed,0.289,0.38,,2027-06-20T10:00:00
I07891,U0951,C008,viewed,0.343,0.38,0.317,2027-06-20T12:00:00
I07892,U0951,C005,completed,0.707,1.0,0.518,2027-06-20T14:00:00
I07893,U0951,C071,viewed,0.153,0.066,,2027-06-20T16:00:00
I07894,U0951,C015,viewed,0.229,0.085,,2027-06-20T18:00:00
I07895,U0951,C090,viewed,0.124,0.025,,2027-06-20T20:00:00
I07896,U0951,C048,quiz_passed,0.831,1.0,0.639,2027-06-20T22:00:00
I07897,U0951,C095,viewed,0.356,0.58,,2027-06-21T00:00:00
I07898,U0951,C066,quiz_passed,0.727,1.0,0.657,2027-06-21T02:00:00
I07899,U0951,C057,viewed,0.383,0.47,0.313,2027-06-21T04:00:00
I07900,U0951,C042,completed,0.485,1.0,,2027-06-21T06:00:00
I07901,U0952,C099,viewed,0.106,0.074,,2027-06-21T08:00:00
I07902,U0952,C003,completed,0.735,1.0,0.596,2027-06-21T10:00:00
I07903,U0952,C091,completed,0.732,1.0,0.662,2027-06-21T12:00:00
I07904,U0952,C091,viewed,0.34,0.64,,2027-06-21T14:00:00
I07905,U0952,C091,completed,0.549,1.0,,2027-06-21T16:00:00
I07906,U0952,C028,viewed,0.463,0.47,0.366,2027-06-21T18:00:00
I07907,U0952,C029,viewed,0.407,0.3,0.354,2027-06-21T20:00:00
I07908,U0952,C081,viewed,0.187,0.29,,2027-06-21T22:00:00
I07909,U0952,C045,viewed,0.175,0.087,,2027-06-22T00:00:00
I07910,U0952,C013,completed,0.772,1.0,0.544,2027-06-22T02:00:00
I07911,U0952,C082,completed,0.482,1.0,,2027-06-22T04:00:00
I07912,U0952,C071,completed,0.791,1.0,0.574,2027-06-22T06:00:00
I07913,U0952,C001,viewed,0.361,0.64,,2027-06-22T08:00:00
I07914,U0952,C065,viewed,0.27,0.056,,2027-06-22T10:00:00
I07915,U0952,C010,viewed,0.48,0.57,0.215,2027-06-22T12:00:00
I07916,U0953,C082,completed,0.852,1.0,0.868,2027-06-22T14:00:00
I07917,U0953,C064,quiz_passed,0.662,0.55,0.692,2027-06-22T16:00:00
I07918,U0953,C098,completed,0.468,1.0,,2027-06-22T18:00:00
I07919,U0954,C099,viewed,0.262,0.012,,2027-06-22T20:00:00
I07920,U0954,C088,quiz_passed,0.75,1.0,0.604,2027-06-22T22:00:00
I07921,U0954,C073,quiz_passed,0.722,1.0,0.614,2027-06-23T00:00:00
I07922,U0954,C050,completed,0.466,1.0,,2027-06-23T02:00:00
I07923,U0954,C051,viewed,0.11,0.076,,2027-06-23T04:00:00
I07924,U0954,C090,viewed,0.311,0.35,,2027-06-23T06:00:00
I07925,U0954,C081,completed,0.499,1.0,,2027-06-23T08:00:00
I07926,U0954,C029,quiz_passed,0.752,1.0,0.675,2027-06-23T10:00:00
I07927,U0954,C075,viewed,0.253,0.066,,2027-06-23T12:00:00
I07928,U0954,C053,completed,0.557,1.0,,2027-06-23T14:00:00
I07929,U0954,C042,completed,0.509,1.0,,2027-06-23T16:00:00
I07930,U0954,C071,completed,0.543,1.0,,2027-06-23T18:00:00
I07931,U0954,C001,completed,0.797,1.0,0.694,2027-06-23T20:00:00
I07932,U0955,C011,viewed,0.403,0.6,,2027-06-23T22:00:00
I07933,U0955,C095,viewed,0.158,0.066,,2027-06-24T00:00:00
I07934,U0955,C071,disliked,0.174,0.07,,2027-06-24T02:00:00
I07935,U0955,C001,viewed,0.141,0.086,,2027-06-24T04:00:00
I07936,U0955,C050,completed,0.512,1.0,,2027-06-24T06:00:00
I07937,U0955,C028,quiz_passed,0.822,1.0,0.683,2027-06-24T08:00:00
I07938,U0955,C076,completed,0.497,1.0,,2027-06-24T10:00:00
I07939,U0955,C071,completed,0.714,1.0,0.582,2027-06-24T12:00:00
I07940,U0955,C009,completed,0.741,1.0,0.546,2027-06-24T14:00:00
I07941,U0955,C051,quiz_passed,0.775,1.0,0.695,2027-06-24T16:00:00
I07942,U0955,C088,viewed,0.329,0.64,,2027-06-24T18:00:00
I07943,U0956,C098,viewed,0.112,0.014,,2027-06-24T20:00:00
I07944,U0956,C099,completed,0.629,1.0,0.417,2027-06-24T22:00:00
I07945,U0956,C054,viewed,0.192,0.037,,2027-06-25T00:00:00
I07946,U0956,C054,completed,0.765,1.0,0.612,2027-06-25T02:00:00
I07947,U0956,C096,viewed,0.114,0.083,,2027-06-25T04:00:00
I07948,U0956,C001,viewed,0.198,0.038,,2027-06-25T06:00:00
I07949,U0957,C096,viewed,0.221,0.095,,2027-06-25T08:00:00
I07950,U0957,C098,viewed,0.154,0.066,,2027-06-25T10:00:00
I07951,U0958,C088,completed,0.88,1.0,0.772,2027-06-25T12:00:00
I07952,U0958,C002,completed,0.851,1.0,0.779,2027-06-25T14:00:00
I07953,U0958,C013,completed,0.512,1.0,,2027-06-25T16:00:00
I07954,U0959,C078,quiz_passed,0.846,1.0,0.788,2027-06-25T18:00:00
I07955,U0959,C003,completed,0.509,1.0,,2027-06-25T20:00:00
I07956,U0959,C073,completed,0.878,1.0,0.75,2027-06-25T22:00:00
I07957,U0959,C065,viewed,0.142,0.085,,2027-06-26T00:00:00
I07958,U0959,C061,completed,0.767,1.0,0.767,2027-06-26T02:00:00
I07959,U0959,C044,viewed,0.581,0.66,0.382,2027-06-26T04:00:00
I07960,U0959,C028,completed,0.555,1.0,,2027-06-26T06:00:00
I07961,U0959,C065,quiz_passed,0.762,1.0,0.708,2027-06-26T08:00:00
I07962,U0959,C090,completed,0.566,1.0,,2027-06-26T10:00:00
I07963,U0959,C050,viewed,0.186,0.071,,2027-06-26T12:00:00
I07964,U0959,C076,viewed,0.588,0.69,0.464,2027-06-26T14:00:00
I07965,U0959,C058,viewed,0.229,0.082,,2027-06-26T16:00:00
I07966,U0959,C098,completed,0.728,1.0,0.553,2027-06-26T18:00:00
I07967,U0960,C082,quiz_passed,0.827,1.0,0.651,2027-06-26T20:00:00
I07968,U0960,C099,viewed,0.146,0.028,,2027-06-26T22:00:00
I07969,U0960,C099,viewed,0.225,0.028,,2027-06-27T00:00:00
I07970,U0960,C048,viewed,0.197,0.037,,2027-06-27T02:00:00
I07971,U0960,C095,completed,0.736,1.0,0.494,2027-06-27T04:00:00
I07972,U0960,C047,completed,0.775,1.0,0.699,2027-06-27T06:00:00
I07973,U0961,C098,viewed,0.255,0.09,,2027-06-27T08:00:00
I07974,U0961,C061,completed,0.493,1.0,,2027-06-27T10:00:00
I07975,U0961,C076,viewed,0.431,0.4,0.377,2027-06-27T12:00:00
I07976,U0961,C051,completed,0.709,1.0,0.603,2027-06-27T14:00:00
I07977,U0961,C010,viewed,0.161,0.07,,2027-06-27T16:00:00
I07978,U0961,C061,disliked,0.313,0.14,0.322,2027-06-27T18:00:00
I07979,U0961,C013,viewed,0.266,0.042,,2027-06-27T20:00:00
I07980,U0961,C074,viewed,0.49,0.55,0.3,2027-06-27T22:00:00
I07981,U0961,C048,completed,0.535,1.0,,2027-06-28T00:00:00
I07982,U0961,C002,completed,0.769,1.0,0.573,2027-06-28T02:00:00
I07983,U0961,C061,completed,0.766,1.0,0.676,2027-06-28T04:00:00
I07984,U0961,C035,viewed,0.355,0.24,0.343,2027-06-28T06:00:00
I07985,U0961,C064,quiz_passed,0.832,1.0,0.696,2027-06-28T08:00:00
I07986,U0961,C081,viewed,0.25,0.22,,2027-06-28T10:00:00
I07987,U0962,C073,disliked,0.229,0.04,0.381,2027-06-28T12:00:00
I07988,U0962,C016,viewed,0.233,0.074,,2027-06-28T14:00:00
I07989,U0962,C095,completed,0.492,1.0,,2027-06-28T16:00:00
I07990,U0962,C092,completed,0.522,1.0,,2027-06-28T18:00:00
I07991,U0962,C064,completed,0.471,1.0,,2027-06-28T20:00:00
I07992,U0962,C096,completed,0.765,1.0,0.487,2027-06-28T22:00:00
I07993,U0962,C098,completed,0.57,1.0,,2027-06-29T00:00:00
I07994,U0963,C048,completed,0.477,1.0,,2027-06-29T02:00:00
I07995,U0963,C099,viewed,0.423,0.38,0.245,2027-06-29T04:00:00
I07996,U0963,C030,viewed,0.464,0.55,0.311,2027-06-29T06:00:00
I07997,U0963,C096,viewed,0.28,0.088,,2027-06-29T08:00:00
I07998,U0963,C092,disliked,0.141,0.03,,2027-06-29T10:00:00
I07999,U0963,C030,viewed,0.495,0.39,0.419,2027-06-29T12:00:00
I08000,U0963,C003,viewed,0.424,0.67,,2027-06-29T14:00:00
I08001,U0964,C051,viewed,0.382,0.3,0.482,2027-06-29T16:00:00
I08002,U0964,C010,completed,0.752,1.0,0.574,2027-06-29T18:00:00
I08003,U0965,C016,completed,0.489,1.0,,2027-06-29T20:00:00
I08004,U0965,C063,viewed,0.203,0.095,,2027-06-29T22:00:00
I08005,U0965,C048,disliked,0.316,0.1,0.429,2027-06-30T00:00:00
I08006,U0965,C073,viewed,0.4,0.47,0.362,2027-06-30T02:00:00
I08007,U0965,C074,completed,0.765,1.0,0.476,2027-06-30T04:00:00
I08008,U0965,C001,quiz_passed,0.813,1.0,0.689,2027-06-30T06:00:00
I08009,U0966,C072,disliked,0.298,0.18,0.318,2027-06-30T08:00:00
I08010,U0966,C095,viewed,0.11,0.093,,2027-06-30T10:00:00
I08011,U0966,C098,viewed,0.103,0.072,,2027-06-30T12:00:00
I08012,U0966,C098,completed,0.678,1.0,0.419,2027-06-30T14:00:00
I08013,U0966,C095,viewed,0.242,0.061,,2027-06-30T16:00:00
I08014,U0966,C047,viewed,0.225,0.048,,2027-06-30T18:00:00
I08015,U0966,C048,completed,0.484,1.0,,2027-06-30T20:00:00
I08016,U0966,C017,quiz_passed,0.753,1.0,0.639,2027-06-30T22:00:00
I08017,U0966,C096,completed,0.572,1.0,,2027-07-01T00:00:00
I08018,U0966,C096,viewed,0.461,0.49,0.238,2027-07-01T02:00:00
I08019,U0966,C095,completed,0.705,1.0,0.52,2027-07-01T04:00:00
I08020,U0966,C062,completed,0.783,1.0,0.546,2027-07-01T06:00:00
I08021,U0966,C057,quiz_passed,0.754,1.0,0.606,2027-07-01T08:00:00
I08022,U0967,C064,completed,0.533,1.0,,2027-07-01T10:00:00
I08023,U0967,C099,viewed,0.174,0.017,,2027-07-01T12:00:00
I08024,U0967,C015,viewed,0.462,0.31,0.413,2027-07-01T14:00:00
I08025,U0968,C051,completed,0.703,1.0,0.573,2027-07-01T16:00:00
I08026,U0968,C097,viewed,0.229,0.089,,2027-07-01T18:00:00
I08027,U0968,C016,completed,0.501,1.0,,2027-07-01T20:00:00
I08028,U0968,C043,completed,0.776,1.0,0.591,2027-07-01T22:00:00
I08029,U0968,C048,viewed,0.148,0.043,,2027-07-02T00:00:00
I08030,U0968,C072,viewed,0.232,0.039,,2027-07-02T02:00:00
I08031,U0968,C045,completed,0.577,1.0,,2027-07-02T04:00:00
I08032,U0968,C096,viewed,0.235,0.072,,2027-07-02T06:00:00
I08033,U0968,C081,completed,0.675,1.0,0.516,2027-07-02T08:00:00
I08034,U0968,C067,quiz_passed,0.81,1.0,0.69,2027-07-02T10:00:00
I08035,U0968,C003,quiz_passed,0.813,1.0,0.644,2027-07-02T12:00:00
I08036,U0968,C049,quiz_passed,0.747,1.0,0.62,2027-07-02T14:00:00
I08037,U0968,C006,completed,0.731,1.0,0.677,2027-07-02T16:00:00
I08038,U0969,C030,viewed,0.442,0.32,0.407,2027-07-02T18:00:00
I08039,U0969,C011,viewed,0.301,0.24,0.312,2027-07-02T20:00:00
I08040,U0969,C096,completed,0.754,1.0,0.5,2027-07-02T22:00:00
I08041,U0969,C096,viewed,0.24,0.044,,2027-07-03T00:00:00
I08042,U0969,C099,disliked,0.259,0.1,0.279,2027-07-03T02:00:00
I08043,U0969,C050,completed,0.487,1.0,,2027-07-03T04:00:00
I08044,U0969,C009,completed,0.466,1.0,,2027-07-03T06:00:00
I08045,U0969,C003,viewed,0.188,0.007,,2027-07-03T08:00:00
I08046,U0969,C090,viewed,0.116,0.003,,2027-07-03T10:00:00
I08047,U0969,C017,completed,0.512,1.0,,2027-07-03T12:00:00
I08048,U0969,C081,disliked,0.293,0.13,0.288,2027-07-03T14:00:00
I08049,U0970,C050,completed,0.488,1.0,,2027-07-03T16:00:00
I08050,U0970,C046,completed,0.564,1.0,,2027-07-03T18:00:00
I08051,U0970,C074,completed,0.556,1.0,,2027-07-03T20:00:00
I08052,U0970,C053,quiz_passed,0.884,1.0,0.865,2027-07-03T22:00:00
I08053,U0970,C064,completed,0.474,1.0,,2027-07-04T00:00:00
I08054,U0970,C006,quiz_passed,0.811,1.0,0.873,2027-07-04T02:00:00
I08055,U0971,C071,completed,0.85,1.0,0.713,2027-07-04T04:00:00
I08056,U0971,C047,completed,0.558,1.0,,2027-07-04T06:00:00
I08057,U0971,C006,completed,0.524,1.0,,2027-07-04T08:00:00
I08058,U0971,C081,completed,0.81,1.0,0.58,2027-07-04T10:00:00
I08059,U0971,C011,completed,0.841,1.0,0.721,2027-07-04T12:00:00
I08060,U0971,C071,quiz_passed,0.815,1.0,0.783,2027-07-04T14:00:00
I08061,U0971,C028,viewed,0.245,0.024,,2027-07-04T16:00:00
I08062,U0972,C065,completed,0.522,1.0,,2027-07-04T18:00:00
I08063,U0972,C063,completed,0.743,1.0,0.541,2027-07-04T20:00:00
I08064,U0972,C011,completed,0.828,1.0,0.626,2027-07-04T22:00:00
I08065,U0972,C002,completed,0.478,1.0,,2027-07-05T00:00:00
I08066,U0972,C062,viewed,0.211,0.028,,2027-07-05T02:00:00
I08067,U0972,C046,completed,0.572,1.0,,2027-07-05T04:00:00
I08068,U0972,C061,completed,0.462,1.0,,2027-07-05T06:00:00
I08069,U0972,C099,viewed,0.147,0.038,,2027-07-05T08:00:00
I08070,U0972,C062,completed,0.573,1.0,,2027-07-05T10:00:00
I08071,U0972,C018,completed,0.745,1.0,0.632,2027-07-05T12:00:00
I08072,U0972,C066,viewed,0.362,0.21,0.354,2027-07-05T14:00:00
I08073,U0973,C008,quiz_passed,0.829,1.0,0.829,2027-07-05T16:00:00
I08074,U0973,C061,completed,0.548,1.0,,2027-07-05T18:00:00
I08075,U0973,C075,completed,0.879,1.0,0.764,2027-07-05T20:00:00
I08076,U0973,C099,viewed,0.406,0.2,0.513,2027-07-05T22:00:00
I08077,U0973,C009,completed,0.512,1.0,,2027-07-06T00:00:00
I08078,U0973,C075,completed,0.483,1.0,,2027-07-06T02:00:00
I08079,U0973,C058,completed,0.472,1.0,,2027-07-06T04:00:00
I08080,U0974,C095,completed,0.483,1.0,,2027-07-06T06:00:00
I08081,U0974,C098,completed,0.864,1.0,0.778,2027-07-06T08:00:00
I08082,U0974,C049,quiz_passed,0.848,1.0,0.846,2027-07-06T10:00:00
I08083,U0974,C099,completed,0.487,1.0,,2027-07-06T12:00:00
I08084,U0974,C095,quiz_passed,0.795,1.0,0.715,2027-07-06T14:00:00
I08085,U0975,C001,viewed,0.422,0.23,0.437,2027-07-06T16:00:00
I08086,U0975,C046,completed,0.656,1.0,0.305,2027-07-06T18:00:00
I08087,U0975,C049,viewed,0.299,0.094,,2027-07-06T20:00:00
I08088,U0975,C015,completed,0.541,1.0,,2027-07-06T22:00:00
I08089,U0975,C016,viewed,0.259,0.47,,2027-07-07T00:00:00
I08090,U0975,C050,quiz_passed,0.767,1.0,0.691,2027-07-07T02:00:00
I08091,U0975,C046,completed,0.553,1.0,,2027-07-07T04:00:00
I08092,U0975,C029,completed,0.504,1.0,,2027-07-07T06:00:00
I08093,U0975,C099,viewed,0.105,0.046,,2027-07-07T08:00:00
I08094,U0975,C046,viewed,0.174,0.01,,2027-07-07T10:00:00
I08095,U0975,C065,completed,0.474,1.0,,2027-07-07T12:00:00
I08096,U0975,C015,disliked,0.317,0.17,0.399,2027-07-07T14:00:00
I08097,U0975,C081,completed,0.508,1.0,,2027-07-07T16:00:00
I08098,U0975,C013,completed,0.724,1.0,0.556,2027-07-07T18:00:00
I08099,U0976,C095,quiz_passed,0.819,1.0,0.617,2027-07-07T20:00:00
I08100,U0976,C067,quiz_passed,0.8,1.0,0.754,2027-07-07T22:00:00
I08101,U0976,C064,completed,0.533,1.0,,2027-07-08T00:00:00
I08102,U0976,C092,quiz_passed,0.776,1.0,0.739,2027-07-08T02:00:00
I08103,U0976,C029,completed,0.867,1.0,0.794,2027-07-08T04:00:00
I08104,U0976,C062,viewed,0.46,0.44,0.451,2027-07-08T06:00:00
I08105,U0976,C050,viewed,0.212,0.21,,2027-07-08T08:00:00
I08106,U0976,C088,quiz_passed,0.864,1.0,0.789,2027-07-08T10:00:00
I08107,U0976,C057,quiz_passed,0.857,1.0,0.783,2027-07-08T12:00:00
I08108,U0976,C017,quiz_passed,0.839,1.0,0.786,2027-07-08T14:00:00
I08109,U0976,C011,completed,0.787,1.0,0.743,2027-07-08T16:00:00
I08110,U0976,C098,viewed,0.162,0.003,,2027-07-08T18:00:00
I08111,U0976,C076,quiz_passed,0.877,1.0,0.792,2027-07-08T20:00:00
I08112,U0976,C046,viewed,0.133,0.054,,2027-07-08T22:00:00
I08113,U0977,C096,completed,0.494,1.0,,2027-07-09T00:00:00
I08114,U0977,C071,viewed,0.276,0.065,,2027-07-09T02:00:00
I08115,U0977,C057,quiz_passed,0.766,1.0,0.653,2027-07-09T04:00:00
I08116,U0977,C051,viewed,0.328,0.44,,2027-07-09T06:00:00
I08117,U0977,C003,viewed,0.196,0.035,,2027-07-09T08:00:00
I08118,U0977,C025,viewed,0.178,0.035,,2027-07-09T10:00:00
I08119,U0977,C009,completed,0.511,1.0,,2027-07-09T12:00:00
I08120,U0977,C061,viewed,0.384,0.22,0.315,2027-07-09T14:00:00
I08121,U0978,C067,viewed,0.244,0.28,,2027-07-09T16:00:00
I08122,U0978,C082,disliked,0.13,0.02,,2027-07-09T18:00:00
I08123,U0978,C016,quiz_passed,0.905,1.0,0.866,2027-07-09T20:00:00
I08124,U0978,C044,completed,0.797,1.0,0.795,2027-07-09T22:00:00
I08125,U0978,C044,completed,0.814,1.0,0.714,2027-07-10T00:00:00
I08126,U0978,C048,quiz_passed,0.525,0.25,0.68,2027-07-10T02:00:00
I08127,U0978,C047,disliked,0.19,0.17,,2027-07-10T04:00:00
I08128,U0979,C071,completed,0.771,1.0,0.582,2027-07-10T06:00:00
I08129,U0979,C050,disliked,0.166,0.03,,2027-07-10T08:00:00
I08130,U0979,C010,completed,0.497,1.0,,2027-07-10T10:00:00
I08131,U0979,C065,completed,0.496,1.0,,2027-07-10T12:00:00
I08132,U0979,C075,viewed,0.189,0.001,,2027-07-10T14:00:00
I08133,U0979,C010,viewed,0.261,0.07,,2027-07-10T16:00:00
I08134,U0979,C099,completed,0.709,1.0,0.413,2027-07-10T18:00:00
I08135,U0979,C071,completed,0.567,1.0,,2027-07-10T20:00:00
I08136,U0979,C045,completed,0.502,1.0,,2027-07-10T22:00:00
I08137,U0979,C071,completed,0.553,1.0,,2027-07-11T00:00:00
I08138,U0979,C053,completed,0.542,1.0,,2027-07-11T02:00:00
I08139,U0979,C090,completed,0.532,1.0,,2027-07-11T04:00:00
I08140,U0979,C050,completed,0.788,1.0,0.587,2027-07-11T06:00:00
I08141,U0979,C047,viewed,0.148,0.067,,2027-07-11T08:00:00
I08142,U0980,C072,completed,0.531,1.0,,2027-07-11T10:00:00
I08143,U0980,C042,completed,0.788,1.0,0.719,2027-07-11T12:00:00
I08144,U0980,C099,viewed,0.111,0.087,,2027-07-11T14:00:00
I08145,U0980,C096,disliked,0.133,0.14,,2027-07-11T16:00:00
I08146,U0980,C098,completed,0.74,1.0,0.566,2027-07-11T18:00:00
I08147,U0981,C097,quiz_passed,0.808,1.0,0.717,2027-07-11T20:00:00
I08148,U0981,C063,quiz_passed,0.834,1.0,0.722,2027-07-11T22:00:00
I08149,U0981,C028,quiz_passed,0.854,1.0,0.746,2027-07-12T00:00:00
I08150,U0981,C017,quiz_passed,0.844,1.0,0.755,2027-07-12T02:00:00
I08151,U0981,C065,completed,0.465,1.0,,2027-07-12T04:00:00
I08152,U0982,C092,quiz_passed,0.876,1.0,0.774,2027-07-12T06:00:00
I08153,U0982,C096,completed,0.766,1.0,0.667,2027-07-12T08:00:00
I08154,U0982,C096,viewed,0.239,0.03,,2027-07-12T10:00:00
I08155,U0982,C076,quiz_passed,0.858,1.0,0.706,2027-07-12T12:00:00
I08156,U0982,C046,completed,0.721,1.0,0.479,2027-07-12T14:00:00
I08157,U0982,C013,viewed,0.383,0.51,,2027-07-12T16:00:00
I08158,U0982,C016,completed,0.78,1.0,0.736,2027-07-12T18:00:00
I08159,U0982,C005,completed,0.477,1.0,,2027-07-12T20:00:00
I08160,U0982,C002,completed,0.578,1.0,,2027-07-12T22:00:00
I08161,U0982,C015,completed,0.577,1.0,,2027-07-13T00:00:00
I08162,U0982,C063,quiz_passed,0.772,1.0,0.702,2027-07-13T02:00:00
I08163,U0982,C069,quiz_passed,0.796,1.0,0.652,2027-07-13T04:00:00
I08164,U0982,C064,completed,0.53,1.0,,2027-07-13T06:00:00
I08165,U0983,C048,viewed,0.234,0.07,,2027-07-13T08:00:00
I08166,U0983,C048,quiz_passed,0.821,1.0,0.667,2027-07-13T10:00:00
I08167,U0983,C015,quiz_passed,0.839,1.0,0.696,2027-07-13T12:00:00
I08168,U0983,C051,completed,0.778,1.0,0.677,2027-07-13T14:00:00
I08169,U0983,C066,viewed,0.189,0.29,,2027-07-13T16:00:00
I08170,U0983,C081,viewed,0.271,0.27,0.248,2027-07-13T18:00:00
I08171,U0983,C074,viewed,0.282,0.068,,2027-07-13T20:00:00
I08172,U0983,C043,quiz_passed,0.852,1.0,0.702,2027-07-13T22:00:00
I08173,U0984,C002,completed,0.46,1.0,,2027-07-14T00:00:00
I08174,U0984,C090,viewed,0.23,0.099,,2027-07-14T02:00:00
I08175,U0984,C088,completed,0.786,1.0,0.547,2027-07-14T04:00:00
I08176,U0984,C045,completed,0.768,1.0,0.48,2027-07-14T06:00:00
I08177,U0984,C001,completed,0.558,1.0,,2027-07-14T08:00:00
I08178,U0984,C011,viewed,0.321,0.51,,2027-07-14T10:00:00
I08179,U0984,C043,viewed,0.229,0.005,,2027-07-14T12:00:00
I08180,U0984,C043,quiz_passed,0.752,1.0,0.631,2027-07-14T14:00:00
I08181,U0984,C016,viewed,0.114,0.023,,2027-07-14T16:00:00
I08182,U0984,C098,viewed,0.193,0.084,,2027-07-14T18:00:00
I08183,U0984,C028,viewed,0.27,0.025,,2027-07-14T20:00:00
I08184,U0985,C067,viewed,0.273,0.069,,2027-07-14T22:00:00
I08185,U0985,C095,completed,0.733,1.0,0.575,2027-07-15T00:00:00
I08186,U0985,C053,viewed,0.237,0.059,,2027-07-15T02:00:00
I08187,U0985,C066,viewed,0.26,0.025,,2027-07-15T04:00:00
I08188,U0985,C082,quiz_passed,0.784,1.0,0.777,2027-07-15T06:00:00
I08189,U0985,C062,disliked,0.332,0.11,0.463,2027-07-15T08:00:00
I08190,U0985,C054,viewed,0.2,0.061,,2027-07-15T10:00:00
I08191,U0985,C049,quiz_passed,0.812,1.0,0.777,2027-07-15T12:00:00
I08192,U0985,C004,viewed,0.283,0.05,,2027-07-15T14:00:00
I08193,U0986,C073,completed,0.809,1.0,0.827,2027-07-15T16:00:00
I08194,U0986,C095,viewed,0.499,0.44,0.468,2027-07-15T18:00:00
I08195,U0986,C015,completed,0.53,1.0,,2027-07-15T20:00:00
I08196,U0986,C091,quiz_passed,0.85,1.0,0.878,2027-07-15T22:00:00
I08197,U0986,C035,completed,0.896,1.0,0.849,2027-07-16T00:00:00
I08198,U0986,C063,quiz_passed,0.864,1.0,0.829,2027-07-16T02:00:00
I08199,U0986,C035,completed,0.548,1.0,,2027-07-16T04:00:00
I08200,U0986,C001,completed,0.512,1.0,,2027-07-16T06:00:00
I08201,U0986,C075,completed,0.51,1.0,,2027-07-16T08:00:00
I08202,U0987,C006,quiz_passed,0.843,1.0,0.873,2027-07-16T10:00:00
I08203,U0987,C098,completed,0.871,1.0,0.752,2027-07-16T12:00:00
I08204,U0987,C063,quiz_passed,0.882,1.0,0.839,2027-07-16T14:00:00
I08205,U0987,C091,completed,0.494,1.0,,2027-07-16T16:00:00
I08206,U0987,C045,quiz_passed,0.77,1.0,0.749,2027-07-16T18:00:00
I08207,U0987,C044,completed,0.82,1.0,0.752,2027-07-16T20:00:00
I08208,U0988,C099,completed,0.778,1.0,0.741,2027-07-16T22:00:00
I08209,U0988,C096,quiz_passed,0.741,1.0,0.695,2027-07-17T00:00:00
I08210,U0988,C057,completed,0.503,1.0,,2027-07-17T02:00:00
I08211,U0988,C098,completed,0.787,1.0,0.782,2027-07-17T04:00:00
I08212,U0988,C015,completed,0.549,1.0,,2027-07-17T06:00:00
I08213,U0988,C008,completed,0.473,1.0,,2027-07-17T08:00:00
I08214,U0988,C072,completed,0.56,1.0,,2027-07-17T10:00:00
I08215,U0988,C005,completed,0.57,1.0,,2027-07-17T12:00:00
I08216,U0988,C016,completed,0.827,1.0,0.831,2027-07-17T14:00:00
I08217,U0988,C013,quiz_passed,0.847,1.0,0.8,2027-07-17T16:00:00
I08218,U0988,C076,quiz_passed,0.853,1.0,0.881,2027-07-17T18:00:00
I08219,U0988,C092,completed,0.574,1.0,,2027-07-17T20:00:00
I08220,U0988,C045,quiz_passed,0.869,1.0,0.8,2027-07-17T22:00:00
I08221,U0988,C081,quiz_passed,0.874,1.0,0.805,2027-07-18T00:00:00
I08222,U0989,C099,viewed,0.29,0.04,,2027-07-18T02:00:00
I08223,U0989,C099,viewed,0.204,0.27,,2027-07-18T04:00:00
I08224,U0989,C042,viewed,0.589,0.64,0.392,2027-07-18T06:00:00
I08225,U0989,C048,completed,0.527,1.0,,2027-07-18T08:00:00
I08226,U0989,C028,completed,0.563,1.0,,2027-07-18T10:00:00
I08227,U0989,C073,quiz_passed,0.783,1.0,0.677,2027-07-18T12:00:00
I08228,U0989,C095,viewed,0.279,0.045,,2027-07-18T14:00:00
I08229,U0989,C099,viewed,0.378,0.58,,2027-07-18T16:00:00
I08230,U0989,C099,completed,0.713,1.0,0.454,2027-07-18T18:00:00
I08231,U0989,C016,viewed,0.146,0.09,,2027-07-18T20:00:00
I08232,U0989,C016,viewed,0.241,0.025,,2027-07-18T22:00:00
I08233,U0989,C082,completed,0.515,1.0,,2027-07-19T00:00:00
I08234,U0989,C030,quiz_passed,0.737,1.0,0.668,2027-07-19T02:00:00
I08235,U0990,C048,completed,0.494,1.0,,2027-07-19T04:00:00
I08236,U0990,C057,completed,0.528,1.0,,2027-07-19T06:00:00
I08237,U0990,C067,viewed,0.213,0.21,,2027-07-19T08:00:00
I08238,U0990,C008,completed,0.515,1.0,,2027-07-19T10:00:00
I08239,U0991,C071,quiz_passed,0.807,1.0,0.645,2027-07-19T12:00:00
I08240,U0991,C042,viewed,0.451,0.4,0.388,2027-07-19T14:00:00
I08241,U0991,C048,viewed,0.14,0.097,,2027-07-19T16:00:00
I08242,U0991,C006,viewed,0.276,0.088,,2027-07-19T18:00:00
I08243,U0991,C010,disliked,0.089,0.0,,2027-07-19T20:00:00
I08244,U0991,C075,completed,0.768,1.0,0.47,2027-07-19T22:00:00
I08245,U0991,C045,viewed,0.319,0.4,,2027-07-20T00:00:00
I08246,U0991,C001,completed,0.505,1.0,,2027-07-20T02:00:00
I08247,U0991,C066,viewed,0.156,0.066,,2027-07-20T04:00:00
I08248,U0991,C018,completed,0.508,1.0,,2027-07-20T06:00:00
I08249,U0991,C013,viewed,0.173,0.014,,2027-07-20T08:00:00
I08250,U0991,C074,completed,0.529,1.0,,2027-07-20T10:00:00
I08251,U0991,C090,viewed,0.232,0.023,,2027-07-20T12:00:00
I08252,U0991,C082,completed,0.76,1.0,0.623,2027-07-20T14:00:00
I08253,U0991,C042,quiz_passed,0.735,1.0,0.68,2027-07-20T16:00:00
I08254,U0992,C091,viewed,0.133,0.008,,2027-07-20T18:00:00
I08255,U0992,C099,viewed,0.181,0.064,,2027-07-20T20:00:00
I08256,U0992,C018,completed,0.764,1.0,0.76,2027-07-20T22:00:00
I08257,U0992,C098,completed,0.532,1.0,,2027-07-21T00:00:00
I08258,U0992,C001,completed,0.766,1.0,0.743,2027-07-21T02:00:00
I08259,U0992,C005,completed,0.578,1.0,,2027-07-21T04:00:00
I08260,U0992,C015,quiz_passed,0.794,1.0,0.752,2027-07-21T06:00:00
I08261,U0992,C010,viewed,0.361,0.25,0.441,2027-07-21T08:00:00
I08262,U0992,C010,completed,0.563,1.0,,2027-07-21T10:00:00
I08263,U0993,C071,completed,0.483,1.0,,2027-07-21T12:00:00
I08264,U0993,C011,quiz_passed,0.82,1.0,0.869,2027-07-21T14:00:00
I08265,U0993,C002,completed,0.507,1.0,,2027-07-21T16:00:00
I08266,U0993,C051,completed,0.558,1.0,,2027-07-21T18:00:00
I08267,U0993,C046,completed,0.782,1.0,0.674,2027-07-21T20:00:00
I08268,U0994,C096,viewed,0.149,0.075,,2027-07-21T22:00:00
I08269,U0994,C043,completed,0.83,1.0,0.724,2027-07-22T00:00:00
I08270,U0994,C011,quiz_passed,0.875,1.0,0.749,2027-07-22T02:00:00
I08271,U0994,C065,quiz_passed,0.863,1.0,0.796,2027-07-22T04:00:00
I08272,U0994,C047,completed,0.468,1.0,,2027-07-22T06:00:00
I08273,U0994,C075,completed,0.551,1.0,,2027-07-22T08:00:00
I08274,U0994,C045,completed,0.712,1.0,0.585,2027-07-22T10:00:00
I08275,U0994,C015,completed,0.875,1.0,0.766,2027-07-22T12:00:00
I08276,U0994,C017,viewed,0.166,0.006,,2027-07-22T14:00:00
I08277,U0994,C016,completed,0.868,1.0,0.776,2027-07-22T16:00:00
I08278,U0994,C035,completed,0.471,1.0,,2027-07-22T18:00:00
I08279,U0994,C015,quiz_passed,0.803,1.0,0.795,2027-07-22T20:00:00
I08280,U0994,C082,quiz_passed,0.847,1.0,0.755,2027-07-22T22:00:00
I08281,U0994,C046,viewed,0.266,0.045,,2027-07-23T00:00:00
I08282,U0994,C067,quiz_passed,0.817,1.0,0.792,2027-07-23T02:00:00
I08283,U0995,C006,quiz_passed,0.762,1.0,0.735,2027-07-23T04:00:00
I08284,U0995,C067,quiz_passed,0.814,1.0,0.734,2027-07-23T06:00:00
I08285,U0995,C095,completed,0.799,1.0,0.584,2027-07-23T08:00:00
I08286,U0996,C095,completed,0.703,1.0,0.47,2027-07-23T10:00:00
I08287,U0996,C073,viewed,0.265,0.05,,2027-07-23T12:00:00
I08288,U0996,C096,completed,0.755,1.0,0.464,2027-07-23T14:00:00
I08289,U0996,C042,completed,0.739,1.0,0.593,2027-07-23T16:00:00
I08290,U0996,C049,quiz_passed,0.814,1.0,0.626,2027-07-23T18:00:00
I08291,U0996,C015,disliked,0.254,0.08,0.332,2027-07-23T20:00:00
I08292,U0996,C045,viewed,0.357,0.53,,2027-07-23T22:00:00
I08293,U0996,C065,quiz_passed,0.748,1.0,0.634,2027-07-24T00:00:00
I08294,U0997,C082,quiz_passed,0.813,1.0,0.786,2027-07-24T02:00:00
I08295,U0997,C095,completed,0.741,1.0,0.542,2027-07-24T04:00:00
I08296,U0997,C082,completed,0.837,1.0,0.782,2027-07-24T06:00:00
I08297,U0997,C099,completed,0.76,1.0,0.603,2027-07-24T08:00:00
I08298,U0997,C082,completed,0.492,1.0,,2027-07-24T10:00:00
I08299,U0997,C018,quiz_passed,0.786,1.0,0.803,2027-07-24T12:00:00
I08300,U0998,C064,completed,0.575,1.0,,2027-07-24T14:00:00
I08301,U0998,C076,quiz_passed,0.801,1.0,0.701,2027-07-24T16:00:00
I08302,U0998,C051,completed,0.541,1.0,,2027-07-24T18:00:00
I08303,U0998,C018,viewed,0.529,0.6,0.314,2027-07-24T20:00:00
I08304,U0998,C051,viewed,0.273,0.073,,2027-07-24T22:00:00
I08305,U0998,C013,viewed,0.412,0.35,0.287,2027-07-25T00:00:00
I08306,U0998,C028,disliked,0.206,0.11,,2027-07-25T02:00:00
I08307,U0998,C044,viewed,0.272,0.07,,2027-07-25T04:00:00
I08308,U0999,C042,quiz_passed,0.803,1.0,0.658,2027-07-25T06:00:00
I08309,U0999,C095,completed,0.58,1.0,,2027-07-25T08:00:00
I08310,U0999,C099,completed,0.7,1.0,0.416,2027-07-25T10:00:00
I08311,U0999,C098,completed,0.785,1.0,0.524,2027-07-25T12:00:00
I08312,U0999,C030,viewed,0.289,0.095,,2027-07-25T14:00:00
I08313,U0999,C001,completed,0.754,1.0,0.592,2027-07-25T16:00:00
I08314,U0999,C016,viewed,0.184,0.023,,2027-07-25T18:00:00
I08315,U0999,C006,completed,0.753,1.0,0.595,2027-07-25T20:00:00
I08316,U0999,C047,completed,0.476,1.0,,2027-07-25T22:00:00
I08317,U0999,C092,quiz_passed,0.839,1.0,0.682,2027-07-26T00:00:00
I08318,U0999,C051,completed,0.83,1.0,0.663,2027-07-26T02:00:00
I08319,U0999,C042,viewed,0.277,0.33,,2027-07-26T04:00:00
I08320,U0999,C074,viewed,0.166,0.006,,2027-07-26T06:00:00
I08321,U1000,C066,completed,0.472,1.0,,2027-07-26T08:00:00
I08322,U1000,C016,completed,0.53,1.0,,2027-07-26T10:00:00
I08323,U1000,C071,quiz_passed,0.786,1.0,0.747,2027-07-26T12:00:00
I08324,U1000,C046,completed,0.649,1.0,0.443,2027-07-26T14:00:00
I08325,U1000,C090,completed,0.495,1.0,,2027-07-26T16:00:00
I08326,U1000,C015,quiz_passed,0.858,1.0,0.777,2027-07-26T18:00:00
I08327,U1000,C003,quiz_passed,0.784,1.0,0.731,2027-07-26T20:00:00
I08328,U1000,C097,quiz_passed,0.804,1.0,0.775,2027-07-26T22:00:00
I08329,U1000,C096,completed,0.747,1.0,0.601,2027-07-27T00:00:00
I08330,U1000,C011,completed,0.5,1.0,,2027-07-27T02:00:00
I08331,U1000,C049,completed,0.577,1.0,,2027-07-27T04:00:00
I08332,U1000,C003,completed,0.501,1.0,,2027-07-27T06:00:00
I08333,U1000,C064,quiz_passed,0.869,1.0,0.737,2027-07-27T08:00:00
I08334,U1000,C071,quiz_passed,0.795,1.0,0.768,2027-07-27T10:00:00
I08335,U1001,C088,viewed,0.517,0.55,0.484,2027-07-27T12:00:00
I08336,U1001,C006,completed,0.477,1.0,,2027-07-27T14:00:00
I08337,U1001,C079,completed,0.717,1.0,0.555,2027-07-27T16:00:00
I08338,U1001,C091,quiz_passed,0.888,1.0,0.807,2027-07-27T18:00:00
I08339,U1001,C053,quiz_passed,0.76,1.0,0.744,2027-07-27T20:00:00
I08340,U1001,C006,quiz_passed,0.779,1.0,0.756,2027-07-27T22:00:00
I08341,U1001,C018,completed,0.513,1.0,,2027-07-28T00:00:00
I08342,U1001,C082,quiz_passed,0.808,1.0,0.774,2027-07-28T02:00:00
I08343,U1001,C005,completed,0.561,1.0,,2027-07-28T04:00:00
I08344,U1001,C044,completed,0.556,1.0,,2027-07-28T06:00:00
I08345,U1001,C005,completed,0.522,1.0,,2027-07-28T08:00:00
I08346,U1001,C088,completed,0.821,1.0,0.757,2027-07-28T10:00:00
I08347,U1001,C016,completed,0.547,1.0,,2027-07-28T12:00:00
I08348,U1001,C053,completed,0.84,1.0,0.808,2027-07-28T14:00:00
I08349,U1001,C016,completed,0.55,1.0,,2027-07-28T16:00:00
I08350,U1002,C006,completed,0.497,1.0,,2027-07-28T18:00:00
I08351,U1002,C099,completed,0.519,1.0,,2027-07-28T20:00:00
I08352,U1002,C028,viewed,0.463,0.49,0.5,2027-07-28T22:00:00
I08353,U1002,C050,completed,0.534,1.0,,2027-07-29T00:00:00
I08354,U1002,C051,completed,0.811,1.0,0.782,2027-07-29T02:00:00
I08355,U1002,C046,viewed,0.101,0.087,,2027-07-29T04:00:00
I08356,U1002,C073,quiz_passed,0.877,1.0,0.793,2027-07-29T06:00:00
I08357,U1003,C098,viewed,0.212,0.026,,2027-07-29T08:00:00
I08358,U1003,C096,completed,0.474,1.0,,2027-07-29T10:00:00
I08359,U1003,C054,completed,0.521,1.0,,2027-07-29T12:00:00
I08360,U1003,C096,viewed,0.369,0.41,0.231,2027-07-29T14:00:00
I08361,U1003,C028,viewed,0.291,0.072,,2027-07-29T16:00:00
I08362,U1003,C071,viewed,0.604,0.64,0.435,2027-07-29T18:00:00
I08363,U1003,C029,quiz_passed,0.756,1.0,0.61,2027-07-29T20:00:00
I08364,U1003,C054,disliked,0.151,0.03,,2027-07-29T22:00:00
I08365,U1003,C002,completed,0.502,1.0,,2027-07-30T00:00:00
I08366,U1003,C067,quiz_passed,0.758,1.0,0.636,2027-07-30T02:00:00
I08367,U1003,C090,viewed,0.464,0.51,0.21,2027-07-30T04:00:00
I08368,U1003,C096,viewed,0.287,0.064,,2027-07-30T06:00:00
I08369,U1003,C091,viewed,0.402,0.67,,2027-07-30T08:00:00
I08370,U1003,C047,viewed,0.423,0.37,0.414,2027-07-30T10:00:00
I08371,U1004,C071,disliked,0.301,0.03,0.353,2027-07-30T12:00:00
I08372,U1004,C045,completed,0.733,1.0,0.444,2027-07-30T14:00:00
I08373,U1004,C071,completed,0.501,1.0,,2027-07-30T16:00:00
I08374,U1004,C092,quiz_passed,0.733,1.0,0.616,2027-07-30T18:00:00
I08375,U1004,C001,completed,0.488,1.0,,2027-07-30T20:00:00
I08376,U1004,C003,completed,0.541,1.0,,2027-07-30T22:00:00
I08377,U1004,C091,viewed,0.501,0.58,0.34,2027-07-31T00:00:00
I08378,U1005,C017,completed,0.73,1.0,0.603,2027-07-31T02:00:00
I08379,U1005,C097,quiz_passed,0.744,1.0,0.617,2027-07-31T04:00:00
I08380,U1005,C076,viewed,0.217,0.04,,2027-07-31T06:00:00
I08381,U1005,C073,viewed,0.158,0.006,,2027-07-31T08:00:00
I08382,U1005,C072,viewed,0.283,0.098,,2027-07-31T10:00:00
I08383,U1005,C095,completed,0.696,1.0,0.417,2027-07-31T12:00:00
I08384,U1005,C042,completed,0.772,1.0,0.678,2027-07-31T14:00:00
I08385,U1005,C028,completed,0.477,1.0,,2027-07-31T16:00:00
I08386,U1005,C099,viewed,0.276,0.034,,2027-07-31T18:00:00
I08387,U1005,C096,completed,0.683,1.0,0.517,2027-07-31T20:00:00
I08388,U1005,C064,completed,0.552,1.0,,2027-07-31T22:00:00
I08389,U1005,C058,quiz_passed,0.813,1.0,0.611,2027-08-01T00:00:00
I08390,U1005,C019,viewed,0.204,0.021,,2027-08-01T02:00:00
I08391,U1006,C096,viewed,0.205,0.093,,2027-08-01T04:00:00
I08392,U1006,C076,viewed,0.35,0.51,,2027-08-01T06:00:00
I08393,U1006,C082,completed,0.735,1.0,0.584,2027-08-01T08:00:00
I08394,U1006,C006,disliked,0.174,0.15,,2027-08-01T10:00:00
I08395,U1006,C057,viewed,0.419,0.4,0.389,2027-08-01T12:00:00
I08396,U1006,C095,viewed,0.504,0.59,0.29,2027-08-01T14:00:00
I08397,U1006,C057,viewed,0.271,0.29,,2027-08-01T16:00:00
I08398,U1006,C051,quiz_passed,0.797,1.0,0.617,2027-08-01T18:00:00
I08399,U1006,C075,completed,0.681,1.0,0.436,2027-08-01T20:00:00
I08400,U1006,C063,completed,0.502,1.0,,2027-08-01T22:00:00
I08401,U1006,C092,viewed,0.242,0.4,,2027-08-02T00:00:00
I08402,U1006,C042,disliked,0.09,0.07,,2027-08-02T02:00:00
I08403,U1006,C048,quiz_passed,0.803,1.0,0.653,2027-08-02T04:00:00
I08404,U1006,C072,completed,0.546,1.0,,2027-08-02T06:00:00
I08405,U1006,C082,viewed,0.254,0.03,,2027-08-02T08:00:00
I08406,U1007,C066,viewed,0.279,0.042,,2027-08-02T10:00:00
I08407,U1007,C096,completed,0.685,1.0,0.464,2027-08-02T12:00:00
I08408,U1007,C072,quiz_passed,0.776,1.0,0.685,2027-08-02T14:00:00
I08409,U1007,C053,completed,0.838,1.0,0.664,2027-08-02T16:00:00
I08410,U1007,C072,viewed,0.17,0.087,,2027-08-02T18:00:00
I08411,U1007,C011,viewed,0.297,0.59,,2027-08-02T20:00:00
I08412,U1007,C002,completed,0.533,1.0,,2027-08-02T22:00:00
I08413,U1007,C008,disliked,0.357,0.08,0.43,2027-08-03T00:00:00
I08414,U1007,C049,viewed,0.537,0.61,0.337,2027-08-03T02:00:00
I08415,U1007,C054,quiz_passed,0.746,1.0,0.64,2027-08-03T04:00:00
I08416,U1007,C090,viewed,0.105,0.094,,2027-08-03T06:00:00
I08417,U1007,C054,viewed,0.239,0.33,,2027-08-03T08:00:00
I08418,U1007,C090,viewed,0.224,0.005,,2027-08-03T10:00:00
I08419,U1007,C071,disliked,0.194,0.13,,2027-08-03T12:00:00
I08420,U1007,C044,completed,0.702,1.0,0.501,2027-08-03T14:00:00
I08421,U1008,C002,completed,0.484,1.0,,2027-08-03T16:00:00
I08422,U1008,C075,completed,0.497,1.0,,2027-08-03T18:00:00
I08423,U1008,C098,completed,0.796,1.0,0.735,2027-08-03T20:00:00
I08424,U1008,C090,completed,0.482,1.0,,2027-08-03T22:00:00
I08425,U1009,C066,completed,0.535,1.0,,2027-08-04T00:00:00
I08426,U1009,C092,completed,0.476,1.0,,2027-08-04T02:00:00
I08427,U1009,C095,disliked,0.341,0.19,0.315,2027-08-04T04:00:00
I08428,U1009,C073,quiz_passed,0.784,1.0,0.708,2027-08-04T06:00:00
I08429,U1009,C061,quiz_passed,0.804,1.0,0.725,2027-08-04T08:00:00
I08430,U1009,C071,completed,0.804,1.0,0.778,2027-08-04T10:00:00
I08431,U1009,C075,disliked,0.253,0.04,0.323,2027-08-04T12:00:00
I08432,U1009,C054,viewed,0.494,0.57,0.465,2027-08-04T14:00:00
I08433,U1009,C046,viewed,0.108,0.095,,2027-08-04T16:00:00
I08434,U1009,C006,completed,0.772,1.0,0.716,2027-08-04T18:00:00
I08435,U1009,C017,quiz_passed,0.816,1.0,0.722,2027-08-04T20:00:00
I08436,U1009,C045,quiz_passed,0.732,1.0,0.651,2027-08-04T22:00:00
I08437,U1009,C035,viewed,0.142,0.027,,2027-08-05T00:00:00
I08438,U1010,C091,completed,0.497,1.0,,2027-08-05T02:00:00
I08439,U1010,C048,quiz_passed,0.839,1.0,0.706,2027-08-05T04:00:00
I08440,U1010,C046,viewed,0.291,0.51,,2027-08-05T06:00:00
I08441,U1010,C050,completed,0.466,1.0,,2027-08-05T08:00:00
I08442,U1010,C002,completed,0.575,1.0,,2027-08-05T10:00:00
I08443,U1010,C025,viewed,0.263,0.024,,2027-08-05T12:00:00
I08444,U1010,C044,viewed,0.308,0.36,0.231,2027-08-05T14:00:00
I08445,U1010,C013,viewed,0.191,0.008,,2027-08-05T16:00:00
I08446,U1010,C009,viewed,0.16,0.033,,2027-08-05T18:00:00
I08447,U1010,C017,completed,0.517,1.0,,2027-08-05T20:00:00
I08448,U1011,C098,completed,0.488,1.0,,2027-08-05T22:00:00
I08449,U1011,C064,completed,0.487,1.0,,2027-08-06T00:00:00
I08450,U1011,C002,viewed,0.194,0.012,,2027-08-06T02:00:00
I08451,U1011,C011,completed,0.49,1.0,,2027-08-06T04:00:00
I08452,U1011,C002,completed,0.848,1.0,0.75,2027-08-06T06:00:00
I08453,U1011,C005,quiz_passed,0.773,1.0,0.627,2027-08-06T08:00:00
I08454,U1011,C045,viewed,0.249,0.073,,2027-08-06T10:00:00
I08455,U1011,C075,viewed,0.42,0.28,0.41,2027-08-06T12:00:00
I08456,U1012,C098,completed,0.8,1.0,0.586,2027-08-06T14:00:00
I08457,U1012,C003,viewed,0.158,0.094,,2027-08-06T16:00:00
I08458,U1012,C030,quiz_passed,0.842,1.0,0.713,2027-08-06T18:00:00
I08459,U1012,C025,completed,0.524,1.0,,2027-08-06T20:00:00
I08460,U1013,C073,completed,0.861,1.0,0.739,2027-08-06T22:00:00
I08461,U1013,C061,quiz_passed,0.82,1.0,0.771,2027-08-07T00:00:00
I08462,U1014,C047,completed,0.491,1.0,,2027-08-07T02:00:00
I08463,U1014,C096,viewed,0.268,0.087,,2027-08-07T04:00:00
I08464,U1014,C067,disliked,0.124,0.15,,2027-08-07T06:00:00
I08465,U1014,C043,viewed,0.137,0.064,,2027-08-07T08:00:00
I08466,U1014,C096,viewed,0.134,0.057,,2027-08-07T10:00:00
I08467,U1014,C095,viewed,0.295,0.023,,2027-08-07T12:00:00
I08468,U1014,C066,completed,0.73,1.0,0.574,2027-08-07T14:00:00
I08469,U1015,C095,disliked,0.187,0.13,,2027-08-07T16:00:00
I08470,U1015,C015,completed,0.545,1.0,,2027-08-07T18:00:00
I08471,U1015,C017,completed,0.835,1.0,0.639,2027-08-07T20:00:00
I08472,U1015,C028,completed,0.49,1.0,,2027-08-07T22:00:00
I08473,U1015,C095,viewed,0.122,0.044,,2027-08-08T00:00:00
I08474,U1015,C066,disliked,0.363,0.19,0.313,2027-08-08T02:00:00
I08475,U1015,C016,completed,0.575,1.0,,2027-08-08T04:00:00
I08476,U1015,C044,viewed,0.104,0.078,,2027-08-08T06:00:00
I08477,U1015,C082,quiz_passed,0.764,1.0,0.657,2027-08-08T08:00:00
I08478,U1015,C018,completed,0.521,1.0,,2027-08-08T10:00:00
I08479,U1016,C063,completed,0.574,1.0,,2027-08-08T12:00:00
I08480,U1016,C043,completed,0.559,1.0,,2027-08-08T14:00:00
I08481,U1016,C028,viewed,0.136,0.044,,2027-08-08T16:00:00
I08482,U1016,C076,completed,0.511,1.0,,2027-08-08T18:00:00
I08483,U1016,C053,quiz_passed,0.844,1.0,0.661,2027-08-08T20:00:00
I08484,U1016,C049,completed,0.688,1.0,0.549,2027-08-08T22:00:00
I08485,U1017,C009,viewed,0.453,0.4,0.414,2027-08-09T00:00:00
I08486,U1017,C095,viewed,0.235,0.028,,2027-08-09T02:00:00
I08487,U1017,C095,viewed,0.335,0.54,,2027-08-09T04:00:00
I08488,U1017,C091,completed,0.469,1.0,,2027-08-09T06:00:00
I08489,U1017,C082,quiz_passed,0.84,1.0,0.691,2027-08-09T08:00:00
I08490,U1017,C073,viewed,0.244,0.046,,2027-08-09T10:00:00
I08491,U1017,C073,disliked,0.381,0.16,0.349,2027-08-09T12:00:00
I08492,U1018,C047,quiz_passed,0.84,1.0,0.86,2027-08-09T14:00:00
I08493,U1018,C051,completed,0.549,1.0,,2027-08-09T16:00:00
I08494,U1018,C058,quiz_passed,0.799,1.0,0.819,2027-08-09T18:00:00
I08495,U1018,C001,completed,0.804,1.0,0.826,2027-08-09T20:00:00
I08496,U1018,C051,quiz_passed,0.91,1.0,0.878,2027-08-09T22:00:00
I08497,U1018,C025,quiz_passed,0.895,1.0,0.867,2027-08-10T00:00:00
I08498,U1018,C074,completed,0.487,1.0,,2027-08-10T02:00:00
I08499,U1018,C005,quiz_passed,0.781,1.0,0.733,2027-08-10T04:00:00
I08500,U1018,C013,completed,0.481,1.0,,2027-08-10T06:00:00
I08501,U1018,C010,completed,0.484,1.0,,2027-08-10T08:00:00
I08502,U1018,C011,completed,0.487,1.0,,2027-08-10T10:00:00
I08503,U1018,C030,completed,0.557,1.0,,2027-08-10T12:00:00
I08504,U1018,C049,quiz_passed,0.85,1.0,0.804,2027-08-10T14:00:00
I08505,U1018,C044,quiz_passed,0.763,1.0,0.718,2027-08-10T16:00:00
I08506,U1019,C017,disliked,0.152,0.18,,2027-08-10T18:00:00
I08507,U1019,C096,viewed,0.2,0.018,,2027-08-10T20:00:00
I08508,U1020,C053,viewed,0.402,0.26,0.431,2027-08-10T22:00:00
I08509,U1020,C082,quiz_passed,0.776,1.0,0.655,2027-08-11T00:00:00
I08510,U1020,C076,viewed,0.33,0.38,,2027-08-11T02:00:00
I08511,U1020,C082,completed,0.516,1.0,,2027-08-11T04:00:00
I08512,U1021,C028,quiz_passed,0.818,1.0,0.697,2027-08-11T06:00:00
I08513,U1021,C062,quiz_passed,0.818,1.0,0.61,2027-08-11T08:00:00
I08514,U1022,C047,quiz_passed,0.777,1.0,0.767,2027-08-11T10:00:00
I08515,U1022,C015,quiz_passed,0.779,1.0,0.704,2027-08-11T12:00:00
I08516,U1022,C029,quiz_passed,0.795,1.0,0.767,2027-08-11T14:00:00
I08517,U1022,C006,quiz_passed,0.795,1.0,0.771,2027-08-11T16:00:00
I08518,U1022,C016,quiz_passed,0.841,1.0,0.789,2027-08-11T18:00:00
I08519,U1022,C011,quiz_passed,0.85,1.0,0.786,2027-08-11T20:00:00
I08520,U1023,C095,completed,0.755,1.0,0.458,2027-08-11T22:00:00
I08521,U1023,C028,viewed,0.265,0.058,,2027-08-12T00:00:00
I08522,U1023,C030,completed,0.535,1.0,,2027-08-12T02:00:00
I08523,U1023,C091,completed,0.482,1.0,,2027-08-12T04:00:00
I08524,U1023,C030,quiz_passed,0.768,1.0,0.692,2027-08-12T06:00:00
I08525,U1023,C030,quiz_passed,0.793,1.0,0.694,2027-08-12T08:00:00
I08526,U1023,C003,completed,0.738,1.0,0.651,2027-08-12T10:00:00
I08527,U1023,C081,completed,0.733,1.0,0.486,2027-08-12T12:00:00
I08528,U1023,C066,quiz_passed,0.832,1.0,0.698,2027-08-12T14:00:00
I08529,U1024,C099,completed,0.814,1.0,0.65,2027-08-12T16:00:00
I08530,U1024,C008,viewed,0.243,0.39,,2027-08-12T18:00:00
I08531,U1024,C082,completed,0.512,1.0,,2027-08-12T20:00:00
I08532,U1024,C001,completed,0.471,1.0,,2027-08-12T22:00:00
I08533,U1024,C053,viewed,0.139,0.022,,2027-08-13T00:00:00
I08534,U1024,C064,completed,0.558,1.0,,2027-08-13T02:00:00
I08535,U1025,C067,viewed,0.265,0.43,,2027-08-13T04:00:00
I08536,U1025,C018,disliked,0.334,0.14,0.396,2027-08-13T06:00:00
I08537,U1026,C042,completed,0.835,1.0,0.736,2027-08-13T08:00:00
I08538,U1026,C067,quiz_passed,0.839,1.0,0.771,2027-08-13T10:00:00
I08539,U1026,C030,completed,0.512,1.0,,2027-08-13T12:00:00
I08540,U1026,C057,viewed,0.156,0.23,,2027-08-13T14:00:00
I08541,U1026,C048,quiz_passed,0.786,1.0,0.715,2027-08-13T16:00:00
I08542,U1026,C096,completed,0.7,1.0,0.545,2027-08-13T18:00:00
I08543,U1026,C078,completed,0.756,1.0,0.713,2027-08-13T20:00:00
I08544,U1026,C066,completed,0.49,1.0,,2027-08-13T22:00:00
I08545,U1026,C096,viewed,0.176,0.076,,2027-08-14T00:00:00
I08546,U1026,C099,completed,0.495,1.0,,2027-08-14T02:00:00
I08547,U1026,C098,quiz_passed,0.718,1.0,0.628,2027-08-14T04:00:00
I08548,U1026,C043,quiz_passed,0.853,1.0,0.714,2027-08-14T06:00:00
I08549,U1026,C090,completed,0.825,1.0,0.675,2027-08-14T08:00:00
I08550,U1027,C088,quiz_passed,0.822,1.0,0.661,2027-08-14T10:00:00
I08551,U1027,C047,quiz_passed,0.743,1.0,0.655,2027-08-14T12:00:00
I08552,U1027,C050,completed,0.537,1.0,,2027-08-14T14:00:00
I08553,U1027,C006,viewed,0.259,0.23,,2027-08-14T16:00:00
I08554,U1027,C011,completed,0.831,1.0,0.675,2027-08-14T18:00:00
I08555,U1027,C002,completed,0.474,1.0,,2027-08-14T20:00:00
I08556,U1027,C078,viewed,0.166,0.087,,2027-08-14T22:00:00
I08557,U1028,C095,viewed,0.295,0.006,,2027-08-15T00:00:00
I08558,U1028,C016,completed,0.466,1.0,,2027-08-15T02:00:00
I08559,U1028,C017,quiz_passed,0.779,1.0,0.659,2027-08-15T04:00:00
I08560,U1028,C050,quiz_passed,0.804,1.0,0.616,2027-08-15T06:00:00
I08561,U1028,C049,quiz_passed,0.809,1.0,0.657,2027-08-15T08:00:00
I08562,U1028,C010,completed,0.566,1.0,,2027-08-15T10:00:00
I08563,U1028,C097,viewed,0.104,0.025,,2027-08-15T12:00:00
I08564,U1028,C001,completed,0.561,1.0,,2027-08-15T14:00:00
I08565,U1028,C029,completed,0.792,1.0,0.637,2027-08-15T16:00:00
I08566,U1028,C026,viewed,0.279,0.04,,2027-08-15T18:00:00
I08567,U1028,C058,completed,0.541,1.0,,2027-08-15T20:00:00
I08568,U1028,C045,viewed,0.39,0.44,0.266,2027-08-15T22:00:00
I08569,U1028,C006,quiz_passed,0.734,1.0,0.648,2027-08-16T00:00:00
I08570,U1028,C033,viewed,0.21,0.02,,2027-08-16T02:00:00
I08571,U1029,C011,completed,0.507,1.0,,2027-08-16T04:00:00
I08572,U1029,C035,completed,0.461,1.0,,2027-08-16T06:00:00
I08573,U1029,C025,completed,0.558,1.0,,2027-08-16T08:00:00
I08574,U1029,C098,completed,0.645,1.0,0.456,2027-08-16T10:00:00
I08575,U1029,C053,quiz_passed,0.832,1.0,0.647,2027-08-16T12:00:00
I08576,U1029,C069,viewed,0.468,0.68,0.201,2027-08-16T14:00:00
I08577,U1029,C098,disliked,0.248,0.12,0.265,2027-08-16T16:00:00
I08578,U1029,C014,viewed,0.178,0.023,,2027-08-16T18:00:00
I08579,U1029,C097,completed,0.559,1.0,,2027-08-16T20:00:00
I08580,U1029,C071,completed,0.546,1.0,,2027-08-16T22:00:00
I08581,U1029,C070,completed,0.694,1.0,0.524,2027-08-17T00:00:00
I08582,U1029,C002,disliked,0.21,0.09,,2027-08-17T02:00:00
I08583,U1029,C016,quiz_passed,0.794,1.0,0.664,2027-08-17T04:00:00
I08584,U1029,C050,viewed,0.316,0.4,,2027-08-17T06:00:00
I08585,U1030,C098,viewed,0.394,0.39,0.304,2027-08-17T08:00:00
I08586,U1030,C066,completed,0.561,1.0,,2027-08-17T10:00:00
I08587,U1031,C018,quiz_passed,0.789,1.0,0.685,2027-08-17T12:00:00
I08588,U1031,C078,completed,0.542,1.0,,2027-08-17T14:00:00
I08589,U1031,C011,completed,0.505,1.0,,2027-08-17T16:00:00
I08590,U1031,C066,viewed,0.516,0.64,0.444,2027-08-17T18:00:00
I08591,U1031,C017,completed,0.721,1.0,0.598,2027-08-17T20:00:00
I08592,U1031,C015,quiz_passed,0.738,1.0,0.671,2027-08-17T22:00:00
I08593,U1031,C075,viewed,0.29,0.019,,2027-08-18T00:00:00
I08594,U1031,C076,viewed,0.37,0.35,0.312,2027-08-18T02:00:00
I08595,U1031,C043,completed,0.539,1.0,,2027-08-18T04:00:00
I08596,U1031,C042,viewed,0.111,0.006,,2027-08-18T06:00:00
I08597,U1031,C015,completed,0.552,1.0,,2027-08-18T08:00:00
I08598,U1031,C015,viewed,0.124,0.049,,2027-08-18T10:00:00
I08599,U1032,C001,completed,0.516,1.0,,2027-08-18T12:00:00
I08600,U1032,C029,quiz_passed,0.779,1.0,0.756,2027-08-18T14:00:00
I08601,U1032,C096,quiz_passed,0.785,1.0,0.678,2027-08-18T16:00:00
I08602,U1032,C096,viewed,0.24,0.045,,2027-08-18T18:00:00
I08603,U1032,C046,disliked,0.212,0.1,,2027-08-18T20:00:00
I08604,U1032,C051,completed,0.537,1.0,,2027-08-18T22:00:00
I08605,U1032,C001,completed,0.829,1.0,0.803,2027-08-19T00:00:00
I08606,U1032,C017,viewed,0.231,0.06,,2027-08-19T02:00:00
I08607,U1032,C016,quiz_passed,0.873,1.0,0.737,2027-08-19T04:00:00
I08608,U1032,C076,viewed,0.277,0.36,,2027-08-19T06:00:00
I08609,U1032,C097,viewed,0.113,0.045,,2027-08-19T08:00:00
I08610,U1032,C054,completed,0.831,1.0,0.782,2027-08-19T10:00:00
I08611,U1032,C001,quiz_passed,0.82,1.0,0.746,2027-08-19T12:00:00
I08612,U1032,C044,disliked,0.296,0.13,0.32,2027-08-19T14:00:00
I08613,U1033,C095,completed,0.655,1.0,0.461,2027-08-19T16:00:00
I08614,U1033,C042,completed,0.725,1.0,0.646,2027-08-19T18:00:00
I08615,U1033,C096,viewed,0.196,0.24,,2027-08-19T20:00:00
I08616,U1033,C047,viewed,0.462,0.49,0.45,2027-08-19T22:00:00
I08617,U1033,C098,viewed,0.105,0.099,,2027-08-20T00:00:00
I08618,U1033,C048,completed,0.699,1.0,0.589,2027-08-20T02:00:00
I08619,U1033,C057,viewed,0.163,0.037,,2027-08-20T04:00:00
I08620,U1033,C095,viewed,0.464,0.69,0.308,2027-08-20T06:00:00
I08621,U1033,C099,completed,0.629,1.0,0.421,2027-08-20T08:00:00
I08622,U1033,C002,completed,0.486,1.0,,2027-08-20T10:00:00
I08623,U1033,C074,viewed,0.266,0.07,,2027-08-20T12:00:00
I08624,U1033,C090,viewed,0.117,0.074,,2027-08-20T14:00:00
I08625,U1034,C063,quiz_passed,0.864,1.0,0.744,2027-08-20T16:00:00
I08626,U1034,C017,quiz_passed,0.771,1.0,0.729,2027-08-20T18:00:00
I08627,U1034,C061,quiz_passed,0.81,1.0,0.729,2027-08-20T20:00:00
I08628,U1034,C030,quiz_passed,0.805,1.0,0.763,2027-08-20T22:00:00
I08629,U1034,C046,viewed,0.17,0.039,,2027-08-21T00:00:00
I08630,U1034,C005,completed,0.52,1.0,,2027-08-21T02:00:00
I08631,U1034,C025,completed,0.575,1.0,,2027-08-21T04:00:00
I08632,U1035,C099,completed,0.575,1.0,,2027-08-21T06:00:00
I08633,U1035,C002,completed,0.807,1.0,0.748,2027-08-21T08:00:00
I08634,U1035,C074,viewed,0.268,0.27,,2027-08-21T10:00:00
I08635,U1035,C071,viewed,0.107,0.084,,2027-08-21T12:00:00
I08636,U1035,C046,completed,0.529,1.0,,2027-08-21T14:00:00
I08637,U1035,C017,completed,0.546,1.0,,2027-08-21T16:00:00
I08638,U1035,C046,viewed,0.279,0.064,,2027-08-21T18:00:00
I08639,U1035,C046,completed,0.763,1.0,0.545,2027-08-21T20:00:00
I08640,U1035,C046,viewed,0.453,0.52,0.28,2027-08-21T22:00:00
I08641,U1036,C018,completed,0.885,1.0,0.835,2027-08-22T00:00:00
I08642,U1036,C096,quiz_passed,0.849,1.0,0.685,2027-08-22T02:00:00
I08643,U1036,C001,disliked,0.169,0.04,,2027-08-22T04:00:00
I08644,U1036,C091,quiz_passed,0.8,1.0,0.838,2027-08-22T06:00:00
I08645,U1036,C095,completed,0.54,1.0,,2027-08-22T08:00:00
I08646,U1036,C015,completed,0.561,1.0,,2027-08-22T10:00:00
I08647,U1036,C081,viewed,0.146,0.041,,2027-08-22T12:00:00
I08648,U1036,C002,completed,0.577,1.0,,2027-08-22T14:00:00
I08649,U1036,C047,quiz_passed,0.895,1.0,0.822,2027-08-22T16:00:00
I08650,U1036,C046,completed,0.467,1.0,,2027-08-22T18:00:00
I08651,U1036,C081,completed,0.771,1.0,0.752,2027-08-22T20:00:00
I08652,U1036,C046,viewed,0.14,0.048,,2027-08-22T22:00:00
I08653,U1036,C076,viewed,0.251,0.22,,2027-08-23T00:00:00
I08654,U1036,C095,quiz_passed,0.81,1.0,0.713,2027-08-23T02:00:00
I08655,U1037,C062,viewed,0.245,0.054,,2027-08-23T04:00:00
I08656,U1037,C050,completed,0.472,1.0,,2027-08-23T06:00:00
I08657,U1037,C005,viewed,0.171,0.043,,2027-08-23T08:00:00
I08658,U1038,C095,completed,0.724,1.0,0.48,2027-08-23T10:00:00
I08659,U1038,C029,completed,0.485,1.0,,2027-08-23T12:00:00
I08660,U1038,C092,completed,0.75,1.0,0.672,2027-08-23T14:00:00
I08661,U1038,C096,viewed,0.413,0.52,0.249,2027-08-23T16:00:00
I08662,U1039,C066,completed,0.506,1.0,,2027-08-23T18:00:00
I08663,U1039,C082,viewed,0.513,0.7,0.403,2027-08-23T20:00:00
I08664,U1039,C050,disliked,0.079,0.01,,2027-08-23T22:00:00
I08665,U1039,C049,viewed,0.214,0.25,,2027-08-24T00:00:00
I08666,U1039,C082,viewed,0.393,0.28,0.445,2027-08-24T02:00:00
I08667,U1039,C092,viewed,0.179,0.053,,2027-08-24T04:00:00
I08668,U1039,C091,completed,0.487,1.0,,2027-08-24T06:00:00
I08669,U1039,C042,completed,0.511,1.0,,2027-08-24T08:00:00
I08670,U1039,C013,viewed,0.13,0.004,,2027-08-24T10:00:00
I08671,U1039,C045,completed,0.749,1.0,0.51,2027-08-24T12:00:00
I08672,U1039,C053,viewed,0.164,0.065,,2027-08-24T14:00:00
I08673,U1039,C016,completed,0.579,1.0,,2027-08-24T16:00:00
I08674,U1039,C074,viewed,0.182,0.076,,2027-08-24T18:00:00
I08675,U1039,C030,viewed,0.297,0.045,,2027-08-24T20:00:00
I08676,U1039,C010,viewed,0.345,0.63,,2027-08-24T22:00:00
I08677,U1040,C062,completed,0.464,1.0,,2027-08-25T00:00:00
I08678,U1040,C069,disliked,0.164,0.16,,2027-08-25T02:00:00
I08679,U1040,C014,viewed,0.355,0.25,0.205,2027-08-25T04:00:00
I08680,U1040,C069,viewed,0.346,0.39,0.255,2027-08-25T06:00:00
I08681,U1040,C004,viewed,0.352,0.25,0.214,2027-08-25T08:00:00
I08682,U1040,C016,disliked,0.291,0.07,0.369,2027-08-25T10:00:00
I08683,U1040,C076,quiz_passed,0.73,1.0,0.621,2027-08-25T12:00:00
I08684,U1040,C062,completed,0.557,1.0,,2027-08-25T14:00:00
I08685,U1040,C003,completed,0.819,1.0,0.688,2027-08-25T16:00:00
I08686,U1040,C091,viewed,0.178,0.015,,2027-08-25T18:00:00
I08687,U1040,C014,completed,0.691,1.0,0.471,2027-08-25T20:00:00
I08688,U1041,C098,quiz_passed,0.792,1.0,0.677,2027-08-25T22:00:00
I08689,U1041,C030,disliked,0.219,0.14,,2027-08-26T00:00:00
I08690,U1041,C098,viewed,0.286,0.03,,2027-08-26T02:00:00
I08691,U1041,C092,quiz_passed,0.792,1.0,0.796,2027-08-26T04:00:00
I08692,U1041,C096,completed,0.791,1.0,0.567,2027-08-26T06:00:00
I08693,U1041,C001,quiz_passed,0.823,1.0,0.762,2027-08-26T08:00:00
I08694,U1041,C076,viewed,0.269,0.36,,2027-08-26T10:00:00
I08695,U1041,C018,quiz_passed,0.822,1.0,0.722,2027-08-26T12:00:00
I08696,U1041,C017,completed,0.495,1.0,,2027-08-26T14:00:00
I08697,U1041,C010,completed,0.555,1.0,,2027-08-26T16:00:00
I08698,U1041,C047,completed,0.474,1.0,,2027-08-26T18:00:00
I08699,U1041,C029,completed,0.467,1.0,,2027-08-26T20:00:00
I08700,U1041,C013,completed,0.759,1.0,0.577,2027-08-26T22:00:00
I08701,U1041,C065,quiz_passed,0.796,1.0,0.717,2027-08-27T00:00:00
I08702,U1042,C003,completed,0.541,1.0,,2027-08-27T02:00:00
I08703,U1042,C042,quiz_passed,0.929,1.0,0.878,2027-08-27T04:00:00
I08704,U1042,C074,completed,0.796,1.0,0.732,2027-08-27T06:00:00
I08705,U1042,C047,quiz_passed,0.874,1.0,0.881,2027-08-27T08:00:00
I08706,U1042,C042,quiz_passed,0.883,1.0,0.824,2027-08-27T10:00:00
I08707,U1042,C053,completed,0.571,1.0,,2027-08-27T12:00:00
I08708,U1042,C048,completed,0.573,1.0,,2027-08-27T14:00:00
I08709,U1042,C002,quiz_passed,0.417,0.01,0.645,2027-08-27T16:00:00
I08710,U1042,C050,quiz_passed,0.852,1.0,0.865,2027-08-27T18:00:00
I08711,U1042,C098,quiz_passed,0.815,1.0,0.786,2027-08-27T20:00:00
I08712,U1042,C073,completed,0.503,1.0,,2027-08-27T22:00:00
I08713,U1042,C051,quiz_passed,0.873,1.0,0.862,2027-08-28T00:00:00
I08714,U1042,C010,quiz_passed,0.812,1.0,0.735,2027-08-28T02:00:00
I08715,U1043,C098,completed,0.524,1.0,,2027-08-28T04:00:00
I08716,U1043,C028,completed,0.77,1.0,0.649,2027-08-28T06:00:00
I08717,U1043,C067,completed,0.521,1.0,,2027-08-28T08:00:00
I08718,U1043,C095,viewed,0.27,0.073,,2027-08-28T10:00:00
I08719,U1043,C025,completed,0.536,1.0,,2027-08-28T12:00:00
I08720,U1043,C076,viewed,0.264,0.095,,2027-08-28T14:00:00
I08721,U1043,C057,completed,0.7,1.0,0.579,2027-08-28T16:00:00
I08722,U1043,C028,viewed,0.39,0.21,0.389,2027-08-28T18:00:00
I08723,U1043,C065,disliked,0.14,0.08,,2027-08-28T20:00:00
I08724,U1044,C043,completed,0.562,1.0,,2027-08-28T22:00:00
I08725,U1044,C075,viewed,0.266,0.0,,2027-08-29T00:00:00
I08726,U1044,C081,completed,0.483,1.0,,2027-08-29T02:00:00
I08727,U1044,C073,quiz_passed,0.857,1.0,0.828,2027-08-29T04:00:00
I08728,U1044,C001,completed,0.465,1.0,,2027-08-29T06:00:00
I08729,U1044,C048,completed,0.527,1.0,,2027-08-29T08:00:00
I08730,U1044,C090,completed,0.555,1.0,,2027-08-29T10:00:00
I08731,U1044,C075,completed,0.553,1.0,,2027-08-29T12:00:00
I08732,U1044,C071,quiz_passed,0.841,1.0,0.882,2027-08-29T14:00:00
I08733,U1044,C044,quiz_passed,0.823,1.0,0.734,2027-08-29T16:00:00
I08734,U1044,C046,completed,0.463,1.0,,2027-08-29T18:00:00
I08735,U1044,C096,completed,0.743,1.0,0.682,2027-08-29T20:00:00
I08736,U1044,C016,completed,0.481,1.0,,2027-08-29T22:00:00
I08737,U1044,C048,quiz_passed,0.822,1.0,0.821,2027-08-30T00:00:00
I08738,U1045,C002,quiz_passed,0.728,1.0,0.661,2027-08-30T02:00:00
I08739,U1045,C048,completed,0.538,1.0,,2027-08-30T04:00:00
I08740,U1045,C045,viewed,0.278,0.34,,2027-08-30T06:00:00
I08741,U1045,C058,completed,0.793,1.0,0.57,2027-08-30T08:00:00
I08742,U1045,C091,completed,0.72,1.0,0.587,2027-08-30T10:00:00
I08743,U1045,C063,quiz_passed,0.75,1.0,0.608,2027-08-30T12:00:00
I08744,U1045,C042,completed,0.545,1.0,,2027-08-30T14:00:00
I08745,U1045,C088,quiz_passed,0.824,1.0,0.633,2027-08-30T16:00:00
I08746,U1045,C076,viewed,0.555,0.61,0.369,2027-08-30T18:00:00
I08747,U1045,C015,viewed,0.581,0.7,0.331,2027-08-30T20:00:00
I08748,U1046,C047,completed,0.508,1.0,,2027-08-30T22:00:00
I08749,U1046,C029,quiz_passed,0.859,1.0,0.711,2027-08-31T00:00:00
I08750,U1046,C098,completed,0.522,1.0,,2027-08-31T02:00:00
I08751,U1046,C047,completed,0.845,1.0,0.744,2027-08-31T04:00:00
I08752,U1047,C017,completed,0.854,1.0,0.827,2027-08-31T06:00:00
I08753,U1047,C050,quiz_passed,0.85,1.0,0.86,2027-08-31T08:00:00
I08754,U1047,C098,completed,0.835,1.0,0.791,2027-08-31T10:00:00
I08755,U1047,C047,completed,0.505,1.0,,2027-08-31T12:00:00
I08756,U1047,C049,quiz_passed,0.915,1.0,0.839,2027-08-31T14:00:00
I08757,U1047,C044,quiz_passed,0.877,1.0,0.8,2027-08-31T16:00:00
I08758,U1047,C047,quiz_passed,0.912,1.0,0.878,2027-08-31T18:00:00
I08759,U1047,C015,completed,0.907,1.0,0.873,2027-08-31T20:00:00
I08760,U1047,C074,quiz_passed,0.852,1.0,0.714,2027-08-31T22:00:00
I08761,U1047,C081,quiz_passed,0.872,1.0,0.79,2027-09-01T00:00:00
I08762,U1047,C091,quiz_passed,0.8,1.0,0.817,2027-09-01T02:00:00
I08763,U1047,C044,disliked,0.365,0.02,0.529,2027-09-01T04:00:00
I08764,U1047,C044,completed,0.565,1.0,,2027-09-01T06:00:00
I08765,U1047,C042,completed,0.5,1.0,,2027-09-01T08:00:00
I08766,U1048,C095,completed,0.46,1.0,,2027-09-01T10:00:00
I08767,U1048,C018,disliked,0.356,0.12,0.509,2027-09-01T12:00:00
I08768,U1048,C099,viewed,0.312,0.6,,2027-09-01T14:00:00
I08769,U1048,C095,viewed,0.172,0.069,,2027-09-01T16:00:00
I08770,U1048,C054,quiz_passed,0.821,1.0,0.712,2027-09-01T18:00:00
I08771,U1048,C050,quiz_passed,0.819,1.0,0.797,2027-09-01T20:00:00
I08772,U1048,C092,quiz_passed,0.862,1.0,0.803,2027-09-01T22:00:00
I08773,U1048,C062,quiz_passed,0.787,1.0,0.705,2027-09-02T00:00:00
I08774,U1049,C073,completed,0.463,1.0,,2027-09-02T02:00:00
I08775,U1049,C098,completed,0.536,1.0,,2027-09-02T04:00:00
I08776,U1049,C091,quiz_passed,0.867,1.0,0.879,2027-09-02T06:00:00
I08777,U1049,C001,completed,0.533,1.0,,2027-09-02T08:00:00
I08778,U1049,C050,quiz_passed,0.844,1.0,0.881,2027-09-02T10:00:00
I08779,U1049,C044,quiz_passed,0.846,1.0,0.799,2027-09-02T12:00:00
I08780,U1049,C092,completed,0.461,1.0,,2027-09-02T14:00:00
I08781,U1049,C044,quiz_passed,0.8,1.0,0.774,2027-09-02T16:00:00
I08782,U1049,C008,completed,0.546,1.0,,2027-09-02T18:00:00
I08783,U1050,C016,completed,0.565,1.0,,2027-09-02T20:00:00
I08784,U1050,C003,quiz_passed,0.808,1.0,0.682,2027-09-02T22:00:00
I08785,U1050,C015,completed,0.55,1.0,,2027-09-03T00:00:00
I08786,U1050,C053,quiz_passed,0.827,1.0,0.656,2027-09-03T02:00:00
I08787,U1050,C090,completed,0.655,1.0,0.477,2027-09-03T04:00:00
I08788,U1050,C062,completed,0.749,1.0,0.69,2027-09-03T06:00:00
I08789,U1050,C013,viewed,0.345,0.25,0.292,2027-09-03T08:00:00
I08790,U1051,C095,completed,0.77,1.0,0.515,2027-09-03T10:00:00
I08791,U1051,C001,completed,0.503,1.0,,2027-09-03T12:00:00
I08792,U1051,C092,completed,0.784,1.0,0.595,2027-09-03T14:00:00
I08793,U1051,C043,completed,0.754,1.0,0.565,2027-09-03T16:00:00
I08794,U1051,C002,completed,0.762,1.0,0.598,2027-09-03T18:00:00
I08795,U1051,C073,viewed,0.304,0.52,,2027-09-03T20:00:00
I08796,U1051,C088,completed,0.814,1.0,0.597,2027-09-03T22:00:00
I08797,U1051,C075,completed,0.547,1.0,,2027-09-04T00:00:00
I08798,U1051,C017,disliked,0.302,0.01,0.382,2027-09-04T02:00:00
I08799,U1052,C073,completed,0.541,1.0,,2027-09-04T04:00:00
I08800,U1052,C061,completed,0.531,1.0,,2027-09-04T06:00:00
I08801,U1052,C047,quiz_passed,0.748,1.0,0.628,2027-09-04T08:00:00
I08802,U1052,C006,completed,0.847,1.0,0.682,2027-09-04T10:00:00
I08803,U1052,C062,quiz_passed,0.798,1.0,0.667,2027-09-04T12:00:00
I08804,U1052,C081,viewed,0.146,0.071,,2027-09-04T14:00:00
I08805,U1052,C096,viewed,0.486,0.55,0.308,2027-09-04T16:00:00
I08806,U1052,C004,completed,0.564,1.0,,2027-09-04T18:00:00
I08807,U1052,C029,quiz_passed,0.775,1.0,0.612,2027-09-04T20:00:00
I08808,U1052,C015,viewed,0.239,0.075,,2027-09-04T22:00:00
I08809,U1052,C016,completed,0.825,1.0,0.619,2027-09-05T00:00:00
I08810,U1053,C061,quiz_passed,0.839,1.0,0.702,2027-09-05T02:00:00
I08811,U1053,C073,viewed,0.299,0.007,,2027-09-05T04:00:00
I08812,U1053,C051,quiz_passed,0.807,1.0,0.637,2027-09-05T06:00:00
I08813,U1053,C098,viewed,0.223,0.094,,2027-09-05T08:00:00
I08814,U1053,C035,viewed,0.234,0.092,,2027-09-05T10:00:00
I08815,U1053,C048,quiz_passed,0.725,1.0,0.63,2027-09-05T12:00:00
I08816,U1053,C002,quiz_passed,0.745,1.0,0.63,2027-09-05T14:00:00
I08817,U1053,C074,completed,0.7,1.0,0.489,2027-09-05T16:00:00
I08818,U1053,C091,quiz_passed,0.799,1.0,0.605,2027-09-05T18:00:00
I08819,U1054,C016,completed,0.531,1.0,,2027-09-05T20:00:00
I08820,U1054,C091,completed,0.496,1.0,,2027-09-05T22:00:00
I08821,U1054,C013,completed,0.791,1.0,0.719,2027-09-06T00:00:00
I08822,U1054,C074,quiz_passed,0.836,1.0,0.737,2027-09-06T02:00:00
I08823,U1054,C046,viewed,0.361,0.47,,2027-09-06T04:00:00
I08824,U1054,C043,quiz_passed,0.811,1.0,0.871,2027-09-06T06:00:00
I08825,U1054,C099,viewed,0.252,0.044,,2027-09-06T08:00:00
I08826,U1054,C018,completed,0.518,1.0,,2027-09-06T10:00:00
I08827,U1054,C057,completed,0.531,1.0,,2027-09-06T12:00:00
I08828,U1054,C082,completed,0.831,1.0,0.847,2027-09-06T14:00:00
I08829,U1054,C042,quiz_passed,0.868,1.0,0.833,2027-09-06T16:00:00
I08830,U1054,C043,quiz_passed,0.818,1.0,0.886,2027-09-06T18:00:00
I08831,U1055,C006,quiz_passed,0.859,1.0,0.718,2027-09-06T20:00:00
I08832,U1055,C099,viewed,0.35,0.57,,2027-09-06T22:00:00
I08833,U1055,C017,completed,0.541,1.0,,2027-09-07T00:00:00
I08834,U1055,C071,completed,0.784,1.0,0.755,2027-09-07T02:00:00
I08835,U1055,C067,completed,0.825,1.0,0.798,2027-09-07T04:00:00
I08836,U1055,C016,completed,0.806,1.0,0.746,2027-09-07T06:00:00
I08837,U1055,C081,completed,0.762,1.0,0.686,2027-09-07T08:00:00
I08838,U1055,C010,completed,0.572,1.0,,2027-09-07T10:00:00
I08839,U1055,C010,quiz_passed,0.749,1.0,0.628,2027-09-07T12:00:00
I08840,U1055,C051,quiz_passed,0.758,1.0,0.74,2027-09-07T14:00:00
I08841,U1055,C030,quiz_passed,0.844,1.0,0.718,2027-09-07T16:00:00
I08842,U1055,C082,completed,0.492,1.0,,2027-09-07T18:00:00
I08843,U1055,C013,viewed,0.348,0.24,0.338,2027-09-07T20:00:00
I08844,U1056,C002,viewed,0.193,0.045,,2027-09-07T22:00:00
I08845,U1056,C096,viewed,0.213,0.24,,2027-09-08T00:00:00
I08846,U1056,C029,completed,0.473,1.0,,2027-09-08T02:00:00
I08847,U1056,C053,completed,0.561,1.0,,2027-09-08T04:00:00
I08848,U1056,C071,completed,0.499,1.0,,2027-09-08T06:00:00
I08849,U1056,C050,viewed,0.275,0.22,0.317,2027-09-08T08:00:00
I08850,U1056,C051,quiz_passed,0.73,1.0,0.605,2027-09-08T10:00:00
I08851,U1056,C013,completed,0.691,1.0,0.503,2027-09-08T12:00:00
I08852,U1056,C030,completed,0.773,1.0,0.583,2027-09-08T14:00:00
I08853,U1056,C044,completed,0.724,1.0,0.44,2027-09-08T16:00:00
I08854,U1056,C003,quiz_passed,0.736,1.0,0.659,2027-09-08T18:00:00
I08855,U1056,C048,viewed,0.377,0.52,,2027-09-08T20:00:00
I08856,U1056,C067,completed,0.49,1.0,,2027-09-08T22:00:00
I08857,U1057,C064,disliked,0.409,0.09,0.585,2027-09-09T00:00:00
I08858,U1057,C099,quiz_passed,0.784,1.0,0.645,2027-09-09T02:00:00
I08859,U1057,C092,completed,0.866,1.0,0.748,2027-09-09T04:00:00
I08860,U1057,C018,quiz_passed,0.828,1.0,0.804,2027-09-09T06:00:00
I08861,U1057,C099,completed,0.722,1.0,0.598,2027-09-09T08:00:00
I08862,U1057,C043,completed,0.48,1.0,,2027-09-09T10:00:00
I08863,U1057,C075,completed,0.693,1.0,0.581,2027-09-09T12:00:00
I08864,U1057,C046,viewed,0.365,0.26,0.288,2027-09-09T14:00:00
I08865,U1057,C053,completed,0.517,1.0,,2027-09-09T16:00:00
I08866,U1058,C099,completed,0.769,1.0,0.645,2027-09-09T18:00:00
I08867,U1058,C098,completed,0.738,1.0,0.567,2027-09-09T20:00:00
I08868,U1058,C095,viewed,0.137,0.006,,2027-09-09T22:00:00
I08869,U1058,C017,completed,0.48,1.0,,2027-09-10T00:00:00
I08870,U1058,C096,viewed,0.195,0.01,,2027-09-10T02:00:00
I08871,U1058,C098,viewed,0.347,0.43,,2027-09-10T04:00:00
I08872,U1058,C018,completed,0.876,1.0,0.784,2027-09-10T06:00:00
I08873,U1059,C066,completed,0.559,1.0,,2027-09-10T08:00:00
I08874,U1059,C099,viewed,0.453,0.44,0.268,2027-09-10T10:00:00
I08875,U1059,C096,viewed,0.199,0.068,,2027-09-10T12:00:00
I08876,U1059,C071,quiz_passed,0.741,1.0,0.653,2027-09-10T14:00:00
I08877,U1059,C057,viewed,0.522,0.51,0.422,2027-09-10T16:00:00
I08878,U1059,C081,viewed,0.208,0.017,,2027-09-10T18:00:00
I08879,U1059,C005,viewed,0.243,0.015,,2027-09-10T20:00:00
I08880,U1059,C049,viewed,0.214,0.004,,2027-09-10T22:00:00
I08881,U1059,C061,completed,0.744,1.0,0.626,2027-09-11T00:00:00
I08882,U1059,C090,completed,0.72,1.0,0.444,2027-09-11T02:00:00
I08883,U1059,C011,viewed,0.278,0.08,,2027-09-11T04:00:00
I08884,U1060,C028,completed,0.535,1.0,,2027-09-11T06:00:00
I08885,U1060,C091,viewed,0.167,0.035,,2027-09-11T08:00:00
I08886,U1060,C011,completed,0.504,1.0,,2027-09-11T10:00:00
I08887,U1060,C091,completed,0.799,1.0,0.583,2027-09-11T12:00:00
I08888,U1060,C018,completed,0.562,1.0,,2027-09-11T14:00:00
I08889,U1060,C061,completed,0.566,1.0,,2027-09-11T16:00:00
I08890,U1060,C063,completed,0.57,1.0,,2027-09-11T18:00:00
I08891,U1060,C054,completed,0.817,1.0,0.683,2027-09-11T20:00:00
I08892,U1060,C029,viewed,0.472,0.45,0.408,2027-09-11T22:00:00
I08893,U1060,C015,viewed,0.284,0.085,,2027-09-12T00:00:00
I08894,U1060,C002,viewed,0.189,0.008,,2027-09-12T02:00:00
I08895,U1060,C081,viewed,0.337,0.39,0.23,2027-09-12T04:00:00
I08896,U1060,C054,completed,0.504,1.0,,2027-09-12T06:00:00
I08897,U1060,C090,viewed,0.444,0.69,0.222,2027-09-12T08:00:00
I08898,U1061,C025,quiz_passed,0.869,1.0,0.727,2027-09-12T10:00:00
I08899,U1061,C011,quiz_passed,0.771,1.0,0.714,2027-09-12T12:00:00
I08900,U1061,C025,quiz_passed,0.762,1.0,0.751,2027-09-12T14:00:00
I08901,U1061,C002,quiz_passed,0.807,1.0,0.775,2027-09-12T16:00:00
I08902,U1061,C061,completed,0.525,1.0,,2027-09-12T18:00:00
I08903,U1062,C058,quiz_passed,0.829,1.0,0.754,2027-09-12T20:00:00
I08904,U1062,C001,completed,0.828,1.0,0.801,2027-09-12T22:00:00
I08905,U1062,C050,completed,0.538,1.0,,2027-09-13T00:00:00
I08906,U1062,C081,viewed,0.235,0.28,,2027-09-13T02:00:00
I08907,U1062,C016,viewed,0.226,0.058,,2027-09-13T04:00:00
I08908,U1062,C006,viewed,0.233,0.061,,2027-09-13T06:00:00
I08909,U1062,C013,completed,0.569,1.0,,2027-09-13T08:00:00
I08910,U1062,C045,completed,0.698,1.0,0.584,2027-09-13T10:00:00
I08911,U1063,C082,viewed,0.295,0.31,,2027-09-13T12:00:00
I08912,U1063,C028,quiz_passed,0.771,1.0,0.751,2027-09-13T14:00:00
I08913,U1063,C096,quiz_passed,0.787,1.0,0.655,2027-09-13T16:00:00
I08914,U1063,C053,quiz_passed,0.836,1.0,0.718,2027-09-13T18:00:00
I08915,U1063,C071,completed,0.485,1.0,,2027-09-13T20:00:00
I08916,U1063,C002,viewed,0.328,0.55,,2027-09-13T22:00:00
I08917,U1063,C075,viewed,0.196,0.067,,2027-09-14T00:00:00
I08918,U1063,C092,viewed,0.223,0.005,,2027-09-14T02:00:00
I08919,U1063,C046,completed,0.747,1.0,0.518,2027-09-14T04:00:00
I08920,U1063,C002,completed,0.784,1.0,0.806,2027-09-14T06:00:00
I08921,U1063,C074,disliked,0.168,0.0,,2027-09-14T08:00:00
I08922,U1063,C057,disliked,0.351,0.06,0.544,2027-09-14T10:00:00
I08923,U1064,C096,completed,0.467,1.0,,2027-09-14T12:00:00
I08924,U1064,C006,quiz_passed,0.756,1.0,0.657,2027-09-14T14:00:00
I08925,U1064,C043,disliked,0.313,0.03,0.359,2027-09-14T16:00:00
I08926,U1064,C018,quiz_passed,0.73,1.0,0.604,2027-09-14T18:00:00
I08927,U1064,C067,viewed,0.241,0.36,,2027-09-14T20:00:00
I08928,U1064,C030,viewed,0.45,0.43,0.369,2027-09-14T22:00:00
I08929,U1064,C015,completed,0.791,1.0,0.58,2027-09-15T00:00:00
I08930,U1064,C099,viewed,0.194,0.25,,2027-09-15T02:00:00
I08931,U1064,C090,completed,0.731,1.0,0.512,2027-09-15T04:00:00
I08932,U1064,C030,completed,0.501,1.0,,2027-09-15T06:00:00
I08933,U1064,C071,completed,0.481,1.0,,2027-09-15T08:00:00
I08934,U1064,C057,completed,0.798,1.0,0.566,2027-09-15T10:00:00
I08935,U1065,C095,quiz_passed,0.896,1.0,0.794,2027-09-15T12:00:00
I08936,U1065,C065,quiz_passed,0.82,1.0,0.845,2027-09-15T14:00:00
I08937,U1065,C066,completed,0.475,1.0,,2027-09-15T16:00:00
I08938,U1065,C017,quiz_passed,0.883,1.0,0.859,2027-09-15T18:00:00
I08939,U1065,C054,quiz_passed,0.906,1.0,0.829,2027-09-15T20:00:00
I08940,U1065,C098,quiz_passed,0.813,1.0,0.779,2027-09-15T22:00:00
I08941,U1065,C062,completed,0.475,1.0,,2027-09-16T00:00:00
I08942,U1065,C041,quiz_passed,0.846,1.0,0.775,2027-09-16T02:00:00
I08943,U1065,C076,quiz_passed,0.885,1.0,0.841,2027-09-16T04:00:00
I08944,U1065,C015,quiz_passed,0.818,1.0,0.876,2027-09-16T06:00:00
I08945,U1065,C010,quiz_passed,0.877,1.0,0.784,2027-09-16T08:00:00
I08946,U1065,C030,completed,0.474,1.0,,2027-09-16T10:00:00
I08947,U1065,C003,quiz_passed,0.91,1.0,0.88,2027-09-16T12:00:00
I08948,U1065,C057,quiz_passed,0.426,0.12,0.666,2027-09-16T14:00:00
I08949,U1065,C043,completed,0.566,1.0,,2027-09-16T16:00:00
I08950,U1066,C096,completed,0.464,1.0,,2027-09-16T18:00:00
I08951,U1066,C017,completed,0.739,1.0,0.598,2027-09-16T20:00:00
I08952,U1066,C096,viewed,0.233,0.069,,2027-09-16T22:00:00
I08953,U1066,C096,viewed,0.359,0.62,,2027-09-17T00:00:00
I08954,U1066,C030,completed,0.719,1.0,0.567,2027-09-17T02:00:00
I08955,U1066,C029,completed,0.763,1.0,0.585,2027-09-17T04:00:00
I08956,U1066,C066,completed,0.533,1.0,,2027-09-17T06:00:00
I08957,U1066,C065,completed,0.571,1.0,,2027-09-17T08:00:00
I08958,U1067,C001,viewed,0.12,0.013,,2027-09-17T10:00:00
I08959,U1067,C096,viewed,0.128,0.077,,2027-09-17T12:00:00
I08960,U1068,C008,completed,0.536,1.0,,2027-09-17T14:00:00
I08961,U1068,C062,completed,0.539,1.0,,2027-09-17T16:00:00
I08962,U1068,C076,quiz_passed,0.921,1.0,0.857,2027-09-17T18:00:00
I08963,U1068,C097,quiz_passed,0.873,1.0,0.833,2027-09-17T20:00:00
I08964,U1068,C091,completed,0.494,1.0,,2027-09-17T22:00:00
I08965,U1068,C046,viewed,0.159,0.01,,2027-09-18T00:00:00
I08966,U1068,C075,quiz_passed,0.767,1.0,0.704,2027-09-18T02:00:00
I08967,U1068,C092,completed,0.47,1.0,,2027-09-18T04:00:00
I08968,U1068,C043,completed,0.469,1.0,,2027-09-18T06:00:00
I08969,U1068,C071,completed,0.517,1.0,,2027-09-18T08:00:00
I08970,U1068,C051,quiz_passed,0.906,1.0,0.856,2027-09-18T10:00:00
I08971,U1068,C029,completed,0.513,1.0,,2027-09-18T12:00:00
I08972,U1068,C063,completed,0.555,1.0,,2027-09-18T14:00:00
I08973,U1069,C003,quiz_passed,0.784,1.0,0.771,2027-09-18T16:00:00
I08974,U1069,C044,quiz_passed,0.759,1.0,0.69,2027-09-18T18:00:00
I08975,U1069,C073,quiz_passed,0.862,1.0,0.722,2027-09-18T20:00:00
I08976,U1069,C013,viewed,0.341,0.46,,2027-09-18T22:00:00
I08977,U1069,C003,viewed,0.338,0.43,,2027-09-19T00:00:00
I08978,U1069,C002,quiz_passed,0.822,1.0,0.801,2027-09-19T02:00:00
I08979,U1069,C044,completed,0.571,1.0,,2027-09-19T04:00:00
I08980,U1069,C046,viewed,0.214,0.057,,2027-09-19T06:00:00
I08981,U1069,C096,quiz_passed,0.754,1.0,0.608,2027-09-19T08:00:00
I08982,U1069,C001,completed,0.531,1.0,,2027-09-19T10:00:00
I08983,U1069,C018,quiz_passed,0.849,1.0,0.759,2027-09-19T12:00:00
I08984,U1069,C016,completed,0.531,1.0,,2027-09-19T14:00:00
I08985,U1069,C047,completed,0.512,1.0,,2027-09-19T16:00:00
I08986,U1070,C067,viewed,0.227,0.011,,2027-09-19T18:00:00
I08987,U1070,C030,completed,0.548,1.0,,2027-09-19T20:00:00
I08988,U1070,C002,disliked,0.188,0.16,,2027-09-19T22:00:00
I08989,U1070,C045,disliked,0.129,0.07,,2027-09-20T00:00:00
I08990,U1070,C047,quiz_passed,0.827,1.0,0.649,2027-09-20T02:00:00
I08991,U1070,C097,completed,0.577,1.0,,2027-09-20T04:00:00
I08992,U1070,C088,quiz_passed,0.779,1.0,0.644,2027-09-20T06:00:00
I08993,U1070,C018,completed,0.557,1.0,,2027-09-20T08:00:00
I08994,U1070,C071,quiz_passed,0.8,1.0,0.651,2027-09-20T10:00:00
I08995,U1070,C045,completed,0.74,1.0,0.494,2027-09-20T12:00:00
I08996,U1070,C045,viewed,0.197,0.088,,2027-09-20T14:00:00
I08997,U1070,C073,completed,0.729,1.0,0.626,2027-09-20T16:00:00
I08998,U1070,C046,completed,0.467,1.0,,2027-09-20T18:00:00
I08999,U1070,C035,completed,0.489,1.0,,2027-09-20T20:00:00
I09000,U1071,C011,quiz_passed,0.923,1.0,0.882,2027-09-20T22:00:00
I09001,U1071,C073,quiz_passed,0.824,1.0,0.87,2027-09-21T00:00:00
I09002,U1071,C096,quiz_passed,0.817,1.0,0.729,2027-09-21T02:00:00
I09003,U1072,C048,quiz_passed,0.733,1.0,0.619,2027-09-21T04:00:00
I09004,U1072,C063,viewed,0.427,0.36,0.447,2027-09-21T06:00:00
I09005,U1072,C064,viewed,0.222,0.038,,2027-09-21T08:00:00
I09006,U1072,C058,quiz_passed,0.8,1.0,0.633,2027-09-21T10:00:00
I09007,U1072,C047,viewed,0.544,0.69,0.448,2027-09-21T12:00:00
I09008,U1072,C066,quiz_passed,0.808,1.0,0.667,2027-09-21T14:00:00
I09009,U1072,C066,viewed,0.419,0.6,,2027-09-21T16:00:00
I09010,U1072,C065,viewed,0.297,0.094,,2027-09-21T18:00:00
I09011,U1073,C082,viewed,0.154,0.035,,2027-09-21T20:00:00
I09012,U1073,C065,viewed,0.382,0.61,,2027-09-21T22:00:00
I09013,U1073,C076,quiz_passed,0.762,1.0,0.619,2027-09-22T00:00:00
I09014,U1073,C091,completed,0.79,1.0,0.604,2027-09-22T02:00:00
I09015,U1073,C092,completed,0.537,1.0,,2027-09-22T04:00:00
I09016,U1073,C067,viewed,0.38,0.38,0.333,2027-09-22T06:00:00
I09017,U1073,C043,completed,0.806,1.0,0.567,2027-09-22T08:00:00
I09018,U1074,C095,viewed,0.118,0.044,,2027-09-22T10:00:00
I09019,U1074,C099,viewed,0.479,0.31,0.575,2027-09-22T12:00:00
I09020,U1074,C051,completed,0.532,1.0,,2027-09-22T14:00:00
I09021,U1074,C088,quiz_passed,0.851,1.0,0.809,2027-09-22T16:00:00
I09022,U1074,C049,quiz_passed,0.801,1.0,0.825,2027-09-22T18:00:00
I09023,U1074,C010,completed,0.558,1.0,,2027-09-22T20:00:00
I09024,U1074,C001,completed,0.531,1.0,,2027-09-22T22:00:00
I09025,U1074,C013,quiz_passed,0.842,1.0,0.773,2027-09-23T00:00:00
I09026,U1074,C028,completed,0.847,1.0,0.831,2027-09-23T02:00:00
I09027,U1074,C042,viewed,0.146,0.015,,2027-09-23T04:00:00
I09028,U1074,C044,quiz_passed,0.816,1.0,0.757,2027-09-23T06:00:00
I09029,U1074,C046,viewed,0.291,0.066,,2027-09-23T08:00:00
I09030,U1074,C081,quiz_passed,0.845,1.0,0.736,2027-09-23T10:00:00
I09031,U1074,C042,completed,0.526,1.0,,2027-09-23T12:00:00
I09032,U1074,C033,completed,0.573,1.0,,2027-09-23T14:00:00
I09033,U1075,C091,completed,0.552,1.0,,2027-09-23T16:00:00
I09034,U1075,C015,completed,0.496,1.0,,2027-09-23T18:00:00
I09035,U1075,C073,completed,0.539,1.0,,2027-09-23T20:00:00
I09036,U1075,C067,completed,0.858,1.0,0.859,2027-09-23T22:00:00
I09037,U1075,C015,completed,0.543,1.0,,2027-09-24T00:00:00
I09038,U1075,C046,completed,0.468,1.0,,2027-09-24T02:00:00
I09039,U1075,C046,quiz_passed,0.818,1.0,0.679,2027-09-24T04:00:00
I09040,U1075,C065,completed,0.478,1.0,,2027-09-24T06:00:00
I09041,U1076,C008,completed,0.778,1.0,0.784,2027-09-24T08:00:00
I09042,U1076,C098,viewed,0.406,0.31,0.431,2027-09-24T10:00:00
I09043,U1076,C078,completed,0.471,1.0,,2027-09-24T12:00:00
I09044,U1076,C035,completed,0.512,1.0,,2027-09-24T14:00:00
I09045,U1076,C016,viewed,0.241,0.25,,2027-09-24T16:00:00
I09046,U1076,C036,completed,0.547,1.0,,2027-09-24T18:00:00
I09047,U1076,C041,quiz_passed,0.844,1.0,0.706,2027-09-24T20:00:00
I09048,U1076,C074,viewed,0.245,0.033,,2027-09-24T22:00:00
I09049,U1076,C089,completed,0.572,1.0,,2027-09-25T00:00:00
I09050,U1076,C015,completed,0.522,1.0,,2027-09-25T02:00:00
I09051,U1076,C046,viewed,0.408,0.68,,2027-09-25T04:00:00
I09052,U1077,C011,completed,0.745,1.0,0.584,2027-09-25T06:00:00
I09053,U1077,C048,viewed,0.19,0.027,,2027-09-25T08:00:00
I09054,U1077,C001,viewed,0.21,0.039,,2027-09-25T10:00:00
I09055,U1077,C098,viewed,0.126,0.061,,2027-09-25T12:00:00
I09056,U1077,C096,disliked,0.161,0.01,0.239,2027-09-25T14:00:00
I09057,U1077,C065,quiz_passed,0.753,1.0,0.662,2027-09-25T16:00:00
I09058,U1077,C017,viewed,0.266,0.24,,2027-09-25T18:00:00
I09059,U1077,C011,completed,0.503,1.0,,2027-09-25T20:00:00
I09060,U1077,C048,completed,0.757,1.0,0.573,2027-09-25T22:00:00
I09061,U1077,C099,viewed,0.266,0.5,,2027-09-26T00:00:00
I09062,U1077,C092,completed,0.759,1.0,0.592,2027-09-26T02:00:00
I09063,U1078,C073,viewed,0.168,0.006,,2027-09-26T04:00:00
I09064,U1078,C095,completed,0.471,1.0,,2027-09-26T06:00:00
I09065,U1079,C015,quiz_passed,0.843,1.0,0.737,2027-09-26T08:00:00
I09066,U1079,C045,viewed,0.195,0.098,,2027-09-26T10:00:00
I09067,U1079,C025,completed,0.835,1.0,0.767,2027-09-26T12:00:00
I09068,U1079,C046,viewed,0.195,0.077,,2027-09-26T14:00:00
I09069,U1079,C015,viewed,0.547,0.39,0.562,2027-09-26T16:00:00
I09070,U1079,C081,completed,0.52,1.0,,2027-09-26T18:00:00
I09071,U1079,C047,completed,0.539,1.0,,2027-09-26T20:00:00
I09072,U1079,C010,completed,0.778,1.0,0.698,2027-09-26T22:00:00
I09073,U1079,C057,quiz_passed,0.864,1.0,0.723,2027-09-27T00:00:00
I09074,U1079,C046,completed,0.507,1.0,,2027-09-27T02:00:00
I09075,U1079,C064,quiz_passed,0.792,1.0,0.779,2027-09-27T04:00:00
I09076,U1079,C091,quiz_passed,0.843,1.0,0.71,2027-09-27T06:00:00
I09077,U1079,C071,disliked,0.168,0.12,,2027-09-27T08:00:00
I09078,U1079,C005,completed,0.528,1.0,,2027-09-27T10:00:00
I09079,U1080,C030,viewed,0.474,0.61,0.329,2027-09-27T12:00:00
I09080,U1080,C098,completed,0.56,1.0,,2027-09-27T14:00:00
I09081,U1080,C003,viewed,0.422,0.5,0.4,2027-09-27T16:00:00
I09082,U1080,C075,completed,0.704,1.0,0.46,2027-09-27T18:00:00
I09083,U1080,C058,quiz_passed,0.77,1.0,0.644,2027-09-27T20:00:00
I09084,U1080,C018,viewed,0.366,0.67,,2027-09-27T22:00:00
I09085,U1080,C050,completed,0.737,1.0,0.677,2027-09-28T00:00:00
I09086,U1080,C018,viewed,0.454,0.57,0.369,2027-09-28T02:00:00
I09087,U1080,C001,viewed,0.492,0.44,0.436,2027-09-28T04:00:00
I09088,U1080,C018,viewed,0.402,0.56,,2027-09-28T06:00:00
I09089,U1081,C095,viewed,0.264,0.066,,2027-09-28T08:00:00
I09090,U1081,C030,viewed,0.507,0.68,0.398,2027-09-28T10:00:00
I09091,U1081,C096,viewed,0.251,0.038,,2027-09-28T12:00:00
I09092,U1081,C003,quiz_passed,0.791,1.0,0.626,2027-09-28T14:00:00
I09093,U1081,C099,viewed,0.395,0.29,0.29,2027-09-28T16:00:00
I09094,U1081,C081,viewed,0.24,0.31,,2027-09-28T18:00:00
I09095,U1082,C067,viewed,0.245,0.047,,2027-09-28T20:00:00
I09096,U1082,C001,disliked,0.335,0.15,0.359,2027-09-28T22:00:00
I09097,U1082,C005,viewed,0.12,0.024,,2027-09-29T00:00:00
I09098,U1082,C096,completed,0.706,1.0,0.418,2027-09-29T02:00:00
I09099,U1082,C099,viewed,0.195,0.068,,2027-09-29T04:00:00
I09100,U1082,C047,completed,0.812,1.0,0.698,2027-09-29T06:00:00
I09101,U1082,C044,completed,0.781,1.0,0.557,2027-09-29T08:00:00
I09102,U1082,C042,viewed,0.512,0.47,0.446,2027-09-29T10:00:00
I09103,U1082,C081,viewed,0.185,0.097,,2027-09-29T12:00:00
I09104,U1082,C025,disliked,0.257,0.13,0.336,2027-09-29T14:00:00
I09105,U1083,C099,completed,0.536,1.0,,2027-09-29T16:00:00
I09106,U1083,C091,disliked,0.127,0.09,,2027-09-29T18:00:00
I09107,U1083,C042,viewed,0.248,0.24,,2027-09-29T20:00:00
I09108,U1084,C095,viewed,0.146,0.07,,2027-09-29T22:00:00
I09109,U1084,C099,viewed,0.108,0.044,,2027-09-30T00:00:00
I09110,U1084,C015,quiz_passed,0.825,1.0,0.699,2027-09-30T02:00:00
I09111,U1084,C066,quiz_passed,0.745,1.0,0.681,2027-09-30T04:00:00
I09112,U1084,C074,completed,0.524,1.0,,2027-09-30T06:00:00
I09113,U1084,C051,viewed,0.151,0.2,,2027-09-30T08:00:00
I09114,U1084,C076,quiz_passed,0.791,1.0,0.66,2027-09-30T10:00:00
I09115,U1084,C001,completed,0.551,1.0,,2027-09-30T12:00:00
I09116,U1084,C045,disliked,0.194,0.05,0.247,2027-09-30T14:00:00
I09117,U1084,C057,completed,0.561,1.0,,2027-09-30T16:00:00
I09118,U1084,C028,viewed,0.176,0.28,,2027-09-30T18:00:00
I09119,U1084,C047,disliked,0.245,0.11,0.326,2027-09-30T20:00:00
I09120,U1084,C091,viewed,0.595,0.7,0.424,2027-09-30T22:00:00
I09121,U1084,C088,completed,0.55,1.0,,2027-10-01T00:00:00
I09122,U1085,C099,quiz_passed,0.856,1.0,0.757,2027-10-01T02:00:00
I09123,U1085,C057,completed,0.478,1.0,,2027-10-01T04:00:00
I09124,U1085,C099,completed,0.477,1.0,,2027-10-01T06:00:00
I09125,U1085,C016,completed,0.533,1.0,,2027-10-01T08:00:00
I09126,U1085,C025,disliked,0.131,0.04,,2027-10-01T10:00:00
I09127,U1085,C013,completed,0.477,1.0,,2027-10-01T12:00:00
I09128,U1085,C075,completed,0.576,1.0,,2027-10-01T14:00:00
I09129,U1085,C071,completed,0.527,1.0,,2027-10-01T16:00:00
I09130,U1085,C048,completed,0.496,1.0,,2027-10-01T18:00:00
I09131,U1085,C051,completed,0.537,1.0,,2027-10-01T20:00:00
I09132,U1085,C044,quiz_passed,0.759,1.0,0.716,2027-10-01T22:00:00
I09133,U1086,C098,viewed,0.328,0.64,,2027-10-02T00:00:00
I09134,U1086,C071,completed,0.534,1.0,,2027-10-02T02:00:00
I09135,U1086,C081,completed,0.689,1.0,0.56,2027-10-02T04:00:00
I09136,U1086,C090,viewed,0.265,0.09,,2027-10-02T06:00:00
I09137,U1086,C095,viewed,0.193,0.011,,2027-10-02T08:00:00
I09138,U1087,C095,viewed,0.218,0.33,,2027-10-02T10:00:00
I09139,U1087,C098,completed,0.735,1.0,0.676,2027-10-02T12:00:00
I09140,U1087,C071,quiz_passed,0.819,1.0,0.707,2027-10-02T14:00:00
I09141,U1087,C003,viewed,0.257,0.045,,2027-10-02T16:00:00
I09142,U1087,C046,viewed,0.171,0.073,,2027-10-02T18:00:00
I09143,U1087,C073,quiz_passed,0.795,1.0,0.771,2027-10-02T20:00:00
I09144,U1087,C044,completed,0.746,1.0,0.566,2027-10-02T22:00:00
I09145,U1088,C096,viewed,0.389,0.21,0.44,2027-10-03T00:00:00
I09146,U1088,C028,completed,0.537,1.0,,2027-10-03T02:00:00
I09147,U1088,C029,viewed,0.259,0.088,,2027-10-03T04:00:00
I09148,U1088,C016,completed,0.803,1.0,0.785,2027-10-03T06:00:00
I09149,U1088,C091,quiz_passed,0.806,1.0,0.719,2027-10-03T08:00:00
I09150,U1088,C002,completed,0.575,1.0,,2027-10-03T10:00:00
I09151,U1088,C074,quiz_passed,0.773,1.0,0.6,2027-10-03T12:00:00
I09152,U1088,C067,completed,0.5,1.0,,2027-10-03T14:00:00
I09153,U1088,C045,viewed,0.508,0.64,0.427,2027-10-03T16:00:00
I09154,U1088,C045,viewed,0.428,0.57,0.332,2027-10-03T18:00:00
I09155,U1088,C044,disliked,0.343,0.16,0.311,2027-10-03T20:00:00
I09156,U1088,C003,quiz_passed,0.852,1.0,0.707,2027-10-03T22:00:00
I09157,U1088,C076,viewed,0.526,0.43,0.556,2027-10-04T00:00:00
I09158,U1089,C025,viewed,0.104,0.099,,2027-10-04T02:00:00
I09159,U1089,C082,viewed,0.278,0.073,,2027-10-04T04:00:00
I09160,U1089,C053,completed,0.722,1.0,0.564,2027-10-04T06:00:00
I09161,U1089,C065,viewed,0.103,0.054,,2027-10-04T08:00:00
I09162,U1089,C067,viewed,0.203,0.34,,2027-10-04T10:00:00
I09163,U1089,C096,completed,0.74,1.0,0.46,2027-10-04T12:00:00
I09164,U1089,C016,completed,0.563,1.0,,2027-10-04T14:00:00
I09165,U1089,C071,viewed,0.287,0.49,,2027-10-04T16:00:00
I09166,U1090,C006,viewed,0.416,0.43,0.447,2027-10-04T18:00:00
I09167,U1090,C099,viewed,0.53,0.63,0.273,2027-10-04T20:00:00
I09168,U1090,C053,completed,0.716,1.0,0.581,2027-10-04T22:00:00
I09169,U1090,C050,viewed,0.101,0.08,,2027-10-05T00:00:00
I09170,U1090,C028,disliked,0.283,0.03,0.324,2027-10-05T02:00:00
I09171,U1090,C098,viewed,0.261,0.29,0.203,2027-10-05T04:00:00
I09172,U1090,C099,viewed,0.252,0.047,,2027-10-05T06:00:00
I09173,U1090,C002,completed,0.484,1.0,,2027-10-05T08:00:00
I09174,U1090,C067,completed,0.518,1.0,,2027-10-05T10:00:00
I09175,U1090,C067,viewed,0.107,0.034,,2027-10-05T12:00:00
I09176,U1090,C046,completed,0.64,1.0,0.38,2027-10-05T14:00:00
I09177,U1090,C016,completed,0.528,1.0,,2027-10-05T16:00:00
I09178,U1090,C051,completed,0.513,1.0,,2027-10-05T18:00:00
I09179,U1091,C091,quiz_passed,0.808,1.0,0.624,2027-10-05T20:00:00
I09180,U1091,C002,quiz_passed,0.814,1.0,0.695,2027-10-05T22:00:00
I09181,U1092,C092,viewed,0.44,0.38,0.444,2027-10-06T00:00:00
I09182,U1092,C017,viewed,0.248,0.41,,2027-10-06T02:00:00
I09183,U1092,C061,viewed,0.207,0.072,,2027-10-06T04:00:00
I09184,U1092,C011,completed,0.743,1.0,0.599,2027-10-06T06:00:00
I09185,U1092,C071,quiz_passed,0.76,1.0,0.68,2027-10-06T08:00:00
I09186,U1092,C002,completed,0.468,1.0,,2027-10-06T10:00:00
I09187,U1092,C049,viewed,0.362,0.25,0.333,2027-10-06T12:00:00
I09188,U1092,C092,completed,0.565,1.0,,2027-10-06T14:00:00
I09189,U1092,C066,viewed,0.286,0.31,,2027-10-06T16:00:00
I09190,U1092,C066,viewed,0.302,0.53,,2027-10-06T18:00:00
I09191,U1092,C017,quiz_passed,0.822,1.0,0.674,2027-10-06T20:00:00
I09192,U1092,C075,viewed,0.381,0.22,0.296,2027-10-06T22:00:00
I09193,U1092,C003,completed,0.501,1.0,,2027-10-07T00:00:00
I09194,U1092,C096,completed,0.5,1.0,,2027-10-07T02:00:00
I09195,U1093,C001,quiz_passed,0.794,1.0,0.613,2027-10-07T04:00:00
I09196,U1093,C066,completed,0.81,1.0,0.643,2027-10-07T06:00:00
I09197,U1093,C044,viewed,0.193,0.021,,2027-10-07T08:00:00
I09198,U1093,C076,disliked,0.358,0.16,0.437,2027-10-07T10:00:00
I09199,U1093,C018,viewed,0.366,0.56,,2027-10-07T12:00:00
I09200,U1093,C045,viewed,0.412,0.63,0.226,2027-10-07T14:00:00
I09201,U1093,C025,quiz_passed,0.773,1.0,0.67,2027-10-07T16:00:00
I09202,U1093,C044,disliked,0.278,0.17,0.248,2027-10-07T18:00:00
I09203,U1093,C090,completed,0.772,1.0,0.483,2027-10-07T20:00:00
I09204,U1094,C048,completed,0.58,1.0,,2027-10-07T22:00:00
I09205,U1094,C092,viewed,0.259,0.027,,2027-10-08T00:00:00
I09206,U1094,C028,completed,0.819,1.0,0.716,2027-10-08T02:00:00
I09207,U1094,C095,completed,0.474,1.0,,2027-10-08T04:00:00
I09208,U1094,C063,quiz_passed,0.859,1.0,0.78,2027-10-08T06:00:00
I09209,U1094,C028,quiz_passed,0.835,1.0,0.805,2027-10-08T08:00:00
I09210,U1094,C099,completed,0.566,1.0,,2027-10-08T10:00:00
I09211,U1094,C067,completed,0.563,1.0,,2027-10-08T12:00:00
I09212,U1095,C050,completed,0.507,1.0,,2027-10-08T14:00:00
I09213,U1095,C013,viewed,0.394,0.29,0.414,2027-10-08T16:00:00
I09214,U1095,C048,quiz_passed,0.85,1.0,0.722,2027-10-08T18:00:00
I09215,U1095,C010,viewed,0.295,0.04,,2027-10-08T20:00:00
I09216,U1095,C046,viewed,0.43,0.51,0.231,2027-10-08T22:00:00
I09217,U1095,C018,completed,0.795,1.0,0.777,2027-10-09T00:00:00
I09218,U1095,C098,completed,0.57,1.0,,2027-10-09T02:00:00
I09219,U1095,C045,viewed,0.171,0.051,,2027-10-09T04:00:00
I09220,U1095,C046,completed,0.708,1.0,0.425,2027-10-09T06:00:00
I09221,U1095,C050,viewed,0.465,0.28,0.482,2027-10-09T08:00:00
I09222,U1095,C048,completed,0.552,1.0,,2027-10-09T10:00:00
I09223,U1096,C076,completed,0.76,1.0,0.583,2027-10-09T12:00:00
I09224,U1096,C088,quiz_passed,0.811,1.0,0.681,2027-10-09T14:00:00
I09225,U1096,C030,completed,0.577,1.0,,2027-10-09T16:00:00
I09226,U1097,C054,completed,0.488,1.0,,2027-10-09T18:00:00
I09227,U1097,C047,viewed,0.283,0.009,,2027-10-09T20:00:00
I09228,U1097,C099,completed,0.558,1.0,,2027-10-09T22:00:00
I09229,U1097,C099,viewed,0.213,0.24,,2027-10-10T00:00:00
I09230,U1097,C096,completed,0.518,1.0,,2027-10-10T02:00:00
I09231,U1098,C057,quiz_passed,0.42,0.21,0.661,2027-10-10T04:00:00
I09232,U1098,C099,quiz_passed,0.754,1.0,0.723,2027-10-10T06:00:00
I09233,U1098,C065,completed,0.79,1.0,0.812,2027-10-10T08:00:00
I09234,U1098,C002,quiz_passed,0.826,1.0,0.872,2027-10-10T10:00:00
I09235,U1098,C025,completed,0.883,1.0,0.818,2027-10-10T12:00:00
I09236,U1098,C057,quiz_passed,0.883,1.0,0.86,2027-10-10T14:00:00
I09237,U1098,C050,completed,0.548,1.0,,2027-10-10T16:00:00
I09238,U1098,C091,quiz_passed,0.869,1.0,0.841,2027-10-10T18:00:00
I09239,U1098,C073,completed,0.9,1.0,0.885,2027-10-10T20:00:00
I09240,U1098,C047,completed,0.527,1.0,,2027-10-10T22:00:00
I09241,U1098,C098,quiz_passed,0.793,1.0,0.774,2027-10-11T00:00:00
I09242,U1098,C010,quiz_passed,0.818,1.0,0.781,2027-10-11T02:00:00
I09243,U1098,C048,completed,0.485,1.0,,2027-10-11T04:00:00
I09244,U1098,C090,completed,0.847,1.0,0.727,2027-10-11T06:00:00
I09245,U1098,C046,viewed,0.28,0.045,,2027-10-11T08:00:00
I09246,U1099,C065,viewed,0.14,0.054,,2027-10-11T10:00:00
I09247,U1099,C025,viewed,0.426,0.37,0.405,2027-10-11T12:00:00
I09248,U1099,C025,viewed,0.28,0.015,,2027-10-11T14:00:00
I09249,U1099,C073,quiz_passed,0.766,1.0,0.669,2027-10-11T16:00:00
I09250,U1099,C054,viewed,0.533,0.68,0.415,2027-10-11T18:00:00
I09251,U1099,C048,quiz_passed,0.765,1.0,0.621,2027-10-11T20:00:00
I09252,U1099,C076,quiz_passed,0.751,1.0,0.644,2027-10-11T22:00:00
I09253,U1099,C025,viewed,0.406,0.46,0.352,2027-10-12T00:00:00
I09254,U1099,C057,completed,0.488,1.0,,2027-10-12T02:00:00
I09255,U1099,C006,viewed,0.203,0.018,,2027-10-12T04:00:00
I09256,U1100,C066,quiz_passed,0.799,1.0,0.733,2027-10-12T06:00:00
I09257,U1100,C017,completed,0.58,1.0,,2027-10-12T08:00:00
I09258,U1100,C099,completed,0.549,1.0,,2027-10-12T10:00:00
I09259,U1100,C053,quiz_passed,0.858,1.0,0.731,2027-10-12T12:00:00
I09260,U1101,C099,completed,0.516,1.0,,2027-10-12T14:00:00
I09261,U1101,C028,viewed,0.415,0.65,,2027-10-12T16:00:00
I09262,U1101,C029,completed,0.797,1.0,0.589,2027-10-12T18:00:00
I09263,U1101,C047,completed,0.774,1.0,0.592,2027-10-12T20:00:00
I09264,U1101,C017,completed,0.551,1.0,,2027-10-12T22:00:00
I09265,U1101,C028,viewed,0.244,0.011,,2027-10-13T00:00:00
I09266,U1101,C098,disliked,0.24,0.05,0.297,2027-10-13T02:00:00
I09267,U1101,C096,completed,0.566,1.0,,2027-10-13T04:00:00
I09268,U1101,C030,viewed,0.174,0.091,,2027-10-13T06:00:00
I09269,U1101,C048,completed,0.579,1.0,,2027-10-13T08:00:00
I09270,U1101,C001,completed,0.787,1.0,0.572,2027-10-13T10:00:00
I09271,U1101,C044,viewed,0.244,0.049,,2027-10-13T12:00:00
I09272,U1101,C015,completed,0.485,1.0,,2027-10-13T14:00:00
I09273,U1102,C061,viewed,0.219,0.071,,2027-10-13T16:00:00
I09274,U1102,C096,viewed,0.503,0.59,0.298,2027-10-13T18:00:00
I09275,U1102,C042,disliked,0.177,0.14,,2027-10-13T20:00:00
I09276,U1102,C091,disliked,0.266,0.08,0.408,2027-10-13T22:00:00
I09277,U1102,C002,quiz_passed,0.73,1.0,0.616,2027-10-14T00:00:00
I09278,U1102,C006,viewed,0.202,0.058,,2027-10-14T02:00:00
I09279,U1102,C073,viewed,0.187,0.008,,2027-10-14T04:00:00
I09280,U1102,C051,quiz_passed,0.744,1.0,0.616,2027-10-14T06:00:00
I09281,U1102,C095,completed,0.675,1.0,0.444,2027-10-14T08:00:00
I09282,U1102,C044,viewed,0.31,0.48,,2027-10-14T10:00:00
I09283,U1102,C013,completed,0.543,1.0,,2027-10-14T12:00:00
I09284,U1102,C035,viewed,0.161,0.095,,2027-10-14T14:00:00
I09285,U1102,C051,quiz_passed,0.719,1.0,0.606,2027-10-14T16:00:00
I09286,U1102,C066,viewed,0.265,0.03,,2027-10-14T18:00:00
I09287,U1102,C057,disliked,0.322,0.1,0.428,2027-10-14T20:00:00
I09288,U1103,C050,quiz_passed,0.866,1.0,0.873,2027-10-14T22:00:00
I09289,U1103,C090,completed,0.544,1.0,,2027-10-15T00:00:00
I09290,U1103,C003,viewed,0.122,0.035,,2027-10-15T02:00:00
I09291,U1103,C029,quiz_passed,0.866,1.0,0.877,2027-10-15T04:00:00
I09292,U1103,C048,completed,0.568,1.0,,2027-10-15T06:00:00
I09293,U1104,C082,viewed,0.3,0.076,,2027-10-15T08:00:00
I09294,U1104,C053,quiz_passed,0.83,1.0,0.682,2027-10-15T10:00:00
I09295,U1104,C029,completed,0.844,1.0,0.695,2027-10-15T12:00:00
I09296,U1104,C011,viewed,0.59,0.66,0.381,2027-10-15T14:00:00
I09297,U1104,C008,quiz_passed,0.754,1.0,0.703,2027-10-15T16:00:00
I09298,U1104,C098,completed,0.573,1.0,,2027-10-15T18:00:00
I09299,U1104,C029,quiz_passed,0.736,1.0,0.667,2027-10-15T20:00:00
I09300,U1104,C095,viewed,0.16,0.0,,2027-10-15T22:00:00
I09301,U1104,C071,completed,0.501,1.0,,2027-10-16T00:00:00
I09302,U1104,C015,viewed,0.298,0.058,,2027-10-16T02:00:00
I09303,U1104,C081,completed,0.57,1.0,,2027-10-16T04:00:00
I09304,U1105,C099,disliked,0.188,0.09,,2027-10-16T06:00:00
I09305,U1105,C003,completed,0.563,1.0,,2027-10-16T08:00:00
I09306,U1105,C067,completed,0.746,1.0,0.569,2027-10-16T10:00:00
I09307,U1105,C066,completed,0.813,1.0,0.684,2027-10-16T12:00:00
I09308,U1105,C090,viewed,0.237,0.074,,2027-10-16T14:00:00
I09309,U1105,C058,completed,0.58,1.0,,2027-10-16T16:00:00
I09310,U1105,C013,completed,0.53,1.0,,2027-10-16T18:00:00
I09311,U1105,C029,viewed,0.22,0.079,,2027-10-16T20:00:00
I09312,U1105,C074,disliked,0.255,0.16,0.276,2027-10-16T22:00:00
I09313,U1106,C057,completed,0.553,1.0,,2027-10-17T00:00:00
I09314,U1106,C099,disliked,0.334,0.18,0.245,2027-10-17T02:00:00
I09315,U1106,C054,viewed,0.353,0.29,0.377,2027-10-17T04:00:00
I09316,U1106,C015,viewed,0.247,0.085,,2027-10-17T06:00:00
I09317,U1106,C048,viewed,0.204,0.071,,2027-10-17T08:00:00
I09318,U1106,C058,viewed,0.251,0.45,,2027-10-17T10:00:00
I09319,U1106,C096,viewed,0.173,0.032,,2027-10-17T12:00:00
I09320,U1106,C082,completed,0.579,1.0,,2027-10-17T14:00:00
I09321,U1106,C017,completed,0.569,1.0,,2027-10-17T16:00:00
I09322,U1107,C042,quiz_passed,0.74,1.0,0.647,2027-10-17T18:00:00
I09323,U1107,C050,completed,0.756,1.0,0.581,2027-10-17T20:00:00
I09324,U1107,C043,disliked,0.306,0.07,0.365,2027-10-17T22:00:00
I09325,U1107,C042,viewed,0.246,0.08,,2027-10-18T00:00:00
I09326,U1107,C047,completed,0.563,1.0,,2027-10-18T02:00:00
I09327,U1107,C045,viewed,0.169,0.085,,2027-10-18T04:00:00
I09328,U1107,C047,completed,0.82,1.0,0.655,2027-10-18T06:00:00
I09329,U1107,C010,completed,0.78,1.0,0.553,2027-10-18T08:00:00
I09330,U1107,C049,completed,0.541,1.0,,2027-10-18T10:00:00
I09331,U1107,C048,viewed,0.172,0.029,,2027-10-18T12:00:00
I09332,U1108,C096,completed,0.468,1.0,,2027-10-18T14:00:00
I09333,U1108,C096,quiz_passed,0.871,1.0,0.781,2027-10-18T16:00:00
I09334,U1108,C057,completed,0.476,1.0,,2027-10-18T18:00:00
I09335,U1108,C098,quiz_passed,0.785,1.0,0.757,2027-10-18T20:00:00
I09336,U1108,C011,completed,0.479,1.0,,2027-10-18T22:00:00
I09337,U1108,C096,viewed,0.436,0.33,0.481,2027-10-19T00:00:00
I09338,U1108,C091,completed,0.479,1.0,,2027-10-19T02:00:00
I09339,U1109,C002,quiz_passed,0.79,1.0,0.73,2027-10-19T04:00:00
I09340,U1109,C053,completed,0.577,1.0,,2027-10-19T06:00:00
I09341,U1109,C090,completed,0.512,1.0,,2027-10-19T08:00:00
I09342,U1109,C028,completed,0.489,1.0,,2027-10-19T10:00:00
I09343,U1109,C051,completed,0.469,1.0,,2027-10-19T12:00:00
I09344,U1109,C044,completed,0.748,1.0,0.629,2027-10-19T14:00:00
I09345,U1109,C090,completed,0.722,1.0,0.585,2027-10-19T16:00:00
I09346,U1109,C067,completed,0.804,1.0,0.793,2027-10-19T18:00:00
I09347,U1109,C090,viewed,0.147,0.047,,2027-10-19T20:00:00
I09348,U1109,C075,viewed,0.207,0.21,,2027-10-19T22:00:00
I09349,U1109,C006,completed,0.572,1.0,,2027-10-20T00:00:00
I09350,U1109,C096,completed,0.567,1.0,,2027-10-20T02:00:00
I09351,U1109,C035,completed,0.817,1.0,0.792,2027-10-20T04:00:00
I09352,U1109,C066,quiz_passed,0.754,1.0,0.732,2027-10-20T06:00:00
I09353,U1110,C092,quiz_passed,0.815,1.0,0.709,2027-10-20T08:00:00
I09354,U1110,C051,completed,0.577,1.0,,2027-10-20T10:00:00
I09355,U1110,C046,viewed,0.309,0.35,0.198,2027-10-20T12:00:00
I09356,U1110,C015,completed,0.874,1.0,0.738,2027-10-20T14:00:00
I09357,U1110,C029,completed,0.812,1.0,0.732,2027-10-20T16:00:00
I09358,U1110,C049,completed,0.549,1.0,,2027-10-20T18:00:00
I09359,U1110,C001,quiz_passed,0.872,1.0,0.745,2027-10-20T20:00:00
I09360,U1110,C018,quiz_passed,0.776,1.0,0.726,2027-10-20T22:00:00
I09361,U1110,C015,completed,0.515,1.0,,2027-10-21T00:00:00
I09362,U1111,C051,viewed,0.478,0.44,0.511,2027-10-21T02:00:00
I09363,U1111,C005,viewed,0.154,0.0,,2027-10-21T04:00:00
I09364,U1111,C066,completed,0.809,1.0,0.712,2027-10-21T06:00:00
I09365,U1111,C054,disliked,0.364,0.04,0.455,2027-10-21T08:00:00
I09366,U1111,C053,completed,0.466,1.0,,2027-10-21T10:00:00
I09367,U1111,C016,viewed,0.509,0.4,0.53,2027-10-21T12:00:00
I09368,U1111,C015,completed,0.533,1.0,,2027-10-21T14:00:00
I09369,U1111,C011,completed,0.528,1.0,,2027-10-21T16:00:00
I09370,U1111,C095,disliked,0.085,0.01,,2027-10-21T18:00:00
I09371,U1111,C048,viewed,0.355,0.46,,2027-10-21T20:00:00
I09372,U1111,C092,viewed,0.624,0.59,0.532,2027-10-21T22:00:00
I09373,U1111,C075,completed,0.562,1.0,,2027-10-22T00:00:00
I09374,U1111,C048,quiz_passed,0.808,1.0,0.785,2027-10-22T02:00:00
I09375,U1111,C013,completed,0.534,1.0,,2027-10-22T04:00:00
I09376,U1112,C062,viewed,0.504,0.47,0.456,2027-10-22T06:00:00
I09377,U1112,C035,completed,0.514,1.0,,2027-10-22T08:00:00
I09378,U1112,C015,completed,0.881,1.0,0.755,2027-10-22T10:00:00
I09379,U1112,C081,disliked,0.342,0.05,0.387,2027-10-22T12:00:00
I09380,U1112,C085,viewed,0.289,0.01,,2027-10-22T14:00:00
I09381,U1112,C076,quiz_passed,0.799,1.0,0.725,2027-10-22T16:00:00
I09382,U1112,C073,completed,0.485,1.0,,2027-10-22T18:00:00
I09383,U1112,C046,completed,0.56,1.0,,2027-10-22T20:00:00
I09384,U1112,C047,quiz_passed,0.853,1.0,0.778,2027-10-22T22:00:00
I09385,U1113,C099,completed,0.74,1.0,0.477,2027-10-23T00:00:00
I09386,U1113,C047,quiz_passed,0.765,1.0,0.706,2027-10-23T02:00:00
I09387,U1113,C071,completed,0.812,1.0,0.589,2027-10-23T04:00:00
I09388,U1113,C050,quiz_passed,0.711,1.0,0.608,2027-10-23T06:00:00
I09389,U1113,C010,viewed,0.241,0.037,,2027-10-23T08:00:00
I09390,U1113,C018,viewed,0.431,0.68,,2027-10-23T10:00:00
I09391,U1113,C048,completed,0.505,1.0,,2027-10-23T12:00:00
I09392,U1113,C082,completed,0.497,1.0,,2027-10-23T14:00:00
I09393,U1114,C082,completed,0.553,1.0,,2027-10-23T16:00:00
I09394,U1114,C025,disliked,0.368,0.15,0.417,2027-10-23T18:00:00
I09395,U1114,C025,viewed,0.214,0.0,,2027-10-23T20:00:00
I09396,U1114,C002,viewed,0.354,0.55,,2027-10-23T22:00:00
I09397,U1114,C045,completed,0.532,1.0,,2027-10-24T00:00:00
I09398,U1114,C074,viewed,0.488,0.57,0.24,2027-10-24T02:00:00
I09399,U1114,C090,viewed,0.33,0.31,0.245,2027-10-24T04:00:00
I09400,U1114,C064,completed,0.543,1.0,,2027-10-24T06:00:00
I09401,U1114,C006,completed,0.523,1.0,,2027-10-24T08:00:00
I09402,U1115,C098,completed,0.503,1.0,,2027-10-24T10:00:00
I09403,U1115,C095,viewed,0.379,0.54,,2027-10-24T12:00:00
I09404,U1115,C043,completed,0.831,1.0,0.652,2027-10-24T14:00:00
I09405,U1115,C018,viewed,0.359,0.32,0.359,2027-10-24T16:00:00
I09406,U1115,C042,viewed,0.315,0.63,,2027-10-24T18:00:00
I09407,U1115,C005,disliked,0.15,0.11,,2027-10-24T20:00:00
I09408,U1115,C010,completed,0.551,1.0,,2027-10-24T22:00:00
I09409,U1115,C010,completed,0.694,1.0,0.532,2027-10-25T00:00:00
I09410,U1115,C092,viewed,0.179,0.08,,2027-10-25T02:00:00
I09411,U1115,C042,quiz_passed,0.731,1.0,0.648,2027-10-25T04:00:00
I09412,U1115,C053,viewed,0.209,0.028,,2027-10-25T06:00:00
I09413,U1115,C099,completed,0.77,1.0,0.526,2027-10-25T08:00:00
I09414,U1116,C001,completed,0.899,1.0,0.806,2027-10-25T10:00:00
I09415,U1116,C046,viewed,0.333,0.35,0.243,2027-10-25T12:00:00
I09416,U1116,C045,completed,0.774,1.0,0.583,2027-10-25T14:00:00
I09417,U1116,C003,quiz_passed,0.869,1.0,0.767,2027-10-25T16:00:00
I09418,U1116,C053,quiz_passed,0.755,1.0,0.721,2027-10-25T18:00:00
I09419,U1117,C006,completed,0.497,1.0,,2027-10-25T20:00:00
I09420,U1117,C028,completed,0.492,1.0,,2027-10-25T22:00:00
I09421,U1117,C054,completed,0.859,1.0,0.88,2027-10-26T00:00:00
I09422,U1117,C006,completed,0.879,1.0,0.833,2027-10-26T02:00:00
I09423,U1117,C047,completed,0.547,1.0,,2027-10-26T04:00:00
I09424,U1117,C030,quiz_passed,0.816,1.0,0.877,2027-10-26T06:00:00
I09425,U1117,C099,quiz_passed,0.775,1.0,0.767,2027-10-26T08:00:00
I09426,U1117,C076,quiz_passed,0.923,1.0,0.866,2027-10-26T10:00:00
I09427,U1117,C018,completed,0.922,1.0,0.882,2027-10-26T12:00:00
I09428,U1117,C017,completed,0.882,1.0,0.864,2027-10-26T14:00:00
I09429,U1117,C047,quiz_passed,0.541,0.31,0.667,2027-10-26T16:00:00
I09430,U1117,C066,quiz_passed,0.829,1.0,0.82,2027-10-26T18:00:00
I09431,U1117,C057,completed,0.552,1.0,,2027-10-26T20:00:00
I09432,U1118,C067,completed,0.734,1.0,0.652,2027-10-26T22:00:00
I09433,U1118,C057,completed,0.531,1.0,,2027-10-27T00:00:00
I09434,U1118,C029,viewed,0.247,0.08,,2027-10-27T02:00:00
I09435,U1118,C095,viewed,0.188,0.098,,2027-10-27T04:00:00
I09436,U1118,C003,quiz_passed,0.753,1.0,0.691,2027-10-27T06:00:00
I09437,U1118,C017,viewed,0.225,0.089,,2027-10-27T08:00:00
I09438,U1118,C001,completed,0.562,1.0,,2027-10-27T10:00:00
I09439,U1118,C013,disliked,0.162,0.09,,2027-10-27T12:00:00
I09440,U1118,C066,completed,0.715,1.0,0.566,2027-10-27T14:00:00
I09441,U1118,C095,viewed,0.143,0.044,,2027-10-27T16:00:00
I09442,U1118,C091,completed,0.548,1.0,,2027-10-27T18:00:00
I09443,U1118,C002,completed,0.474,1.0,,2027-10-27T20:00:00
I09444,U1118,C071,disliked,0.284,0.07,0.395,2027-10-27T22:00:00
I09445,U1118,C050,completed,0.777,1.0,0.59,2027-10-28T00:00:00
I09446,U1118,C005,viewed,0.33,0.31,0.218,2027-10-28T02:00:00
I09447,U1119,C015,completed,0.571,1.0,,2027-10-28T04:00:00
I09448,U1119,C066,quiz_passed,0.898,1.0,0.875,2027-10-28T06:00:00
I09449,U1119,C044,completed,0.507,1.0,,2027-10-28T08:00:00
I09450,U1119,C010,quiz_passed,0.815,1.0,0.718,2027-10-28T10:00:00
I09451,U1120,C011,completed,0.849,1.0,0.73,2027-10-28T12:00:00
I09452,U1120,C099,completed,0.494,1.0,,2027-10-28T14:00:00
I09453,U1120,C017,quiz_passed,0.874,1.0,0.802,2027-10-28T16:00:00
I09454,U1120,C028,completed,0.795,1.0,0.727,2027-10-28T18:00:00
I09455,U1120,C098,completed,0.743,1.0,0.678,2027-10-28T20:00:00
I09456,U1121,C049,completed,0.516,1.0,,2027-10-28T22:00:00
I09457,U1121,C066,completed,0.549,1.0,,2027-10-29T00:00:00
I09458,U1121,C071,completed,0.918,1.0,0.859,2027-10-29T02:00:00
I09459,U1121,C064,quiz_passed,0.893,1.0,0.85,2027-10-29T04:00:00
I09460,U1121,C025,completed,0.917,1.0,0.868,2027-10-29T06:00:00
I09461,U1121,C029,completed,0.535,1.0,,2027-10-29T08:00:00
I09462,U1121,C046,quiz_passed,0.794,1.0,0.672,2027-10-29T10:00:00
I09463,U1121,C033,completed,0.847,1.0,0.795,2027-10-29T12:00:00
I09464,U1121,C046,completed,0.719,1.0,0.581,2027-10-29T14:00:00
I09465,U1121,C010,completed,0.84,1.0,0.777,2027-10-29T16:00:00
I09466,U1121,C092,quiz_passed,0.841,1.0,0.88,2027-10-29T18:00:00
I09467,U1121,C002,quiz_passed,0.705,0.67,0.664,2027-10-29T20:00:00
I09468,U1121,C090,completed,0.542,1.0,,2027-10-29T22:00:00
I09469,U1121,C006,quiz_passed,0.92,1.0,0.856,2027-10-30T00:00:00
I09470,U1122,C047,quiz_passed,0.522,0.29,0.638,2027-10-30T02:00:00
I09471,U1122,C092,completed,0.574,1.0,,2027-10-30T04:00:00
I09472,U1123,C099,viewed,0.366,0.38,0.299,2027-10-30T06:00:00
I09473,U1123,C051,completed,0.732,1.0,0.619,2027-10-30T08:00:00
I09474,U1123,C098,completed,0.76,1.0,0.528,2027-10-30T10:00:00
I09475,U1123,C011,viewed,0.334,0.24,0.4,2027-10-30T12:00:00
I09476,U1123,C002,quiz_passed,0.768,1.0,0.688,2027-10-30T14:00:00
I09477,U1123,C010,viewed,0.223,0.084,,2027-10-30T16:00:00
I09478,U1123,C013,viewed,0.157,0.062,,2027-10-30T18:00:00
I09479,U1123,C005,completed,0.735,1.0,0.508,2027-10-30T20:00:00
I09480,U1124,C025,completed,0.792,1.0,0.604,2027-10-30T22:00:00
I09481,U1124,C047,completed,0.521,1.0,,2027-10-31T00:00:00
I09482,U1124,C042,completed,0.572,1.0,,2027-10-31T02:00:00
I09483,U1124,C008,completed,0.514,1.0,,2027-10-31T04:00:00
I09484,U1124,C006,completed,0.742,1.0,0.604,2027-10-31T06:00:00
I09485,U1124,C095,completed,0.657,1.0,0.397,2027-10-31T08:00:00
I09486,U1124,C095,completed,0.733,1.0,0.465,2027-10-31T10:00:00
I09487,U1124,C099,viewed,0.272,0.071,,2027-10-31T12:00:00
I09488,U1124,C002,completed,0.801,1.0,0.652,2027-10-31T14:00:00
I09489,U1124,C061,completed,0.508,1.0,,2027-10-31T16:00:00
I09490,U1124,C025,completed,0.805,1.0,0.58,2027-10-31T18:00:00
I09491,U1125,C030,completed,0.504,1.0,,2027-10-31T20:00:00
I09492,U1125,C099,quiz_passed,0.79,1.0,0.688,2027-10-31T22:00:00
I09493,U1125,C053,viewed,0.161,0.041,,2027-11-01T00:00:00
I09494,U1125,C098,completed,0.463,1.0,,2027-11-01T02:00:00
I09495,U1125,C076,quiz_passed,0.903,1.0,0.879,2027-11-01T04:00:00
I09496,U1125,C029,quiz_passed,0.859,1.0,0.85,2027-11-01T06:00:00
I09497,U1125,C075,completed,0.817,1.0,0.731,2027-11-01T08:00:00
I09498,U1125,C028,completed,0.572,1.0,,2027-11-01T10:00:00
I09499,U1125,C074,completed,0.569,1.0,,2027-11-01T12:00:00
I09500,U1125,C003,completed,0.884,1.0,0.829,2027-11-01T14:00:00
I09501,U1125,C082,quiz_passed,0.836,1.0,0.862,2027-11-01T16:00:00
I09502,U1126,C064,completed,0.487,1.0,,2027-11-01T18:00:00
I09503,U1126,C030,quiz_passed,0.852,1.0,0.878,2027-11-01T20:00:00
I09504,U1126,C099,viewed,0.425,0.24,0.594,2027-11-01T22:00:00
I09505,U1126,C065,quiz_passed,0.8,1.0,0.846,2027-11-02T00:00:00
I09506,U1126,C095,completed,0.564,1.0,,2027-11-02T02:00:00
I09507,U1126,C015,quiz_passed,0.871,1.0,0.882,2027-11-02T04:00:00
I09508,U1126,C043,completed,0.524,1.0,,2027-11-02T06:00:00
I09509,U1126,C006,completed,0.472,1.0,,2027-11-02T08:00:00
I09510,U1126,C008,quiz_passed,0.814,1.0,0.823,2027-11-02T10:00:00
I09511,U1126,C082,quiz_passed,0.897,1.0,0.86,2027-11-02T12:00:00
I09512,U1126,C028,quiz_passed,0.899,1.0,0.814,2027-11-02T14:00:00
I09513,U1126,C013,quiz_passed,0.775,1.0,0.772,2027-11-02T16:00:00
I09514,U1126,C028,completed,0.875,1.0,0.82,2027-11-02T18:00:00
I09515,U1126,C015,quiz_passed,0.909,1.0,0.877,2027-11-02T20:00:00
I09516,U1127,C054,disliked,0.331,0.02,0.41,2027-11-02T22:00:00
I09517,U1127,C018,quiz_passed,0.84,1.0,0.687,2027-11-03T00:00:00
I09518,U1127,C076,viewed,0.48,0.64,0.369,2027-11-03T02:00:00
I09519,U1127,C042,quiz_passed,0.796,1.0,0.663,2027-11-03T04:00:00
I09520,U1127,C092,quiz_passed,0.797,1.0,0.669,2027-11-03T06:00:00
I09521,U1127,C082,completed,0.718,1.0,0.589,2027-11-03T08:00:00
I09522,U1127,C009,completed,0.734,1.0,0.545,2027-11-03T10:00:00
I09523,U1127,C073,completed,0.527,1.0,,2027-11-03T12:00:00
I09524,U1127,C095,viewed,0.28,0.066,,2027-11-03T14:00:00
I09525,U1127,C030,viewed,0.278,0.026,,2027-11-03T16:00:00
I09526,U1127,C081,viewed,0.221,0.23,,2027-11-03T18:00:00
I09527,U1128,C098,completed,0.55,1.0,,2027-11-03T20:00:00
I09528,U1128,C091,viewed,0.501,0.68,0.398,2027-11-03T22:00:00
I09529,U1128,C053,viewed,0.415,0.33,0.389,2027-11-04T00:00:00
I09530,U1128,C057,viewed,0.21,0.077,,2027-11-04T02:00:00
I09531,U1128,C074,viewed,0.207,0.079,,2027-11-04T04:00:00
I09532,U1128,C081,viewed,0.202,0.25,,2027-11-04T06:00:00
I09533,U1128,C091,completed,0.74,1.0,0.641,2027-11-04T08:00:00
I09534,U1128,C092,completed,0.755,1.0,0.573,2027-11-04T10:00:00
I09535,U1128,C002,viewed,0.244,0.081,,2027-11-04T12:00:00
I09536,U1128,C078,disliked,0.197,0.06,,2027-11-04T14:00:00
I09537,U1128,C028,viewed,0.295,0.54,,2027-11-04T16:00:00
I09538,U1128,C066,viewed,0.112,0.041,,2027-11-04T18:00:00
I09539,U1129,C061,quiz_passed,0.862,1.0,0.798,2027-11-04T20:00:00
I09540,U1129,C090,quiz_passed,0.77,1.0,0.648,2027-11-04T22:00:00
I09541,U1129,C044,viewed,0.526,0.51,0.442,2027-11-05T00:00:00
I09542,U1129,C035,completed,0.527,1.0,,2027-11-05T02:00:00
I09543,U1129,C078,completed,0.759,1.0,0.728,2027-11-05T04:00:00
I09544,U1129,C015,quiz_passed,0.855,1.0,0.742,2027-11-05T06:00:00
I09545,U1129,C062,viewed,0.272,0.062,,2027-11-05T08:00:00
I09546,U1129,C005,completed,0.515,1.0,,2027-11-05T10:00:00
I09547,U1129,C089,completed,0.522,1.0,,2027-11-05T12:00:00
I09548,U1129,C046,viewed,0.129,0.001,,2027-11-05T14:00:00
I09549,U1129,C046,completed,0.689,1.0,0.48,2027-11-05T16:00:00
I09550,U1129,C065,completed,0.54,1.0,,2027-11-05T18:00:00
I09551,U1129,C090,quiz_passed,0.816,1.0,0.625,2027-11-05T20:00:00
I09552,U1130,C098,completed,0.77,1.0,0.582,2027-11-05T22:00:00
I09553,U1130,C073,completed,0.567,1.0,,2027-11-06T00:00:00
I09554,U1130,C065,completed,0.526,1.0,,2027-11-06T02:00:00
I09555,U1130,C095,quiz_passed,0.732,1.0,0.634,2027-11-06T04:00:00
I09556,U1130,C017,quiz_passed,0.751,1.0,0.718,2027-11-06T06:00:00
I09557,U1130,C053,viewed,0.44,0.35,0.589,2027-11-06T08:00:00
I09558,U1130,C025,quiz_passed,0.809,1.0,0.718,2027-11-06T10:00:00
I09559,U1131,C095,quiz_passed,0.795,1.0,0.793,2027-11-06T12:00:00
I09560,U1131,C095,completed,0.528,1.0,,2027-11-06T14:00:00
I09561,U1131,C054,completed,0.526,1.0,,2027-11-06T16:00:00
I09562,U1131,C095,viewed,0.588,0.5,0.53,2027-11-06T18:00:00
I09563,U1131,C053,completed,0.551,1.0,,2027-11-06T20:00:00
I09564,U1131,C063,quiz_passed,0.82,1.0,0.819,2027-11-06T22:00:00
I09565,U1132,C098,completed,0.732,1.0,0.458,2027-11-07T00:00:00
I09566,U1132,C001,quiz_passed,0.82,1.0,0.634,2027-11-07T02:00:00
I09567,U1132,C030,viewed,0.21,0.29,,2027-11-07T04:00:00
I09568,U1132,C071,quiz_passed,0.845,1.0,0.688,2027-11-07T06:00:00
I09569,U1132,C028,quiz_passed,0.824,1.0,0.676,2027-11-07T08:00:00
I09570,U1132,C005,viewed,0.296,0.39,,2027-11-07T10:00:00
I09571,U1132,C013,viewed,0.298,0.011,,2027-11-07T12:00:00
I09572,U1132,C066,completed,0.778,1.0,0.62,2027-11-07T14:00:00
I09573,U1132,C044,viewed,0.142,0.019,,2027-11-07T16:00:00
I09574,U1132,C005,viewed,0.133,0.061,,2027-11-07T18:00:00
I09575,U1132,C073,completed,0.741,1.0,0.666,2027-11-07T20:00:00
I09576,U1133,C098,viewed,0.19,0.056,,2027-11-07T22:00:00
I09577,U1133,C025,completed,0.908,1.0,0.839,2027-11-08T00:00:00
I09578,U1133,C096,quiz_passed,0.787,1.0,0.737,2027-11-08T02:00:00
I09579,U1133,C065,completed,0.464,1.0,,2027-11-08T04:00:00
I09580,U1133,C096,viewed,0.637,0.62,0.531,2027-11-08T06:00:00
I09581,U1133,C050,completed,0.483,1.0,,2027-11-08T08:00:00
I09582,U1133,C073,quiz_passed,0.907,1.0,0.823,2027-11-08T10:00:00
I09583,U1133,C081,completed,0.466,1.0,,2027-11-08T12:00:00
I09584,U1133,C046,quiz_passed,0.754,1.0,0.603,2027-11-08T14:00:00
I09585,U1133,C045,viewed,0.192,0.049,,2027-11-08T16:00:00
I09586,U1133,C082,completed,0.53,1.0,,2027-11-08T18:00:00
I09587,U1133,C091,completed,0.501,1.0,,2027-11-08T20:00:00
I09588,U1134,C098,completed,0.78,1.0,0.654,2027-11-08T22:00:00
I09589,U1134,C076,quiz_passed,0.81,1.0,0.795,2027-11-09T00:00:00
I09590,U1134,C035,completed,0.534,1.0,,2027-11-09T02:00:00
I09591,U1134,C062,disliked,0.39,0.17,0.472,2027-11-09T04:00:00
I09592,U1134,C053,viewed,0.28,0.099,,2027-11-09T06:00:00
I09593,U1135,C096,quiz_passed,0.847,1.0,0.68,2027-11-09T08:00:00
I09594,U1135,C091,completed,0.791,1.0,0.74,2027-11-09T10:00:00
I09595,U1135,C013,completed,0.577,1.0,,2027-11-09T12:00:00
I09596,U1135,C090,quiz_passed,0.772,1.0,0.604,2027-11-09T14:00:00
I09597,U1135,C057,viewed,0.104,0.059,,2027-11-09T16:00:00
I09598,U1135,C049,viewed,0.22,0.053,,2027-11-09T18:00:00
I09599,U1135,C090,quiz_passed,0.81,1.0,0.639,2027-11-09T20:00:00
I09600,U1136,C099,completed,0.514,1.0,,2027-11-09T22:00:00
I09601,U1136,C095,quiz_passed,0.863,1.0,0.726,2027-11-10T00:00:00
I09602,U1136,C054,completed,0.565,1.0,,2027-11-10T02:00:00
I09603,U1136,C047,quiz_passed,0.839,1.0,0.888,2027-11-10T04:00:00
I09604,U1136,C096,quiz_passed,0.857,1.0,0.775,2027-11-10T06:00:00
I09605,U1136,C057,completed,0.516,1.0,,2027-11-10T08:00:00
I09606,U1136,C099,completed,0.559,1.0,,2027-11-10T10:00:00
I09607,U1136,C001,completed,0.52,1.0,,2027-11-10T12:00:00
I09608,U1136,C010,completed,0.545,1.0,,2027-11-10T14:00:00
I09609,U1136,C009,completed,0.48,1.0,,2027-11-10T16:00:00
I09610,U1136,C075,completed,0.576,1.0,,2027-11-10T18:00:00
I09611,U1136,C075,completed,0.795,1.0,0.735,2027-11-10T20:00:00
I09612,U1136,C005,viewed,0.218,0.026,,2027-11-10T22:00:00
I09613,U1136,C046,quiz_passed,0.742,1.0,0.67,2027-11-11T00:00:00
I09614,U1136,C066,completed,0.855,1.0,0.86,2027-11-11T02:00:00
I09615,U1137,C095,viewed,0.138,0.063,,2027-11-11T04:00:00
I09616,U1137,C057,viewed,0.355,0.27,0.314,2027-11-11T06:00:00
I09617,U1137,C003,completed,0.744,1.0,0.656,2027-11-11T08:00:00
I09618,U1137,C005,viewed,0.182,0.03,,2027-11-11T10:00:00
I09619,U1137,C065,completed,0.55,1.0,,2027-11-11T12:00:00
I09620,U1137,C016,quiz_passed,0.798,1.0,0.603,2027-11-11T14:00:00
I09621,U1137,C028,viewed,0.216,0.027,,2027-11-11T16:00:00
I09622,U1137,C067,completed,0.554,1.0,,2027-11-11T18:00:00
I09623,U1137,C047,completed,0.53,1.0,,2027-11-11T20:00:00
I09624,U1137,C006,completed,0.536,1.0,,2027-11-11T22:00:00
I09625,U1137,C001,viewed,0.269,0.028,,2027-11-12T00:00:00
I09626,U1137,C053,viewed,0.408,0.69,,2027-11-12T02:00:00
I09627,U1137,C074,viewed,0.168,0.094,,2027-11-12T04:00:00
I09628,U1137,C071,viewed,0.235,0.058,,2027-11-12T06:00:00
I09629,U1138,C047,completed,0.478,1.0,,2027-11-12T08:00:00
I09630,U1138,C099,viewed,0.332,0.26,0.243,2027-11-12T10:00:00
I09631,U1138,C035,viewed,0.292,0.08,,2027-11-12T12:00:00
I09632,U1138,C099,viewed,0.544,0.62,0.307,2027-11-12T14:00:00
I09633,U1138,C050,quiz_passed,0.745,1.0,0.688,2027-11-12T16:00:00
I09634,U1138,C025,disliked,0.362,0.18,0.379,2027-11-12T18:00:00
I09635,U1138,C048,quiz_passed,0.754,1.0,0.677,2027-11-12T20:00:00
I09636,U1138,C081,viewed,0.194,0.033,,2027-11-12T22:00:00
I09637,U1138,C013,completed,0.52,1.0,,2027-11-13T00:00:00
I09638,U1138,C043,quiz_passed,0.766,1.0,0.672,2027-11-13T02:00:00
I09639,U1138,C050,viewed,0.271,0.1,,2027-11-13T04:00:00
I09640,U1138,C076,completed,0.825,1.0,0.625,2027-11-13T06:00:00
I09641,U1138,C074,completed,0.658,1.0,0.431,2027-11-13T08:00:00
I09642,U1138,C028,quiz_passed,0.762,1.0,0.691,2027-11-13T10:00:00
I09643,U1138,C048,viewed,0.421,0.24,0.398,2027-11-13T12:00:00
I09644,U1139,C003,completed,0.537,1.0,,2027-11-13T14:00:00
I09645,U1139,C001,viewed,0.439,0.41,0.536,2027-11-13T16:00:00
I09646,U1139,C065,quiz_passed,0.816,1.0,0.8,2027-11-13T18:00:00
I09647,U1139,C046,viewed,0.389,0.35,0.269,2027-11-13T20:00:00
I09648,U1139,C042,completed,0.475,1.0,,2027-11-13T22:00:00
I09649,U1139,C071,viewed,0.233,0.053,,2027-11-14T00:00:00
I09650,U1139,C082,quiz_passed,0.849,1.0,0.792,2027-11-14T02:00:00
I09651,U1139,C058,viewed,0.24,0.016,,2027-11-14T04:00:00
I09652,U1139,C042,quiz_passed,0.747,1.0,0.715,2027-11-14T06:00:00
I09653,U1140,C073,quiz_passed,0.882,1.0,0.8,2027-11-14T08:00:00
I09654,U1140,C051,viewed,0.248,0.057,,2027-11-14T10:00:00
I09655,U1140,C047,quiz_passed,0.792,1.0,0.745,2027-11-14T12:00:00
I09656,U1140,C030,quiz_passed,0.784,1.0,0.749,2027-11-14T14:00:00
I09657,U1140,C063,completed,0.869,1.0,0.757,2027-11-14T16:00:00
I09658,U1140,C089,quiz_passed,0.739,1.0,0.609,2027-11-14T18:00:00
I09659,U1140,C018,completed,0.52,1.0,,2027-11-14T20:00:00
I09660,U1140,C099,completed,0.746,1.0,0.543,2027-11-14T22:00:00
I09661,U1140,C099,viewed,0.177,0.099,,2027-11-15T00:00:00
I09662,U1140,C047,quiz_passed,0.868,1.0,0.744,2027-11-15T02:00:00
I09663,U1140,C041,viewed,0.524,0.59,0.35,2027-11-15T04:00:00
I09664,U1141,C099,quiz_passed,0.802,1.0,0.776,2027-11-15T06:00:00
I09665,U1141,C076,quiz_passed,0.847,1.0,0.876,2027-11-15T08:00:00
I09666,U1141,C009,quiz_passed,0.901,1.0,0.806,2027-11-15T10:00:00
I09667,U1141,C049,quiz_passed,0.436,0.18,0.712,2027-11-15T12:00:00
I09668,U1141,C067,quiz_passed,0.824,1.0,0.828,2027-11-15T14:00:00
I09669,U1141,C010,quiz_passed,0.854,1.0,0.779,2027-11-15T16:00:00
I09670,U1141,C064,completed,0.554,1.0,,2027-11-15T18:00:00
I09671,U1141,C071,completed,0.463,1.0,,2027-11-15T20:00:00
I09672,U1141,C091,completed,0.846,1.0,0.886,2027-11-15T22:00:00
I09673,U1141,C081,completed,0.854,1.0,0.811,2027-11-16T00:00:00
I09674,U1141,C063,completed,0.883,1.0,0.82,2027-11-16T02:00:00
I09675,U1141,C002,completed,0.496,1.0,,2027-11-16T04:00:00
I09676,U1142,C043,completed,0.706,1.0,0.58,2027-11-16T06:00:00
I09677,U1142,C092,viewed,0.135,0.024,,2027-11-16T08:00:00
I09678,U1142,C050,quiz_passed,0.831,1.0,0.673,2027-11-16T10:00:00
I09679,U1142,C045,viewed,0.196,0.092,,2027-11-16T12:00:00
I09680,U1142,C045,completed,0.575,1.0,,2027-11-16T14:00:00
I09681,U1142,C081,viewed,0.355,0.41,0.258,2027-11-16T16:00:00
I09682,U1142,C044,completed,0.643,1.0,0.441,2027-11-16T18:00:00
I09683,U1142,C095,completed,0.691,1.0,0.422,2027-11-16T20:00:00
I09684,U1142,C013,completed,0.735,1.0,0.535,2027-11-16T22:00:00
I09685,U1142,C047,completed,0.545,1.0,,2027-11-17T00:00:00
I09686,U1142,C075,disliked,0.221,0.17,,2027-11-17T02:00:00
I09687,U1142,C013,completed,0.526,1.0,,2027-11-17T04:00:00
I09688,U1142,C025,completed,0.49,1.0,,2027-11-17T06:00:00
I09689,U1143,C051,disliked,0.282,0.01,0.411,2027-11-17T08:00:00
I09690,U1143,C044,completed,0.697,1.0,0.497,2027-11-17T10:00:00
I09691,U1143,C053,completed,0.573,1.0,,2027-11-17T12:00:00
I09692,U1144,C008,viewed,0.322,0.48,,2027-11-17T14:00:00
I09693,U1144,C047,completed,0.778,1.0,0.572,2027-11-17T16:00:00
I09694,U1144,C066,completed,0.758,1.0,0.64,2027-11-17T18:00:00
I09695,U1144,C015,completed,0.538,1.0,,2027-11-17T20:00:00
I09696,U1144,C010,completed,0.519,1.0,,2027-11-17T22:00:00
I09697,U1144,C074,completed,0.696,1.0,0.522,2027-11-18T00:00:00
I09698,U1145,C088,completed,0.498,1.0,,2027-11-18T02:00:00
I09699,U1145,C079,completed,0.515,1.0,,2027-11-18T04:00:00
I09700,U1145,C047,quiz_passed,0.864,1.0,0.735,2027-11-18T06:00:00
I09701,U1145,C018,completed,0.491,1.0,,2027-11-18T08:00:00
I09702,U1145,C006,completed,0.837,1.0,0.79,2027-11-18T10:00:00
I09703,U1146,C092,completed,0.841,1.0,0.839,2027-11-18T12:00:00
I09704,U1146,C003,completed,0.509,1.0,,2027-11-18T14:00:00
I09705,U1147,C067,viewed,0.161,0.086,,2027-11-18T16:00:00
I09706,U1147,C095,completed,0.564,1.0,,2027-11-18T18:00:00
I09707,U1147,C067,quiz_passed,0.813,1.0,0.637,2027-11-18T20:00:00
I09708,U1147,C099,completed,0.528,1.0,,2027-11-18T22:00:00
I09709,U1147,C057,disliked,0.327,0.14,0.407,2027-11-19T00:00:00
I09710,U1147,C049,completed,0.578,1.0,,2027-11-19T02:00:00
I09711,U1148,C096,completed,0.804,1.0,0.583,2027-11-19T04:00:00
I09712,U1148,C071,quiz_passed,0.844,1.0,0.71,2027-11-19T06:00:00
I09713,U1149,C095,completed,0.747,1.0,0.472,2027-11-19T08:00:00
I09714,U1149,C067,viewed,0.413,0.38,0.398,2027-11-19T10:00:00
I09715,U1149,C057,completed,0.519,1.0,,2027-11-19T12:00:00
I09716,U1149,C096,viewed,0.229,0.082,,2027-11-19T14:00:00
I09717,U1149,C064,completed,0.483,1.0,,2027-11-19T16:00:00
I09718,U1149,C048,completed,0.554,1.0,,2027-11-19T18:00:00
I09719,U1149,C043,viewed,0.138,0.036,,2027-11-19T20:00:00
I09720,U1149,C050,quiz_passed,0.747,1.0,0.697,2027-11-19T22:00:00
I09721,U1149,C001,quiz_passed,0.764,1.0,0.696,2027-11-20T00:00:00
I09722,U1149,C010,disliked,0.181,0.09,,2027-11-20T02:00:00
I09723,U1150,C011,quiz_passed,0.773,1.0,0.756,2027-11-20T04:00:00
I09724,U1150,C099,completed,0.702,1.0,0.569,2027-11-20T06:00:00
I09725,U1150,C067,completed,0.484,1.0,,2027-11-20T08:00:00
I09726,U1151,C066,viewed,0.314,0.57,,2027-11-20T10:00:00
I09727,U1151,C095,disliked,0.319,0.16,0.245,2027-11-20T12:00:00
I09728,U1151,C011,completed,0.521,1.0,,2027-11-20T14:00:00
I09729,U1151,C001,completed,0.714,1.0,0.595,2027-11-20T16:00:00
I09730,U1151,C006,completed,0.49,1.0,,2027-11-20T18:00:00
I09731,U1151,C067,disliked,0.18,0.16,,2027-11-20T20:00:00
I09732,U1151,C006,viewed,0.209,0.036,,2027-11-20T22:00:00
I09733,U1151,C095,viewed,0.147,0.008,,2027-11-21T00:00:00
I09734,U1151,C090,completed,0.707,1.0,0.463,2027-11-21T02:00:00
I09735,U1151,C096,completed,0.725,1.0,0.509,2027-11-21T04:00:00
I09736,U1151,C044,completed,0.551,1.0,,2027-11-21T06:00:00
I09737,U1151,C082,quiz_passed,0.79,1.0,0.67,2027-11-21T08:00:00
I09738,U1152,C043,disliked,0.468,0.16,0.566,2027-11-21T10:00:00
I09739,U1152,C076,quiz_passed,0.813,1.0,0.806,2027-11-21T12:00:00
I09740,U1152,C003,viewed,0.145,0.087,,2027-11-21T14:00:00
I09741,U1152,C029,quiz_passed,0.812,1.0,0.79,2027-11-21T16:00:00
I09742,U1152,C050,quiz_passed,0.886,1.0,0.791,2027-11-21T18:00:00
I09743,U1153,C048,completed,0.898,1.0,0.807,2027-11-21T20:00:00
I09744,U1153,C072,viewed,0.26,0.027,,2027-11-21T22:00:00
I09745,U1153,C025,completed,0.508,1.0,,2027-11-22T00:00:00
I09746,U1153,C073,completed,0.884,1.0,0.795,2027-11-22T02:00:00
I09747,U1153,C048,quiz_passed,0.841,1.0,0.801,2027-11-22T04:00:00
I09748,U1153,C043,completed,0.503,1.0,,2027-11-22T06:00:00
I09749,U1153,C044,viewed,0.294,0.0,,2027-11-22T08:00:00
I09750,U1153,C046,viewed,0.18,0.005,,2027-11-22T10:00:00
I09751,U1153,C071,completed,0.512,1.0,,2027-11-22T12:00:00
I09752,U1153,C042,quiz_passed,0.798,1.0,0.788,2027-11-22T14:00:00
I09753,U1153,C092,completed,0.552,1.0,,2027-11-22T16:00:00
I09754,U1153,C046,completed,0.522,1.0,,2027-11-22T18:00:00
I09755,U1153,C017,quiz_passed,0.794,1.0,0.768,2027-11-22T20:00:00
I09756,U1153,C076,quiz_passed,0.781,1.0,0.754,2027-11-22T22:00:00
I09757,U1153,C074,completed,0.537,1.0,,2027-11-23T00:00:00
I09758,U1154,C098,completed,0.521,1.0,,2027-11-23T02:00:00
I09759,U1154,C096,viewed,0.546,0.66,0.354,2027-11-23T04:00:00
I09760,U1154,C003,completed,0.823,1.0,0.757,2027-11-23T06:00:00
I09761,U1154,C058,viewed,0.258,0.094,,2027-11-23T08:00:00
I09762,U1154,C025,completed,0.791,1.0,0.754,2027-11-23T10:00:00
I09763,U1154,C018,viewed,0.266,0.025,,2027-11-23T12:00:00
I09764,U1154,C042,quiz_passed,0.811,1.0,0.789,2027-11-23T14:00:00
I09765,U1154,C025,completed,0.775,1.0,0.736,2027-11-23T16:00:00
I09766,U1154,C011,quiz_passed,0.864,1.0,0.744,2027-11-23T18:00:00
I09767,U1154,C075,viewed,0.538,0.65,0.354,2027-11-23T20:00:00
I09768,U1154,C002,completed,0.561,1.0,,2027-11-23T22:00:00
I09769,U1154,C045,quiz_passed,0.846,1.0,0.67,2027-11-24T00:00:00
I09770,U1154,C046,viewed,0.298,0.062,,2027-11-24T02:00:00
I09771,U1154,C043,quiz_passed,0.822,1.0,0.798,2027-11-24T04:00:00
I09772,U1155,C057,completed,0.514,1.0,,2027-11-24T06:00:00
I09773,U1155,C030,completed,0.549,1.0,,2027-11-24T08:00:00
I09774,U1155,C048,quiz_passed,0.793,1.0,0.681,2027-11-24T10:00:00
I09775,U1155,C073,completed,0.546,1.0,,2027-11-24T12:00:00
I09776,U1155,C098,viewed,0.162,0.004,,2027-11-24T14:00:00
I09777,U1155,C099,completed,0.653,1.0,0.419,2027-11-24T16:00:00
I09778,U1155,C095,viewed,0.374,0.35,0.257,2027-11-24T18:00:00
I09779,U1155,C049,viewed,0.12,0.083,,2027-11-24T20:00:00
I09780,U1155,C066,viewed,0.192,0.066,,2027-11-24T22:00:00
I09781,U1155,C064,completed,0.742,1.0,0.585,2027-11-25T00:00:00
I09782,U1155,C098,viewed,0.312,0.55,,2027-11-25T02:00:00
I09783,U1155,C017,completed,0.824,1.0,0.699,2027-11-25T04:00:00
I09784,U1156,C071,quiz_passed,0.841,1.0,0.779,2027-11-25T06:00:00
I09785,U1156,C061,completed,0.818,1.0,0.781,2027-11-25T08:00:00
I09786,U1156,C013,viewed,0.407,0.3,0.37,2027-11-25T10:00:00
I09787,U1156,C091,quiz_passed,0.853,1.0,0.746,2027-11-25T12:00:00
I09788,U1156,C002,quiz_passed,0.857,1.0,0.803,2027-11-25T14:00:00
I09789,U1156,C046,completed,0.579,1.0,,2027-11-25T16:00:00
I09790,U1156,C091,quiz_passed,0.849,1.0,0.748,2027-11-25T18:00:00
I09791,U1156,C096,completed,0.74,1.0,0.679,2027-11-25T20:00:00
I09792,U1157,C066,quiz_passed,0.843,1.0,0.815,2027-11-25T22:00:00
I09793,U1157,C095,completed,0.513,1.0,,2027-11-26T00:00:00
I09794,U1157,C066,quiz_passed,0.828,1.0,0.866,2027-11-26T02:00:00
I09795,U1157,C016,completed,0.469,1.0,,2027-11-26T04:00:00
I09796,U1157,C030,quiz_passed,0.891,1.0,0.878,2027-11-26T06:00:00
I09797,U1157,C028,completed,0.906,1.0,0.853,2027-11-26T08:00:00
I09798,U1157,C046,quiz_passed,0.831,1.0,0.64,2027-11-26T10:00:00
I09799,U1157,C028,completed,0.846,1.0,0.812,2027-11-26T12:00:00
I09800,U1157,C046,completed,0.462,1.0,,2027-11-26T14:00:00
I09801,U1158,C048,quiz_passed,0.803,1.0,0.755,2027-11-26T16:00:00
I09802,U1158,C099,disliked,0.292,0.02,0.319,2027-11-26T18:00:00
I09803,U1158,C099,viewed,0.293,0.089,,2027-11-26T20:00:00
I09804,U1158,C043,completed,0.532,1.0,,2027-11-26T22:00:00
I09805,U1158,C044,quiz_passed,0.802,1.0,0.695,2027-11-27T00:00:00
I09806,U1158,C017,quiz_passed,0.84,1.0,0.811,2027-11-27T02:00:00
I09807,U1158,C081,viewed,0.293,0.071,,2027-11-27T04:00:00
I09808,U1158,C042,completed,0.822,1.0,0.715,2027-11-27T06:00:00
I09809,U1159,C066,quiz_passed,0.81,1.0,0.634,2027-11-27T08:00:00
I09810,U1159,C018,quiz_passed,0.819,1.0,0.643,2027-11-27T10:00:00
I09811,U1159,C051,quiz_passed,0.795,1.0,0.678,2027-11-27T12:00:00
I09812,U1159,C042,viewed,0.137,0.09,,2027-11-27T14:00:00
I09813,U1159,C066,completed,0.816,1.0,0.669,2027-11-27T16:00:00
I09814,U1159,C075,completed,0.713,1.0,0.476,2027-11-27T18:00:00
I09815,U1159,C091,completed,0.482,1.0,,2027-11-27T20:00:00
I09816,U1159,C044,viewed,0.27,0.099,,2027-11-27T22:00:00
I09817,U1160,C006,viewed,0.647,0.68,0.52,2027-11-28T00:00:00
I09818,U1160,C048,quiz_passed,0.89,1.0,0.796,2027-11-28T02:00:00
I09819,U1160,C011,completed,0.845,1.0,0.739,2027-11-28T04:00:00
I09820,U1160,C099,completed,0.57,1.0,,2027-11-28T06:00:00
I09821,U1160,C016,quiz_passed,0.816,1.0,0.721,2027-11-28T08:00:00
I09822,U1160,C013,completed,0.552,1.0,,2027-11-28T10:00:00
I09823,U1160,C075,completed,0.57,1.0,,2027-11-28T12:00:00
I09824,U1160,C075,completed,0.492,1.0,,2027-11-28T14:00:00
I09825,U1160,C017,viewed,0.578,0.54,0.568,2027-11-28T16:00:00
I09826,U1161,C009,disliked,0.199,0.15,,2027-11-28T18:00:00
I09827,U1161,C099,viewed,0.147,0.047,,2027-11-28T20:00:00
I09828,U1161,C050,viewed,0.424,0.23,0.421,2027-11-28T22:00:00
I09829,U1161,C082,completed,0.495,1.0,,2027-11-29T00:00:00
I09830,U1161,C054,completed,0.78,1.0,0.56,2027-11-29T02:00:00
I09831,U1161,C081,viewed,0.439,0.61,0.206,2027-11-29T04:00:00
I09832,U1161,C045,completed,0.733,1.0,0.534,2027-11-29T06:00:00
I09833,U1161,C030,completed,0.528,1.0,,2027-11-29T08:00:00
I09834,U1161,C006,viewed,0.3,0.016,,2027-11-29T10:00:00
I09835,U1161,C051,quiz_passed,0.814,1.0,0.612,2027-11-29T12:00:00
I09836,U1161,C048,viewed,0.378,0.38,0.331,2027-11-29T14:00:00
I09837,U1161,C051,viewed,0.322,0.47,,2027-11-29T16:00:00
I09838,U1161,C016,quiz_passed,0.81,1.0,0.679,2027-11-29T18:00:00
I09839,U1162,C098,viewed,0.106,0.007,,2027-11-29T20:00:00
I09840,U1162,C096,viewed,0.279,0.011,,2027-11-29T22:00:00
I09841,U1162,C035,viewed,0.144,0.075,,2027-11-30T00:00:00
I09842,U1162,C096,quiz_passed,0.825,1.0,0.626,2027-11-30T02:00:00
I09843,U1162,C095,disliked,0.284,0.06,0.39,2027-11-30T04:00:00
I09844,U1162,C053,quiz_passed,0.864,1.0,0.78,2027-11-30T06:00:00
I09845,U1162,C047,completed,0.546,1.0,,2027-11-30T08:00:00
I09846,U1162,C035,quiz_passed,0.818,1.0,0.68,2027-11-30T10:00:00
I09847,U1162,C047,quiz_passed,0.812,1.0,0.752,2027-11-30T12:00:00
I09848,U1162,C099,completed,0.476,1.0,,2027-11-30T14:00:00
I09849,U1162,C014,completed,0.538,1.0,,2027-11-30T16:00:00
I09850,U1162,C004,viewed,0.217,0.075,,2027-11-30T18:00:00
I09851,U1162,C048,viewed,0.164,0.097,,2027-11-30T20:00:00
I09852,U1162,C002,quiz_passed,0.841,1.0,0.764,2027-11-30T22:00:00
I09853,U1162,C081,completed,0.803,1.0,0.567,2027-12-01T00:00:00
I09854,U1163,C063,quiz_passed,0.835,1.0,0.675,2027-12-01T02:00:00
I09855,U1163,C070,viewed,0.245,0.44,,2027-12-01T04:00:00
I09856,U1163,C001,quiz_passed,0.741,1.0,0.624,2027-12-01T06:00:00
I09857,U1163,C018,completed,0.819,1.0,0.656,2027-12-01T08:00:00
I09858,U1163,C003,quiz_passed,0.822,1.0,0.693,2027-12-01T10:00:00
I09859,U1164,C048,completed,0.872,1.0,0.782,2027-12-01T12:00:00
I09860,U1164,C064,quiz_passed,0.847,1.0,0.783,2027-12-01T14:00:00
I09861,U1164,C028,completed,0.528,1.0,,2027-12-01T16:00:00
I09862,U1164,C003,completed,0.553,1.0,,2027-12-01T18:00:00
I09863,U1164,C030,quiz_passed,0.855,1.0,0.708,2027-12-01T20:00:00
I09864,U1164,C076,completed,0.802,1.0,0.785,2027-12-01T22:00:00
I09865,U1164,C057,completed,0.503,1.0,,2027-12-02T00:00:00
I09866,U1165,C071,completed,0.58,1.0,,2027-12-02T02:00:00
I09867,U1165,C096,completed,0.564,1.0,,2027-12-02T04:00:00
I09868,U1165,C051,disliked,0.301,0.11,0.417,2027-12-02T06:00:00
I09869,U1165,C064,quiz_passed,0.851,1.0,0.693,2027-12-02T08:00:00
I09870,U1165,C096,viewed,0.558,0.67,0.286,2027-12-02T10:00:00
I09871,U1165,C054,completed,0.785,1.0,0.662,2027-12-02T12:00:00
I09872,U1165,C015,quiz_passed,0.845,1.0,0.682,2027-12-02T14:00:00
I09873,U1165,C097,completed,0.568,1.0,,2027-12-02T16:00:00
I09874,U1165,C090,viewed,0.396,0.41,0.283,2027-12-02T18:00:00
I09875,U1165,C017,completed,0.495,1.0,,2027-12-02T20:00:00
I09876,U1165,C042,viewed,0.276,0.52,,2027-12-02T22:00:00
I09877,U1165,C064,quiz_passed,0.739,1.0,0.63,2027-12-03T00:00:00
I09878,U1165,C013,viewed,0.452,0.46,0.31,2027-12-03T02:00:00
I09879,U1165,C002,quiz_passed,0.737,1.0,0.675,2027-12-03T04:00:00
I09880,U1166,C073,completed,0.558,1.0,,2027-12-03T06:00:00
I09881,U1166,C050,completed,0.704,1.0,0.574,2027-12-03T08:00:00
I09882,U1166,C064,viewed,0.552,0.66,0.325,2027-12-03T10:00:00
I09883,U1166,C074,completed,0.697,1.0,0.562,2027-12-03T12:00:00
I09884,U1166,C025,completed,0.568,1.0,,2027-12-03T14:00:00
I09885,U1166,C065,completed,0.476,1.0,,2027-12-03T16:00:00
I09886,U1166,C066,viewed,0.501,0.53,0.351,2027-12-03T18:00:00
I09887,U1166,C018,viewed,0.149,0.005,,2027-12-03T20:00:00
I09888,U1167,C003,completed,0.923,1.0,0.873,2027-12-03T22:00:00
I09889,U1167,C073,completed,0.888,1.0,0.881,2027-12-04T00:00:00
I09890,U1167,C047,quiz_passed,0.891,1.0,0.821,2027-12-04T02:00:00
I09891,U1167,C074,completed,0.864,1.0,0.753,2027-12-04T04:00:00
I09892,U1167,C025,completed,0.535,1.0,,2027-12-04T06:00:00
I09893,U1167,C081,viewed,0.49,0.52,0.493,2027-12-04T08:00:00
I09894,U1168,C051,quiz_passed,0.811,1.0,0.654,2027-12-04T10:00:00
I09895,U1168,C096,viewed,0.2,0.002,,2027-12-04T12:00:00
I09896,U1168,C061,viewed,0.328,0.59,,2027-12-04T14:00:00
I09897,U1168,C030,completed,0.569,1.0,,2027-12-04T16:00:00
I09898,U1168,C090,viewed,0.161,0.016,,2027-12-04T18:00:00
I09899,U1168,C044,viewed,0.119,0.055,,2027-12-04T20:00:00
I09900,U1168,C013,viewed,0.443,0.59,0.288,2027-12-04T22:00:00
I09901,U1169,C076,completed,0.802,1.0,0.754,2027-12-05T00:00:00
I09902,U1169,C047,disliked,0.195,0.13,,2027-12-05T02:00:00
I09903,U1169,C067,completed,0.777,1.0,0.786,2027-12-05T04:00:00
I09904,U1169,C057,quiz_passed,0.786,1.0,0.741,2027-12-05T06:00:00
I09905,U1169,C075,viewed,0.253,0.018,,2027-12-05T08:00:00
I09906,U1169,C035,quiz_passed,0.79,1.0,0.752,2027-12-05T10:00:00
I09907,U1169,C046,completed,0.69,1.0,0.46,2027-12-05T12:00:00
I09908,U1170,C095,quiz_passed,0.826,1.0,0.771,2027-12-05T14:00:00
I09909,U1170,C098,viewed,0.239,0.016,,2027-12-05T16:00:00
I09910,U1170,C063,completed,0.576,1.0,,2027-12-05T18:00:00
I09911,U1170,C098,disliked,0.387,0.18,0.451,2027-12-05T20:00:00
I09912,U1171,C092,completed,0.776,1.0,0.581,2027-12-05T22:00:00
I09913,U1171,C062,completed,0.518,1.0,,2027-12-06T00:00:00
I09914,U1171,C062,completed,0.488,1.0,,2027-12-06T02:00:00
I09915,U1171,C095,viewed,0.337,0.68,,2027-12-06T04:00:00
I09916,U1171,C003,completed,0.539,1.0,,2027-12-06T06:00:00
I09917,U1171,C082,quiz_passed,0.772,1.0,0.641,2027-12-06T08:00:00
I09918,U1171,C075,viewed,0.261,0.068,,2027-12-06T10:00:00
I09919,U1171,C013,viewed,0.199,0.099,,2027-12-06T12:00:00
I09920,U1172,C095,viewed,0.361,0.39,0.268,2027-12-06T14:00:00
I09921,U1172,C048,viewed,0.432,0.35,0.372,2027-12-06T16:00:00
I09922,U1172,C057,completed,0.517,1.0,,2027-12-06T18:00:00
I09923,U1172,C073,quiz_passed,0.761,1.0,0.608,2027-12-06T20:00:00
I09924,U1172,C073,quiz_passed,0.788,1.0,0.662,2027-12-06T22:00:00
I09925,U1173,C008,completed,0.522,1.0,,2027-12-07T00:00:00
I09926,U1173,C098,viewed,0.342,0.57,,2027-12-07T02:00:00
I09927,U1173,C018,viewed,0.343,0.61,,2027-12-07T04:00:00
I09928,U1173,C063,completed,0.755,1.0,0.611,2027-12-07T06:00:00
I09929,U1173,C018,viewed,0.311,0.56,,2027-12-07T08:00:00
I09930,U1173,C072,quiz_passed,0.78,1.0,0.614,2027-12-07T10:00:00
I09931,U1173,C066,quiz_passed,0.84,1.0,0.671,2027-12-07T12:00:00
I09932,U1173,C003,completed,0.475,1.0,,2027-12-07T14:00:00
I09933,U1173,C071,viewed,0.138,0.059,,2027-12-07T16:00:00
I09934,U1173,C062,completed,0.577,1.0,,2027-12-07T18:00:00
I09935,U1173,C053,quiz_passed,0.784,1.0,0.658,2027-12-07T20:00:00
I09936,U1173,C065,viewed,0.261,0.004,,2027-12-07T22:00:00
I09937,U1173,C028,completed,0.71,1.0,0.565,2027-12-08T00:00:00
I09938,U1173,C053,viewed,0.306,0.25,0.358,2027-12-08T02:00:00
I09939,U1173,C071,viewed,0.13,0.052,,2027-12-08T04:00:00
I09940,U1174,C067,completed,0.543,1.0,,2027-12-08T06:00:00
I09941,U1174,C025,quiz_passed,0.778,1.0,0.777,2027-12-08T08:00:00
I09942,U1174,C001,completed,0.514,1.0,,2027-12-08T10:00:00
I09943,U1174,C006,quiz_passed,0.776,1.0,0.732,2027-12-08T12:00:00
I09944,U1174,C042,viewed,0.273,0.04,,2027-12-08T14:00:00
I09945,U1174,C015,viewed,0.264,0.003,,2027-12-08T16:00:00
I09946,U1174,C075,completed,0.819,1.0,0.668,2027-12-08T18:00:00
I09947,U1174,C074,completed,0.814,1.0,0.604,2027-12-08T20:00:00
I09948,U1174,C044,viewed,0.531,0.68,0.341,2027-12-08T22:00:00
I09949,U1174,C001,viewed,0.26,0.37,,2027-12-09T00:00:00
I09950,U1174,C049,quiz_passed,0.793,1.0,0.778,2027-12-09T02:00:00
I09951,U1174,C098,completed,0.767,1.0,0.567,2027-12-09T04:00:00
I09952,U1175,C049,quiz_passed,0.786,1.0,0.658,2027-12-09T06:00:00
I09953,U1175,C051,viewed,0.104,0.089,,2027-12-09T08:00:00
I09954,U1176,C050,viewed,0.192,0.037,,2027-12-09T10:00:00
I09955,U1176,C006,viewed,0.103,0.059,,2027-12-09T12:00:00
I09956,U1176,C095,completed,0.69,1.0,0.479,2027-12-09T14:00:00
I09957,U1176,C028,viewed,0.191,0.032,,2027-12-09T16:00:00
I09958,U1177,C062,quiz_passed,0.859,1.0,0.802,2027-12-09T18:00:00
I09959,U1177,C088,viewed,0.193,0.087,,2027-12-09T20:00:00
I09960,U1177,C095,viewed,0.551,0.46,0.528,2027-12-09T22:00:00
I09961,U1178,C076,viewed,0.297,0.079,,2027-12-10T00:00:00
I09962,U1178,C064,completed,0.576,1.0,,2027-12-10T02:00:00
I09963,U1178,C009,viewed,0.47,0.54,0.411,2027-12-10T04:00:00
I09964,U1178,C098,viewed,0.17,0.021,,2027-12-10T06:00:00
I09965,U1178,C064,viewed,0.131,0.06,,2027-12-10T08:00:00
I09966,U1178,C011,viewed,0.383,0.3,0.362,2027-12-10T10:00:00
I09967,U1178,C050,viewed,0.127,0.021,,2027-12-10T12:00:00
I09968,U1178,C099,viewed,0.176,0.24,,2027-12-10T14:00:00
I09969,U1178,C030,completed,0.545,1.0,,2027-12-10T16:00:00
I09970,U1178,C091,viewed,0.159,0.031,,2027-12-10T18:00:00
I09971,U1178,C096,completed,0.746,1.0,0.478,2027-12-10T20:00:00
I09972,U1178,C028,completed,0.828,1.0,0.653,2027-12-10T22:00:00
I09973,U1178,C047,completed,0.472,1.0,,2027-12-11T00:00:00
I09974,U1178,C018,quiz_passed,0.737,1.0,0.603,2027-12-11T02:00:00
I09975,U1179,C006,viewed,0.401,0.46,0.333,2027-12-11T04:00:00
I09976,U1179,C047,viewed,0.397,0.34,0.434,2027-12-11T06:00:00
I09977,U1179,C092,completed,0.813,1.0,0.666,2027-12-11T08:00:00
I09978,U1179,C001,quiz_passed,0.718,1.0,0.604,2027-12-11T10:00:00
I09979,U1179,C001,completed,0.54,1.0,,2027-12-11T12:00:00
I09980,U1179,C075,viewed,0.175,0.22,,2027-12-11T14:00:00
I09981,U1179,C054,viewed,0.453,0.45,0.437,2027-12-11T16:00:00
I09982,U1179,C025,quiz_passed,0.774,1.0,0.671,2027-12-11T18:00:00
I09983,U1179,C044,viewed,0.291,0.023,,2027-12-11T20:00:00
I09984,U1179,C048,completed,0.499,1.0,,2027-12-11T22:00:00
I09985,U1179,C029,quiz_passed,0.782,1.0,0.697,2027-12-12T00:00:00
I09986,U1179,C028,completed,0.774,1.0,0.652,2027-12-12T02:00:00
I09987,U1179,C015,completed,0.744,1.0,0.638,2027-12-12T04:00:00
I09988,U1179,C091,completed,0.515,1.0,,2027-12-12T06:00:00
I09989,U1180,C054,disliked,0.33,0.17,0.417,2027-12-12T08:00:00
I09990,U1180,C098,viewed,0.169,0.025,,2027-12-12T10:00:00
I09991,U1180,C066,completed,0.76,1.0,0.581,2027-12-12T12:00:00
I09992,U1180,C078,quiz_passed,0.726,1.0,0.603,2027-12-12T14:00:00
I09993,U1180,C006,viewed,0.27,0.098,,2027-12-12T16:00:00
I09994,U1180,C002,viewed,0.172,0.029,,2027-12-12T18:00:00
I09995,U1180,C017,viewed,0.438,0.31,0.429,2027-12-12T20:00:00
I09996,U1180,C063,completed,0.484,1.0,,2027-12-12T22:00:00
I09997,U1180,C096,completed,0.536,1.0,,2027-12-13T00:00:00
I09998,U1180,C067,completed,0.692,1.0,0.578,2027-12-13T02:00:00
I09999,U1181,C015,quiz_passed,0.801,1.0,0.838,2027-12-13T04:00:00
I10000,U1181,C082,quiz_passed,0.447,0.08,0.67,2027-12-13T06:00:00
I10001,U1181,C044,completed,0.573,1.0,,2027-12-13T08:00:00
I10002,U1181,C065,quiz_passed,0.846,1.0,0.83,2027-12-13T10:00:00
I10003,U1181,C095,completed,0.569,1.0,,2027-12-13T12:00:00
I10004,U1181,C081,viewed,0.155,0.086,,2027-12-13T14:00:00
I10005,U1181,C090,completed,0.515,1.0,,2027-12-13T16:00:00
I10006,U1181,C043,quiz_passed,0.796,1.0,0.833,2027-12-13T18:00:00
I10007,U1181,C042,quiz_passed,0.82,1.0,0.87,2027-12-13T20:00:00
I10008,U1181,C001,completed,0.492,1.0,,2027-12-13T22:00:00
I10009,U1182,C065,quiz_passed,0.755,1.0,0.725,2027-12-14T00:00:00
I10010,U1182,C099,viewed,0.109,0.004,,2027-12-14T02:00:00
I10011,U1182,C098,viewed,0.18,0.04,,2027-12-14T04:00:00
I10012,U1182,C042,quiz_passed,0.768,1.0,0.764,2027-12-14T06:00:00
I10013,U1182,C098,viewed,0.417,0.64,,2027-12-14T08:00:00
I10014,U1182,C047,viewed,0.118,0.087,,2027-12-14T10:00:00
I10015,U1182,C095,quiz_passed,0.822,1.0,0.647,2027-12-14T12:00:00
I10016,U1182,C091,completed,0.543,1.0,,2027-12-14T14:00:00
I10017,U1182,C061,completed,0.487,1.0,,2027-12-14T16:00:00
I10018,U1182,C067,viewed,0.116,0.063,,2027-12-14T18:00:00
I10019,U1182,C053,quiz_passed,0.826,1.0,0.794,2027-12-14T20:00:00
I10020,U1182,C075,completed,0.537,1.0,,2027-12-14T22:00:00
I10021,U1183,C006,viewed,0.419,0.44,0.359,2027-12-15T00:00:00
I10022,U1183,C043,completed,0.513,1.0,,2027-12-15T02:00:00
I10023,U1183,C091,completed,0.553,1.0,,2027-12-15T04:00:00
I10024,U1183,C054,viewed,0.204,0.094,,2027-12-15T06:00:00
I10025,U1183,C095,viewed,0.301,0.34,0.222,2027-12-15T08:00:00
I10026,U1183,C016,completed,0.484,1.0,,2027-12-15T10:00:00
I10027,U1183,C051,completed,0.467,1.0,,2027-12-15T12:00:00
I10028,U1183,C067,quiz_passed,0.756,1.0,0.682,2027-12-15T14:00:00
I10029,U1183,C029,viewed,0.119,0.059,,2027-12-15T16:00:00
I10030,U1183,C088,completed,0.711,1.0,0.582,2027-12-15T18:00:00
I10031,U1184,C016,completed,0.568,1.0,,2027-12-15T20:00:00
I10032,U1184,C001,viewed,0.29,0.024,,2027-12-15T22:00:00
I10033,U1184,C013,completed,0.792,1.0,0.733,2027-12-16T00:00:00
I10034,U1184,C028,completed,0.503,1.0,,2027-12-16T02:00:00
I10035,U1184,C003,completed,0.541,1.0,,2027-12-16T04:00:00
I10036,U1184,C045,quiz_passed,0.827,1.0,0.75,2027-12-16T06:00:00
I10037,U1185,C098,viewed,0.283,0.041,,2027-12-16T08:00:00
I10038,U1185,C066,completed,0.513,1.0,,2027-12-16T10:00:00
I10039,U1185,C017,completed,0.741,1.0,0.575,2027-12-16T12:00:00
I10040,U1185,C048,viewed,0.233,0.059,,2027-12-16T14:00:00
I10041,U1185,C047,completed,0.513,1.0,,2027-12-16T16:00:00
I10042,U1185,C030,completed,0.547,1.0,,2027-12-16T18:00:00
I10043,U1185,C091,completed,0.735,1.0,0.582,2027-12-16T20:00:00
I10044,U1185,C091,viewed,0.112,0.078,,2027-12-16T22:00:00
I10045,U1185,C003,completed,0.55,1.0,,2027-12-17T00:00:00
I10046,U1185,C047,quiz_passed,0.75,1.0,0.624,2027-12-17T02:00:00
I10047,U1185,C067,completed,0.462,1.0,,2027-12-17T04:00:00
I10048,U1185,C006,completed,0.463,1.0,,2027-12-17T06:00:00
I10049,U1185,C076,completed,0.784,1.0,0.581,2027-12-17T08:00:00
I10050,U1185,C067,viewed,0.416,0.49,0.387,2027-12-17T10:00:00
I10051,U1186,C095,completed,0.719,1.0,0.413,2027-12-17T12:00:00
I10052,U1186,C065,quiz_passed,0.807,1.0,0.665,2027-12-17T14:00:00
I10053,U1186,C025,completed,0.789,1.0,0.595,2027-12-17T16:00:00
I10054,U1186,C028,completed,0.801,1.0,0.564,2027-12-17T18:00:00
I10055,U1187,C001,viewed,0.137,0.068,,2027-12-17T20:00:00
I10056,U1187,C016,completed,0.468,1.0,,2027-12-17T22:00:00
I10057,U1187,C099,viewed,0.11,0.025,,2027-12-18T00:00:00
I10058,U1187,C092,viewed,0.532,0.56,0.368,2027-12-18T02:00:00
I10059,U1187,C065,completed,0.776,1.0,0.58,2027-12-18T04:00:00
I10060,U1187,C057,viewed,0.157,0.025,,2027-12-18T06:00:00
I10061,U1187,C042,viewed,0.244,0.012,,2027-12-18T08:00:00
I10062,U1187,C029,quiz_passed,0.745,1.0,0.603,2027-12-18T10:00:00
I10063,U1187,C018,viewed,0.3,0.071,,2027-12-18T12:00:00
I10064,U1187,C061,completed,0.798,1.0,0.688,2027-12-18T14:00:00
I10065,U1187,C063,quiz_passed,0.725,1.0,0.646,2027-12-18T16:00:00
I10066,U1187,C058,completed,0.785,1.0,0.538,2027-12-18T18:00:00
I10067,U1187,C010,completed,0.474,1.0,,2027-12-18T20:00:00
I10068,U1187,C064,viewed,0.365,0.61,,2027-12-18T22:00:00
I10069,U1187,C017,quiz_passed,0.734,1.0,0.674,2027-12-19T00:00:00
I10070,U1188,C064,completed,0.473,1.0,,2027-12-19T02:00:00
I10071,U1188,C009,completed,0.576,1.0,,2027-12-19T04:00:00
I10072,U1188,C053,quiz_passed,0.849,1.0,0.74,2027-12-19T06:00:00
I10073,U1188,C095,quiz_passed,0.74,1.0,0.656,2027-12-19T08:00:00
I10074,U1188,C011,completed,0.852,1.0,0.785,2027-12-19T10:00:00
I10075,U1188,C008,quiz_passed,0.858,1.0,0.758,2027-12-19T12:00:00
I10076,U1188,C058,quiz_passed,0.829,1.0,0.748,2027-12-19T14:00:00
I10077,U1188,C073,completed,0.827,1.0,0.737,2027-12-19T16:00:00
I10078,U1188,C048,completed,0.504,1.0,,2027-12-19T18:00:00
I10079,U1188,C061,completed,0.552,1.0,,2027-12-19T20:00:00
I10080,U1188,C020,viewed,0.325,0.49,,2027-12-19T22:00:00
I10081,U1188,C010,viewed,0.216,0.015,,2027-12-20T00:00:00
I10082,U1188,C028,quiz_passed,0.895,1.0,0.802,2027-12-20T02:00:00
I10083,U1188,C029,quiz_passed,0.817,1.0,0.746,2027-12-20T04:00:00
I10084,U1189,C008,completed,0.727,1.0,0.652,2027-12-20T06:00:00
I10085,U1189,C016,quiz_passed,0.808,1.0,0.633,2027-12-20T08:00:00
I10086,U1189,C003,completed,0.745,1.0,0.627,2027-12-20T10:00:00
I10087,U1189,C082,completed,0.465,1.0,,2027-12-20T12:00:00
I10088,U1189,C013,viewed,0.406,0.58,,2027-12-20T14:00:00
I10089,U1189,C010,viewed,0.241,0.053,,2027-12-20T16:00:00
I10090,U1189,C013,viewed,0.252,0.28,,2027-12-20T18:00:00
I10091,U1189,C092,viewed,0.555,0.69,0.385,2027-12-20T20:00:00
I10092,U1190,C099,completed,0.571,1.0,,2027-12-20T22:00:00
I10093,U1190,C015,disliked,0.395,0.06,0.499,2027-12-21T00:00:00
I10094,U1190,C050,quiz_passed,0.832,1.0,0.793,2027-12-21T02:00:00
I10095,U1190,C063,quiz_passed,0.817,1.0,0.722,2027-12-21T04:00:00
I10096,U1190,C030,disliked,0.18,0.19,,2027-12-21T06:00:00
I10097,U1190,C074,completed,0.787,1.0,0.594,2027-12-21T08:00:00
I10098,U1190,C092,quiz_passed,0.817,1.0,0.794,2027-12-21T10:00:00
I10099,U1190,C002,viewed,0.487,0.39,0.498,2027-12-21T12:00:00
I10100,U1190,C025,completed,0.47,1.0,,2027-12-21T14:00:00
I10101,U1191,C058,viewed,0.266,0.044,,2027-12-21T16:00:00
I10102,U1191,C025,completed,0.813,1.0,0.618,2027-12-21T18:00:00
I10103,U1191,C067,completed,0.786,1.0,0.586,2027-12-21T20:00:00
I10104,U1191,C050,viewed,0.497,0.59,0.351,2027-12-21T22:00:00
I10105,U1191,C065,completed,0.818,1.0,0.674,2027-12-22T00:00:00
I10106,U1191,C043,quiz_passed,0.857,1.0,0.699,2027-12-22T02:00:00
I10107,U1191,C075,viewed,0.3,0.48,,2027-12-22T04:00:00
I10108,U1191,C017,completed,0.567,1.0,,2027-12-22T06:00:00
I10109,U1191,C066,viewed,0.275,0.42,,2027-12-22T08:00:00
I10110,U1191,C006,completed,0.517,1.0,,2027-12-22T10:00:00
I10111,U1191,C064,quiz_passed,0.709,1.0,0.603,2027-12-22T12:00:00
I10112,U1191,C006,quiz_passed,0.717,1.0,0.605,2027-12-22T14:00:00
I10113,U1191,C082,viewed,0.119,0.094,,2027-12-22T16:00:00
I10114,U1191,C005,viewed,0.535,0.64,0.296,2027-12-22T18:00:00
I10115,U1192,C017,completed,0.551,1.0,,2027-12-22T20:00:00
I10116,U1192,C091,disliked,0.375,0.14,0.41,2027-12-22T22:00:00
I10117,U1192,C073,completed,0.759,1.0,0.576,2027-12-23T00:00:00
I10118,U1192,C010,viewed,0.262,0.084,,2027-12-23T02:00:00
I10119,U1192,C099,viewed,0.243,0.042,,2027-12-23T04:00:00
I10120,U1193,C003,completed,0.752,1.0,0.72,2027-12-23T06:00:00
I10121,U1193,C010,quiz_passed,0.739,1.0,0.602,2027-12-23T08:00:00
I10122,U1193,C045,completed,0.809,1.0,0.58,2027-12-23T10:00:00
I10123,U1193,C057,completed,0.572,1.0,,2027-12-23T12:00:00
I10124,U1193,C006,viewed,0.517,0.41,0.588,2027-12-23T14:00:00
I10125,U1193,C075,disliked,0.236,0.03,0.408,2027-12-23T16:00:00
I10126,U1193,C029,completed,0.799,1.0,0.796,2027-12-23T18:00:00
I10127,U1193,C002,completed,0.491,1.0,,2027-12-23T20:00:00
I10128,U1193,C046,viewed,0.149,0.036,,2027-12-23T22:00:00
I10129,U1193,C011,quiz_passed,0.767,1.0,0.765,2027-12-24T00:00:00
I10130,U1193,C017,completed,0.845,1.0,0.705,2027-12-24T02:00:00
I10131,U1193,C002,quiz_passed,0.845,1.0,0.806,2027-12-24T04:00:00
I10132,U1193,C046,viewed,0.226,0.23,,2027-12-24T06:00:00
I10133,U1193,C064,quiz_passed,0.802,1.0,0.718,2027-12-24T08:00:00
I10134,U1194,C050,quiz_passed,0.894,1.0,0.859,2027-12-24T10:00:00
I10135,U1194,C092,quiz_passed,0.807,1.0,0.824,2027-12-24T12:00:00
I10136,U1194,C010,viewed,0.541,0.45,0.598,2027-12-24T14:00:00
I10137,U1194,C096,viewed,0.296,0.093,,2027-12-24T16:00:00
I10138,U1194,C074,quiz_passed,0.808,1.0,0.81,2027-12-24T18:00:00
I10139,U1194,C058,quiz_passed,0.857,1.0,0.847,2027-12-24T20:00:00
I10140,U1195,C030,completed,0.56,1.0,,2027-12-24T22:00:00
I10141,U1195,C065,quiz_passed,0.766,1.0,0.647,2027-12-25T00:00:00
I10142,U1195,C096,completed,0.644,1.0,0.442,2027-12-25T02:00:00
I10143,U1196,C025,quiz_passed,0.846,1.0,0.722,2027-12-25T04:00:00
I10144,U1196,C097,completed,0.571,1.0,,2027-12-25T06:00:00
I10145,U1196,C006,quiz_passed,0.766,1.0,0.762,2027-12-25T08:00:00
I10146,U1196,C098,quiz_passed,0.816,1.0,0.634,2027-12-25T10:00:00
I10147,U1196,C017,viewed,0.182,0.062,,2027-12-25T12:00:00
I10148,U1196,C061,quiz_passed,0.883,1.0,0.781,2027-12-25T14:00:00
I10149,U1196,C025,completed,0.562,1.0,,2027-12-25T16:00:00
I10150,U1196,C088,quiz_passed,0.849,1.0,0.702,2027-12-25T18:00:00
I10151,U1196,C044,completed,0.84,1.0,0.693,2027-12-25T20:00:00
I10152,U1196,C016,completed,0.559,1.0,,2027-12-25T22:00:00
I10153,U1196,C010,quiz_passed,0.839,1.0,0.665,2027-12-26T00:00:00
I10154,U1196,C010,viewed,0.488,0.45,0.352,2027-12-26T02:00:00
I10155,U1196,C074,completed,0.471,1.0,,2027-12-26T04:00:00
I10156,U1196,C046,viewed,0.341,0.39,0.234,2027-12-26T06:00:00
I10157,U1196,C028,viewed,0.232,0.017,,2027-12-26T08:00:00
I10158,U1197,C029,completed,0.49,1.0,,2027-12-26T10:00:00
I10159,U1197,C071,viewed,0.479,0.56,0.364,2027-12-26T12:00:00
I10160,U1197,C053,completed,0.467,1.0,,2027-12-26T14:00:00
I10161,U1197,C061,completed,0.741,1.0,0.586,2027-12-26T16:00:00
I10162,U1197,C018,completed,0.476,1.0,,2027-12-26T18:00:00
I10163,U1197,C082,disliked,0.314,0.02,0.351,2027-12-26T20:00:00
I10164,U1197,C082,viewed,0.569,0.61,0.42,2027-12-26T22:00:00
I10165,U1197,C076,viewed,0.381,0.39,0.376,2027-12-27T00:00:00
I10166,U1197,C057,completed,0.698,1.0,0.582,2027-12-27T02:00:00
I10167,U1197,C011,viewed,0.105,0.073,,2027-12-27T04:00:00
I10168,U1198,C095,viewed,0.281,0.001,,2027-12-27T06:00:00
I10169,U1198,C047,completed,0.776,1.0,0.572,2027-12-27T08:00:00
I10170,U1198,C051,quiz_passed,0.76,1.0,0.637,2027-12-27T10:00:00
I10171,U1198,C043,completed,0.498,1.0,,2027-12-27T12:00:00
I10172,U1198,C071,completed,0.828,1.0,0.633,2027-12-27T14:00:00
I10173,U1198,C018,completed,0.533,1.0,,2027-12-27T16:00:00
I10174,U1198,C042,completed,0.54,1.0,,2027-12-27T18:00:00
I10175,U1198,C099,viewed,0.28,0.008,,2027-12-27T20:00:00
I10176,U1198,C082,completed,0.806,1.0,0.645,2027-12-27T22:00:00
I10177,U1198,C013,disliked,0.186,0.06,,2027-12-28T00:00:00
I10178,U1198,C018,quiz_passed,0.787,1.0,0.648,2027-12-28T02:00:00
I10179,U1198,C082,viewed,0.381,0.29,0.425,2027-12-28T04:00:00
I10180,U1199,C071,viewed,0.372,0.6,,2027-12-28T06:00:00
I10181,U1199,C092,completed,0.498,1.0,,2027-12-28T08:00:00
I10182,U1199,C045,completed,0.493,1.0,,2027-12-28T10:00:00
I10183,U1199,C011,completed,0.488,1.0,,2027-12-28T12:00:00
I10184,U1199,C002,completed,0.486,1.0,,2027-12-28T14:00:00
I10185,U1199,C011,viewed,0.331,0.5,,2027-12-28T16:00:00
I10186,U1199,C046,viewed,0.221,0.028,,2027-12-28T18:00:00
I10187,U1199,C049,completed,0.542,1.0,,2027-12-28T20:00:00
I10188,U1199,C098,quiz_passed,0.819,1.0,0.755,2027-12-28T22:00:00
I10189,U1199,C074,quiz_passed,0.768,1.0,0.712,2027-12-29T00:00:00
I10190,U1200,C098,quiz_passed,0.765,1.0,0.753,2027-12-29T02:00:00
I10191,U1200,C043,completed,0.564,1.0,,2027-12-29T04:00:00
I10192,U1200,C044,completed,0.803,1.0,0.808,2027-12-29T06:00:00
I10193,U1200,C045,quiz_passed,0.81,1.0,0.802,2027-12-29T08:00:00
I10194,U1200,C003,quiz_passed,0.844,1.0,0.846,2027-12-29T10:00:00
I10195,U1200,C082,quiz_passed,0.82,1.0,0.885,2027-12-29T12:00:00
I10196,U1200,C051,completed,0.495,1.0,,2027-12-29T14:00:00
I10197,U1200,C063,completed,0.572,1.0,,2027-12-29T16:00:00
I10198,U1200,C088,completed,0.488,1.0,,2027-12-29T18:00:00
I10199,U1201,C018,completed,0.51,1.0,,2027-12-29T20:00:00
I10200,U1201,C097,quiz_passed,0.84,1.0,0.829,2027-12-29T22:00:00
I10201,U1201,C095,viewed,0.341,0.45,,2027-12-30T00:00:00
I10202,U1201,C001,quiz_passed,0.847,1.0,0.825,2027-12-30T02:00:00
I10203,U1201,C025,quiz_passed,0.835,1.0,0.845,2027-12-30T04:00:00
I10204,U1201,C076,viewed,0.197,0.32,,2027-12-30T06:00:00
I10205,U1201,C025,completed,0.542,1.0,,2027-12-30T08:00:00
I10206,U1201,C074,quiz_passed,0.865,1.0,0.757,2027-12-30T10:00:00
I10207,U1201,C071,quiz_passed,0.923,1.0,0.871,2027-12-30T12:00:00
I10208,U1201,C049,quiz_passed,0.796,1.0,0.803,2027-12-30T14:00:00
I10209,U1201,C051,quiz_passed,0.923,1.0,0.864,2027-12-30T16:00:00
I10210,U1201,C016,completed,0.885,1.0,0.83,2027-12-30T18:00:00
I10211,U1201,C099,completed,0.858,1.0,0.769,2027-12-30T20:00:00
I10212,U1202,C015,quiz_passed,0.819,1.0,0.629,2027-12-30T22:00:00
I10213,U1202,C001,quiz_passed,0.761,1.0,0.651,2027-12-31T00:00:00
I10214,U1202,C074,disliked,0.089,0.07,,2027-12-31T02:00:00
I10215,U1202,C092,viewed,0.258,0.075,,2027-12-31T04:00:00
I10216,U1202,C081,viewed,0.399,0.33,0.229,2027-12-31T06:00:00
I10217,U1202,C050,viewed,0.113,0.049,,2027-12-31T08:00:00
I10218,U1202,C049,viewed,0.106,0.017,,2027-12-31T10:00:00
I10219,U1202,C049,quiz_passed,0.812,1.0,0.654,2027-12-31T12:00:00
I10220,U1202,C082,viewed,0.129,0.09,,2027-12-31T14:00:00
I10221,U1202,C091,completed,0.752,1.0,0.568,2027-12-31T16:00:00
I10222,U1202,C001,completed,0.789,1.0,0.682,2027-12-31T18:00:00
I10223,U1202,C082,quiz_passed,0.768,1.0,0.678,2027-12-31T20:00:00
I10224,U1203,C018,completed,0.572,1.0,,2027-12-31T22:00:00
I10225,U1203,C016,completed,0.8,1.0,0.681,2028-01-01T00:00:00
I10226,U1203,C015,viewed,0.471,0.54,0.37,2028-01-01T02:00:00
I10227,U1203,C054,completed,0.732,1.0,0.589,2028-01-01T04:00:00
I10228,U1203,C048,completed,0.46,1.0,,2028-01-01T06:00:00
I10229,U1203,C045,viewed,0.117,0.003,,2028-01-01T08:00:00
I10230,U1203,C044,completed,0.721,1.0,0.522,2028-01-01T10:00:00
I10231,U1203,C063,quiz_passed,0.743,1.0,0.629,2028-01-01T12:00:00
I10232,U1203,C071,viewed,0.434,0.52,0.411,2028-01-01T14:00:00
I10233,U1203,C073,completed,0.727,1.0,0.589,2028-01-01T16:00:00
I10234,U1203,C013,viewed,0.299,0.52,,2028-01-01T18:00:00
I10235,U1203,C011,completed,0.764,1.0,0.594,2028-01-01T20:00:00
I10236,U1204,C006,completed,0.724,1.0,0.576,2028-01-01T22:00:00
I10237,U1204,C017,completed,0.576,1.0,,2028-01-02T00:00:00
I10238,U1204,C048,quiz_passed,0.745,1.0,0.696,2028-01-02T02:00:00
I10239,U1204,C015,viewed,0.223,0.087,,2028-01-02T04:00:00
I10240,U1205,C002,quiz_passed,0.779,1.0,0.652,2028-01-02T06:00:00
I10241,U1205,C051,viewed,0.239,0.31,,2028-01-02T08:00:00
I10242,U1206,C035,viewed,0.254,0.062,,2028-01-02T10:00:00
I10243,U1206,C015,completed,0.461,1.0,,2028-01-02T12:00:00
I10244,U1206,C013,completed,0.676,1.0,0.451,2028-01-02T14:00:00
I10245,U1206,C075,disliked,0.237,0.12,0.247,2028-01-02T16:00:00
I10246,U1206,C066,viewed,0.544,0.59,0.36,2028-01-02T18:00:00
I10247,U1206,C074,viewed,0.474,0.6,0.275,2028-01-02T20:00:00
I10248,U1206,C010,disliked,0.234,0.04,0.26,2028-01-02T22:00:00
I10249,U1206,C091,viewed,0.248,0.046,,2028-01-03T00:00:00
I10250,U1206,C042,viewed,0.562,0.61,0.413,2028-01-03T02:00:00
I10251,U1206,C035,completed,0.481,1.0,,2028-01-03T04:00:00
I10252,U1206,C064,completed,0.481,1.0,,2028-01-03T06:00:00
I10253,U1206,C006,completed,0.465,1.0,,2028-01-03T08:00:00
I10254,U1206,C081,viewed,0.125,0.024,,2028-01-03T10:00:00
I10255,U1206,C090,viewed,0.255,0.026,,2028-01-03T12:00:00
I10256,U1207,C001,completed,0.462,1.0,,2028-01-03T14:00:00
I10257,U1207,C054,viewed,0.604,0.63,0.555,2028-01-03T16:00:00
I10258,U1207,C066,viewed,0.451,0.68,,2028-01-03T18:00:00
I10259,U1207,C076,quiz_passed,0.808,1.0,0.786,2028-01-03T20:00:00
I10260,U1207,C073,viewed,0.2,0.035,,2028-01-03T22:00:00
I10261,U1207,C074,completed,0.529,1.0,,2028-01-04T00:00:00
I10262,U1207,C005,completed,0.795,1.0,0.598,2028-01-04T02:00:00
I10263,U1208,C067,completed,0.855,1.0,0.819,2028-01-04T04:00:00
I10264,U1208,C082,quiz_passed,0.837,1.0,0.868,2028-01-04T06:00:00
I10265,U1208,C067,quiz_passed,0.881,1.0,0.872,2028-01-04T08:00:00
I10266,U1208,C053,quiz_passed,0.9,1.0,0.832,2028-01-04T10:00:00
I10267,U1208,C096,completed,0.856,1.0,0.747,2028-01-04T12:00:00
I10268,U1208,C003,completed,0.559,1.0,,2028-01-04T14:00:00
I10269,U1208,C016,quiz_passed,0.873,1.0,0.844,2028-01-04T16:00:00
I10270,U1208,C088,completed,0.79,1.0,0.808,2028-01-04T18:00:00
I10271,U1208,C048,viewed,0.162,0.06,,2028-01-04T20:00:00
I10272,U1208,C090,completed,0.559,1.0,,2028-01-04T22:00:00
I10273,U1208,C091,completed,0.501,1.0,,2028-01-05T00:00:00
I10274,U1208,C057,completed,0.92,1.0,0.861,2028-01-05T02:00:00
I10275,U1208,C046,quiz_passed,0.797,1.0,0.639,2028-01-05T04:00:00
I10276,U1209,C015,completed,0.55,1.0,,2028-01-05T06:00:00
I10277,U1209,C042,viewed,0.289,0.082,,2028-01-05T08:00:00
I10278,U1209,C009,completed,0.801,1.0,0.676,2028-01-05T10:00:00
I10279,U1209,C090,completed,0.726,1.0,0.495,2028-01-05T12:00:00
I10280,U1209,C091,completed,0.838,1.0,0.659,2028-01-05T14:00:00
I10281,U1209,C062,viewed,0.263,0.062,,2028-01-05T16:00:00
I10282,U1209,C008,viewed,0.464,0.34,0.383,2028-01-05T18:00:00
I10283,U1209,C061,quiz_passed,0.771,1.0,0.646,2028-01-05T20:00:00
I10284,U1209,C054,completed,0.718,1.0,0.564,2028-01-05T22:00:00
I10285,U1209,C074,completed,0.462,1.0,,2028-01-06T00:00:00
I10286,U1209,C066,completed,0.542,1.0,,2028-01-06T02:00:00
I10287,U1210,C096,disliked,0.24,0.04,0.341,2028-01-06T04:00:00
I10288,U1210,C095,viewed,0.515,0.5,0.344,2028-01-06T06:00:00
I10289,U1210,C054,viewed,0.269,0.25,,2028-01-06T08:00:00
I10290,U1210,C047,quiz_passed,0.813,1.0,0.717,2028-01-06T10:00:00
I10291,U1210,C088,viewed,0.43,0.23,0.504,2028-01-06T12:00:00
I10292,U1210,C088,quiz_passed,0.817,1.0,0.727,2028-01-06T14:00:00
I10293,U1211,C011,viewed,0.229,0.41,,2028-01-06T16:00:00
I10294,U1211,C098,completed,0.574,1.0,,2028-01-06T18:00:00
I10295,U1211,C042,quiz_passed,0.833,1.0,0.774,2028-01-06T20:00:00
I10296,U1211,C001,quiz_passed,0.872,1.0,0.792,2028-01-06T22:00:00
I10297,U1212,C001,viewed,0.16,0.084,,2028-01-07T00:00:00
I10298,U1212,C051,completed,0.739,1.0,0.59,2028-01-07T02:00:00
I10299,U1213,C064,viewed,0.107,0.099,,2028-01-07T04:00:00
I10300,U1213,C030,completed,0.808,1.0,0.624,2028-01-07T06:00:00
I10301,U1213,C095,completed,0.707,1.0,0.533,2028-01-07T08:00:00
I10302,U1213,C095,completed,0.656,1.0,0.411,2028-01-07T10:00:00
I10303,U1213,C048,completed,0.747,1.0,0.577,2028-01-07T12:00:00
I10304,U1213,C099,viewed,0.287,0.091,,2028-01-07T14:00:00
I10305,U1213,C096,completed,0.714,1.0,0.511,2028-01-07T16:00:00
I10306,U1213,C071,quiz_passed,0.775,1.0,0.694,2028-01-07T18:00:00
I10307,U1213,C057,completed,0.698,1.0,0.573,2028-01-07T20:00:00
I10308,U1213,C045,completed,0.683,1.0,0.459,2028-01-07T22:00:00
I10309,U1214,C065,disliked,0.156,0.0,,2028-01-08T00:00:00
I10310,U1214,C011,completed,0.808,1.0,0.634,2028-01-08T02:00:00
I10311,U1215,C017,viewed,0.562,0.61,0.55,2028-01-08T04:00:00
I10312,U1215,C035,viewed,0.117,0.049,,2028-01-08T06:00:00
I10313,U1215,C043,completed,0.518,1.0,,2028-01-08T08:00:00
I10314,U1215,C099,viewed,0.563,0.67,0.439,2028-01-08T10:00:00
I10315,U1215,C010,viewed,0.406,0.39,0.389,2028-01-08T12:00:00
I10316,U1215,C076,completed,0.55,1.0,,2028-01-08T14:00:00
I10317,U1215,C065,quiz_passed,0.774,1.0,0.772,2028-01-08T16:00:00
I10318,U1216,C095,completed,0.536,1.0,,2028-01-08T18:00:00
I10319,U1216,C002,disliked,0.096,0.04,,2028-01-08T20:00:00
I10320,U1216,C081,viewed,0.113,0.034,,2028-01-08T22:00:00
I10321,U1216,C091,viewed,0.499,0.52,0.438,2028-01-09T00:00:00
I10322,U1216,C057,completed,0.733,1.0,0.603,2028-01-09T02:00:00
I10323,U1216,C010,completed,0.763,1.0,0.56,2028-01-09T04:00:00
I10324,U1216,C009,completed,0.783,1.0,0.593,2028-01-09T06:00:00
I10325,U1216,C092,completed,0.531,1.0,,2028-01-09T08:00:00
I10326,U1216,C029,completed,0.579,1.0,,2028-01-09T10:00:00
I10327,U1216,C075,viewed,0.106,0.056,,2028-01-09T12:00:00
I10328,U1216,C051,quiz_passed,0.829,1.0,0.626,2028-01-09T14:00:00
I10329,U1216,C029,quiz_passed,0.808,1.0,0.613,2028-01-09T16:00:00
I10330,U1216,C066,viewed,0.29,0.028,,2028-01-09T18:00:00
I10331,U1217,C043,completed,0.577,1.0,,2028-01-09T20:00:00
I10332,U1217,C011,completed,0.486,1.0,,2028-01-09T22:00:00
I10333,U1217,C057,completed,0.535,1.0,,2028-01-10T00:00:00
I10334,U1217,C006,viewed,0.326,0.2,0.337,2028-01-10T02:00:00
I10335,U1217,C097,completed,0.772,1.0,0.597,2028-01-10T04:00:00
I10336,U1217,C010,completed,0.73,1.0,0.558,2028-01-10T06:00:00
I10337,U1218,C042,quiz_passed,0.899,1.0,0.87,2028-01-10T08:00:00
I10338,U1218,C050,quiz_passed,0.86,1.0,0.855,2028-01-10T10:00:00
I10339,U1218,C005,quiz_passed,0.796,1.0,0.797,2028-01-10T12:00:00
I10340,U1218,C075,viewed,0.505,0.28,0.599,2028-01-10T14:00:00
I10341,U1218,C065,quiz_passed,0.883,1.0,0.881,2028-01-10T16:00:00
I10342,U1218,C090,viewed,0.222,0.04,,2028-01-10T18:00:00
I10343,U1218,C028,completed,0.519,1.0,,2028-01-10T20:00:00
I10344,U1218,C066,completed,0.539,1.0,,2028-01-10T22:00:00
I10345,U1218,C082,completed,0.832,1.0,0.88,2028-01-11T00:00:00
I10346,U1218,C046,viewed,0.151,0.011,,2028-01-11T02:00:00
I10347,U1218,C065,quiz_passed,0.874,1.0,0.859,2028-01-11T04:00:00
I10348,U1219,C063,completed,0.559,1.0,,2028-01-11T06:00:00
I10349,U1219,C076,disliked,0.092,0.06,,2028-01-11T08:00:00
I10350,U1219,C004,completed,0.747,1.0,0.447,2028-01-11T10:00:00
I10351,U1219,C064,quiz_passed,0.846,1.0,0.693,2028-01-11T12:00:00
I10352,U1219,C097,viewed,0.488,0.46,0.432,2028-01-11T14:00:00
I10353,U1219,C062,viewed,0.344,0.51,,2028-01-11T16:00:00
I10354,U1219,C061,viewed,0.257,0.012,,2028-01-11T18:00:00
I10355,U1219,C013,viewed,0.269,0.023,,2028-01-11T20:00:00
I10356,U1219,C042,completed,0.808,1.0,0.579,2028-01-11T22:00:00
I10357,U1219,C029,completed,0.738,1.0,0.569,2028-01-12T00:00:00
I10358,U1219,C057,viewed,0.429,0.47,0.39,2028-01-12T02:00:00
I10359,U1219,C042,quiz_passed,0.795,1.0,0.634,2028-01-12T04:00:00
I10360,U1219,C043,completed,0.53,1.0,,2028-01-12T06:00:00
I10361,U1220,C048,disliked,0.179,0.06,,2028-01-12T08:00:00
I10362,U1220,C088,quiz_passed,0.788,1.0,0.749,2028-01-12T10:00:00
I10363,U1220,C071,viewed,0.443,0.66,,2028-01-12T12:00:00
I10364,U1220,C047,completed,0.787,1.0,0.772,2028-01-12T14:00:00
I10365,U1220,C013,completed,0.494,1.0,,2028-01-12T16:00:00
I10366,U1220,C064,quiz_passed,0.829,1.0,0.788,2028-01-12T18:00:00
I10367,U1220,C051,completed,0.516,1.0,,2028-01-12T20:00:00
I10368,U1221,C054,completed,0.471,1.0,,2028-01-12T22:00:00
I10369,U1221,C030,completed,0.567,1.0,,2028-01-13T00:00:00
I10370,U1221,C091,quiz_passed,0.783,1.0,0.729,2028-01-13T02:00:00
I10371,U1221,C046,completed,0.662,1.0,0.505,2028-01-13T04:00:00
I10372,U1221,C048,viewed,0.328,0.48,,2028-01-13T06:00:00
I10373,U1221,C051,viewed,0.506,0.59,0.504,2028-01-13T08:00:00
I10374,U1221,C046,viewed,0.195,0.05,,2028-01-13T10:00:00
I10375,U1221,C074,completed,0.807,1.0,0.643,2028-01-13T12:00:00
I10376,U1221,C010,quiz_passed,0.778,1.0,0.62,2028-01-13T14:00:00
I10377,U1221,C075,viewed,0.498,0.56,0.376,2028-01-13T16:00:00
I10378,U1221,C050,viewed,0.452,0.23,0.486,2028-01-13T18:00:00
I10379,U1221,C045,completed,0.702,1.0,0.566,2028-01-13T20:00:00
I10380,U1221,C090,quiz_passed,0.745,1.0,0.602,2028-01-13T22:00:00
I10381,U1222,C064,viewed,0.449,0.54,0.365,2028-01-14T00:00:00
I10382,U1222,C043,quiz_passed,0.768,1.0,0.668,2028-01-14T02:00:00
I10383,U1222,C062,disliked,0.337,0.05,0.422,2028-01-14T04:00:00
I10384,U1222,C049,completed,0.745,1.0,0.637,2028-01-14T06:00:00
I10385,U1222,C018,completed,0.756,1.0,0.62,2028-01-14T08:00:00
I10386,U1223,C071,completed,0.518,1.0,,2028-01-14T10:00:00
I10387,U1223,C047,quiz_passed,0.837,1.0,0.825,2028-01-14T12:00:00
I10388,U1223,C045,quiz_passed,0.791,1.0,0.807,2028-01-14T14:00:00
I10389,U1223,C092,completed,0.52,1.0,,2028-01-14T16:00:00
I10390,U1223,C074,quiz_passed,0.838,1.0,0.718,2028-01-14T18:00:00
I10391,U1223,C015,completed,0.894,1.0,0.84,2028-01-14T20:00:00
I10392,U1223,C097,completed,0.548,1.0,,2028-01-14T22:00:00
I10393,U1223,C016,viewed,0.18,0.018,,2028-01-15T00:00:00
I10394,U1223,C015,quiz_passed,0.619,0.46,0.721,2028-01-15T02:00:00
I10395,U1223,C051,quiz_passed,0.835,1.0,0.844,2028-01-15T04:00:00
I10396,U1223,C088,completed,0.829,1.0,0.825,2028-01-15T06:00:00
I10397,U1223,C018,completed,0.557,1.0,,2028-01-15T08:00:00
I10398,U1223,C053,completed,0.554,1.0,,2028-01-15T10:00:00
I10399,U1224,C095,completed,0.89,1.0,0.788,2028-01-15T12:00:00
I10400,U1224,C047,quiz_passed,0.881,1.0,0.878,2028-01-15T14:00:00
I10401,U1224,C099,disliked,0.302,0.02,0.554,2028-01-15T16:00:00
I10402,U1224,C011,quiz_passed,0.874,1.0,0.87,2028-01-15T18:00:00
I10403,U1224,C025,completed,0.885,1.0,0.845,2028-01-15T20:00:00
I10404,U1224,C098,viewed,0.495,0.46,0.517,2028-01-15T22:00:00
I10405,U1224,C057,completed,0.853,1.0,0.87,2028-01-16T00:00:00
I10406,U1224,C029,completed,0.556,1.0,,2028-01-16T02:00:00
I10407,U1224,C066,completed,0.496,1.0,,2028-01-16T04:00:00
I10408,U1224,C098,completed,0.502,1.0,,2028-01-16T06:00:00
I10409,U1224,C073,quiz_passed,0.859,1.0,0.826,2028-01-16T08:00:00
I10410,U1224,C030,quiz_passed,0.835,1.0,0.853,2028-01-16T10:00:00
I10411,U1225,C028,completed,0.752,1.0,0.578,2028-01-16T12:00:00
I10412,U1225,C066,quiz_passed,0.73,1.0,0.655,2028-01-16T14:00:00
I10413,U1225,C095,viewed,0.168,0.043,,2028-01-16T16:00:00
I10414,U1225,C028,completed,0.561,1.0,,2028-01-16T18:00:00
I10415,U1225,C018,viewed,0.196,0.028,,2028-01-16T20:00:00
I10416,U1225,C006,viewed,0.198,0.054,,2028-01-16T22:00:00
I10417,U1225,C061,viewed,0.18,0.031,,2028-01-17T00:00:00
I10418,U1225,C006,completed,0.773,1.0,0.595,2028-01-17T02:00:00
I10419,U1226,C002,completed,0.483,1.0,,2028-01-17T04:00:00
I10420,U1226,C091,quiz_passed,0.769,1.0,0.658,2028-01-17T06:00:00
I10421,U1226,C061,completed,0.782,1.0,0.698,2028-01-17T08:00:00
I10422,U1226,C081,completed,0.462,1.0,,2028-01-17T10:00:00
I10423,U1226,C035,disliked,0.154,0.03,,2028-01-17T12:00:00
I10424,U1227,C099,viewed,0.259,0.053,,2028-01-17T14:00:00
I10425,U1227,C042,quiz_passed,0.721,1.0,0.652,2028-01-17T16:00:00
I10426,U1228,C095,viewed,0.216,0.3,,2028-01-17T18:00:00
I10427,U1228,C096,viewed,0.446,0.49,0.23,2028-01-17T20:00:00
I10428,U1228,C063,completed,0.771,1.0,0.63,2028-01-17T22:00:00
I10429,U1228,C048,disliked,0.222,0.0,0.329,2028-01-18T00:00:00
I10430,U1228,C082,quiz_passed,0.811,1.0,0.669,2028-01-18T02:00:00
I10431,U1228,C066,quiz_passed,0.823,1.0,0.655,2028-01-18T04:00:00
I10432,U1228,C097,completed,0.476,1.0,,2028-01-18T06:00:00
I10433,U1228,C049,completed,0.751,1.0,0.645,2028-01-18T08:00:00
I10434,U1228,C043,viewed,0.319,0.56,,2028-01-18T10:00:00
I10435,U1228,C026,completed,0.488,1.0,,2028-01-18T12:00:00
I10436,U1228,C003,quiz_passed,0.779,1.0,0.626,2028-01-18T14:00:00
I10437,U1229,C096,viewed,0.317,0.3,0.219,2028-01-18T16:00:00
I10438,U1229,C015,viewed,0.217,0.088,,2028-01-18T18:00:00
I10439,U1229,C001,quiz_passed,0.811,1.0,0.637,2028-01-18T20:00:00
I10440,U1229,C064,quiz_passed,0.736,1.0,0.616,2028-01-18T22:00:00
I10441,U1229,C006,completed,0.776,1.0,0.667,2028-01-19T00:00:00
I10442,U1229,C067,completed,0.838,1.0,0.653,2028-01-19T02:00:00
I10443,U1229,C002,viewed,0.407,0.59,,2028-01-19T04:00:00
I10444,U1229,C030,quiz_passed,0.821,1.0,0.686,2028-01-19T06:00:00
I10445,U1229,C011,completed,0.513,1.0,,2028-01-19T08:00:00
I10446,U1229,C047,completed,0.523,1.0,,2028-01-19T10:00:00
I10447,U1229,C028,completed,0.551,1.0,,2028-01-19T12:00:00
I10448,U1229,C095,completed,0.677,1.0,0.406,2028-01-19T14:00:00
I10449,U1229,C017,quiz_passed,0.823,1.0,0.691,2028-01-19T16:00:00
I10450,U1229,C010,viewed,0.274,0.028,,2028-01-19T18:00:00
I10451,U1229,C061,quiz_passed,0.809,1.0,0.65,2028-01-19T20:00:00
I10452,U1230,C091,completed,0.469,1.0,,2028-01-19T22:00:00
I10453,U1230,C074,completed,0.838,1.0,0.716,2028-01-20T00:00:00
I10454,U1230,C074,quiz_passed,0.765,1.0,0.758,2028-01-20T02:00:00
I10455,U1231,C043,completed,0.773,1.0,0.565,2028-01-20T04:00:00
I10456,U1231,C044,viewed,0.279,0.096,,2028-01-20T06:00:00
I10457,U1231,C005,completed,0.555,1.0,,2028-01-20T08:00:00
I10458,U1231,C018,viewed,0.486,0.46,0.328,2028-01-20T10:00:00
I10459,U1231,C057,viewed,0.13,0.011,,2028-01-20T12:00:00
I10460,U1231,C042,viewed,0.274,0.02,,2028-01-20T14:00:00
I10461,U1231,C090,viewed,0.299,0.073,,2028-01-20T16:00:00
I10462,U1231,C044,completed,0.732,1.0,0.447,2028-01-20T18:00:00
I10463,U1231,C050,viewed,0.235,0.008,,2028-01-20T20:00:00
I10464,U1231,C075,viewed,0.256,0.034,,2028-01-20T22:00:00
I10465,U1232,C099,viewed,0.271,0.06,,2028-01-21T00:00:00
I10466,U1232,C017,completed,0.79,1.0,0.607,2028-01-21T02:00:00
I10467,U1232,C095,viewed,0.174,0.033,,2028-01-21T04:00:00
I10468,U1232,C051,completed,0.488,1.0,,2028-01-21T06:00:00
I10469,U1232,C045,completed,0.726,1.0,0.495,2028-01-21T08:00:00
I10470,U1232,C044,completed,0.494,1.0,,2028-01-21T10:00:00
I10471,U1232,C016,completed,0.752,1.0,0.618,2028-01-21T12:00:00
I10472,U1232,C010,completed,0.681,1.0,0.46,2028-01-21T14:00:00
I10473,U1232,C048,viewed,0.473,0.36,0.402,2028-01-21T16:00:00
I10474,U1232,C005,completed,0.534,1.0,,2028-01-21T18:00:00
I10475,U1232,C054,completed,0.462,1.0,,2028-01-21T20:00:00
I10476,U1232,C057,completed,0.817,1.0,0.694,2028-01-21T22:00:00
I10477,U1232,C048,completed,0.849,1.0,0.695,2028-01-22T00:00:00
I10478,U1233,C098,quiz_passed,0.751,1.0,0.716,2028-01-22T02:00:00
I10479,U1233,C096,quiz_passed,0.823,1.0,0.785,2028-01-22T04:00:00
I10480,U1233,C092,completed,0.835,1.0,0.825,2028-01-22T06:00:00
I10481,U1233,C096,viewed,0.578,0.52,0.598,2028-01-22T08:00:00
I10482,U1233,C053,quiz_passed,0.892,1.0,0.856,2028-01-22T10:00:00
I10483,U1233,C064,completed,0.512,1.0,,2028-01-22T12:00:00
I10484,U1233,C003,quiz_passed,0.912,1.0,0.856,2028-01-22T14:00:00
I10485,U1233,C045,completed,0.495,1.0,,2028-01-22T16:00:00
I10486,U1233,C016,completed,0.502,1.0,,2028-01-22T18:00:00
I10487,U1233,C066,completed,0.506,1.0,,2028-01-22T20:00:00
I10488,U1233,C081,completed,0.565,1.0,,2028-01-22T22:00:00
I10489,U1234,C030,completed,0.511,1.0,,2028-01-23T00:00:00
I10490,U1234,C071,disliked,0.108,0.01,,2028-01-23T02:00:00
I10491,U1234,C066,completed,0.728,1.0,0.598,2028-01-23T04:00:00
I10492,U1234,C065,viewed,0.402,0.43,0.366,2028-01-23T06:00:00
I10493,U1234,C054,disliked,0.314,0.01,0.387,2028-01-23T08:00:00
I10494,U1234,C067,viewed,0.339,0.21,0.32,2028-01-23T10:00:00
I10495,U1234,C005,completed,0.739,1.0,0.45,2028-01-23T12:00:00
I10496,U1234,C075,viewed,0.406,0.5,0.302,2028-01-23T14:00:00
I10497,U1235,C002,viewed,0.183,0.039,,2028-01-23T16:00:00
I10498,U1235,C098,viewed,0.4,0.69,,2028-01-23T18:00:00
I10499,U1235,C066,quiz_passed,0.727,1.0,0.631,2028-01-23T20:00:00
I10500,U1235,C002,viewed,0.382,0.34,0.437,2028-01-23T22:00:00
I10501,U1235,C057,viewed,0.201,0.34,,2028-01-24T00:00:00
I10502,U1235,C030,viewed,0.445,0.34,0.397,2028-01-24T02:00:00
I10503,U1235,C081,viewed,0.217,0.089,,2028-01-24T04:00:00
I10504,U1235,C081,completed,0.766,1.0,0.488,2028-01-24T06:00:00
I10505,U1235,C044,viewed,0.232,0.22,,2028-01-24T08:00:00
I10506,U1235,C092,viewed,0.267,0.025,,2028-01-24T10:00:00
I10507,U1235,C005,disliked,0.257,0.08,0.204,2028-01-24T12:00:00
I10508,U1235,C096,viewed,0.113,0.057,,2028-01-24T14:00:00
I10509,U1236,C043,quiz_passed,0.809,1.0,0.602,2028-01-24T16:00:00
I10510,U1236,C064,completed,0.49,1.0,,2028-01-24T18:00:00
I10511,U1236,C048,completed,0.769,1.0,0.666,2028-01-24T20:00:00
I10512,U1236,C075,viewed,0.394,0.33,0.266,2028-01-24T22:00:00
I10513,U1236,C044,viewed,0.113,0.01,,2028-01-25T00:00:00
I10514,U1236,C075,disliked,0.323,0.12,0.265,2028-01-25T02:00:00
I10515,U1236,C001,viewed,0.299,0.005,,2028-01-25T04:00:00
I10516,U1236,C016,completed,0.79,1.0,0.596,2028-01-25T06:00:00
I10517,U1236,C081,viewed,0.491,0.57,0.265,2028-01-25T08:00:00
I10518,U1236,C067,viewed,0.133,0.091,,2028-01-25T10:00:00
I10519,U1236,C018,completed,0.499,1.0,,2028-01-25T12:00:00
I10520,U1236,C002,completed,0.51,1.0,,2028-01-25T14:00:00
I10521,U1236,C074,viewed,0.23,0.077,,2028-01-25T16:00:00
I10522,U1236,C048,viewed,0.191,0.046,,2028-01-25T18:00:00
I10523,U1237,C071,quiz_passed,0.895,1.0,0.827,2028-01-25T20:00:00
I10524,U1237,C010,completed,0.502,1.0,,2028-01-25T22:00:00
I10525,U1237,C045,quiz_passed,0.883,1.0,0.803,2028-01-26T00:00:00
I10526,U1237,C064,completed,0.902,1.0,0.872,2028-01-26T02:00:00
I10527,U1237,C071,completed,0.485,1.0,,2028-01-26T04:00:00
I10528,U1237,C006,completed,0.841,1.0,0.822,2028-01-26T06:00:00
I10529,U1237,C048,quiz_passed,0.587,0.45,0.691,2028-01-26T08:00:00
I10530,U1237,C003,quiz_passed,0.689,0.68,0.629,2028-01-26T10:00:00
I10531,U1237,C097,quiz_passed,0.504,0.14,0.674,2028-01-26T12:00:00
I10532,U1237,C091,quiz_passed,0.407,0.01,0.693,2028-01-26T14:00:00
I10533,U1238,C054,quiz_passed,0.892,1.0,0.874,2028-01-26T16:00:00
I10534,U1238,C006,quiz_passed,0.827,1.0,0.825,2028-01-26T18:00:00
I10535,U1238,C098,quiz_passed,0.866,1.0,0.778,2028-01-26T20:00:00
I10536,U1238,C025,completed,0.528,1.0,,2028-01-26T22:00:00
I10537,U1238,C095,viewed,0.171,0.038,,2028-01-27T00:00:00
I10538,U1238,C099,completed,0.861,1.0,0.773,2028-01-27T02:00:00
I10539,U1238,C095,viewed,0.236,0.42,,2028-01-27T04:00:00
I10540,U1238,C053,completed,0.505,1.0,,2028-01-27T06:00:00
I10541,U1238,C028,completed,0.818,1.0,0.883,2028-01-27T08:00:00
I10542,U1238,C042,completed,0.895,1.0,0.882,2028-01-27T10:00:00
I10543,U1238,C028,quiz_passed,0.841,1.0,0.878,2028-01-27T12:00:00
I10544,U1238,C002,completed,0.524,1.0,,2028-01-27T14:00:00
I10545,U1239,C099,completed,0.643,1.0,0.437,2028-01-27T16:00:00
I10546,U1239,C015,completed,0.75,1.0,0.573,2028-01-27T18:00:00
I10547,U1239,C076,completed,0.817,1.0,0.685,2028-01-27T20:00:00
I10548,U1239,C048,completed,0.796,1.0,0.689,2028-01-27T22:00:00
I10549,U1239,C074,viewed,0.372,0.51,,2028-01-28T00:00:00
I10550,U1239,C075,completed,0.669,1.0,0.46,2028-01-28T02:00:00
I10551,U1239,C099,viewed,0.232,0.38,,2028-01-28T04:00:00
I10552,U1239,C099,completed,0.525,1.0,,2028-01-28T06:00:00
I10553,U1240,C006,quiz_passed,0.797,1.0,0.712,2028-01-28T08:00:00
I10554,U1240,C099,completed,0.466,1.0,,2028-01-28T10:00:00
I10555,U1241,C071,completed,0.474,1.0,,2028-01-28T12:00:00
I10556,U1241,C006,completed,0.508,1.0,,2028-01-28T14:00:00
I10557,U1241,C043,completed,0.818,1.0,0.735,2028-01-28T16:00:00
I10558,U1241,C075,disliked,0.193,0.06,,2028-01-28T18:00:00
I10559,U1241,C064,completed,0.787,1.0,0.718,2028-01-28T20:00:00
I10560,U1241,C017,completed,0.524,1.0,,2028-01-28T22:00:00
I10561,U1241,C066,viewed,0.241,0.25,,2028-01-29T00:00:00
I10562,U1241,C005,completed,0.57,1.0,,2028-01-29T02:00:00
I10563,U1241,C051,viewed,0.465,0.38,0.527,2028-01-29T04:00:00
I10564,U1241,C074,completed,0.485,1.0,,2028-01-29T06:00:00
I10565,U1242,C057,completed,0.553,1.0,,2028-01-29T08:00:00
I10566,U1242,C098,completed,0.789,1.0,0.544,2028-01-29T10:00:00
I10567,U1242,C098,viewed,0.453,0.54,0.329,2028-01-29T12:00:00
I10568,U1242,C050,completed,0.825,1.0,0.804,2028-01-29T14:00:00
I10569,U1242,C092,quiz_passed,0.858,1.0,0.712,2028-01-29T16:00:00
I10570,U1242,C005,viewed,0.208,0.061,,2028-01-29T18:00:00
I10571,U1242,C011,viewed,0.324,0.51,,2028-01-29T20:00:00
I10572,U1242,C025,completed,0.529,1.0,,2028-01-29T22:00:00
I10573,U1243,C048,viewed,0.228,0.037,,2028-01-30T00:00:00
I10574,U1243,C049,completed,0.531,1.0,,2028-01-30T02:00:00
I10575,U1243,C042,completed,0.738,1.0,0.611,2028-01-30T04:00:00
I10576,U1243,C043,viewed,0.272,0.03,,2028-01-30T06:00:00
I10577,U1243,C033,disliked,0.178,0.01,,2028-01-30T08:00:00
I10578,U1243,C080,viewed,0.386,0.31,0.216,2028-01-30T10:00:00
I10579,U1243,C076,viewed,0.39,0.31,0.443,2028-01-30T12:00:00
I10580,U1243,C066,completed,0.721,1.0,0.562,2028-01-30T14:00:00
I10581,U1243,C064,completed,0.462,1.0,,2028-01-30T16:00:00
I10582,U1243,C030,completed,0.462,1.0,,2028-01-30T18:00:00
I10583,U1243,C095,viewed,0.13,0.089,,2028-01-30T20:00:00
I10584,U1244,C099,viewed,0.35,0.24,0.29,2028-01-30T22:00:00
I10585,U1244,C072,completed,0.515,1.0,,2028-01-31T00:00:00
I10586,U1244,C065,completed,0.46,1.0,,2028-01-31T02:00:00
I10587,U1244,C099,completed,0.534,1.0,,2028-01-31T04:00:00
I10588,U1244,C015,completed,0.541,1.0,,2028-01-31T06:00:00
I10589,U1244,C005,viewed,0.31,0.37,0.2,2028-01-31T08:00:00
I10590,U1244,C061,quiz_passed,0.733,1.0,0.614,2028-01-31T10:00:00
I10591,U1244,C090,completed,0.568,1.0,,2028-01-31T12:00:00
I10592,U1244,C011,completed,0.76,1.0,0.702,2028-01-31T14:00:00
I10593,U1244,C017,viewed,0.512,0.62,0.365,2028-01-31T16:00:00
I10594,U1244,C043,completed,0.786,1.0,0.647,2028-01-31T18:00:00
I10595,U1245,C066,completed,0.521,1.0,,2028-01-31T20:00:00
I10596,U1245,C096,viewed,0.339,0.2,0.346,2028-01-31T22:00:00
I10597,U1245,C054,completed,0.511,1.0,,2028-02-01T00:00:00
I10598,U1245,C030,viewed,0.235,0.42,,2028-02-01T02:00:00
I10599,U1245,C096,quiz_passed,0.72,1.0,0.65,2028-02-01T04:00:00
I10600,U1245,C095,viewed,0.262,0.47,,2028-02-01T06:00:00
I10601,U1245,C015,quiz_passed,0.867,1.0,0.738,2028-02-01T08:00:00
I10602,U1245,C016,viewed,0.357,0.61,,2028-02-01T10:00:00
I10603,U1246,C062,viewed,0.233,0.29,,2028-02-01T12:00:00
I10604,U1246,C099,viewed,0.28,0.044,,2028-02-01T14:00:00
I10605,U1246,C073,viewed,0.2,0.077,,2028-02-01T16:00:00
I10606,U1246,C073,viewed,0.134,0.056,,2028-02-01T18:00:00
I10607,U1246,C062,completed,0.843,1.0,0.675,2028-02-01T20:00:00
I10608,U1246,C064,completed,0.731,1.0,0.602,2028-02-01T22:00:00
I10609,U1246,C054,completed,0.52,1.0,,2028-02-02T00:00:00
I10610,U1247,C003,disliked,0.108,0.07,,2028-02-02T02:00:00
I10611,U1247,C075,viewed,0.283,0.084,,2028-02-02T04:00:00
I10612,U1247,C013,disliked,0.301,0.06,0.345,2028-02-02T06:00:00
I10613,U1247,C018,quiz_passed,0.846,1.0,0.726,2028-02-02T08:00:00
I10614,U1247,C013,viewed,0.554,0.66,0.372,2028-02-02T10:00:00
I10615,U1248,C006,completed,0.544,1.0,,2028-02-02T12:00:00
I10616,U1248,C043,completed,0.831,1.0,0.646,2028-02-02T14:00:00
I10617,U1248,C075,completed,0.751,1.0,0.511,2028-02-02T16:00:00
I10618,U1248,C048,completed,0.565,1.0,,2028-02-02T18:00:00
I10619,U1248,C051,completed,0.76,1.0,0.643,2028-02-02T20:00:00
I10620,U1248,C029,viewed,0.46,0.43,0.339,2028-02-02T22:00:00
I10621,U1248,C045,disliked,0.217,0.1,,2028-02-03T00:00:00
I10622,U1248,C048,quiz_passed,0.769,1.0,0.668,2028-02-03T02:00:00
I10623,U1249,C098,disliked,0.253,0.02,0.343,2028-02-03T04:00:00
I10624,U1249,C098,completed,0.548,1.0,,2028-02-03T06:00:00
I10625,U1249,C043,quiz_passed,0.776,1.0,0.733,2028-02-03T08:00:00
I10626,U1249,C005,completed,0.74,1.0,0.67,2028-02-03T10:00:00
I10627,U1249,C095,viewed,0.37,0.26,0.41,2028-02-03T12:00:00
I10628,U1249,C016,completed,0.557,1.0,,2028-02-03T14:00:00
I10629,U1249,C088,quiz_passed,0.862,1.0,0.76,2028-02-03T16:00:00
I10630,U1249,C046,completed,0.72,1.0,0.423,2028-02-03T18:00:00
I10631,U1249,C074,disliked,0.321,0.01,0.442,2028-02-03T20:00:00
I10632,U1249,C018,quiz_passed,0.778,1.0,0.718,2028-02-03T22:00:00
I10633,U1249,C098,quiz_passed,0.714,1.0,0.606,2028-02-04T00:00:00
I10634,U1250,C017,viewed,0.31,0.49,,2028-02-04T02:00:00
I10635,U1250,C096,completed,0.518,1.0,,2028-02-04T04:00:00
I10636,U1250,C091,completed,0.723,1.0,0.578,2028-02-04T06:00:00
I10637,U1250,C066,viewed,0.335,0.32,0.351,2028-02-04T08:00:00
I10638,U1251,C099,completed,0.461,1.0,,2028-02-04T10:00:00
I10639,U1251,C063,quiz_passed,0.777,1.0,0.724,2028-02-04T12:00:00
I10640,U1252,C076,completed,0.781,1.0,0.623,2028-02-04T14:00:00
I10641,U1252,C018,quiz_passed,0.723,1.0,0.65,2028-02-04T16:00:00
I10642,U1252,C030,completed,0.534,1.0,,2028-02-04T18:00:00
I10643,U1252,C016,viewed,0.259,0.013,,2028-02-04T20:00:00
I10644,U1252,C051,viewed,0.593,0.67,0.366,2028-02-04T22:00:00
I10645,U1252,C016,completed,0.535,1.0,,2028-02-05T00:00:00
I10646,U1252,C001,viewed,0.327,0.56,,2028-02-05T02:00:00
I10647,U1252,C005,viewed,0.418,0.67,,2028-02-05T04:00:00
I10648,U1252,C073,completed,0.544,1.0,,2028-02-05T06:00:00
I10649,U1252,C029,completed,0.52,1.0,,2028-02-05T08:00:00
I10650,U1252,C095,disliked,0.13,0.06,,2028-02-05T10:00:00
I10651,U1252,C043,viewed,0.378,0.52,,2028-02-05T12:00:00
I10652,U1252,C065,completed,0.507,1.0,,2028-02-05T14:00:00
I10653,U1252,C015,quiz_passed,0.781,1.0,0.611,2028-02-05T16:00:00
I10654,U1252,C074,viewed,0.299,0.49,,2028-02-05T18:00:00
I10655,U1253,C067,completed,0.556,1.0,,2028-02-05T20:00:00
I10656,U1253,C048,viewed,0.134,0.005,,2028-02-05T22:00:00
I10657,U1253,C099,viewed,0.226,0.054,,2028-02-06T00:00:00
I10658,U1253,C043,completed,0.575,1.0,,2028-02-06T02:00:00
I10659,U1253,C047,viewed,0.385,0.6,,2028-02-06T04:00:00
I10660,U1253,C011,viewed,0.495,0.45,0.426,2028-02-06T06:00:00
I10661,U1253,C017,completed,0.563,1.0,,2028-02-06T08:00:00
I10662,U1253,C006,viewed,0.248,0.32,,2028-02-06T10:00:00
I10663,U1253,C044,viewed,0.422,0.58,0.257,2028-02-06T12:00:00
I10664,U1253,C015,completed,0.812,1.0,0.61,2028-02-06T14:00:00
I10665,U1253,C009,viewed,0.217,0.013,,2028-02-06T16:00:00
I10666,U1254,C025,quiz_passed,0.781,1.0,0.604,2028-02-06T18:00:00
I10667,U1254,C043,completed,0.821,1.0,0.616,2028-02-06T20:00:00
I10668,U1254,C044,completed,0.546,1.0,,2028-02-06T22:00:00
I10669,U1254,C013,viewed,0.425,0.49,0.287,2028-02-07T00:00:00
I10670,U1255,C051,completed,0.532,1.0,,2028-02-07T02:00:00
I10671,U1255,C016,quiz_passed,0.862,1.0,0.791,2028-02-07T04:00:00
I10672,U1255,C072,completed,0.572,1.0,,2028-02-07T06:00:00
I10673,U1255,C016,completed,0.51,1.0,,2028-02-07T08:00:00
I10674,U1255,C081,quiz_passed,0.722,1.0,0.634,2028-02-07T10:00:00
I10675,U1255,C081,disliked,0.287,0.06,0.314,2028-02-07T12:00:00
I10676,U1255,C066,completed,0.548,1.0,,2028-02-07T14:00:00
I10677,U1255,C053,quiz_passed,0.89,1.0,0.776,2028-02-07T16:00:00
I10678,U1256,C091,disliked,0.328,0.17,0.363,2028-02-07T18:00:00
I10679,U1256,C071,disliked,0.217,0.12,,2028-02-07T20:00:00
I10680,U1256,C044,completed,0.517,1.0,,2028-02-07T22:00:00
I10681,U1256,C044,disliked,0.236,0.19,0.224,2028-02-08T00:00:00
I10682,U1256,C042,viewed,0.483,0.44,0.418,2028-02-08T02:00:00
I10683,U1256,C013,viewed,0.433,0.48,0.244,2028-02-08T04:00:00
I10684,U1256,C075,completed,0.488,1.0,,2028-02-08T06:00:00
I10685,U1256,C090,completed,0.764,1.0,0.53,2028-02-08T08:00:00
I10686,U1256,C042,completed,0.509,1.0,,2028-02-08T10:00:00
I10687,U1256,C082,viewed,0.334,0.59,,2028-02-08T12:00:00
I10688,U1256,C071,quiz_passed,0.772,1.0,0.665,2028-02-08T14:00:00
I10689,U1257,C011,quiz_passed,0.798,1.0,0.682,2028-02-08T16:00:00
I10690,U1257,C001,completed,0.698,1.0,0.586,2028-02-08T18:00:00
I10691,U1257,C046,viewed,0.112,0.032,,2028-02-08T20:00:00
I10692,U1257,C053,viewed,0.163,0.24,,2028-02-08T22:00:00
I10693,U1257,C016,viewed,0.239,0.28,,2028-02-09T00:00:00
I10694,U1257,C045,completed,0.714,1.0,0.466,2028-02-09T02:00:00
I10695,U1257,C035,viewed,0.177,0.014,,2028-02-09T04:00:00
I10696,U1257,C001,disliked,0.344,0.11,0.315,2028-02-09T06:00:00
I10697,U1257,C088,quiz_passed,0.789,1.0,0.602,2028-02-09T08:00:00
I10698,U1257,C054,quiz_passed,0.811,1.0,0.673,2028-02-09T10:00:00
I10699,U1257,C081,completed,0.666,1.0,0.51,2028-02-09T12:00:00
I10700,U1257,C046,viewed,0.193,0.09,,2028-02-09T14:00:00
I10701,U1257,C043,completed,0.496,1.0,,2028-02-09T16:00:00
I10702,U1257,C045,viewed,0.426,0.57,0.296,2028-02-09T18:00:00
I10703,U1258,C076,quiz_passed,0.888,1.0,0.778,2028-02-09T20:00:00
I10704,U1258,C044,completed,0.81,1.0,0.694,2028-02-09T22:00:00
I10705,U1258,C090,quiz_passed,0.755,1.0,0.622,2028-02-10T00:00:00
I10706,U1258,C015,completed,0.474,1.0,,2028-02-10T02:00:00
I10707,U1258,C047,quiz_passed,0.823,1.0,0.802,2028-02-10T04:00:00
I10708,U1258,C028,quiz_passed,0.805,1.0,0.741,2028-02-10T06:00:00
I10709,U1258,C074,completed,0.754,1.0,0.624,2028-02-10T08:00:00
I10710,U1258,C016,completed,0.777,1.0,0.779,2028-02-10T10:00:00
I10711,U1258,C006,completed,0.496,1.0,,2028-02-10T12:00:00
I10712,U1258,C046,completed,0.486,1.0,,2028-02-10T14:00:00
I10713,U1258,C066,completed,0.51,1.0,,2028-02-10T16:00:00
I10714,U1258,C046,viewed,0.264,0.01,,2028-02-10T18:00:00
I10715,U1258,C003,completed,0.477,1.0,,2028-02-10T20:00:00
I10716,U1258,C010,completed,0.567,1.0,,2028-02-10T22:00:00
I10717,U1258,C044,quiz_passed,0.784,1.0,0.65,2028-02-11T00:00:00
I10718,U1259,C097,completed,0.505,1.0,,2028-02-11T02:00:00
I10719,U1259,C096,completed,0.728,1.0,0.556,2028-02-11T04:00:00
I10720,U1259,C029,completed,0.538,1.0,,2028-02-11T06:00:00
I10721,U1259,C098,completed,0.793,1.0,0.581,2028-02-11T08:00:00
I10722,U1259,C030,quiz_passed,0.805,1.0,0.714,2028-02-11T10:00:00
I10723,U1259,C015,completed,0.816,1.0,0.717,2028-02-11T12:00:00
I10724,U1259,C078,completed,0.469,1.0,,2028-02-11T14:00:00
I10725,U1259,C010,viewed,0.368,0.21,0.336,2028-02-11T16:00:00
I10726,U1259,C046,completed,0.7,1.0,0.498,2028-02-11T18:00:00
I10727,U1259,C075,completed,0.69,1.0,0.571,2028-02-11T20:00:00
I10728,U1259,C044,quiz_passed,0.805,1.0,0.615,2028-02-11T22:00:00
I10729,U1259,C013,completed,0.787,1.0,0.643,2028-02-12T00:00:00
I10730,U1259,C001,completed,0.47,1.0,,2028-02-12T02:00:00
I10731,U1259,C076,completed,0.548,1.0,,2028-02-12T04:00:00
I10732,U1259,C005,viewed,0.479,0.43,0.341,2028-02-12T06:00:00
I10733,U1260,C008,completed,0.506,1.0,,2028-02-12T08:00:00
I10734,U1260,C057,quiz_passed,0.806,1.0,0.814,2028-02-12T10:00:00
I10735,U1260,C096,quiz_passed,0.782,1.0,0.686,2028-02-12T12:00:00
I10736,U1260,C095,viewed,0.274,0.013,,2028-02-12T14:00:00
I10737,U1261,C095,viewed,0.4,0.67,,2028-02-12T16:00:00
I10738,U1261,C050,completed,0.512,1.0,,2028-02-12T18:00:00
I10739,U1261,C045,viewed,0.278,0.017,,2028-02-12T20:00:00
I10740,U1261,C092,viewed,0.503,0.52,0.442,2028-02-12T22:00:00
I10741,U1261,C042,viewed,0.247,0.3,,2028-02-13T00:00:00
I10742,U1261,C075,viewed,0.28,0.34,,2028-02-13T02:00:00
I10743,U1261,C043,completed,0.504,1.0,,2028-02-13T04:00:00
I10744,U1261,C013,viewed,0.162,0.099,,2028-02-13T06:00:00
I10745,U1261,C011,viewed,0.276,0.0,,2028-02-13T08:00:00
I10746,U1262,C001,completed,0.776,1.0,0.588,2028-02-13T10:00:00
I10747,U1262,C071,quiz_passed,0.8,1.0,0.655,2028-02-13T12:00:00
I10748,U1262,C010,completed,0.546,1.0,,2028-02-13T14:00:00
I10749,U1262,C096,viewed,0.13,0.012,,2028-02-13T16:00:00
I10750,U1262,C005,viewed,0.189,0.008,,2028-02-13T18:00:00
I10751,U1262,C098,disliked,0.162,0.04,0.202,2028-02-13T20:00:00
I10752,U1262,C076,viewed,0.415,0.21,0.386,2028-02-13T22:00:00
I10753,U1262,C081,completed,0.767,1.0,0.557,2028-02-14T00:00:00
I10754,U1262,C092,quiz_passed,0.797,1.0,0.686,2028-02-14T02:00:00
I10755,U1262,C043,viewed,0.119,0.029,,2028-02-14T04:00:00
I10756,U1262,C045,viewed,0.128,0.048,,2028-02-14T06:00:00
I10757,U1262,C050,viewed,0.124,0.091,,2028-02-14T08:00:00
I10758,U1262,C016,viewed,0.447,0.44,0.402,2028-02-14T10:00:00
I10759,U1262,C028,viewed,0.281,0.043,,2028-02-14T12:00:00
I10760,U1262,C002,disliked,0.184,0.14,,2028-02-14T14:00:00
I10761,U1263,C097,viewed,0.406,0.67,,2028-02-14T16:00:00
I10762,U1263,C011,quiz_passed,0.811,1.0,0.602,2028-02-14T18:00:00
I10763,U1263,C061,completed,0.503,1.0,,2028-02-14T20:00:00
I10764,U1263,C081,completed,0.747,1.0,0.428,2028-02-14T22:00:00
I10765,U1263,C003,completed,0.537,1.0,,2028-02-15T00:00:00
I10766,U1264,C025,viewed,0.268,0.097,,2028-02-15T02:00:00
I10767,U1264,C095,completed,0.746,1.0,0.667,2028-02-15T04:00:00
I10768,U1264,C011,completed,0.782,1.0,0.77,2028-02-15T06:00:00
I10769,U1264,C057,quiz_passed,0.796,1.0,0.707,2028-02-15T08:00:00
I10770,U1264,C098,viewed,0.322,0.48,,2028-02-15T10:00:00
I10771,U1264,C096,quiz_passed,0.734,1.0,0.675,2028-02-15T12:00:00
I10772,U1265,C091,completed,0.48,1.0,,2028-02-15T14:00:00
I10773,U1265,C001,completed,0.714,1.0,0.567,2028-02-15T16:00:00
I10774,U1265,C064,viewed,0.256,0.07,,2028-02-15T18:00:00
I10775,U1265,C088,viewed,0.271,0.072,,2028-02-15T20:00:00
I10776,U1265,C092,completed,0.47,1.0,,2028-02-15T22:00:00
I10777,U1266,C025,completed,0.488,1.0,,2028-02-16T00:00:00
I10778,U1266,C099,completed,0.495,1.0,,2028-02-16T02:00:00
I10779,U1266,C098,viewed,0.347,0.6,,2028-02-16T04:00:00
I10780,U1266,C099,viewed,0.233,0.049,,2028-02-16T06:00:00
I10781,U1266,C096,completed,0.786,1.0,0.586,2028-02-16T08:00:00
I10782,U1266,C017,completed,0.543,1.0,,2028-02-16T10:00:00
I10783,U1267,C099,viewed,0.137,0.083,,2028-02-16T12:00:00
I10784,U1267,C011,completed,0.578,1.0,,2028-02-16T14:00:00
I10785,U1267,C016,viewed,0.25,0.074,,2028-02-16T16:00:00
I10786,U1268,C025,completed,0.782,1.0,0.599,2028-02-16T18:00:00
I10787,U1268,C047,disliked,0.124,0.07,,2028-02-16T20:00:00
I10788,U1269,C095,viewed,0.293,0.002,,2028-02-16T22:00:00
I10789,U1269,C092,quiz_passed,0.841,1.0,0.694,2028-02-17T00:00:00
I10790,U1269,C016,completed,0.552,1.0,,2028-02-17T02:00:00
I10791,U1269,C057,quiz_passed,0.726,1.0,0.659,2028-02-17T04:00:00
I10792,U1269,C005,completed,0.503,1.0,,2028-02-17T06:00:00
I10793,U1269,C042,viewed,0.465,0.36,0.371,2028-02-17T08:00:00
I10794,U1269,C054,quiz_passed,0.795,1.0,0.635,2028-02-17T10:00:00
I10795,U1269,C097,completed,0.524,1.0,,2028-02-17T12:00:00
I10796,U1269,C071,viewed,0.38,0.22,0.443,2028-02-17T14:00:00
I10797,U1269,C006,disliked,0.371,0.15,0.393,2028-02-17T16:00:00
I10798,U1269,C001,completed,0.529,1.0,,2028-02-17T18:00:00
I10799,U1269,C044,viewed,0.201,0.036,,2028-02-17T20:00:00
I10800,U1269,C097,completed,0.528,1.0,,2028-02-17T22:00:00
I10801,U1269,C081,viewed,0.118,0.006,,2028-02-18T00:00:00
I10802,U1270,C099,completed,0.71,1.0,0.448,2028-02-18T02:00:00
I10803,U1270,C006,completed,0.78,1.0,0.681,2028-02-18T04:00:00
I10804,U1270,C006,completed,0.466,1.0,,2028-02-18T06:00:00
I10805,U1271,C053,quiz_passed,0.8,1.0,0.619,2028-02-18T08:00:00
I10806,U1271,C008,quiz_passed,0.775,1.0,0.647,2028-02-18T10:00:00
I10807,U1271,C049,completed,0.785,1.0,0.562,2028-02-18T12:00:00
I10808,U1271,C043,completed,0.699,1.0,0.594,2028-02-18T14:00:00
I10809,U1271,C090,viewed,0.222,0.091,,2028-02-18T16:00:00
I10810,U1271,C002,viewed,0.377,0.64,,2028-02-18T18:00:00
I10811,U1272,C095,viewed,0.237,0.053,,2028-02-18T20:00:00
I10812,U1272,C095,viewed,0.308,0.31,0.265,2028-02-18T22:00:00
I10813,U1272,C015,viewed,0.227,0.066,,2028-02-19T00:00:00
I10814,U1272,C099,viewed,0.179,0.071,,2028-02-19T02:00:00
I10815,U1272,C098,viewed,0.133,0.033,,2028-02-19T04:00:00
I10816,U1272,C098,viewed,0.158,0.001,,2028-02-19T06:00:00
I10817,U1273,C098,quiz_passed,0.758,1.0,0.686,2028-02-19T08:00:00
I10818,U1273,C061,completed,0.472,1.0,,2028-02-19T10:00:00
I10819,U1273,C061,completed,0.896,1.0,0.833,2028-02-19T12:00:00
I10820,U1273,C010,completed,0.576,1.0,,2028-02-19T14:00:00
I10821,U1273,C046,completed,0.558,1.0,,2028-02-19T16:00:00
I10822,U1273,C091,completed,0.556,1.0,,2028-02-19T18:00:00
I10823,U1273,C075,quiz_passed,0.818,1.0,0.77,2028-02-19T20:00:00
I10824,U1274,C072,quiz_passed,0.807,1.0,0.745,2028-02-19T22:00:00
I10825,U1274,C015,quiz_passed,0.879,1.0,0.793,2028-02-20T00:00:00
I10826,U1274,C001,completed,0.53,1.0,,2028-02-20T02:00:00
I10827,U1274,C025,disliked,0.167,0.14,,2028-02-20T04:00:00
I10828,U1274,C028,completed,0.872,1.0,0.773,2028-02-20T06:00:00
I10829,U1274,C013,completed,0.822,1.0,0.657,2028-02-20T08:00:00
I10830,U1274,C003,completed,0.473,1.0,,2028-02-20T10:00:00
I10831,U1274,C044,completed,0.537,1.0,,2028-02-20T12:00:00
I10832,U1274,C081,completed,0.48,1.0,,2028-02-20T14:00:00
I10833,U1274,C003,quiz_passed,0.818,1.0,0.718,2028-02-20T16:00:00
I10834,U1275,C098,completed,0.767,1.0,0.533,2028-02-20T18:00:00
I10835,U1275,C096,completed,0.533,1.0,,2028-02-20T20:00:00
I10836,U1275,C067,completed,0.571,1.0,,2028-02-20T22:00:00
I10837,U1275,C043,completed,0.515,1.0,,2028-02-21T00:00:00
I10838,U1275,C074,viewed,0.168,0.007,,2028-02-21T02:00:00
I10839,U1275,C044,completed,0.709,1.0,0.437,2028-02-21T04:00:00
I10840,U1275,C098,completed,0.475,1.0,,2028-02-21T06:00:00
I10841,U1275,C092,viewed,0.363,0.55,,2028-02-21T08:00:00
I10842,U1275,C044,completed,0.79,1.0,0.537,2028-02-21T10:00:00
I10843,U1275,C061,completed,0.774,1.0,0.69,2028-02-21T12:00:00
I10844,U1275,C082,completed,0.814,1.0,0.638,2028-02-21T14:00:00
I10845,U1275,C064,disliked,0.298,0.07,0.318,2028-02-21T16:00:00
I10846,U1275,C092,completed,0.491,1.0,,2028-02-21T18:00:00
I10847,U1275,C065,completed,0.763,1.0,0.592,2028-02-21T20:00:00
I10848,U1275,C074,completed,0.731,1.0,0.472,2028-02-21T22:00:00
I10849,U1276,C064,quiz_passed,0.763,1.0,0.663,2028-02-22T00:00:00
I10850,U1276,C096,completed,0.499,1.0,,2028-02-22T02:00:00
I10851,U1276,C091,completed,0.508,1.0,,2028-02-22T04:00:00
I10852,U1276,C042,completed,0.488,1.0,,2028-02-22T06:00:00
I10853,U1276,C028,completed,0.577,1.0,,2028-02-22T08:00:00
I10854,U1276,C011,quiz_passed,0.803,1.0,0.634,2028-02-22T10:00:00
I10855,U1276,C045,viewed,0.344,0.37,0.223,2028-02-22T12:00:00
I10856,U1276,C011,completed,0.693,1.0,0.557,2028-02-22T14:00:00
I10857,U1276,C046,viewed,0.22,0.28,,2028-02-22T16:00:00
I10858,U1276,C073,viewed,0.424,0.48,0.325,2028-02-22T18:00:00
I10859,U1276,C001,completed,0.484,1.0,,2028-02-22T20:00:00
I10860,U1276,C054,completed,0.517,1.0,,2028-02-22T22:00:00
I10861,U1277,C042,completed,0.77,1.0,0.568,2028-02-23T00:00:00
I10862,U1277,C082,viewed,0.421,0.29,0.419,2028-02-23T02:00:00
I10863,U1277,C053,completed,0.561,1.0,,2028-02-23T04:00:00
I10864,U1277,C057,viewed,0.236,0.043,,2028-02-23T06:00:00
I10865,U1278,C095,completed,0.528,1.0,,2028-02-23T08:00:00
I10866,U1278,C048,completed,0.473,1.0,,2028-02-23T10:00:00
I10867,U1278,C098,viewed,0.239,0.021,,2028-02-23T12:00:00
I10868,U1278,C042,quiz_passed,0.929,1.0,0.88,2028-02-23T14:00:00
I10869,U1278,C095,completed,0.483,1.0,,2028-02-23T16:00:00
I10870,U1278,C099,completed,0.469,1.0,,2028-02-23T18:00:00
I10871,U1278,C017,disliked,0.129,0.12,,2028-02-23T20:00:00
I10872,U1278,C098,quiz_passed,0.784,1.0,0.786,2028-02-23T22:00:00
I10873,U1278,C098,completed,0.839,1.0,0.684,2028-02-24T00:00:00
I10874,U1279,C053,completed,0.776,1.0,0.634,2028-02-24T02:00:00
I10875,U1279,C015,completed,0.47,1.0,,2028-02-24T04:00:00
I10876,U1279,C073,completed,0.812,1.0,0.594,2028-02-24T06:00:00
I10877,U1279,C092,completed,0.56,1.0,,2028-02-24T08:00:00
I10878,U1279,C003,completed,0.544,1.0,,2028-02-24T10:00:00
I10879,U1279,C001,completed,0.58,1.0,,2028-02-24T12:00:00
I10880,U1280,C071,completed,0.571,1.0,,2028-02-24T14:00:00
I10881,U1280,C067,quiz_passed,0.807,1.0,0.763,2028-02-24T16:00:00
I10882,U1280,C065,quiz_passed,0.805,1.0,0.805,2028-02-24T18:00:00
I10883,U1281,C095,viewed,0.275,0.048,,2028-02-24T20:00:00
I10884,U1281,C057,completed,0.556,1.0,,2028-02-24T22:00:00
I10885,U1281,C008,completed,0.81,1.0,0.582,2028-02-25T00:00:00
I10886,U1281,C098,viewed,0.382,0.36,0.243,2028-02-25T02:00:00
I10887,U1281,C053,viewed,0.247,0.074,,2028-02-25T04:00:00
I10888,U1281,C088,completed,0.778,1.0,0.572,2028-02-25T06:00:00
I10889,U1281,C061,completed,0.495,1.0,,2028-02-25T08:00:00
I10890,U1282,C035,completed,0.474,1.0,,2028-02-25T10:00:00
I10891,U1282,C096,completed,0.764,1.0,0.578,2028-02-25T12:00:00
I10892,U1282,C015,viewed,0.432,0.21,0.453,2028-02-25T14:00:00
I10893,U1283,C096,viewed,0.125,0.013,,2028-02-25T16:00:00
I10894,U1283,C099,viewed,0.141,0.094,,2028-02-25T18:00:00
I10895,U1283,C065,completed,0.579,1.0,,2028-02-25T20:00:00
I10896,U1283,C047,completed,0.828,1.0,0.67,2028-02-25T22:00:00
I10897,U1283,C098,disliked,0.209,0.04,0.238,2028-02-26T00:00:00
I10898,U1283,C025,quiz_passed,0.724,1.0,0.624,2028-02-26T02:00:00
I10899,U1283,C096,viewed,0.232,0.044,,2028-02-26T04:00:00
I10900,U1283,C096,completed,0.542,1.0,,2028-02-26T06:00:00
I10901,U1283,C062,completed,0.731,1.0,0.542,2028-02-26T08:00:00
I10902,U1283,C096,viewed,0.538,0.7,0.258,2028-02-26T10:00:00
I10903,U1283,C011,viewed,0.314,0.45,,2028-02-26T12:00:00
I10904,U1283,C049,viewed,0.45,0.38,0.344,2028-02-26T14:00:00
I10905,U1284,C002,completed,0.552,1.0,,2028-02-26T16:00:00
I10906,U1284,C074,completed,0.67,1.0,0.465,2028-02-26T18:00:00
I10907,U1284,C090,viewed,0.287,0.024,,2028-02-26T20:00:00
I10908,U1284,C011,completed,0.736,1.0,0.636,2028-02-26T22:00:00
I10909,U1284,C016,completed,0.713,1.0,0.576,2028-02-27T00:00:00
I10910,U1284,C047,completed,0.507,1.0,,2028-02-27T02:00:00
I10911,U1284,C091,viewed,0.185,0.025,,2028-02-27T04:00:00
I10912,U1285,C048,viewed,0.273,0.094,,2028-02-27T06:00:00
I10913,U1285,C025,quiz_passed,0.719,1.0,0.631,2028-02-27T08:00:00
I10914,U1285,C030,viewed,0.269,0.43,,2028-02-27T10:00:00
I10915,U1285,C049,completed,0.505,1.0,,2028-02-27T12:00:00
I10916,U1285,C018,disliked,0.177,0.04,,2028-02-27T14:00:00
I10917,U1285,C058,viewed,0.481,0.55,0.381,2028-02-27T16:00:00
I10918,U1285,C076,completed,0.755,1.0,0.653,2028-02-27T18:00:00
I10919,U1286,C006,quiz_passed,0.845,1.0,0.797,2028-02-27T20:00:00
I10920,U1286,C098,viewed,0.18,0.074,,2028-02-27T22:00:00
I10921,U1286,C017,completed,0.467,1.0,,2028-02-28T00:00:00
I10922,U1286,C099,disliked,0.275,0.14,0.314,2028-02-28T02:00:00
I10923,U1286,C099,completed,0.572,1.0,,2028-02-28T04:00:00
I10924,U1286,C097,completed,0.526,1.0,,2028-02-28T06:00:00
I10925,U1286,C006,completed,0.809,1.0,0.81,2028-02-28T08:00:00
I10926,U1286,C099,completed,0.796,1.0,0.574,2028-02-28T10:00:00
I10927,U1286,C025,completed,0.783,1.0,0.788,2028-02-28T12:00:00
I10928,U1286,C098,quiz_passed,0.791,1.0,0.626,2028-02-28T14:00:00
I10929,U1286,C008,completed,0.577,1.0,,2028-02-28T16:00:00
I10930,U1286,C050,completed,0.883,1.0,0.808,2028-02-28T18:00:00
I10931,U1286,C046,completed,0.5,1.0,,2028-02-28T20:00:00
I10932,U1286,C035,quiz_passed,0.849,1.0,0.692,2028-02-28T22:00:00
I10933,U1287,C098,completed,0.706,1.0,0.515,2028-02-29T00:00:00
I10934,U1287,C009,quiz_passed,0.759,1.0,0.617,2028-02-29T02:00:00
I10935,U1287,C096,completed,0.686,1.0,0.411,2028-02-29T04:00:00
I10936,U1287,C099,viewed,0.268,0.005,,2028-02-29T06:00:00
I10937,U1287,C098,viewed,0.138,0.034,,2028-02-29T08:00:00
I10938,U1287,C095,viewed,0.113,0.056,,2028-02-29T10:00:00
I10939,U1287,C064,completed,0.475,1.0,,2028-02-29T12:00:00
I10940,U1287,C098,completed,0.492,1.0,,2028-02-29T14:00:00
I10941,U1287,C092,viewed,0.276,0.01,,2028-02-29T16:00:00
I10942,U1287,C065,completed,0.522,1.0,,2028-02-29T18:00:00
I10943,U1287,C088,viewed,0.19,0.067,,2028-02-29T20:00:00
I10944,U1287,C064,disliked,0.325,0.15,0.406,2028-02-29T22:00:00
I10945,U1288,C029,completed,0.512,1.0,,2028-03-01T00:00:00
I10946,U1288,C091,quiz_passed,0.795,1.0,0.605,2028-03-01T02:00:00
I10947,U1288,C003,completed,0.578,1.0,,2028-03-01T04:00:00
I10948,U1288,C009,quiz_passed,0.721,1.0,0.652,2028-03-01T06:00:00
I10949,U1288,C066,completed,0.468,1.0,,2028-03-01T08:00:00
I10950,U1288,C071,completed,0.519,1.0,,2028-03-01T10:00:00
I10951,U1288,C006,completed,0.739,1.0,0.655,2028-03-01T12:00:00
I10952,U1288,C008,completed,0.817,1.0,0.608,2028-03-01T14:00:00
I10953,U1288,C057,completed,0.475,1.0,,2028-03-01T16:00:00
I10954,U1288,C050,completed,0.465,1.0,,2028-03-01T18:00:00
I10955,U1289,C099,viewed,0.123,0.043,,2028-03-01T20:00:00
I10956,U1289,C076,quiz_passed,0.791,1.0,0.67,2028-03-01T22:00:00
I10957,U1289,C082,quiz_passed,0.739,1.0,0.608,2028-03-02T00:00:00
I10958,U1289,C042,quiz_passed,0.794,1.0,0.672,2028-03-02T02:00:00
I10959,U1290,C067,quiz_passed,0.835,1.0,0.691,2028-03-02T04:00:00
I10960,U1290,C003,viewed,0.396,0.25,0.318,2028-03-02T06:00:00
I10961,U1290,C053,completed,0.805,1.0,0.623,2028-03-02T08:00:00
I10962,U1290,C081,viewed,0.358,0.24,0.274,2028-03-02T10:00:00
I10963,U1290,C018,quiz_passed,0.737,1.0,0.663,2028-03-02T12:00:00
I10964,U1290,C001,completed,0.78,1.0,0.596,2028-03-02T14:00:00
I10965,U1291,C092,viewed,0.187,0.005,,2028-03-02T16:00:00
I10966,U1291,C082,completed,0.577,1.0,,2028-03-02T18:00:00
I10967,U1292,C016,completed,0.501,1.0,,2028-03-02T20:00:00
I10968,U1292,C017,quiz_passed,0.834,1.0,0.828,2028-03-02T22:00:00
I10969,U1292,C073,completed,0.576,1.0,,2028-03-03T00:00:00
I10970,U1292,C029,quiz_passed,0.895,1.0,0.884,2028-03-03T02:00:00
I10971,U1292,C096,viewed,0.272,0.058,,2028-03-03T04:00:00
I10972,U1292,C046,completed,0.764,1.0,0.599,2028-03-03T06:00:00
I10973,U1292,C064,quiz_passed,0.861,1.0,0.868,2028-03-03T08:00:00
I10974,U1292,C071,completed,0.464,1.0,,2028-03-03T10:00:00
I10975,U1293,C054,quiz_passed,0.782,1.0,0.751,2028-03-03T12:00:00
I10976,U1293,C053,completed,0.466,1.0,,2028-03-03T14:00:00
I10977,U1293,C065,completed,0.809,1.0,0.755,2028-03-03T16:00:00
I10978,U1293,C017,quiz_passed,0.844,1.0,0.715,2028-03-03T18:00:00
I10979,U1293,C091,viewed,0.248,0.05,,2028-03-03T20:00:00
I10980,U1293,C099,completed,0.515,1.0,,2028-03-03T22:00:00
I10981,U1293,C057,quiz_passed,0.839,1.0,0.786,2028-03-04T00:00:00
I10982,U1293,C030,completed,0.532,1.0,,2028-03-04T02:00:00
I10983,U1293,C076,quiz_passed,0.866,1.0,0.75,2028-03-04T04:00:00
I10984,U1293,C044,viewed,0.265,0.31,,2028-03-04T06:00:00
I10985,U1293,C073,disliked,0.344,0.03,0.501,2028-03-04T08:00:00
I10986,U1294,C073,quiz_passed,0.782,1.0,0.753,2028-03-04T10:00:00
I10987,U1294,C096,viewed,0.413,0.23,0.414,2028-03-04T12:00:00
I10988,U1294,C047,quiz_passed,0.869,1.0,0.724,2028-03-04T14:00:00
I10989,U1294,C095,viewed,0.283,0.037,,2028-03-04T16:00:00
I10990,U1294,C011,completed,0.468,1.0,,2028-03-04T18:00:00
I10991,U1294,C095,viewed,0.224,0.077,,2028-03-04T20:00:00
I10992,U1294,C095,completed,0.796,1.0,0.584,2028-03-04T22:00:00
I10993,U1294,C050,completed,0.546,1.0,,2028-03-05T00:00:00
I10994,U1294,C081,completed,0.493,1.0,,2028-03-05T02:00:00
I10995,U1295,C066,completed,0.468,1.0,,2028-03-05T04:00:00
I10996,U1295,C030,viewed,0.553,0.69,0.451,2028-03-05T06:00:00
I10997,U1295,C065,completed,0.475,1.0,,2028-03-05T08:00:00
I10998,U1295,C073,quiz_passed,0.862,1.0,0.716,2028-03-05T10:00:00
I10999,U1295,C029,completed,0.579,1.0,,2028-03-05T12:00:00
I11000,U1295,C001,completed,0.559,1.0,,2028-03-05T14:00:00
I11001,U1295,C015,viewed,0.403,0.68,,2028-03-05T16:00:00
I11002,U1295,C047,viewed,0.217,0.097,,2028-03-05T18:00:00
I11003,U1295,C006,quiz_passed,0.848,1.0,0.761,2028-03-05T20:00:00
I11004,U1295,C001,completed,0.562,1.0,,2028-03-05T22:00:00
I11005,U1295,C065,completed,0.812,1.0,0.7,2028-03-06T00:00:00
I11006,U1295,C074,completed,0.757,1.0,0.568,2028-03-06T02:00:00
I11007,U1295,C017,quiz_passed,0.841,1.0,0.804,2028-03-06T04:00:00
I11008,U1296,C028,completed,0.481,1.0,,2028-03-06T06:00:00
I11009,U1296,C076,quiz_passed,0.797,1.0,0.649,2028-03-06T08:00:00
I11010,U1296,C010,viewed,0.512,0.66,0.251,2028-03-06T10:00:00
I11011,U1297,C066,completed,0.496,1.0,,2028-03-06T12:00:00
I11012,U1297,C099,quiz_passed,0.845,1.0,0.762,2028-03-06T14:00:00
I11013,U1297,C029,completed,0.911,1.0,0.872,2028-03-06T16:00:00
I11014,U1297,C025,quiz_passed,0.85,1.0,0.858,2028-03-06T18:00:00
I11015,U1298,C025,viewed,0.533,0.32,0.598,2028-03-06T20:00:00
I11016,U1298,C058,completed,0.499,1.0,,2028-03-06T22:00:00
I11017,U1298,C098,completed,0.561,1.0,,2028-03-07T00:00:00
I11018,U1298,C048,quiz_passed,0.816,1.0,0.737,2028-03-07T02:00:00
I11019,U1298,C099,disliked,0.278,0.02,0.323,2028-03-07T04:00:00
I11020,U1298,C064,quiz_passed,0.843,1.0,0.775,2028-03-07T06:00:00
I11021,U1298,C066,quiz_passed,0.759,1.0,0.741,2028-03-07T08:00:00
I11022,U1298,C095,viewed,0.447,0.36,0.337,2028-03-07T10:00:00
I11023,U1298,C029,completed,0.538,1.0,,2028-03-07T12:00:00
I11024,U1298,C019,completed,0.557,1.0,,2028-03-07T14:00:00
I11025,U1298,C019,viewed,0.172,0.072,,2028-03-07T16:00:00
I11026,U1298,C047,quiz_passed,0.89,1.0,0.78,2028-03-07T18:00:00
I11027,U1298,C065,completed,0.575,1.0,,2028-03-07T20:00:00
I11028,U1298,C018,completed,0.772,1.0,0.736,2028-03-07T22:00:00
I11029,U1298,C019,completed,0.748,1.0,0.634,2028-03-08T00:00:00
I11030,U1299,C076,completed,0.49,1.0,,2028-03-08T02:00:00
I11031,U1299,C043,quiz_passed,0.818,1.0,0.748,2028-03-08T04:00:00
I11032,U1300,C096,viewed,0.185,0.065,,2028-03-08T06:00:00
I11033,U1300,C096,viewed,0.112,0.035,,2028-03-08T08:00:00
I11034,U1300,C001,viewed,0.584,0.55,0.529,2028-03-08T10:00:00
I11035,U1300,C013,quiz_passed,0.821,1.0,0.668,2028-03-08T12:00:00
I11036,U1300,C003,completed,0.899,1.0,0.806,2028-03-08T14:00:00
I11037,U1300,C050,completed,0.866,1.0,0.751,2028-03-08T16:00:00
I11038,U1300,C071,completed,0.504,1.0,,2028-03-08T18:00:00
I11039,U1301,C061,disliked,0.119,0.01,,2028-03-08T20:00:00
I11040,U1301,C075,completed,0.493,1.0,,2028-03-08T22:00:00
I11041,U1301,C016,quiz_passed,0.87,1.0,0.874,2028-03-09T00:00:00
I11042,U1301,C045,quiz_passed,0.865,1.0,0.76,2028-03-09T02:00:00
I11043,U1301,C075,quiz_passed,0.87,1.0,0.735,2028-03-09T04:00:00
I11044,U1301,C010,disliked,0.17,0.12,,2028-03-09T06:00:00
I11045,U1301,C001,quiz_passed,0.898,1.0,0.851,2028-03-09T08:00:00
I11046,U1301,C096,completed,0.558,1.0,,2028-03-09T10:00:00
I11047,U1301,C045,completed,0.465,1.0,,2028-03-09T12:00:00
I11048,U1301,C046,quiz_passed,0.807,1.0,0.653,2028-03-09T14:00:00
I11049,U1301,C097,quiz_passed,0.88,1.0,0.836,2028-03-09T16:00:00
I11050,U1301,C088,quiz_passed,0.842,1.0,0.839,2028-03-09T18:00:00
I11051,U1302,C096,completed,0.885,1.0,0.765,2028-03-09T20:00:00
I11052,U1302,C047,completed,0.57,1.0,,2028-03-09T22:00:00
I11053,U1302,C098,viewed,0.147,0.09,,2028-03-10T00:00:00
I11054,U1302,C076,quiz_passed,0.817,1.0,0.876,2028-03-10T02:00:00
I11055,U1302,C098,quiz_passed,0.79,1.0,0.74,2028-03-10T04:00:00
I11056,U1302,C099,completed,0.555,1.0,,2028-03-10T06:00:00
I11057,U1302,C005,viewed,0.237,0.43,,2028-03-10T08:00:00
I11058,U1303,C065,quiz_passed,0.846,1.0,0.761,2028-03-10T10:00:00
I11059,U1303,C096,disliked,0.299,0.19,0.378,2028-03-10T12:00:00
I11060,U1303,C076,completed,0.884,1.0,0.796,2028-03-10T14:00:00
I11061,U1304,C015,quiz_passed,0.777,1.0,0.603,2028-03-10T16:00:00
I11062,U1304,C081,viewed,0.284,0.49,,2028-03-10T18:00:00
I11063,U1304,C001,quiz_passed,0.779,1.0,0.617,2028-03-10T20:00:00
I11064,U1304,C043,completed,0.698,1.0,0.596,2028-03-10T22:00:00
I11065,U1304,C030,completed,0.773,1.0,0.576,2028-03-11T00:00:00
I11066,U1304,C010,completed,0.505,1.0,,2028-03-11T02:00:00
I11067,U1305,C076,quiz_passed,0.763,1.0,0.684,2028-03-11T04:00:00
I11068,U1305,C045,disliked,0.252,0.01,0.279,2028-03-11T06:00:00
I11069,U1305,C099,completed,0.465,1.0,,2028-03-11T08:00:00
I11070,U1305,C057,viewed,0.213,0.06,,2028-03-11T10:00:00
I11071,U1306,C082,viewed,0.146,0.023,,2028-03-11T12:00:00
I11072,U1306,C098,quiz_passed,0.782,1.0,0.757,2028-03-11T14:00:00
I11073,U1306,C092,completed,0.554,1.0,,2028-03-11T16:00:00
I11074,U1306,C029,completed,0.483,1.0,,2028-03-11T18:00:00
I11075,U1306,C006,completed,0.818,1.0,0.816,2028-03-11T20:00:00
I11076,U1306,C066,completed,0.496,1.0,,2028-03-11T22:00:00
I11077,U1306,C099,quiz_passed,0.82,1.0,0.714,2028-03-12T00:00:00
I11078,U1306,C002,completed,0.525,1.0,,2028-03-12T02:00:00
I11079,U1306,C095,quiz_passed,0.797,1.0,0.694,2028-03-12T04:00:00
I11080,U1306,C005,completed,0.871,1.0,0.75,2028-03-12T06:00:00
I11081,U1306,C092,quiz_passed,0.488,0.4,0.618,2028-03-12T08:00:00
I11082,U1306,C013,viewed,0.426,0.4,0.481,2028-03-12T10:00:00
I11083,U1306,C075,viewed,0.214,0.051,,2028-03-12T12:00:00
I11084,U1307,C096,viewed,0.196,0.027,,2028-03-12T14:00:00
I11085,U1307,C073,quiz_passed,0.744,1.0,0.695,2028-03-12T16:00:00
I11086,U1307,C098,viewed,0.284,0.083,,2028-03-12T18:00:00
I11087,U1308,C030,viewed,0.187,0.052,,2028-03-12T20:00:00
I11088,U1308,C096,viewed,0.151,0.095,,2028-03-12T22:00:00
I11089,U1308,C095,disliked,0.123,0.01,,2028-03-13T00:00:00
I11090,U1308,C071,completed,0.765,1.0,0.585,2028-03-13T02:00:00
I11091,U1309,C065,viewed,0.299,0.061,,2028-03-13T04:00:00
I11092,U1309,C096,disliked,0.166,0.12,,2028-03-13T06:00:00
I11093,U1309,C030,completed,0.85,1.0,0.735,2028-03-13T08:00:00
I11094,U1309,C029,quiz_passed,0.878,1.0,0.798,2028-03-13T10:00:00
I11095,U1309,C099,disliked,0.344,0.17,0.373,2028-03-13T12:00:00
I11096,U1309,C049,completed,0.881,1.0,0.791,2028-03-13T14:00:00
I11097,U1309,C065,completed,0.479,1.0,,2028-03-13T16:00:00
I11098,U1309,C098,completed,0.511,1.0,,2028-03-13T18:00:00
I11099,U1310,C097,viewed,0.109,0.062,,2028-03-13T20:00:00
I11100,U1310,C047,completed,0.841,1.0,0.668,2028-03-13T22:00:00
I11101,U1310,C043,quiz_passed,0.832,1.0,0.673,2028-03-14T00:00:00
I11102,U1310,C075,viewed,0.121,0.003,,2028-03-14T02:00:00
I11103,U1310,C057,viewed,0.588,0.68,0.352,2028-03-14T04:00:00
I11104,U1310,C076,completed,0.713,1.0,0.594,2028-03-14T06:00:00
I11105,U1310,C082,completed,0.496,1.0,,2028-03-14T08:00:00
I11106,U1310,C006,completed,0.557,1.0,,2028-03-14T10:00:00
I11107,U1311,C009,viewed,0.346,0.27,0.354,2028-03-14T12:00:00
I11108,U1311,C047,viewed,0.264,0.43,,2028-03-14T14:00:00
I11109,U1311,C096,viewed,0.205,0.047,,2028-03-14T16:00:00
I11110,U1311,C096,completed,0.676,1.0,0.481,2028-03-14T18:00:00
I11111,U1311,C029,completed,0.549,1.0,,2028-03-14T20:00:00
I11112,U1311,C099,viewed,0.385,0.53,0.253,2028-03-14T22:00:00
I11113,U1311,C099,completed,0.48,1.0,,2028-03-15T00:00:00
I11114,U1311,C051,completed,0.516,1.0,,2028-03-15T02:00:00
I11115,U1311,C016,viewed,0.138,0.089,,2028-03-15T04:00:00
I11116,U1311,C096,viewed,0.29,0.031,,2028-03-15T06:00:00
I11117,U1311,C061,disliked,0.391,0.1,0.437,2028-03-15T08:00:00
I11118,U1311,C001,completed,0.477,1.0,,2028-03-15T10:00:00
I11119,U1311,C076,completed,0.809,1.0,0.689,2028-03-15T12:00:00
I11120,U1312,C025,viewed,0.28,0.018,,2028-03-15T14:00:00
I11121,U1312,C098,completed,0.847,1.0,0.761,2028-03-15T16:00:00
I11122,U1313,C025,viewed,0.435,0.65,,2028-03-15T18:00:00
I11123,U1313,C001,viewed,0.357,0.5,,2028-03-15T20:00:00
I11124,U1313,C018,completed,0.487,1.0,,2028-03-15T22:00:00
I11125,U1314,C051,viewed,0.474,0.39,0.499,2028-03-16T00:00:00
I11126,U1314,C092,completed,0.487,1.0,,2028-03-16T02:00:00
I11127,U1314,C047,completed,0.49,1.0,,2028-03-16T04:00:00
I11128,U1314,C090,disliked,0.368,0.08,0.409,2028-03-16T06:00:00
I11129,U1314,C065,completed,0.559,1.0,,2028-03-16T08:00:00
I11130,U1314,C001,completed,0.753,1.0,0.71,2028-03-16T10:00:00
I11131,U1314,C081,completed,0.533,1.0,,2028-03-16T12:00:00
I11132,U1314,C046,viewed,0.434,0.5,0.203,2028-03-16T14:00:00
I11133,U1314,C053,completed,0.848,1.0,0.701,2028-03-16T16:00:00
I11134,U1314,C050,viewed,0.566,0.52,0.511,2028-03-16T18:00:00
I11135,U1314,C030,viewed,0.476,0.28,0.482,2028-03-16T20:00:00
I11136,U1314,C057,completed,0.864,1.0,0.752,2028-03-16T22:00:00
I11137,U1314,C065,completed,0.848,1.0,0.738,2028-03-17T00:00:00
I11138,U1314,C057,viewed,0.229,0.06,,2028-03-17T02:00:00
I11139,U1314,C013,completed,0.573,1.0,,2028-03-17T04:00:00
I11140,U1315,C053,completed,0.728,1.0,0.566,2028-03-17T06:00:00
I11141,U1315,C098,viewed,0.182,0.23,,2028-03-17T08:00:00
I11142,U1315,C099,viewed,0.241,0.049,,2028-03-17T10:00:00
I11143,U1315,C016,viewed,0.323,0.43,,2028-03-17T12:00:00
I11144,U1315,C035,completed,0.77,1.0,0.683,2028-03-17T14:00:00
I11145,U1315,C076,quiz_passed,0.74,1.0,0.657,2028-03-17T16:00:00
I11146,U1315,C002,quiz_passed,0.715,1.0,0.631,2028-03-17T18:00:00
I11147,U1316,C099,completed,0.508,1.0,,2028-03-17T20:00:00
I11148,U1316,C096,completed,0.691,1.0,0.562,2028-03-17T22:00:00
I11149,U1317,C061,quiz_passed,0.9,1.0,0.847,2028-03-18T00:00:00
I11150,U1317,C098,viewed,0.397,0.25,0.553,2028-03-18T02:00:00
I11151,U1317,C099,quiz_passed,0.797,1.0,0.783,2028-03-18T04:00:00
I11152,U1317,C096,completed,0.492,1.0,,2028-03-18T06:00:00
I11153,U1317,C075,quiz_passed,0.79,1.0,0.772,2028-03-18T08:00:00
I11154,U1317,C048,quiz_passed,0.898,1.0,0.881,2028-03-18T10:00:00
I11155,U1317,C074,viewed,0.413,0.63,,2028-03-18T12:00:00
I11156,U1317,C046,viewed,0.356,0.57,,2028-03-18T14:00:00
I11157,U1317,C028,completed,0.917,1.0,0.856,2028-03-18T16:00:00
I11158,U1317,C044,quiz_passed,0.785,1.0,0.754,2028-03-18T18:00:00
I11159,U1317,C042,completed,0.472,1.0,,2028-03-18T20:00:00
I11160,U1317,C051,quiz_passed,0.818,1.0,0.84,2028-03-18T22:00:00
I11161,U1317,C046,viewed,0.472,0.33,0.434,2028-03-19T00:00:00
I11162,U1317,C074,completed,0.547,1.0,,2028-03-19T02:00:00
I11163,U1318,C099,completed,0.557,1.0,,2028-03-19T04:00:00
I11164,U1318,C098,viewed,0.244,0.05,,2028-03-19T06:00:00
I11165,U1318,C098,completed,0.49,1.0,,2028-03-19T08:00:00
I11166,U1318,C025,quiz_passed,0.794,1.0,0.677,2028-03-19T10:00:00
I11167,U1318,C099,viewed,0.119,0.083,,2028-03-19T12:00:00
I11168,U1318,C016,viewed,0.213,0.02,,2028-03-19T14:00:00
I11169,U1318,C096,completed,0.692,1.0,0.485,2028-03-19T16:00:00
I11170,U1318,C016,viewed,0.283,0.55,,2028-03-19T18:00:00
I11171,U1318,C017,completed,0.462,1.0,,2028-03-19T20:00:00
I11172,U1318,C048,viewed,0.108,0.067,,2028-03-19T22:00:00
I11173,U1318,C042,completed,0.473,1.0,,2028-03-20T00:00:00
I11174,U1318,C090,completed,0.644,1.0,0.44,2028-03-20T02:00:00
I11175,U1319,C015,viewed,0.205,0.24,,2028-03-20T04:00:00
I11176,U1319,C091,viewed,0.261,0.076,,2028-03-20T06:00:00
I11177,U1319,C001,quiz_passed,0.739,1.0,0.693,2028-03-20T08:00:00
I11178,U1319,C028,viewed,0.195,0.076,,2028-03-20T10:00:00
I11179,U1319,C044,viewed,0.357,0.46,0.224,2028-03-20T12:00:00
I11180,U1319,C011,quiz_passed,0.742,1.0,0.617,2028-03-20T14:00:00
I11181,U1319,C057,completed,0.739,1.0,0.64,2028-03-20T16:00:00
I11182,U1319,C018,viewed,0.298,0.078,,2028-03-20T18:00:00
I11183,U1319,C091,quiz_passed,0.748,1.0,0.701,2028-03-20T20:00:00
I11184,U1320,C001,completed,0.472,1.0,,2028-03-20T22:00:00
I11185,U1320,C066,viewed,0.29,0.061,,2028-03-21T00:00:00
I11186,U1320,C028,viewed,0.166,0.065,,2028-03-21T02:00:00
I11187,U1320,C075,completed,0.532,1.0,,2028-03-21T04:00:00
I11188,U1320,C029,disliked,0.236,0.03,0.34,2028-03-21T06:00:00
I11189,U1320,C076,viewed,0.206,0.24,,2028-03-21T08:00:00
I11190,U1320,C001,viewed,0.218,0.093,,2028-03-21T10:00:00
I11191,U1320,C047,viewed,0.215,0.29,,2028-03-21T12:00:00
I11192,U1320,C066,viewed,0.464,0.54,0.401,2028-03-21T14:00:00
I11193,U1320,C074,completed,0.73,1.0,0.486,2028-03-21T16:00:00
I11194,U1320,C010,viewed,0.22,0.031,,2028-03-21T18:00:00
I11195,U1321,C035,completed,0.751,1.0,0.597,2028-03-21T20:00:00
I11196,U1321,C009,completed,0.535,1.0,,2028-03-21T22:00:00
I11197,U1321,C037,completed,0.469,1.0,,2028-03-22T00:00:00
I11198,U1321,C070,viewed,0.413,0.48,0.219,2028-03-22T02:00:00
I11199,U1321,C015,completed,0.704,1.0,0.59,2028-03-22T04:00:00
I11200,U1321,C050,quiz_passed,0.827,1.0,0.652,2028-03-22T06:00:00
I11201,U1321,C008,completed,0.545,1.0,,2028-03-22T08:00:00
I11202,U1322,C050,completed,0.848,1.0,0.798,2028-03-22T10:00:00
I11203,U1322,C088,completed,0.527,1.0,,2028-03-22T12:00:00
I11204,U1322,C043,completed,0.508,1.0,,2028-03-22T14:00:00
I11205,U1322,C017,viewed,0.152,0.016,,2028-03-22T16:00:00
I11206,U1322,C046,disliked,0.092,0.05,,2028-03-22T18:00:00
I11207,U1322,C074,completed,0.791,1.0,0.584,2028-03-22T20:00:00
I11208,U1322,C013,completed,0.74,1.0,0.696,2028-03-22T22:00:00
I11209,U1322,C098,completed,0.739,1.0,0.645,2028-03-23T00:00:00
I11210,U1322,C051,quiz_passed,0.858,1.0,0.707,2028-03-23T02:00:00
I11211,U1322,C076,quiz_passed,0.784,1.0,0.797,2028-03-23T04:00:00
I11212,U1323,C095,completed,0.712,1.0,0.465,2028-03-23T06:00:00
I11213,U1323,C071,viewed,0.291,0.08,,2028-03-23T08:00:00
I11214,U1323,C096,completed,0.573,1.0,,2028-03-23T10:00:00
I11215,U1323,C098,viewed,0.178,0.28,,2028-03-23T12:00:00
I11216,U1323,C051,completed,0.554,1.0,,2028-03-23T14:00:00
I11217,U1323,C030,completed,0.839,1.0,0.651,2028-03-23T16:00:00
I11218,U1323,C018,completed,0.748,1.0,0.617,2028-03-23T18:00:00
I11219,U1323,C010,viewed,0.249,0.02,,2028-03-23T20:00:00
I11220,U1323,C092,completed,0.542,1.0,,2028-03-23T22:00:00
I11221,U1323,C001,quiz_passed,0.828,1.0,0.655,2028-03-24T00:00:00
I11222,U1324,C062,viewed,0.458,0.52,0.444,2028-03-24T02:00:00
I11223,U1324,C017,viewed,0.438,0.45,0.347,2028-03-24T04:00:00
I11224,U1324,C095,completed,0.634,1.0,0.407,2028-03-24T06:00:00
I11225,U1324,C014,completed,0.74,1.0,0.472,2028-03-24T08:00:00
I11226,U1324,C047,completed,0.797,1.0,0.652,2028-03-24T10:00:00
I11227,U1324,C067,completed,0.761,1.0,0.695,2028-03-24T12:00:00
I11228,U1324,C071,completed,0.773,1.0,0.65,2028-03-24T14:00:00
I11229,U1324,C010,viewed,0.143,0.001,,2028-03-24T16:00:00
I11230,U1324,C069,viewed,0.171,0.008,,2028-03-24T18:00:00
I11231,U1324,C005,completed,0.674,1.0,0.439,2028-03-24T20:00:00
I11232,U1324,C070,completed,0.672,1.0,0.42,2028-03-24T22:00:00
I11233,U1324,C047,quiz_passed,0.753,1.0,0.695,2028-03-25T00:00:00
I11234,U1325,C002,completed,0.823,1.0,0.678,2028-03-25T02:00:00
I11235,U1325,C073,viewed,0.441,0.35,0.318,2028-03-25T04:00:00
I11236,U1325,C050,completed,0.575,1.0,,2028-03-25T06:00:00
I11237,U1325,C017,completed,0.764,1.0,0.692,2028-03-25T08:00:00
I11238,U1325,C073,completed,0.502,1.0,,2028-03-25T10:00:00
I11239,U1325,C017,completed,0.748,1.0,0.585,2028-03-25T12:00:00
I11240,U1325,C061,completed,0.504,1.0,,2028-03-25T14:00:00
I11241,U1325,C081,viewed,0.436,0.66,0.219,2028-03-25T16:00:00
I11242,U1325,C045,completed,0.565,1.0,,2028-03-25T18:00:00
I11243,U1326,C049,quiz_passed,0.834,1.0,0.872,2028-03-25T20:00:00
I11244,U1326,C099,completed,0.779,1.0,0.793,2028-03-25T22:00:00
I11245,U1326,C047,quiz_passed,0.871,1.0,0.829,2028-03-26T00:00:00
I11246,U1326,C096,quiz_passed,0.799,1.0,0.741,2028-03-26T02:00:00
I11247,U1326,C001,quiz_passed,0.9,1.0,0.83,2028-03-26T04:00:00
I11248,U1326,C047,completed,0.538,1.0,,2028-03-26T06:00:00
I11249,U1326,C082,completed,0.509,1.0,,2028-03-26T08:00:00
I11250,U1326,C096,completed,0.462,1.0,,2028-03-26T10:00:00
I11251,U1327,C099,completed,0.55,1.0,,2028-03-26T12:00:00
I11252,U1327,C098,quiz_passed,0.855,1.0,0.751,2028-03-26T14:00:00
I11253,U1327,C030,completed,0.539,1.0,,2028-03-26T16:00:00
I11254,U1327,C095,completed,0.77,1.0,0.736,2028-03-26T18:00:00
I11255,U1327,C016,completed,0.556,1.0,,2028-03-26T20:00:00
I11256,U1327,C030,viewed,0.388,0.58,,2028-03-26T22:00:00
I11257,U1327,C058,completed,0.568,1.0,,2028-03-27T00:00:00
I11258,U1327,C073,completed,0.573,1.0,,2028-03-27T02:00:00
I11259,U1327,C047,quiz_passed,0.887,1.0,0.851,2028-03-27T04:00:00
I11260,U1327,C046,viewed,0.35,0.62,,2028-03-27T06:00:00
I11261,U1327,C009,completed,0.85,1.0,0.839,2028-03-27T08:00:00
I11262,U1327,C096,viewed,0.251,0.053,,2028-03-27T10:00:00
I11263,U1327,C008,completed,0.497,1.0,,2028-03-27T12:00:00
I11264,U1327,C042,completed,0.549,1.0,,2028-03-27T14:00:00
I11265,U1327,C005,quiz_passed,0.833,1.0,0.794,2028-03-27T16:00:00
I11266,U1328,C062,completed,0.57,1.0,,2028-03-27T18:00:00
I11267,U1328,C035,completed,0.473,1.0,,2028-03-27T20:00:00
I11268,U1328,C048,completed,0.511,1.0,,2028-03-27T22:00:00
I11269,U1328,C070,completed,0.571,1.0,,2028-03-28T00:00:00
I11270,U1328,C017,quiz_passed,0.854,1.0,0.871,2028-03-28T02:00:00
I11271,U1328,C050,completed,0.527,1.0,,2028-03-28T04:00:00
I11272,U1328,C078,quiz_passed,0.85,1.0,0.88,2028-03-28T06:00:00
I11273,U1328,C075,viewed,0.227,0.34,,2028-03-28T08:00:00
I11274,U1328,C046,completed,0.556,1.0,,2028-03-28T10:00:00
I11275,U1328,C085,quiz_passed,0.857,1.0,0.726,2028-03-28T12:00:00
I11276,U1328,C067,completed,0.474,1.0,,2028-03-28T14:00:00
I11277,U1328,C078,completed,0.814,1.0,0.877,2028-03-28T16:00:00
I11278,U1328,C004,quiz_passed,0.807,1.0,0.78,2028-03-28T18:00:00
I11279,U1328,C046,viewed,0.381,0.51,,2028-03-28T20:00:00
I11280,U1329,C018,completed,0.754,1.0,0.699,2028-03-28T22:00:00
I11281,U1329,C099,disliked,0.115,0.12,,2028-03-29T00:00:00
I11282,U1329,C099,completed,0.544,1.0,,2028-03-29T02:00:00
I11283,U1329,C095,completed,0.654,1.0,0.448,2028-03-29T04:00:00
I11284,U1329,C061,quiz_passed,0.801,1.0,0.627,2028-03-29T06:00:00
I11285,U1329,C017,quiz_passed,0.753,1.0,0.655,2028-03-29T08:00:00
I11286,U1330,C048,quiz_passed,0.896,1.0,0.848,2028-03-29T10:00:00
I11287,U1330,C035,quiz_passed,0.822,1.0,0.878,2028-03-29T12:00:00
I11288,U1330,C047,completed,0.904,1.0,0.851,2028-03-29T14:00:00
I11289,U1330,C030,quiz_passed,0.882,1.0,0.817,2028-03-29T16:00:00
I11290,U1330,C014,completed,0.87,1.0,0.788,2028-03-29T18:00:00
I11291,U1330,C002,quiz_passed,0.893,1.0,0.819,2028-03-29T20:00:00
I11292,U1330,C090,completed,0.464,1.0,,2028-03-29T22:00:00
I11293,U1330,C051,quiz_passed,0.837,1.0,0.88,2028-03-30T00:00:00
I11294,U1331,C099,quiz_passed,0.815,1.0,0.731,2028-03-30T02:00:00
I11295,U1331,C073,completed,0.483,1.0,,2028-03-30T04:00:00
I11296,U1331,C028,completed,0.477,1.0,,2028-03-30T06:00:00
I11297,U1331,C047,quiz_passed,0.83,1.0,0.861,2028-03-30T08:00:00
I11298,U1331,C095,completed,0.795,1.0,0.791,2028-03-30T10:00:00
I11299,U1331,C029,completed,0.567,1.0,,2028-03-30T12:00:00
I11300,U1331,C098,completed,0.856,1.0,0.711,2028-03-30T14:00:00
I11301,U1331,C009,quiz_passed,0.896,1.0,0.841,2028-03-30T16:00:00
I11302,U1331,C064,quiz_passed,0.487,0.32,0.617,2028-03-30T18:00:00
I11303,U1331,C025,quiz_passed,0.704,0.69,0.678,2028-03-30T20:00:00
I11304,U1331,C048,completed,0.845,1.0,0.855,2028-03-30T22:00:00
I11305,U1332,C049,quiz_passed,0.736,1.0,0.652,2028-03-31T00:00:00
I11306,U1332,C042,viewed,0.158,0.048,,2028-03-31T02:00:00
I11307,U1332,C073,completed,0.575,1.0,,2028-03-31T04:00:00
I11308,U1332,C066,completed,0.571,1.0,,2028-03-31T06:00:00
I11309,U1332,C065,viewed,0.535,0.51,0.417,2028-03-31T08:00:00
I11310,U1332,C088,completed,0.523,1.0,,2028-03-31T10:00:00
I11311,U1332,C061,viewed,0.274,0.35,,2028-03-31T12:00:00
I11312,U1332,C011,quiz_passed,0.778,1.0,0.667,2028-03-31T14:00:00
I11313,U1332,C029,viewed,0.299,0.071,,2028-03-31T16:00:00
I11314,U1332,C010,completed,0.712,1.0,0.563,2028-03-31T18:00:00
I11315,U1332,C096,completed,0.529,1.0,,2028-03-31T20:00:00
I11316,U1332,C074,viewed,0.117,0.054,,2028-03-31T22:00:00
I11317,U1333,C091,completed,0.485,1.0,,2028-04-01T00:00:00
I11318,U1333,C096,completed,0.677,1.0,0.522,2028-04-01T02:00:00
I11319,U1333,C017,quiz_passed,0.738,1.0,0.612,2028-04-01T04:00:00
I11320,U1333,C082,completed,0.503,1.0,,2028-04-01T06:00:00
I11321,U1333,C042,viewed,0.156,0.021,,2028-04-01T08:00:00
I11322,U1333,C057,viewed,0.238,0.037,,2028-04-01T10:00:00
I11323,U1333,C074,completed,0.672,1.0,0.457,2028-04-01T12:00:00
I11324,U1333,C003,viewed,0.536,0.61,0.43,2028-04-01T14:00:00
I11325,U1333,C013,completed,0.552,1.0,,2028-04-01T16:00:00
I11326,U1333,C065,viewed,0.171,0.082,,2028-04-01T18:00:00
I11327,U1334,C001,quiz_passed,0.806,1.0,0.738,2028-04-01T20:00:00
I11328,U1334,C044,viewed,0.362,0.6,,2028-04-01T22:00:00
I11329,U1334,C042,viewed,0.294,0.071,,2028-04-02T00:00:00
I11330,U1334,C095,viewed,0.247,0.006,,2028-04-02T02:00:00
I11331,U1334,C003,quiz_passed,0.893,1.0,0.799,2028-04-02T04:00:00
I11332,U1334,C046,viewed,0.214,0.38,,2028-04-02T06:00:00
I11333,U1334,C081,viewed,0.212,0.07,,2028-04-02T08:00:00
I11334,U1335,C057,completed,0.813,1.0,0.587,2028-04-02T10:00:00
I11335,U1335,C099,viewed,0.243,0.0,,2028-04-02T12:00:00
I11336,U1335,C095,viewed,0.229,0.069,,2028-04-02T14:00:00
I11337,U1335,C006,quiz_passed,0.817,1.0,0.679,2028-04-02T16:00:00
I11338,U1335,C006,completed,0.773,1.0,0.599,2028-04-02T18:00:00
I11339,U1335,C096,completed,0.46,1.0,,2028-04-02T20:00:00
I11340,U1335,C028,quiz_passed,0.754,1.0,0.6,2028-04-02T22:00:00
I11341,U1336,C047,quiz_passed,0.78,1.0,0.79,2028-04-03T00:00:00
I11342,U1336,C095,quiz_passed,0.794,1.0,0.655,2028-04-03T02:00:00
I11343,U1336,C028,viewed,0.34,0.59,,2028-04-03T04:00:00
I11344,U1336,C071,completed,0.753,1.0,0.703,2028-04-03T06:00:00
I11345,U1336,C047,completed,0.508,1.0,,2028-04-03T08:00:00
I11346,U1336,C005,completed,0.464,1.0,,2028-04-03T10:00:00
I11347,U1336,C010,completed,0.579,1.0,,2028-04-03T12:00:00
I11348,U1337,C029,quiz_passed,0.909,1.0,0.838,2028-04-03T14:00:00
I11349,U1337,C043,quiz_passed,0.817,1.0,0.856,2028-04-03T16:00:00
I11350,U1337,C003,completed,0.57,1.0,,2028-04-03T18:00:00
I11351,U1337,C062,completed,0.515,1.0,,2028-04-03T20:00:00
I11352,U1337,C082,completed,0.837,1.0,0.829,2028-04-03T22:00:00
I11353,U1337,C085,quiz_passed,0.783,1.0,0.76,2028-04-04T00:00:00
I11354,U1337,C088,completed,0.477,1.0,,2028-04-04T02:00:00
I11355,U1337,C017,quiz_passed,0.912,1.0,0.858,2028-04-04T04:00:00
I11356,U1338,C050,viewed,0.143,0.061,,2028-04-04T06:00:00
I11357,U1338,C002,completed,0.474,1.0,,2028-04-04T08:00:00
I11358,U1338,C016,completed,0.534,1.0,,2028-04-04T10:00:00
I11359,U1338,C061,quiz_passed,0.832,1.0,0.706,2028-04-04T12:00:00
I11360,U1338,C097,quiz_passed,0.786,1.0,0.768,2028-04-04T14:00:00
I11361,U1338,C053,completed,0.554,1.0,,2028-04-04T16:00:00
I11362,U1338,C046,completed,0.68,1.0,0.523,2028-04-04T18:00:00
I11363,U1338,C042,completed,0.497,1.0,,2028-04-04T20:00:00
I11364,U1338,C057,completed,0.814,1.0,0.796,2028-04-04T22:00:00
I11365,U1338,C082,completed,0.562,1.0,,2028-04-05T00:00:00
I11366,U1338,C051,viewed,0.159,0.081,,2028-04-05T02:00:00
I11367,U1338,C046,disliked,0.304,0.1,0.217,2028-04-05T04:00:00
I11368,U1338,C010,quiz_passed,0.818,1.0,0.639,2028-04-05T06:00:00
I11369,U1338,C046,viewed,0.248,0.085,,2028-04-05T08:00:00
I11370,U1338,C046,completed,0.747,1.0,0.541,2028-04-05T10:00:00
I11371,U1339,C029,viewed,0.377,0.51,,2028-04-05T12:00:00
I11372,U1339,C016,viewed,0.482,0.5,0.475,2028-04-05T14:00:00
I11373,U1339,C010,viewed,0.217,0.39,,2028-04-05T16:00:00
I11374,U1339,C081,quiz_passed,0.719,1.0,0.623,2028-04-05T18:00:00
I11375,U1339,C046,completed,0.716,1.0,0.473,2028-04-05T20:00:00
I11376,U1339,C082,quiz_passed,0.823,1.0,0.72,2028-04-05T22:00:00
I11377,U1339,C030,completed,0.512,1.0,,2028-04-06T00:00:00
I11378,U1339,C062,disliked,0.245,0.17,,2028-04-06T02:00:00
I11379,U1340,C054,quiz_passed,0.833,1.0,0.783,2028-04-06T04:00:00
I11380,U1340,C053,quiz_passed,0.818,1.0,0.762,2028-04-06T06:00:00
I11381,U1340,C076,quiz_passed,0.756,1.0,0.719,2028-04-06T08:00:00
I11382,U1340,C002,completed,0.862,1.0,0.768,2028-04-06T10:00:00
I11383,U1340,C048,completed,0.837,1.0,0.784,2028-04-06T12:00:00
I11384,U1341,C082,quiz_passed,0.77,1.0,0.69,2028-04-06T14:00:00
I11385,U1341,C001,quiz_passed,0.853,1.0,0.706,2028-04-06T16:00:00
I11386,U1341,C046,viewed,0.298,0.31,0.23,2028-04-06T18:00:00
I11387,U1342,C006,viewed,0.146,0.062,,2028-04-06T20:00:00
I11388,U1342,C028,viewed,0.235,0.057,,2028-04-06T22:00:00
I11389,U1342,C071,quiz_passed,0.805,1.0,0.657,2028-04-07T00:00:00
I11390,U1342,C064,viewed,0.305,0.48,,2028-04-07T02:00:00
I11391,U1342,C035,completed,0.735,1.0,0.591,2028-04-07T04:00:00
I11392,U1342,C074,completed,0.697,1.0,0.535,2028-04-07T06:00:00
I11393,U1342,C065,quiz_passed,0.767,1.0,0.6,2028-04-07T08:00:00
I11394,U1343,C066,completed,0.515,1.0,,2028-04-07T10:00:00
I11395,U1343,C095,viewed,0.362,0.24,0.362,2028-04-07T12:00:00
I11396,U1343,C063,completed,0.56,1.0,,2028-04-07T14:00:00
I11397,U1343,C050,quiz_passed,0.802,1.0,0.787,2028-04-07T16:00:00
I11398,U1343,C044,viewed,0.418,0.48,0.414,2028-04-07T18:00:00
I11399,U1343,C014,viewed,0.517,0.63,0.355,2028-04-07T20:00:00
I11400,U1343,C013,quiz_passed,0.835,1.0,0.666,2028-04-07T22:00:00
I11401,U1343,C054,viewed,0.388,0.58,,2028-04-08T00:00:00
I11402,U1343,C058,completed,0.776,1.0,0.742,2028-04-08T02:00:00
I11403,U1343,C017,completed,0.579,1.0,,2028-04-08T04:00:00
I11404,U1343,C081,quiz_passed,0.83,1.0,0.626,2028-04-08T06:00:00
I11405,U1343,C016,viewed,0.291,0.074,,2028-04-08T08:00:00
I11406,U1343,C065,completed,0.562,1.0,,2028-04-08T10:00:00
I11407,U1343,C075,viewed,0.177,0.099,,2028-04-08T12:00:00
I11408,U1344,C065,quiz_passed,0.737,1.0,0.666,2028-04-08T14:00:00
I11409,U1344,C018,completed,0.717,1.0,0.622,2028-04-08T16:00:00
I11410,U1344,C061,completed,0.719,1.0,0.59,2028-04-08T18:00:00
I11411,U1344,C057,completed,0.776,1.0,0.594,2028-04-08T20:00:00
I11412,U1344,C076,quiz_passed,0.814,1.0,0.609,2028-04-08T22:00:00
I11413,U1344,C088,completed,0.52,1.0,,2028-04-09T00:00:00
I11414,U1344,C073,completed,0.521,1.0,,2028-04-09T02:00:00
I11415,U1344,C044,viewed,0.252,0.017,,2028-04-09T04:00:00
I11416,U1344,C092,completed,0.517,1.0,,2028-04-09T06:00:00
I11417,U1344,C053,completed,0.553,1.0,,2028-04-09T08:00:00
I11418,U1344,C074,completed,0.643,1.0,0.422,2028-04-09T10:00:00
I11419,U1344,C044,viewed,0.241,0.089,,2028-04-09T12:00:00
I11420,U1344,C049,disliked,0.273,0.05,0.406,2028-04-09T14:00:00
I11421,U1345,C096,completed,0.697,1.0,0.511,2028-04-09T16:00:00
I11422,U1345,C063,completed,0.784,1.0,0.608,2028-04-09T18:00:00
I11423,U1345,C053,quiz_passed,0.763,1.0,0.617,2028-04-09T20:00:00
I11424,U1345,C071,quiz_passed,0.772,1.0,0.663,2028-04-09T22:00:00
I11425,U1345,C035,quiz_passed,0.799,1.0,0.671,2028-04-10T00:00:00
I11426,U1346,C002,viewed,0.474,0.54,0.418,2028-04-10T02:00:00
I11427,U1346,C048,completed,0.493,1.0,,2028-04-10T04:00:00
I11428,U1346,C016,viewed,0.387,0.34,0.394,2028-04-10T06:00:00
I11429,U1346,C073,disliked,0.226,0.12,,2028-04-10T08:00:00
I11430,U1346,C002,quiz_passed,0.814,1.0,0.607,2028-04-10T10:00:00
I11431,U1346,C049,quiz_passed,0.813,1.0,0.63,2028-04-10T12:00:00
I11432,U1346,C011,completed,0.71,1.0,0.589,2028-04-10T14:00:00
I11433,U1346,C095,viewed,0.217,0.38,,2028-04-10T16:00:00
I11434,U1346,C075,viewed,0.207,0.091,,2028-04-10T18:00:00
I11435,U1346,C010,viewed,0.361,0.38,0.268,2028-04-10T20:00:00
I11436,U1346,C003,quiz_passed,0.733,1.0,0.653,2028-04-10T22:00:00
I11437,U1346,C047,completed,0.472,1.0,,2028-04-11T00:00:00
I11438,U1347,C096,viewed,0.355,0.57,,2028-04-11T02:00:00
I11439,U1347,C050,viewed,0.196,0.027,,2028-04-11T04:00:00
I11440,U1347,C018,completed,0.825,1.0,0.669,2028-04-11T06:00:00
I11441,U1347,C053,completed,0.48,1.0,,2028-04-11T08:00:00
I11442,U1347,C099,viewed,0.371,0.63,,2028-04-11T10:00:00
I11443,U1347,C099,disliked,0.226,0.17,,2028-04-11T12:00:00
I11444,U1347,C098,completed,0.546,1.0,,2028-04-11T14:00:00
I11445,U1347,C008,disliked,0.355,0.09,0.432,2028-04-11T16:00:00
I11446,U1347,C099,viewed,0.256,0.092,,2028-04-11T18:00:00
I11447,U1348,C082,quiz_passed,0.84,1.0,0.652,2028-04-11T20:00:00
I11448,U1348,C096,completed,0.495,1.0,,2028-04-11T22:00:00
I11449,U1348,C099,disliked,0.121,0.02,,2028-04-12T00:00:00
I11450,U1348,C095,viewed,0.38,0.35,0.218,2028-04-12T02:00:00
I11451,U1348,C098,completed,0.705,1.0,0.463,2028-04-12T04:00:00
I11452,U1349,C098,completed,0.51,1.0,,2028-04-12T06:00:00
I11453,U1349,C001,quiz_passed,0.851,1.0,0.723,2028-04-12T08:00:00
I11454,U1349,C065,viewed,0.199,0.099,,2028-04-12T10:00:00
I11455,U1349,C046,viewed,0.277,0.44,,2028-04-12T12:00:00
I11456,U1349,C018,completed,0.462,1.0,,2028-04-12T14:00:00
I11457,U1349,C057,quiz_passed,0.817,1.0,0.758,2028-04-12T16:00:00
I11458,U1350,C006,quiz_passed,0.751,1.0,0.601,2028-04-12T18:00:00
I11459,U1350,C099,viewed,0.141,0.0,,2028-04-12T20:00:00
I11460,U1350,C011,completed,0.493,1.0,,2028-04-12T22:00:00
I11461,U1351,C096,viewed,0.173,0.071,,2028-04-13T00:00:00
I11462,U1351,C002,quiz_passed,0.719,1.0,0.636,2028-04-13T02:00:00
I11463,U1351,C042,completed,0.47,1.0,,2028-04-13T04:00:00
I11464,U1351,C002,completed,0.709,1.0,0.61,2028-04-13T06:00:00
I11465,U1351,C082,completed,0.521,1.0,,2028-04-13T08:00:00
I11466,U1351,C016,completed,0.476,1.0,,2028-04-13T10:00:00
I11467,U1351,C003,completed,0.493,1.0,,2028-04-13T12:00:00
I11468,U1351,C030,completed,0.73,1.0,0.652,2028-04-13T14:00:00
I11469,U1351,C067,quiz_passed,0.763,1.0,0.676,2028-04-13T16:00:00
I11470,U1351,C091,quiz_passed,0.744,1.0,0.605,2028-04-13T18:00:00
I11471,U1351,C025,quiz_passed,0.797,1.0,0.635,2028-04-13T20:00:00
I11472,U1352,C050,quiz_passed,0.917,1.0,0.852,2028-04-13T22:00:00
I11473,U1352,C046,quiz_passed,0.812,1.0,0.621,2028-04-14T00:00:00
I11474,U1352,C053,completed,0.539,1.0,,2028-04-14T02:00:00
I11475,U1352,C010,quiz_passed,0.785,1.0,0.769,2028-04-14T04:00:00
I11476,U1352,C005,completed,0.464,1.0,,2028-04-14T06:00:00
I11477,U1352,C049,quiz_passed,0.379,0.09,0.675,2028-04-14T08:00:00
I11478,U1352,C010,quiz_passed,0.862,1.0,0.706,2028-04-14T10:00:00
I11479,U1352,C028,completed,0.893,1.0,0.828,2028-04-14T12:00:00
I11480,U1352,C010,completed,0.839,1.0,0.793,2028-04-14T14:00:00
I11481,U1352,C074,viewed,0.418,0.64,,2028-04-14T16:00:00
I11482,U1352,C058,viewed,0.245,0.013,,2028-04-14T18:00:00
I11483,U1353,C047,quiz_passed,0.589,0.63,0.681,2028-04-14T20:00:00
I11484,U1353,C042,quiz_passed,0.856,1.0,0.844,2028-04-14T22:00:00
I11485,U1353,C011,quiz_passed,0.854,1.0,0.841,2028-04-15T00:00:00
I11486,U1353,C098,quiz_passed,0.855,1.0,0.774,2028-04-15T02:00:00
I11487,U1353,C064,quiz_passed,0.541,0.37,0.658,2028-04-15T04:00:00
I11488,U1353,C096,completed,0.539,1.0,,2028-04-15T06:00:00
I11489,U1353,C065,quiz_passed,0.815,1.0,0.848,2028-04-15T08:00:00
I11490,U1353,C050,completed,0.515,1.0,,2028-04-15T10:00:00
I11491,U1353,C013,viewed,0.272,0.25,,2028-04-15T12:00:00
I11492,U1353,C028,quiz_passed,0.87,1.0,0.861,2028-04-15T14:00:00
I11493,U1353,C001,completed,0.889,1.0,0.856,2028-04-15T16:00:00
I11494,U1353,C046,disliked,0.306,0.05,0.402,2028-04-15T18:00:00
I11495,U1353,C045,completed,0.565,1.0,,2028-04-15T20:00:00
I11496,U1353,C091,completed,0.574,1.0,,2028-04-15T22:00:00
I11497,U1354,C063,quiz_passed,0.778,1.0,0.783,2028-04-16T00:00:00
I11498,U1354,C037,completed,0.503,1.0,,2028-04-16T02:00:00
I11499,U1354,C076,completed,0.758,1.0,0.728,2028-04-16T04:00:00
I11500,U1354,C048,viewed,0.247,0.22,,2028-04-16T06:00:00
