interaction_id,user_id,content_id,event,score,completion_rate,quiz_score,timestamp
I00001,U0001,C002,quiz_passed,0.802,1.0,0.67,2025-09-01T00:00:00
I00002,U0001,C005,disliked,0.244,0.17,0.264,2025-09-01T02:00:00
I00003,U0001,C042,viewed,0.352,0.5,,2025-09-01T04:00:00
I00004,U0001,C010,completed,0.771,1.0,0.546,2025-09-01T06:00:00
I00005,U0001,C082,completed,0.464,1.0,,2025-09-01T08:00:00
I00006,U0001,C002,completed,0.743,1.0,0.692,2025-09-01T10:00:00
I00007,U0002,C051,completed,0.535,1.0,,2025-09-01T12:00:00
I00008,U0002,C029,completed,0.719,1.0,0.632,2025-09-01T14:00:00
I00009,U0002,C073,completed,0.467,1.0,,2025-09-01T16:00:00
I00010,U0002,C015,disliked,0.182,0.1,,2025-09-01T18:00:00
I00011,U0002,C029,viewed,0.448,0.28,0.436,2025-09-01T20:00:00
I00012,U0002,C029,quiz_passed,0.801,1.0,0.643,2025-09-01T22:00:00
I00013,U0003,C017,quiz_passed,0.815,1.0,0.866,2025-09-02T00:00:00
I00014,U0003,C095,completed,0.522,1.0,,2025-09-02T02:00:00
I00015,U0003,C096,completed,0.489,1.0,,2025-09-02T04:00:00
I00016,U0004,C095,completed,0.572,1.0,,2025-09-02T06:00:00
I00017,U0004,C054,viewed,0.529,0.4,0.526,2025-09-02T08:00:00
I00018,U0004,C095,viewed,0.14,0.05,,2025-09-02T10:00:00
I00019,U0004,C096,completed,0.577,1.0,,2025-09-02T12:00:00
I00020,U0004,C047,completed,0.553,1.0,,2025-09-02T14:00:00
I00021,U0004,C099,quiz_passed,0.788,1.0,0.633,2025-09-02T16:00:00
I00022,U0004,C006,completed,0.5,1.0,,2025-09-02T18:00:00
I00023,U0005,C011,disliked,0.16,0.17,,2025-09-02T20:00:00
I00024,U0005,C067,completed,0.523,1.0,,2025-09-02T22:00:00
I00025,U0005,C001,completed,0.806,1.0,0.731,2025-09-03T00:00:00
I00026,U0005,C082,completed,0.529,1.0,,2025-09-03T02:00:00
I00027,U0005,C075,completed,0.739,1.0,0.682,2025-09-03T04:00:00
I00028,U0006,C017,quiz_passed,0.835,1.0,0.701,2025-09-03T06:00:00
I00029,U0006,C099,viewed,0.153,0.049,,2025-09-03T08:00:00
I00030,U0006,C067,completed,0.728,1.0,0.588,2025-09-03T10:00:00
I00031,U0006,C029,disliked,0.354,0.11,0.355,2025-09-03T12:00:00
I00032,U0006,C071,viewed,0.399,0.63,,2025-09-03T14:00:00
I00033,U0006,C013,viewed,0.434,0.55,0.2,2025-09-03T16:00:00
I00034,U0006,C075,viewed,0.102,0.036,,2025-09-03T18:00:00
I00035,U0006,C074,viewed,0.14,0.045,,2025-09-03T20:00:00
I00036,U0006,C046,disliked,0.281,0.12,0.155,2025-09-03T22:00:00
I00037,U0007,C028,quiz_passed,0.727,1.0,0.62,2025-09-04T00:00:00
I00038,U0007,C042,viewed,0.202,0.018,,2025-09-04T02:00:00
I00039,U0007,C066,completed,0.836,1.0,0.682,2025-09-04T04:00:00
I00040,U0007,C050,viewed,0.42,0.48,0.352,2025-09-04T06:00:00
I00041,U0008,C062,disliked,0.193,0.06,,2025-09-04T08:00:00
I00042,U0008,C057,completed,0.828,1.0,0.739,2025-09-04T10:00:00
I00043,U0008,C089,viewed,0.33,0.53,,2025-09-04T12:00:00
I00044,U0008,C098,viewed,0.276,0.005,,2025-09-04T14:00:00
I00045,U0008,C048,quiz_passed,0.846,1.0,0.771,2025-09-04T16:00:00
I00046,U0008,C061,completed,0.513,1.0,,2025-09-04T18:00:00
I00047,U0008,C044,completed,0.761,1.0,0.626,2025-09-04T20:00:00
I00048,U0008,C005,viewed,0.188,0.048,,2025-09-04T22:00:00
I00049,U0009,C066,completed,0.876,1.0,0.765,2025-09-05T00:00:00
I00050,U0009,C016,completed,0.486,1.0,,2025-09-05T02:00:00
I00051,U0009,C071,quiz_passed,0.825,1.0,0.796,2025-09-05T04:00:00
I00052,U0009,C096,viewed,0.179,0.082,,2025-09-05T06:00:00
I00053,U0010,C061,completed,0.568,1.0,,2025-09-05T08:00:00
I00054,U0010,C010,completed,0.782,1.0,0.562,2025-09-05T10:00:00
I00055,U0010,C044,completed,0.765,1.0,0.483,2025-09-05T12:00:00
I00056,U0010,C042,viewed,0.176,0.063,,2025-09-05T14:00:00
I00057,U0010,C003,quiz_passed,0.721,1.0,0.618,2025-09-05T16:00:00
I00058,U0010,C047,viewed,0.217,0.2,,2025-09-05T18:00:00
I00059,U0010,C053,completed,0.78,1.0,0.594,2025-09-05T20:00:00
I00060,U0010,C044,viewed,0.207,0.007,,2025-09-05T22:00:00
I00061,U0011,C095,viewed,0.132,0.032,,2025-09-06T00:00:00
I00062,U0011,C006,viewed,0.248,0.06,,2025-09-06T02:00:00
I00063,U0011,C057,completed,0.766,1.0,0.568,2025-09-06T04:00:00
I00064,U0011,C001,viewed,0.24,0.096,,2025-09-06T06:00:00
I00065,U0011,C030,quiz_passed,0.729,1.0,0.637,2025-09-06T08:00:00
I00066,U0011,C017,disliked,0.343,0.12,0.365,2025-09-06T10:00:00
I00067,U0011,C098,viewed,0.277,0.076,,2025-09-06T12:00:00
I00068,U0011,C065,viewed,0.221,0.061,,2025-09-06T14:00:00
I00069,U0011,C082,completed,0.537,1.0,,2025-09-06T16:00:00
I00070,U0012,C098,viewed,0.39,0.48,0.308,2025-09-06T18:00:00
I00071,U0012,C097,completed,0.827,1.0,0.644,2025-09-06T20:00:00
I00072,U0012,C092,quiz_passed,0.748,1.0,0.695,2025-09-06T22:00:00
I00073,U0012,C098,completed,0.532,1.0,,2025-09-07T00:00:00
I00074,U0013,C017,quiz_passed,0.848,1.0,0.81,2025-09-07T02:00:00
I00075,U0013,C048,completed,0.518,1.0,,2025-09-07T04:00:00
I00076,U0013,C016,quiz_passed,0.85,1.0,0.716,2025-09-07T06:00:00
I00077,U0014,C097,quiz_passed,0.848,1.0,0.768,2025-09-07T08:00:00
I00078,U0014,C048,completed,0.9,1.0,0.805,2025-09-07T10:00:00
I00079,U0014,C066,quiz_passed,0.777,1.0,0.752,2025-09-07T12:00:00
I00080,U0014,C002,disliked,0.112,0.11,,2025-09-07T14:00:00
I00081,U0015,C095,completed,0.777,1.0,0.513,2025-09-07T16:00:00
I00082,U0015,C095,viewed,0.4,0.48,0.299,2025-09-07T18:00:00
I00083,U0015,C096,viewed,0.283,0.084,,2025-09-07T20:00:00
I00084,U0015,C096,viewed,0.3,0.31,,2025-09-07T22:00:00
I00085,U0015,C025,completed,0.47,1.0,,2025-09-08T00:00:00
I00086,U0016,C043,quiz_passed,0.809,1.0,0.725,2025-09-08T02:00:00
I00087,U0016,C043,viewed,0.274,0.003,,2025-09-08T04:00:00
I00088,U0016,C010,quiz_passed,0.725,1.0,0.626,2025-09-08T06:00:00
I00089,U0017,C095,completed,0.722,1.0,0.397,2025-09-08T08:00:00
I00090,U0017,C030,completed,0.492,1.0,,2025-09-08T10:00:00
I00091,U0017,C006,viewed,0.266,0.092,,2025-09-08T12:00:00
I00092,U0017,C047,quiz_passed,0.834,1.0,0.653,2025-09-08T14:00:00
I00093,U0017,C095,completed,0.717,1.0,0.47,2025-09-08T16:00:00
I00094,U0018,C050,completed,0.731,1.0,0.595,2025-09-08T18:00:00
I00095,U0018,C003,disliked,0.1,0.0,,2025-09-08T20:00:00
I00096,U0018,C081,viewed,0.46,0.48,0.242,2025-09-08T22:00:00
I00097,U0018,C042,completed,0.732,1.0,0.569,2025-09-09T00:00:00
I00098,U0018,C092,quiz_passed,0.788,1.0,0.631,2025-09-09T02:00:00
I00099,U0018,C017,disliked,0.363,0.1,0.379,2025-09-09T04:00:00
I00100,U0018,C048,quiz_passed,0.786,1.0,0.657,2025-09-09T06:00:00
I00101,U0018,C081,completed,0.54,1.0,,2025-09-09T08:00:00
I00102,U0018,C028,completed,0.554,1.0,,2025-09-09T10:00:00
I00103,U0019,C096,completed,0.484,1.0,,2025-09-09T12:00:00
I00104,U0019,C057,completed,0.54,1.0,,2025-09-09T14:00:00
I00105,U0019,C092,completed,0.796,1.0,0.674,2025-09-09T16:00:00
I00106,U0020,C076,quiz_passed,0.772,1.0,0.737,2025-09-09T18:00:00
I00107,U0020,C043,viewed,0.227,0.025,,2025-09-09T20:00:00
I00108,U0020,C081,quiz_passed,0.736,1.0,0.632,2025-09-09T22:00:00
I00109,U0020,C061,quiz_passed,0.874,1.0,0.79,2025-09-10T00:00:00
I00110,U0020,C035,completed,0.47,1.0,,2025-09-10T02:00:00
I00111,U0020,C018,completed,0.52,1.0,,2025-09-10T04:00:00
I00112,U0020,C003,completed,0.496,1.0,,2025-09-10T06:00:00
I00113,U0021,C076,completed,0.465,1.0,,2025-09-10T08:00:00
I00114,U0021,C003,disliked,0.264,0.04,0.354,2025-09-10T10:00:00
I00115,U0021,C074,completed,0.69,1.0,0.498,2025-09-10T12:00:00
I00116,U0021,C050,viewed,0.211,0.031,,2025-09-10T14:00:00
I00117,U0021,C009,quiz_passed,0.781,1.0,0.633,2025-09-10T16:00:00
I00118,U0021,C058,completed,0.753,1.0,0.616,2025-09-10T18:00:00
I00119,U0021,C082,completed,0.472,1.0,,2025-09-10T20:00:00
I00120,U0022,C067,completed,0.785,1.0,0.802,2025-09-10T22:00:00
I00121,U0022,C042,completed,0.485,1.0,,2025-09-11T00:00:00
I00122,U0022,C011,quiz_passed,0.785,1.0,0.728,2025-09-11T02:00:00
I00123,U0022,C092,viewed,0.441,0.23,0.511,2025-09-11T04:00:00
I00124,U0022,C098,quiz_passed,0.848,1.0,0.677,2025-09-11T06:00:00
I00125,U0022,C057,viewed,0.619,0.56,0.538,2025-09-11T08:00:00
I00126,U0023,C099,completed,0.802,1.0,0.563,2025-09-11T10:00:00
I00127,U0023,C042,quiz_passed,0.782,1.0,0.701,2025-09-11T12:00:00
I00128,U0023,C095,disliked,0.277,0.1,0.359,2025-09-11T14:00:00
I00129,U0023,C011,completed,0.502,1.0,,2025-09-11T16:00:00
I00130,U0024,C061,viewed,0.245,0.031,,2025-09-11T18:00:00
I00131,U0024,C030,quiz_passed,0.75,1.0,0.714,2025-09-11T20:00:00
I00132,U0024,C076,completed,0.535,1.0,,2025-09-11T22:00:00
I00133,U0024,C065,completed,0.883,1.0,0.779,2025-09-12T00:00:00
I00134,U0024,C099,viewed,0.124,0.012,,2025-09-12T02:00:00
I00135,U0024,C046,viewed,0.263,0.041,,2025-09-12T04:00:00
I00136,U0024,C046,viewed,0.358,0.63,,2025-09-12T06:00:00
I00137,U0024,C090,completed,0.524,1.0,,2025-09-12T08:00:00
I00138,U0025,C001,quiz_passed,0.839,1.0,0.879,2025-09-12T10:00:00
I00139,U0025,C074,quiz_passed,0.819,1.0,0.737,2025-09-12T12:00:00
I00140,U0025,C076,quiz_passed,0.906,1.0,0.872,2025-09-12T14:00:00
I00141,U0025,C050,completed,0.914,1.0,0.869,2025-09-12T16:00:00
I00142,U0026,C095,viewed,0.256,0.22,0.259,2025-09-12T18:00:00
I00143,U0026,C098,viewed,0.22,0.02,,2025-09-12T20:00:00
I00144,U0026,C098,viewed,0.217,0.089,,2025-09-12T22:00:00
I00145,U0026,C035,viewed,0.359,0.29,0.344,2025-09-13T00:00:00
I00146,U0026,C082,viewed,0.379,0.51,,2025-09-13T02:00:00
I00147,U0026,C069,completed,0.673,1.0,0.521,2025-09-13T04:00:00
I00148,U0026,C025,completed,0.747,1.0,0.696,2025-09-13T06:00:00
I00149,U0026,C050,viewed,0.523,0.53,0.404,2025-09-13T08:00:00
I00150,U0026,C013,completed,0.661,1.0,0.467,2025-09-13T10:00:00
I00151,U0027,C035,quiz_passed,0.786,1.0,0.698,2025-09-13T12:00:00
I00152,U0027,C047,completed,0.812,1.0,0.618,2025-09-13T14:00:00
I00153,U0027,C088,completed,0.815,1.0,0.598,2025-09-13T16:00:00
I00154,U0027,C003,completed,0.515,1.0,,2025-09-13T18:00:00
I00155,U0027,C013,completed,0.541,1.0,,2025-09-13T20:00:00
I00156,U0027,C018,viewed,0.299,0.05,,2025-09-13T22:00:00
I00157,U0027,C097,completed,0.792,1.0,0.55,2025-09-14T00:00:00
I00158,U0028,C099,completed,0.665,1.0,0.437,2025-09-14T02:00:00
I00159,U0028,C095,completed,0.724,1.0,0.452,2025-09-14T04:00:00
I00160,U0028,C053,viewed,0.255,0.43,,2025-09-14T06:00:00
I00161,U0028,C095,completed,0.467,1.0,,2025-09-14T08:00:00
I00162,U0028,C029,completed,0.767,1.0,0.56,2025-09-14T10:00:00
I00163,U0028,C096,completed,0.765,1.0,0.494,2025-09-14T12:00:00
I00164,U0028,C051,completed,0.788,1.0,0.641,2025-09-14T14:00:00
I00165,U0028,C088,completed,0.758,1.0,0.606,2025-09-14T16:00:00
I00166,U0028,C071,completed,0.514,1.0,,2025-09-14T18:00:00
I00167,U0029,C098,viewed,0.291,0.066,,2025-09-14T20:00:00
I00168,U0029,C099,disliked,0.164,0.15,,2025-09-14T22:00:00
I00169,U0029,C048,disliked,0.327,0.11,0.339,2025-09-15T00:00:00
I00170,U0029,C065,completed,0.52,1.0,,2025-09-15T02:00:00
I00171,U0029,C067,completed,0.518,1.0,,2025-09-15T04:00:00
I00172,U0030,C018,quiz_passed,0.861,1.0,0.811,2025-09-15T06:00:00
I00173,U0030,C099,quiz_passed,0.82,1.0,0.617,2025-09-15T08:00:00
I00174,U0030,C098,disliked,0.324,0.08,0.389,2025-09-15T10:00:00
I00175,U0030,C048,completed,0.877,1.0,0.787,2025-09-15T12:00:00
I00176,U0030,C042,quiz_passed,0.876,1.0,0.771,2025-09-15T14:00:00
I00177,U0030,C017,disliked,0.33,0.17,0.501,2025-09-15T16:00:00
I00178,U0030,C049,completed,0.815,1.0,0.774,2025-09-15T18:00:00
I00179,U0031,C011,completed,0.576,1.0,,2025-09-15T20:00:00
I00180,U0031,C057,viewed,0.134,0.025,,2025-09-15T22:00:00
I00181,U0031,C082,disliked,0.284,0.14,0.418,2025-09-16T00:00:00
I00182,U0031,C067,completed,0.796,1.0,0.589,2025-09-16T02:00:00
I00183,U0031,C054,disliked,0.115,0.03,,2025-09-16T04:00:00
I00184,U0031,C049,viewed,0.368,0.66,,2025-09-16T06:00:00
I00185,U0031,C096,viewed,0.233,0.23,,2025-09-16T08:00:00
I00186,U0031,C009,disliked,0.133,0.06,,2025-09-16T10:00:00
I00187,U0031,C002,quiz_passed,0.784,1.0,0.7,2025-09-16T12:00:00
I00188,U0032,C076,viewed,0.444,0.52,0.339,2025-09-16T14:00:00
I00189,U0032,C030,completed,0.806,1.0,0.573,2025-09-16T16:00:00
I00190,U0032,C081,viewed,0.254,0.004,,2025-09-16T18:00:00
I00191,U0032,C045,completed,0.732,1.0,0.452,2025-09-16T20:00:00
I00192,U0032,C030,viewed,0.351,0.27,0.368,2025-09-16T22:00:00
I00193,U0032,C066,viewed,0.125,0.063,,2025-09-17T00:00:00
I00194,U0032,C030,disliked,0.29,0.06,0.39,2025-09-17T02:00:00
I00195,U0032,C066,viewed,0.383,0.59,,2025-09-17T04:00:00
I00196,U0033,C072,disliked,0.12,0.04,,2025-09-17T06:00:00
I00197,U0033,C015,completed,0.514,1.0,,2025-09-17T08:00:00
I00198,U0033,C091,disliked,0.293,0.08,0.383,2025-09-17T10:00:00
I00199,U0033,C003,viewed,0.177,0.04,,2025-09-17T12:00:00
I00200,U0033,C045,viewed,0.207,0.0,,2025-09-17T14:00:00
I00201,U0033,C074,viewed,0.395,0.58,,2025-09-17T16:00:00
I00202,U0033,C072,disliked,0.286,0.03,0.369,2025-09-17T18:00:00
I00203,U0033,C015,quiz_passed,0.825,1.0,0.677,2025-09-17T20:00:00
I00204,U0034,C051,completed,0.557,1.0,,2025-09-17T22:00:00
I00205,U0034,C044,completed,0.842,1.0,0.738,2025-09-18T00:00:00
I00206,U0035,C088,quiz_passed,0.73,1.0,0.622,2025-09-18T02:00:00
I00207,U0035,C079,completed,0.523,1.0,,2025-09-18T04:00:00
I00208,U0035,C018,quiz_passed,0.799,1.0,0.683,2025-09-18T06:00:00
I00209,U0035,C098,viewed,0.258,0.09,,2025-09-18T08:00:00
I00210,U0036,C028,quiz_passed,0.831,1.0,0.754,2025-09-18T10:00:00
I00211,U0036,C099,viewed,0.211,0.036,,2025-09-18T12:00:00
I00212,U0036,C002,quiz_passed,0.868,1.0,0.796,2025-09-18T14:00:00
I00213,U0036,C042,completed,0.471,1.0,,2025-09-18T16:00:00
I00214,U0036,C006,quiz_passed,0.766,1.0,0.725,2025-09-18T18:00:00
I00215,U0037,C053,completed,0.799,1.0,0.787,2025-09-18T20:00:00
I00216,U0037,C092,quiz_passed,0.77,1.0,0.712,2025-09-18T22:00:00
I00217,U0038,C028,completed,0.788,1.0,0.608,2025-09-19T00:00:00
I00218,U0038,C058,viewed,0.149,0.035,,2025-09-19T02:00:00
I00219,U0038,C018,completed,0.532,1.0,,2025-09-19T04:00:00
I00220,U0038,C043,completed,0.729,1.0,0.593,2025-09-19T06:00:00
I00221,U0038,C053,quiz_passed,0.759,1.0,0.676,2025-09-19T08:00:00
I00222,U0038,C018,viewed,0.335,0.43,,2025-09-19T10:00:00
I00223,U0039,C063,viewed,0.55,0.69,0.465,2025-09-19T12:00:00
I00224,U0039,C051,completed,0.551,1.0,,2025-09-19T14:00:00
I00225,U0039,C078,viewed,0.13,0.052,,2025-09-19T16:00:00
I00226,U0039,C030,quiz_passed,0.788,1.0,0.729,2025-09-19T18:00:00
I00227,U0039,C091,completed,0.52,1.0,,2025-09-19T20:00:00
I00228,U0039,C013,viewed,0.249,0.24,,2025-09-19T22:00:00
I00229,U0039,C004,quiz_passed,0.776,1.0,0.608,2025-09-20T00:00:00
I00230,U0040,C098,completed,0.548,1.0,,2025-09-20T02:00:00
I00231,U0040,C098,completed,0.737,1.0,0.472,2025-09-20T04:00:00
I00232,U0040,C048,completed,0.841,1.0,0.71,2025-09-20T06:00:00
I00233,U0040,C002,viewed,0.471,0.39,0.357,2025-09-20T08:00:00
I00234,U0040,C097,viewed,0.326,0.51,,2025-09-20T10:00:00
I00235,U0040,C009,completed,0.47,1.0,,2025-09-20T12:00:00
I00236,U0040,C073,quiz_passed,0.737,1.0,0.69,2025-09-20T14:00:00
I00237,U0041,C082,viewed,0.32,0.28,0.353,2025-09-20T16:00:00
I00238,U0041,C017,viewed,0.162,0.097,,2025-09-20T18:00:00
I00239,U0041,C076,quiz_passed,0.773,1.0,0.694,2025-09-20T20:00:00
I00240,U0042,C096,quiz_passed,0.86,1.0,0.78,2025-09-20T22:00:00
I00241,U0042,C076,quiz_passed,0.45,0.1,0.674,2025-09-21T00:00:00
I00242,U0042,C095,quiz_passed,0.854,1.0,0.768,2025-09-21T02:00:00
I00243,U0043,C067,completed,0.513,1.0,,2025-09-21T04:00:00
I00244,U0043,C025,quiz_passed,0.884,1.0,0.77,2025-09-21T06:00:00
I00245,U0043,C053,quiz_passed,0.863,1.0,0.782,2025-09-21T08:00:00
I00246,U0043,C092,quiz_passed,0.869,1.0,0.741,2025-09-21T10:00:00
I00247,U0043,C028,quiz_passed,0.862,1.0,0.714,2025-09-21T12:00:00
I00248,U0043,C042,quiz_passed,0.789,1.0,0.786,2025-09-21T14:00:00
I00249,U0043,C063,completed,0.508,1.0,,2025-09-21T16:00:00
I00250,U0043,C003,quiz_passed,0.822,1.0,0.771,2025-09-21T18:00:00
I00251,U0043,C036,completed,0.541,1.0,,2025-09-21T20:00:00
I00252,U0044,C015,completed,0.482,1.0,,2025-09-21T22:00:00
I00253,U0044,C045,viewed,0.276,0.032,,2025-09-22T00:00:00
I00254,U0044,C043,viewed,0.175,0.073,,2025-09-22T02:00:00
I00255,U0044,C054,quiz_passed,0.81,1.0,0.69,2025-09-22T04:00:00
I00256,U0044,C074,viewed,0.285,0.08,,2025-09-22T06:00:00
I00257,U0044,C015,viewed,0.48,0.55,0.362,2025-09-22T08:00:00
I00258,U0044,C002,completed,0.463,1.0,,2025-09-22T10:00:00
I00259,U0044,C050,completed,0.522,1.0,,2025-09-22T12:00:00
I00260,U0044,C066,quiz_passed,0.729,1.0,0.657,2025-09-22T14:00:00
I00261,U0044,C096,viewed,0.187,0.063,,2025-09-22T16:00:00
I00262,U0045,C073,completed,0.469,1.0,,2025-09-22T18:00:00
I00263,U0045,C028,completed,0.469,1.0,,2025-09-22T20:00:00
I00264,U0045,C099,completed,0.518,1.0,,2025-09-22T22:00:00
I00265,U0045,C048,viewed,0.244,0.042,,2025-09-23T00:00:00
I00266,U0045,C025,quiz_passed,0.791,1.0,0.668,2025-09-23T02:00:00
I00267,U0046,C095,quiz_passed,0.866,1.0,0.723,2025-09-23T04:00:00
I00268,U0046,C096,completed,0.49,1.0,,2025-09-23T06:00:00
I00269,U0046,C098,quiz_passed,0.767,1.0,0.744,2025-09-23T08:00:00
I00270,U0047,C018,completed,0.863,1.0,0.737,2025-09-23T10:00:00
I00271,U0047,C015,completed,0.784,1.0,0.783,2025-09-23T12:00:00
I00272,U0047,C091,completed,0.547,1.0,,2025-09-23T14:00:00
I00273,U0047,C003,quiz_passed,0.871,1.0,0.73,2025-09-23T16:00:00
I00274,U0047,C088,quiz_passed,0.844,1.0,0.734,2025-09-23T18:00:00
I00275,U0047,C042,disliked,0.114,0.09,,2025-09-23T20:00:00
I00276,U0048,C067,completed,0.545,1.0,,2025-09-23T22:00:00
I00277,U0048,C095,quiz_passed,0.739,1.0,0.675,2025-09-24T00:00:00
I00278,U0048,C053,completed,0.794,1.0,0.71,2025-09-24T02:00:00
I00279,U0048,C066,viewed,0.136,0.07,,2025-09-24T04:00:00
I00280,U0048,C047,quiz_passed,0.865,1.0,0.762,2025-09-24T06:00:00
I00281,U0049,C030,quiz_passed,0.783,1.0,0.616,2025-09-24T08:00:00
I00282,U0049,C049,viewed,0.152,0.036,,2025-09-24T10:00:00
I00283,U0049,C016,completed,0.465,1.0,,2025-09-24T12:00:00
I00284,U0049,C017,viewed,0.243,0.069,,2025-09-24T14:00:00
I00285,U0049,C018,viewed,0.209,0.014,,2025-09-24T16:00:00
I00286,U0049,C002,completed,0.532,1.0,,2025-09-24T18:00:00
I00287,U0049,C082,disliked,0.065,0.01,,2025-09-24T20:00:00
I00288,U0049,C003,viewed,0.421,0.44,0.441,2025-09-24T22:00:00
I00289,U0050,C099,viewed,0.235,0.009,,2025-09-25T00:00:00
I00290,U0050,C001,viewed,0.283,0.044,,2025-09-25T02:00:00
I00291,U0050,C098,quiz_passed,0.787,1.0,0.768,2025-09-25T04:00:00
I00292,U0050,C051,completed,0.572,1.0,,2025-09-25T06:00:00
I00293,U0050,C002,completed,0.553,1.0,,2025-09-25T08:00:00
I00294,U0050,C091,completed,0.579,1.0,,2025-09-25T10:00:00
I00295,U0050,C065,quiz_passed,0.841,1.0,0.844,2025-09-25T12:00:00
I00296,U0051,C076,completed,0.531,1.0,,2025-09-25T14:00:00
I00297,U0051,C043,viewed,0.249,0.074,,2025-09-25T16:00:00
I00298,U0051,C025,disliked,0.214,0.18,,2025-09-25T18:00:00
I00299,U0051,C016,completed,0.517,1.0,,2025-09-25T20:00:00
I00300,U0051,C006,viewed,0.16,0.096,,2025-09-25T22:00:00
I00301,U0051,C081,completed,0.779,1.0,0.519,2025-09-26T00:00:00
I00302,U0051,C090,completed,0.722,1.0,0.546,2025-09-26T02:00:00
I00303,U0052,C017,completed,0.539,1.0,,2025-09-26T04:00:00
I00304,U0052,C001,completed,0.859,1.0,0.887,2025-09-26T06:00:00
I00305,U0052,C044,quiz_passed,0.871,1.0,0.797,2025-09-26T08:00:00
I00306,U0052,C010,completed,0.577,1.0,,2025-09-26T10:00:00
I00307,U0052,C017,completed,0.871,1.0,0.875,2025-09-26T12:00:00
I00308,U0052,C017,completed,0.908,1.0,0.858,2025-09-26T14:00:00
I00309,U0053,C061,quiz_passed,0.791,1.0,0.633,2025-09-26T16:00:00
I00310,U0053,C045,viewed,0.311,0.57,,2025-09-26T18:00:00
I00311,U0053,C046,viewed,0.234,0.026,,2025-09-26T20:00:00
I00312,U0053,C042,completed,0.773,1.0,0.573,2025-09-26T22:00:00
I00313,U0053,C092,quiz_passed,0.814,1.0,0.604,2025-09-27T00:00:00
I00314,U0053,C046,completed,0.539,1.0,,2025-09-27T02:00:00
I00315,U0053,C005,viewed,0.3,0.053,,2025-09-27T04:00:00
I00316,U0054,C095,viewed,0.229,0.027,,2025-09-27T06:00:00
I00317,U0054,C065,quiz_passed,0.787,1.0,0.776,2025-09-27T08:00:00
I00318,U0054,C078,completed,0.52,1.0,,2025-09-27T10:00:00
I00319,U0055,C015,quiz_passed,0.847,1.0,0.885,2025-09-27T12:00:00
I00320,U0055,C050,completed,0.461,1.0,,2025-09-27T14:00:00
I00321,U0055,C046,disliked,0.124,0.08,,2025-09-27T16:00:00
I00322,U0056,C098,completed,0.66,1.0,0.42,2025-09-27T18:00:00
I00323,U0056,C001,viewed,0.194,0.2,,2025-09-27T20:00:00
I00324,U0056,C074,viewed,0.183,0.036,,2025-09-27T22:00:00
I00325,U0056,C025,quiz_passed,0.768,1.0,0.613,2025-09-28T00:00:00
I00326,U0056,C013,viewed,0.208,0.013,,2025-09-28T02:00:00
I00327,U0057,C091,completed,0.887,1.0,0.87,2025-09-28T04:00:00
I00328,U0057,C010,viewed,0.183,0.071,,2025-09-28T06:00:00
I00329,U0057,C073,completed,0.842,1.0,0.841,2025-09-28T08:00:00
I00330,U0057,C066,completed,0.532,1.0,,2025-09-28T10:00:00
I00331,U0058,C098,viewed,0.232,0.43,,2025-09-28T12:00:00
I00332,U0058,C096,completed,0.713,1.0,0.444,2025-09-28T14:00:00
I00333,U0058,C003,viewed,0.149,0.08,,2025-09-28T16:00:00
I00334,U0058,C098,viewed,0.278,0.065,,2025-09-28T18:00:00
I00335,U0059,C091,quiz_passed,0.809,1.0,0.696,2025-09-28T20:00:00
I00336,U0059,C016,completed,0.771,1.0,0.674,2025-09-28T22:00:00
I00337,U0059,C011,completed,0.798,1.0,0.575,2025-09-29T00:00:00
I00338,U0059,C045,viewed,0.388,0.39,0.222,2025-09-29T02:00:00
I00339,U0059,C090,completed,0.77,1.0,0.488,2025-09-29T04:00:00
I00340,U0059,C001,viewed,0.526,0.56,0.328,2025-09-29T06:00:00
I00341,U0059,C067,viewed,0.173,0.038,,2025-09-29T08:00:00
I00342,U0060,C006,quiz_passed,0.832,1.0,0.862,2025-09-29T10:00:00
I00343,U0060,C095,completed,0.534,1.0,,2025-09-29T12:00:00
I00344,U0060,C011,quiz_passed,0.897,1.0,0.845,2025-09-29T14:00:00
I00345,U0060,C096,disliked,0.383,0.17,0.564,2025-09-29T16:00:00
I00346,U0061,C091,quiz_passed,0.826,1.0,0.781,2025-09-29T18:00:00
I00347,U0061,C061,completed,0.799,1.0,0.794,2025-09-29T20:00:00
I00348,U0061,C003,viewed,0.117,0.083,,2025-09-29T22:00:00
I00349,U0061,C011,quiz_passed,0.761,1.0,0.745,2025-09-30T00:00:00
I00350,U0061,C045,viewed,0.261,0.016,,2025-09-30T02:00:00
I00351,U0061,C006,completed,0.491,1.0,,2025-09-30T04:00:00
I00352,U0062,C098,completed,0.805,1.0,0.603,2025-09-30T06:00:00
I00353,U0062,C029,quiz_passed,0.822,1.0,0.715,2025-09-30T08:00:00
I00354,U0062,C091,completed,0.516,1.0,,2025-09-30T10:00:00
I00355,U0062,C046,disliked,0.105,0.02,,2025-09-30T12:00:00
I00356,U0062,C090,completed,0.748,1.0,0.697,2025-09-30T14:00:00
I00357,U0062,C013,viewed,0.478,0.5,0.402,2025-09-30T16:00:00
I00358,U0063,C043,completed,0.527,1.0,,2025-09-30T18:00:00
I00359,U0063,C061,viewed,0.377,0.25,0.379,2025-09-30T20:00:00
I00360,U0063,C006,completed,0.524,1.0,,2025-09-30T22:00:00
I00361,U0063,C005,completed,0.778,1.0,0.501,2025-10-01T00:00:00
I00362,U0063,C029,completed,0.571,1.0,,2025-10-01T02:00:00
I00363,U0063,C042,quiz_passed,0.724,1.0,0.62,2025-10-01T04:00:00
I00364,U0063,C067,viewed,0.173,0.067,,2025-10-01T06:00:00
I00365,U0063,C090,viewed,0.216,0.084,,2025-10-01T08:00:00
I00366,U0063,C002,quiz_passed,0.738,1.0,0.683,2025-10-01T10:00:00
I00367,U0064,C003,completed,0.785,1.0,0.696,2025-10-01T12:00:00
I00368,U0064,C082,viewed,0.363,0.36,0.35,2025-10-01T14:00:00
I00369,U0064,C044,disliked,0.14,0.14,,2025-10-01T16:00:00
I00370,U0064,C010,completed,0.552,1.0,,2025-10-01T18:00:00
I00371,U0064,C071,completed,0.562,1.0,,2025-10-01T20:00:00
I00372,U0064,C067,completed,0.53,1.0,,2025-10-01T22:00:00
I00373,U0065,C054,quiz_passed,0.841,1.0,0.678,2025-10-02T00:00:00
I00374,U0065,C066,disliked,0.363,0.17,0.364,2025-10-02T02:00:00
I00375,U0065,C073,quiz_passed,0.767,1.0,0.644,2025-10-02T04:00:00
I00376,U0065,C073,quiz_passed,0.726,1.0,0.63,2025-10-02T06:00:00
I00377,U0065,C025,completed,0.545,1.0,,2025-10-02T08:00:00
I00378,U0065,C043,completed,0.528,1.0,,2025-10-02T10:00:00
I00379,U0066,C092,completed,0.749,1.0,0.625,2025-10-02T12:00:00
I00380,U0066,C096,viewed,0.252,0.002,,2025-10-02T14:00:00
I00381,U0066,C098,completed,0.493,1.0,,2025-10-02T16:00:00
I00382,U0066,C073,completed,0.504,1.0,,2025-10-02T18:00:00
I00383,U0067,C076,viewed,0.497,0.62,0.439,2025-10-02T20:00:00
I00384,U0067,C054,viewed,0.188,0.084,,2025-10-02T22:00:00
I00385,U0067,C029,completed,0.553,1.0,,2025-10-03T00:00:00
I00386,U0068,C063,completed,0.466,1.0,,2025-10-03T02:00:00
I00387,U0068,C001,completed,0.496,1.0,,2025-10-03T04:00:00
I00388,U0068,C030,disliked,0.229,0.01,0.334,2025-10-03T06:00:00
I00389,U0068,C066,quiz_passed,0.774,1.0,0.608,2025-10-03T08:00:00
I00390,U0068,C058,completed,0.494,1.0,,2025-10-03T10:00:00
I00391,U0068,C003,viewed,0.288,0.044,,2025-10-03T12:00:00
I00392,U0068,C064,completed,0.709,1.0,0.584,2025-10-03T14:00:00
I00393,U0068,C075,completed,0.708,1.0,0.469,2025-10-03T16:00:00
I00394,U0068,C047,completed,0.512,1.0,,2025-10-03T18:00:00
I00395,U0069,C095,viewed,0.132,0.051,,2025-10-03T20:00:00
I00396,U0069,C098,completed,0.579,1.0,,2025-10-03T22:00:00
I00397,U0070,C066,completed,0.477,1.0,,2025-10-04T00:00:00
I00398,U0070,C015,completed,0.809,1.0,0.589,2025-10-04T02:00:00
I00399,U0070,C057,completed,0.546,1.0,,2025-10-04T04:00:00
I00400,U0070,C003,viewed,0.177,0.078,,2025-10-04T06:00:00
I00401,U0070,C013,viewed,0.498,0.63,0.283,2025-10-04T08:00:00
I00402,U0070,C029,viewed,0.422,0.41,0.335,2025-10-04T10:00:00
I00403,U0071,C099,viewed,0.411,0.43,0.293,2025-10-04T12:00:00
I00404,U0071,C096,viewed,0.383,0.58,,2025-10-04T14:00:00
I00405,U0071,C099,completed,0.645,1.0,0.417,2025-10-04T16:00:00
I00406,U0071,C092,completed,0.521,1.0,,2025-10-04T18:00:00
I00407,U0071,C015,viewed,0.334,0.61,,2025-10-04T20:00:00
I00408,U0071,C001,viewed,0.24,0.22,,2025-10-04T22:00:00
I00409,U0072,C065,completed,0.699,1.0,0.576,2025-10-05T00:00:00
I00410,U0072,C066,quiz_passed,0.786,1.0,0.637,2025-10-05T02:00:00
I00411,U0072,C082,quiz_passed,0.767,1.0,0.658,2025-10-05T04:00:00
I00412,U0072,C098,viewed,0.245,0.093,,2025-10-05T06:00:00
I00413,U0072,C099,disliked,0.247,0.11,0.21,2025-10-05T08:00:00
I00414,U0072,C035,viewed,0.209,0.33,,2025-10-05T10:00:00
I00415,U0073,C006,quiz_passed,0.89,1.0,0.807,2025-10-05T12:00:00
I00416,U0073,C099,completed,0.773,1.0,0.562,2025-10-05T14:00:00
I00417,U0073,C098,quiz_passed,0.738,1.0,0.623,2025-10-05T16:00:00
I00418,U0073,C096,completed,0.54,1.0,,2025-10-05T18:00:00
I00419,U0073,C082,completed,0.527,1.0,,2025-10-05T20:00:00
I00420,U0073,C003,quiz_passed,0.871,1.0,0.737,2025-10-05T22:00:00
I00421,U0074,C003,completed,0.534,1.0,,2025-10-06T00:00:00
I00422,U0074,C013,viewed,0.323,0.63,,2025-10-06T02:00:00
I00423,U0074,C010,completed,0.466,1.0,,2025-10-06T04:00:00
I00424,U0074,C043,viewed,0.492,0.56,0.321,2025-10-06T06:00:00
I00425,U0074,C057,completed,0.579,1.0,,2025-10-06T08:00:00
I00426,U0075,C050,completed,0.888,1.0,0.779,2025-10-06T10:00:00
I00427,U0075,C074,completed,0.529,1.0,,2025-10-06T12:00:00
I00428,U0075,C008,quiz_passed,0.848,1.0,0.698,2025-10-06T14:00:00
I00429,U0075,C051,completed,0.578,1.0,,2025-10-06T16:00:00
I00430,U0075,C099,quiz_passed,0.825,1.0,0.654,2025-10-06T18:00:00
I00431,U0075,C029,viewed,0.202,0.31,,2025-10-06T20:00:00
I00432,U0075,C071,completed,0.469,1.0,,2025-10-06T22:00:00
I00433,U0075,C075,completed,0.569,1.0,,2025-10-07T00:00:00
I00434,U0076,C066,disliked,0.46,0.19,0.523,2025-10-07T02:00:00
I00435,U0076,C061,quiz_passed,0.851,1.0,0.733,2025-10-07T04:00:00
I00436,U0076,C043,viewed,0.18,0.098,,2025-10-07T06:00:00
I00437,U0077,C018,viewed,0.254,0.018,,2025-10-07T08:00:00
I00438,U0077,C006,completed,0.532,1.0,,2025-10-07T10:00:00
I00439,U0077,C095,viewed,0.324,0.39,,2025-10-07T12:00:00
I00440,U0077,C006,quiz_passed,0.884,1.0,0.795,2025-10-07T14:00:00
I00441,U0077,C099,viewed,0.124,0.036,,2025-10-07T16:00:00
I00442,U0078,C073,quiz_passed,0.787,1.0,0.759,2025-10-07T18:00:00
I00443,U0078,C071,completed,0.789,1.0,0.788,2025-10-07T20:00:00
I00444,U0078,C095,viewed,0.149,0.097,,2025-10-07T22:00:00
I00445,U0078,C046,viewed,0.41,0.64,,2025-10-08T00:00:00
I00446,U0078,C081,viewed,0.266,0.004,,2025-10-08T02:00:00
I00447,U0078,C071,quiz_passed,0.751,1.0,0.718,2025-10-08T04:00:00
I00448,U0078,C010,completed,0.823,1.0,0.627,2025-10-08T06:00:00
I00449,U0079,C001,completed,0.543,1.0,,2025-10-08T08:00:00
I00450,U0079,C013,completed,0.691,1.0,0.529,2025-10-08T10:00:00
I00451,U0079,C096,viewed,0.274,0.049,,2025-10-08T12:00:00
I00452,U0079,C071,completed,0.754,1.0,0.67,2025-10-08T14:00:00
I00453,U0079,C008,completed,0.531,1.0,,2025-10-08T16:00:00
I00454,U0079,C073,completed,0.488,1.0,,2025-10-08T18:00:00
I00455,U0080,C015,completed,0.505,1.0,,2025-10-08T20:00:00
I00456,U0080,C025,quiz_passed,0.735,1.0,0.616,2025-10-08T22:00:00
I00457,U0080,C015,completed,0.54,1.0,,2025-10-09T00:00:00
I00458,U0080,C076,viewed,0.196,0.06,,2025-10-09T02:00:00
I00459,U0080,C090,completed,0.755,1.0,0.537,2025-10-09T04:00:00
I00460,U0080,C005,viewed,0.43,0.43,0.301,2025-10-09T06:00:00
I00461,U0080,C001,completed,0.757,1.0,0.693,2025-10-09T08:00:00
I00462,U0081,C067,viewed,0.182,0.032,,2025-10-09T10:00:00
I00463,U0081,C096,completed,0.831,1.0,0.745,2025-10-09T12:00:00
I00464,U0081,C053,quiz_passed,0.911,1.0,0.841,2025-10-09T14:00:00
I00465,U0081,C057,viewed,0.222,0.32,,2025-10-09T16:00:00
I00466,U0081,C051,completed,0.807,1.0,0.848,2025-10-09T18:00:00
I00467,U0081,C016,completed,0.817,1.0,0.869,2025-10-09T20:00:00
I00468,U0081,C044,quiz_passed,0.866,1.0,0.733,2025-10-09T22:00:00
I00469,U0082,C054,viewed,0.559,0.58,0.391,2025-10-10T00:00:00
I00470,U0082,C067,completed,0.517,1.0,,2025-10-10T02:00:00
I00471,U0082,C028,viewed,0.188,0.084,,2025-10-10T04:00:00
I00472,U0082,C001,completed,0.743,1.0,0.574,2025-10-10T06:00:00
I00473,U0082,C009,completed,0.567,1.0,,2025-10-10T08:00:00
I00474,U0082,C018,completed,0.74,1.0,0.598,2025-10-10T10:00:00
I00475,U0082,C091,completed,0.492,1.0,,2025-10-10T12:00:00
I00476,U0082,C043,viewed,0.217,0.058,,2025-10-10T14:00:00
I00477,U0083,C049,completed,0.486,1.0,,2025-10-10T16:00:00
I00478,U0083,C043,completed,0.911,1.0,0.872,2025-10-10T18:00:00
I00479,U0083,C046,completed,0.528,1.0,,2025-10-10T20:00:00
I00480,U0083,C090,completed,0.89,1.0,0.792,2025-10-10T22:00:00
I00481,U0083,C015,completed,0.878,1.0,0.836,2025-10-11T00:00:00
I00482,U0084,C098,completed,0.524,1.0,,2025-10-11T02:00:00
I00483,U0084,C051,viewed,0.55,0.67,0.542,2025-10-11T04:00:00
I00484,U0084,C082,quiz_passed,0.825,1.0,0.797,2025-10-11T06:00:00
I00485,U0084,C005,quiz_passed,0.757,1.0,0.688,2025-10-11T08:00:00
I00486,U0084,C053,viewed,0.426,0.65,,2025-10-11T10:00:00
I00487,U0084,C010,completed,0.556,1.0,,2025-10-11T12:00:00
I00488,U0085,C053,viewed,0.589,0.49,0.533,2025-10-11T14:00:00
I00489,U0085,C099,completed,0.513,1.0,,2025-10-11T16:00:00
I00490,U0085,C096,completed,0.529,1.0,,2025-10-11T18:00:00
I00491,U0085,C098,viewed,0.455,0.48,0.322,2025-10-11T20:00:00
I00492,U0085,C030,completed,0.493,1.0,,2025-10-11T22:00:00
I00493,U0086,C099,completed,0.649,1.0,0.448,2025-10-12T00:00:00
I00494,U0086,C099,viewed,0.345,0.69,,2025-10-12T02:00:00
I00495,U0086,C006,completed,0.492,1.0,,2025-10-12T04:00:00
I00496,U0086,C002,completed,0.805,1.0,0.574,2025-10-12T06:00:00
I00497,U0086,C074,viewed,0.389,0.37,0.221,2025-10-12T08:00:00
I00498,U0086,C044,completed,0.528,1.0,,2025-10-12T10:00:00
I00499,U0087,C095,viewed,0.151,0.083,,2025-10-12T12:00:00
I00500,U0087,C061,viewed,0.25,0.37,,2025-10-12T14:00:00
I00501,U0087,C015,viewed,0.441,0.69,,2025-10-12T16:00:00
I00502,U0087,C075,completed,0.702,1.0,0.542,2025-10-12T18:00:00
I00503,U0087,C046,viewed,0.161,0.097,,2025-10-12T20:00:00
I00504,U0087,C064,viewed,0.164,0.21,,2025-10-12T22:00:00
I00505,U0088,C072,completed,0.486,1.0,,2025-10-13T00:00:00
I00506,U0088,C071,viewed,0.137,0.008,,2025-10-13T02:00:00
I00507,U0088,C076,viewed,0.405,0.38,0.472,2025-10-13T04:00:00
I00508,U0088,C057,viewed,0.284,0.085,,2025-10-13T06:00:00
I00509,U0088,C044,viewed,0.293,0.036,,2025-10-13T08:00:00
I00510,U0088,C011,viewed,0.568,0.62,0.56,2025-10-13T10:00:00
I00511,U0088,C058,quiz_passed,0.834,1.0,0.761,2025-10-13T12:00:00
I00512,U0088,C092,completed,0.538,1.0,,2025-10-13T14:00:00
I00513,U0088,C058,quiz_passed,0.839,1.0,0.801,2025-10-13T16:00:00
I00514,U0089,C006,viewed,0.355,0.31,0.326,2025-10-13T18:00:00
I00515,U0089,C002,disliked,0.288,0.07,0.403,2025-10-13T20:00:00
I00516,U0089,C015,completed,0.541,1.0,,2025-10-13T22:00:00
I00517,U0089,C071,viewed,0.341,0.41,,2025-10-14T00:00:00
I00518,U0090,C011,quiz_passed,0.851,1.0,0.779,2025-10-14T02:00:00
I00519,U0090,C098,viewed,0.271,0.45,,2025-10-14T04:00:00
I00520,U0090,C053,completed,0.533,1.0,,2025-10-14T06:00:00
I00521,U0090,C030,quiz_passed,0.805,1.0,0.753,2025-10-14T08:00:00
I00522,U0091,C043,viewed,0.203,0.099,,2025-10-14T10:00:00
I00523,U0091,C096,viewed,0.276,0.09,,2025-10-14T12:00:00
I00524,U0091,C096,viewed,0.189,0.04,,2025-10-14T14:00:00
I00525,U0091,C016,completed,0.566,1.0,,2025-10-14T16:00:00
I00526,U0092,C050,completed,0.472,1.0,,2025-10-14T18:00:00
I00527,U0092,C061,completed,0.772,1.0,0.757,2025-10-14T20:00:00
I00528,U0092,C074,completed,0.802,1.0,0.61,2025-10-14T22:00:00
I00529,U0092,C097,viewed,0.284,0.066,,2025-10-15T00:00:00
I00530,U0092,C088,completed,0.524,1.0,,2025-10-15T02:00:00
I00531,U0093,C073,quiz_passed,0.884,1.0,0.773,2025-10-15T04:00:00
I00532,U0093,C057,completed,0.578,1.0,,2025-10-15T06:00:00
I00533,U0093,C009,completed,0.505,1.0,,2025-10-15T08:00:00
I00534,U0093,C099,disliked,0.249,0.0,0.319,2025-10-15T10:00:00
I00535,U0093,C099,viewed,0.1,0.093,,2025-10-15T12:00:00
I00536,U0094,C098,disliked,0.346,0.07,0.519,2025-10-15T14:00:00
I00537,U0094,C047,disliked,0.13,0.06,,2025-10-15T16:00:00
I00538,U0094,C098,completed,0.571,1.0,,2025-10-15T18:00:00
I00539,U0094,C098,quiz_passed,0.758,1.0,0.733,2025-10-15T20:00:00
I00540,U0094,C072,quiz_passed,0.807,1.0,0.795,2025-10-15T22:00:00
I00541,U0094,C096,viewed,0.385,0.23,0.533,2025-10-16T00:00:00
I00542,U0094,C030,quiz_passed,0.805,1.0,0.857,2025-10-16T02:00:00
I00543,U0095,C071,completed,0.517,1.0,,2025-10-16T04:00:00
I00544,U0095,C045,viewed,0.486,0.66,0.369,2025-10-16T06:00:00
I00545,U0095,C061,viewed,0.546,0.62,0.532,2025-10-16T08:00:00
I00546,U0095,C025,completed,0.466,1.0,,2025-10-16T10:00:00
I00547,U0096,C050,quiz_passed,0.839,1.0,0.727,2025-10-16T12:00:00
I00548,U0096,C046,viewed,0.424,0.47,0.217,2025-10-16T14:00:00
I00549,U0096,C054,viewed,0.134,0.013,,2025-10-16T16:00:00
I00550,U0096,C071,completed,0.482,1.0,,2025-10-16T18:00:00
I00551,U0097,C029,completed,0.495,1.0,,2025-10-16T20:00:00
I00552,U0097,C015,completed,0.543,1.0,,2025-10-16T22:00:00
I00553,U0097,C030,completed,0.893,1.0,0.878,2025-10-17T00:00:00
I00554,U0097,C053,completed,0.508,1.0,,2025-10-17T02:00:00
I00555,U0098,C048,viewed,0.175,0.035,,2025-10-17T04:00:00
I00556,U0098,C096,viewed,0.462,0.41,0.502,2025-10-17T06:00:00
I00557,U0098,C043,quiz_passed,0.813,1.0,0.847,2025-10-17T08:00:00
I00558,U0098,C015,completed,0.48,1.0,,2025-10-17T10:00:00
I00559,U0098,C046,completed,0.51,1.0,,2025-10-17T12:00:00
I00560,U0098,C061,completed,0.482,1.0,,2025-10-17T14:00:00
I00561,U0098,C046,viewed,0.285,0.062,,2025-10-17T16:00:00
I00562,U0098,C053,completed,0.496,1.0,,2025-10-17T18:00:00
I00563,U0099,C092,viewed,0.255,0.077,,2025-10-17T20:00:00
I00564,U0099,C050,completed,0.751,1.0,0.583,2025-10-17T22:00:00
I00565,U0099,C064,disliked,0.209,0.17,,2025-10-18T00:00:00
I00566,U0099,C090,disliked,0.266,0.16,0.301,2025-10-18T02:00:00
I00567,U0099,C074,viewed,0.104,0.098,,2025-10-18T04:00:00
I00568,U0099,C050,quiz_passed,0.827,1.0,0.62,2025-10-18T06:00:00
I00569,U0099,C017,completed,0.527,1.0,,2025-10-18T08:00:00
I00570,U0100,C057,viewed,0.178,0.078,,2025-10-18T10:00:00
I00571,U0100,C050,quiz_passed,0.805,1.0,0.7,2025-10-18T12:00:00
I00572,U0100,C029,viewed,0.46,0.61,0.38,2025-10-18T14:00:00
I00573,U0100,C091,completed,0.775,1.0,0.569,2025-10-18T16:00:00
I00574,U0100,C057,viewed,0.477,0.37,0.429,2025-10-18T18:00:00
I00575,U0100,C043,quiz_passed,0.822,1.0,0.684,2025-10-18T20:00:00
I00576,U0100,C082,completed,0.474,1.0,,2025-10-18T22:00:00
I00577,U0100,C066,viewed,0.198,0.053,,2025-10-19T00:00:00
I00578,U0101,C099,completed,0.669,1.0,0.487,2025-10-19T02:00:00
I00579,U0101,C029,completed,0.783,1.0,0.611,2025-10-19T04:00:00
I00580,U0101,C096,completed,0.507,1.0,,2025-10-19T06:00:00
I00581,U0101,C095,viewed,0.38,0.54,0.241,2025-10-19T08:00:00
I00582,U0101,C065,completed,0.533,1.0,,2025-10-19T10:00:00
I00583,U0102,C099,viewed,0.26,0.38,,2025-10-19T12:00:00
I00584,U0102,C098,viewed,0.285,0.099,,2025-10-19T14:00:00
I00585,U0103,C098,viewed,0.149,0.085,,2025-10-19T16:00:00
I00586,U0103,C011,viewed,0.235,0.046,,2025-10-19T18:00:00
I00587,U0103,C091,viewed,0.18,0.071,,2025-10-19T20:00:00
I00588,U0103,C011,completed,0.51,1.0,,2025-10-19T22:00:00
I00589,U0103,C071,quiz_passed,0.813,1.0,0.691,2025-10-20T00:00:00
I00590,U0104,C015,quiz_passed,0.817,1.0,0.659,2025-10-20T02:00:00
I00591,U0104,C062,quiz_passed,0.786,1.0,0.647,2025-10-20T04:00:00
I00592,U0104,C065,viewed,0.13,0.074,,2025-10-20T06:00:00
I00593,U0104,C015,completed,0.71,1.0,0.593,2025-10-20T08:00:00
I00594,U0104,C051,completed,0.52,1.0,,2025-10-20T10:00:00
I00595,U0104,C018,disliked,0.366,0.16,0.405,2025-10-20T12:00:00
I00596,U0104,C046,viewed,0.122,0.008,,2025-10-20T14:00:00
I00597,U0104,C016,disliked,0.176,0.03,,2025-10-20T16:00:00
I00598,U0105,C092,quiz_passed,0.767,1.0,0.615,2025-10-20T18:00:00
I00599,U0105,C049,completed,0.487,1.0,,2025-10-20T20:00:00
I00600,U0105,C001,disliked,0.154,0.16,,2025-10-20T22:00:00
I00601,U0105,C015,quiz_passed,0.742,1.0,0.69,2025-10-21T00:00:00
I00602,U0105,C044,completed,0.501,1.0,,2025-10-21T02:00:00
I00603,U0105,C061,completed,0.836,1.0,0.69,2025-10-21T04:00:00
I00604,U0106,C057,completed,0.492,1.0,,2025-10-21T06:00:00
I00605,U0106,C017,disliked,0.372,0.18,0.47,2025-10-21T08:00:00
I00606,U0106,C096,completed,0.569,1.0,,2025-10-21T10:00:00
I00607,U0107,C099,quiz_passed,0.826,1.0,0.733,2025-10-21T12:00:00
I00608,U0107,C048,quiz_passed,0.86,1.0,0.882,2025-10-21T14:00:00
I00609,U0107,C096,disliked,0.426,0.13,0.522,2025-10-21T16:00:00
I00610,U0107,C057,quiz_passed,0.926,1.0,0.874,2025-10-21T18:00:00
I00611,U0107,C076,quiz_passed,0.919,1.0,0.873,2025-10-21T20:00:00
I00612,U0107,C081,quiz_passed,0.802,1.0,0.794,2025-10-21T22:00:00
I00613,U0108,C092,completed,0.485,1.0,,2025-10-22T00:00:00
I00614,U0108,C047,viewed,0.576,0.68,0.4,2025-10-22T02:00:00
I00615,U0108,C001,completed,0.556,1.0,,2025-10-22T04:00:00
I00616,U0108,C002,completed,0.491,1.0,,2025-10-22T06:00:00
I00617,U0108,C099,viewed,0.182,0.036,,2025-10-22T08:00:00
I00618,U0108,C030,quiz_passed,0.782,1.0,0.621,2025-10-22T10:00:00
I00619,U0108,C090,completed,0.537,1.0,,2025-10-22T12:00:00
I00620,U0108,C092,completed,0.553,1.0,,2025-10-22T14:00:00
I00621,U0109,C098,completed,0.765,1.0,0.555,2025-10-22T16:00:00
I00622,U0109,C063,completed,0.557,1.0,,2025-10-22T18:00:00
I00623,U0109,C057,completed,0.823,1.0,0.703,2025-10-22T20:00:00
I00624,U0109,C070,quiz_passed,0.785,1.0,0.61,2025-10-22T22:00:00
I00625,U0110,C071,quiz_passed,0.79,1.0,0.616,2025-10-23T00:00:00
I00626,U0110,C063,viewed,0.398,0.45,0.347,2025-10-23T02:00:00
I00627,U0110,C061,viewed,0.285,0.094,,2025-10-23T04:00:00
I00628,U0110,C002,disliked,0.29,0.18,0.35,2025-10-23T06:00:00
I00629,U0111,C095,viewed,0.583,0.59,0.542,2025-10-23T08:00:00
I00630,U0111,C047,quiz_passed,0.93,1.0,0.881,2025-10-23T10:00:00
I00631,U0111,C099,viewed,0.668,0.69,0.529,2025-10-23T12:00:00
I00632,U0111,C099,completed,0.832,1.0,0.769,2025-10-23T14:00:00
I00633,U0111,C096,quiz_passed,0.868,1.0,0.765,2025-10-23T16:00:00
I00634,U0111,C072,viewed,0.178,0.039,,2025-10-23T18:00:00
I00635,U0111,C096,quiz_passed,0.832,1.0,0.781,2025-10-23T20:00:00
I00636,U0111,C058,quiz_passed,0.818,1.0,0.826,2025-10-23T22:00:00
I00637,U0111,C008,quiz_passed,0.893,1.0,0.878,2025-10-24T00:00:00
I00638,U0111,C091,completed,0.545,1.0,,2025-10-24T02:00:00
I00639,U0111,C029,completed,0.913,1.0,0.865,2025-10-24T04:00:00
I00640,U0111,C025,completed,0.481,1.0,,2025-10-24T06:00:00
I00641,U0111,C005,viewed,0.138,0.034,,2025-10-24T08:00:00
I00642,U0111,C013,completed,0.533,1.0,,2025-10-24T10:00:00
I00643,U0112,C002,quiz_passed,0.778,1.0,0.696,2025-10-24T12:00:00
I00644,U0112,C074,completed,0.721,1.0,0.488,2025-10-24T14:00:00
I00645,U0112,C099,viewed,0.378,0.32,0.296,2025-10-24T16:00:00
I00646,U0112,C001,completed,0.539,1.0,,2025-10-24T18:00:00
I00647,U0112,C074,viewed,0.204,0.054,,2025-10-24T20:00:00
I00648,U0112,C043,completed,0.474,1.0,,2025-10-24T22:00:00
I00649,U0112,C064,completed,0.506,1.0,,2025-10-25T00:00:00
I00650,U0112,C003,disliked,0.364,0.13,0.388,2025-10-25T02:00:00
I00651,U0112,C016,viewed,0.183,0.018,,2025-10-25T04:00:00
I00652,U0113,C029,completed,0.566,1.0,,2025-10-25T06:00:00
I00653,U0113,C029,quiz_passed,0.791,1.0,0.7,2025-10-25T08:00:00
I00654,U0113,C043,completed,0.772,1.0,0.724,2025-10-25T10:00:00
I00655,U0113,C074,viewed,0.1,0.058,,2025-10-25T12:00:00
I00656,U0113,C045,quiz_passed,0.812,1.0,0.614,2025-10-25T14:00:00
I00657,U0114,C096,viewed,0.23,0.048,,2025-10-25T16:00:00
I00658,U0114,C088,viewed,0.372,0.59,,2025-10-25T18:00:00
I00659,U0114,C079,completed,0.538,1.0,,2025-10-25T20:00:00
I00660,U0114,C029,completed,0.48,1.0,,2025-10-25T22:00:00
I00661,U0114,C063,viewed,0.505,0.51,0.522,2025-10-26T00:00:00
I00662,U0114,C043,completed,0.555,1.0,,2025-10-26T02:00:00
I00663,U0114,C013,quiz_passed,0.778,1.0,0.607,2025-10-26T04:00:00
I00664,U0115,C076,completed,0.492,1.0,,2025-10-26T06:00:00
I00665,U0115,C045,viewed,0.151,0.004,,2025-10-26T08:00:00
I00666,U0115,C058,completed,0.524,1.0,,2025-10-26T10:00:00
I00667,U0115,C088,completed,0.51,1.0,,2025-10-26T12:00:00
I00668,U0115,C088,viewed,0.113,0.008,,2025-10-26T14:00:00
I00669,U0115,C047,quiz_passed,0.762,1.0,0.643,2025-10-26T16:00:00
I00670,U0115,C074,viewed,0.237,0.088,,2025-10-26T18:00:00
I00671,U0115,C005,completed,0.473,1.0,,2025-10-26T20:00:00
I00672,U0116,C002,completed,0.572,1.0,,2025-10-26T22:00:00
I00673,U0116,C088,completed,0.478,1.0,,2025-10-27T00:00:00
I00674,U0116,C091,viewed,0.218,0.083,,2025-10-27T02:00:00
I00675,U0116,C047,viewed,0.176,0.009,,2025-10-27T04:00:00
I00676,U0116,C071,completed,0.479,1.0,,2025-10-27T06:00:00
I00677,U0116,C065,viewed,0.273,0.015,,2025-10-27T08:00:00
I00678,U0116,C043,completed,0.726,1.0,0.569,2025-10-27T10:00:00
I00679,U0117,C095,viewed,0.117,0.036,,2025-10-27T12:00:00
I00680,U0117,C054,disliked,0.216,0.18,,2025-10-27T14:00:00
I00681,U0117,C008,completed,0.559,1.0,,2025-10-27T16:00:00
I00682,U0117,C047,viewed,0.355,0.3,0.315,2025-10-27T18:00:00
I00683,U0117,C048,completed,0.556,1.0,,2025-10-27T20:00:00
I00684,U0117,C002,completed,0.529,1.0,,2025-10-27T22:00:00
I00685,U0118,C095,viewed,0.162,0.066,,2025-10-28T00:00:00
I00686,U0118,C025,completed,0.829,1.0,0.643,2025-10-28T02:00:00
I00687,U0118,C098,viewed,0.132,0.06,,2025-10-28T04:00:00
I00688,U0118,C015,completed,0.788,1.0,0.595,2025-10-28T06:00:00
I00689,U0119,C098,completed,0.556,1.0,,2025-10-28T08:00:00
I00690,U0119,C030,completed,0.546,1.0,,2025-10-28T10:00:00
I00691,U0119,C050,quiz_passed,0.55,0.48,0.722,2025-10-28T12:00:00
I00692,U0119,C046,viewed,0.358,0.53,,2025-10-28T14:00:00
I00693,U0120,C098,viewed,0.297,0.027,,2025-10-28T16:00:00
I00694,U0120,C073,viewed,0.13,0.064,,2025-10-28T18:00:00
I00695,U0120,C017,viewed,0.329,0.61,,2025-10-28T20:00:00
I00696,U0120,C018,viewed,0.105,0.085,,2025-10-28T22:00:00
I00697,U0120,C048,quiz_passed,0.805,1.0,0.672,2025-10-29T00:00:00
I00698,U0120,C095,completed,0.547,1.0,,2025-10-29T02:00:00
I00699,U0121,C096,viewed,0.231,0.087,,2025-10-29T04:00:00
I00700,U0121,C067,completed,0.474,1.0,,2025-10-29T06:00:00
I00701,U0122,C016,viewed,0.15,0.039,,2025-10-29T08:00:00
I00702,U0122,C096,completed,0.655,1.0,0.486,2025-10-29T10:00:00
I00703,U0122,C029,quiz_passed,0.831,1.0,0.676,2025-10-29T12:00:00
I00704,U0122,C057,quiz_passed,0.787,1.0,0.616,2025-10-29T14:00:00
I00705,U0122,C047,viewed,0.184,0.016,,2025-10-29T16:00:00
I00706,U0122,C082,completed,0.557,1.0,,2025-10-29T18:00:00
I00707,U0122,C043,quiz_passed,0.853,1.0,0.695,2025-10-29T20:00:00
I00708,U0123,C082,quiz_passed,0.772,1.0,0.614,2025-10-29T22:00:00
I00709,U0123,C095,viewed,0.404,0.55,0.202,2025-10-30T00:00:00
I00710,U0123,C042,disliked,0.156,0.03,,2025-10-30T02:00:00
I00711,U0123,C048,disliked,0.123,0.12,,2025-10-30T04:00:00
I00712,U0123,C006,completed,0.505,1.0,,2025-10-30T06:00:00
I00713,U0124,C099,completed,0.705,1.0,0.451,2025-10-30T08:00:00
I00714,U0124,C073,viewed,0.332,0.65,,2025-10-30T10:00:00
I00715,U0124,C030,viewed,0.113,0.042,,2025-10-30T12:00:00
I00716,U0124,C051,completed,0.58,1.0,,2025-10-30T14:00:00
I00717,U0124,C074,viewed,0.169,0.097,,2025-10-30T16:00:00
I00718,U0124,C013,viewed,0.421,0.32,0.29,2025-10-30T18:00:00
I00719,U0124,C005,completed,0.519,1.0,,2025-10-30T20:00:00
I00720,U0124,C081,viewed,0.543,0.69,0.262,2025-10-30T22:00:00
I00721,U0124,C071,disliked,0.327,0.02,0.38,2025-10-31T00:00:00
I00722,U0124,C045,viewed,0.284,0.42,,2025-10-31T02:00:00
I00723,U0125,C054,completed,0.466,1.0,,2025-10-31T04:00:00
I00724,U0125,C098,disliked,0.15,0.07,,2025-10-31T06:00:00
I00725,U0125,C067,completed,0.514,1.0,,2025-10-31T08:00:00
I00726,U0125,C095,viewed,0.193,0.081,,2025-10-31T10:00:00
I00727,U0125,C050,completed,0.482,1.0,,2025-10-31T12:00:00
I00728,U0125,C082,viewed,0.257,0.068,,2025-10-31T14:00:00
I00729,U0125,C043,quiz_passed,0.753,1.0,0.643,2025-10-31T16:00:00
I00730,U0126,C098,completed,0.536,1.0,,2025-10-31T18:00:00
I00731,U0126,C095,completed,0.561,1.0,,2025-10-31T20:00:00
I00732,U0126,C042,completed,0.546,1.0,,2025-10-31T22:00:00
I00733,U0127,C003,viewed,0.362,0.26,0.364,2025-11-01T00:00:00
I00734,U0127,C045,viewed,0.298,0.001,,2025-11-01T02:00:00
I00735,U0127,C057,quiz_passed,0.768,1.0,0.624,2025-11-01T04:00:00
I00736,U0127,C010,completed,0.482,1.0,,2025-11-01T06:00:00
I00737,U0128,C015,completed,0.53,1.0,,2025-11-01T08:00:00
I00738,U0128,C081,viewed,0.483,0.52,0.289,2025-11-01T10:00:00
I00739,U0128,C011,completed,0.491,1.0,,2025-11-01T12:00:00
I00740,U0129,C092,completed,0.817,1.0,0.606,2025-11-01T14:00:00
I00741,U0129,C071,quiz_passed,0.738,1.0,0.618,2025-11-01T16:00:00
I00742,U0129,C043,disliked,0.293,0.18,0.352,2025-11-01T18:00:00
I00743,U0129,C015,completed,0.577,1.0,,2025-11-01T20:00:00
I00744,U0129,C025,completed,0.796,1.0,0.565,2025-11-01T22:00:00
I00745,U0129,C017,disliked,0.181,0.05,,2025-11-02T00:00:00
I00746,U0130,C071,viewed,0.161,0.01,,2025-11-02T02:00:00
I00747,U0130,C035,completed,0.528,1.0,,2025-11-02T04:00:00
I00748,U0130,C069,quiz_passed,0.821,1.0,0.616,2025-11-02T06:00:00
I00749,U0130,C002,completed,0.495,1.0,,2025-11-02T08:00:00
I00750,U0130,C089,completed,0.835,1.0,0.656,2025-11-02T10:00:00
I00751,U0131,C099,viewed,0.186,0.003,,2025-11-02T12:00:00
I00752,U0131,C067,completed,0.828,1.0,0.687,2025-11-02T14:00:00
I00753,U0131,C098,viewed,0.277,0.4,,2025-11-02T16:00:00
I00754,U0131,C002,disliked,0.16,0.08,,2025-11-02T18:00:00
I00755,U0131,C009,quiz_passed,0.834,1.0,0.71,2025-11-02T20:00:00
I00756,U0131,C028,completed,0.779,1.0,0.569,2025-11-02T22:00:00
I00757,U0131,C061,quiz_passed,0.789,1.0,0.701,2025-11-03T00:00:00
I00758,U0132,C009,completed,0.58,1.0,,2025-11-03T02:00:00
I00759,U0132,C002,completed,0.524,1.0,,2025-11-03T04:00:00
I00760,U0132,C013,viewed,0.109,0.018,,2025-11-03T06:00:00
I00761,U0132,C029,completed,0.485,1.0,,2025-11-03T08:00:00
I00762,U0132,C005,viewed,0.124,0.011,,2025-11-03T10:00:00
I00763,U0132,C082,completed,0.712,1.0,0.574,2025-11-03T12:00:00
I00764,U0133,C043,completed,0.503,1.0,,2025-11-03T14:00:00
I00765,U0133,C005,completed,0.737,1.0,0.547,2025-11-03T16:00:00
I00766,U0133,C051,completed,0.515,1.0,,2025-11-03T18:00:00
I00767,U0133,C003,disliked,0.146,0.04,,2025-11-03T20:00:00
I00768,U0133,C058,disliked,0.187,0.12,,2025-11-03T22:00:00
I00769,U0134,C098,viewed,0.169,0.055,,2025-11-04T00:00:00
I00770,U0134,C043,completed,0.503,1.0,,2025-11-04T02:00:00
I00771,U0134,C010,completed,0.473,1.0,,2025-11-04T04:00:00
I00772,U0134,C061,completed,0.54,1.0,,2025-11-04T06:00:00
I00773,U0134,C015,viewed,0.588,0.58,0.472,2025-11-04T08:00:00
I00774,U0135,C099,viewed,0.143,0.023,,2025-11-04T10:00:00
I00775,U0135,C053,completed,0.487,1.0,,2025-11-04T12:00:00
I00776,U0135,C065,quiz_passed,0.815,1.0,0.662,2025-11-04T14:00:00
I00777,U0135,C091,completed,0.742,1.0,0.611,2025-11-04T16:00:00
I00778,U0135,C057,completed,0.539,1.0,,2025-11-04T18:00:00
I00779,U0135,C044,viewed,0.339,0.48,,2025-11-04T20:00:00
I00780,U0135,C043,viewed,0.559,0.65,0.413,2025-11-04T22:00:00
I00781,U0136,C061,completed,0.834,1.0,0.656,2025-11-05T00:00:00
I00782,U0136,C096,viewed,0.207,0.054,,2025-11-05T02:00:00
I00783,U0136,C015,disliked,0.145,0.11,,2025-11-05T04:00:00
I00784,U0136,C013,completed,0.701,1.0,0.529,2025-11-05T06:00:00
I00785,U0137,C098,viewed,0.422,0.5,0.368,2025-11-05T08:00:00
I00786,U0137,C067,completed,0.858,1.0,0.702,2025-11-05T10:00:00
I00787,U0137,C050,completed,0.836,1.0,0.775,2025-11-05T12:00:00
I00788,U0138,C097,quiz_passed,0.878,1.0,0.773,2025-11-05T14:00:00
I00789,U0138,C054,completed,0.807,1.0,0.749,2025-11-05T16:00:00
I00790,U0138,C091,completed,0.56,1.0,,2025-11-05T18:00:00
I00791,U0138,C016,completed,0.55,1.0,,2025-11-05T20:00:00
I00792,U0138,C051,completed,0.855,1.0,0.785,2025-11-05T22:00:00
I00793,U0138,C046,completed,0.755,1.0,0.469,2025-11-06T00:00:00
I00794,U0138,C076,disliked,0.286,0.1,0.45,2025-11-06T02:00:00
I00795,U0138,C009,completed,0.57,1.0,,2025-11-06T04:00:00
I00796,U0139,C028,completed,0.543,1.0,,2025-11-06T06:00:00
I00797,U0139,C015,quiz_passed,0.826,1.0,0.656,2025-11-06T08:00:00
I00798,U0139,C001,completed,0.77,1.0,0.587,2025-11-06T10:00:00
I00799,U0139,C064,completed,0.81,1.0,0.665,2025-11-06T12:00:00
I00800,U0139,C057,completed,0.493,1.0,,2025-11-06T14:00:00
I00801,U0140,C061,completed,0.835,1.0,0.654,2025-11-06T16:00:00
I00802,U0140,C013,viewed,0.246,0.046,,2025-11-06T18:00:00
I00803,U0141,C098,viewed,0.382,0.45,0.198,2025-11-06T20:00:00
I00804,U0141,C095,viewed,0.138,0.078,,2025-11-06T22:00:00
I00805,U0141,C057,completed,0.467,1.0,,2025-11-07T00:00:00
I00806,U0141,C088,viewed,0.231,0.03,,2025-11-07T02:00:00
I00807,U0142,C097,quiz_passed,0.821,1.0,0.613,2025-11-07T04:00:00
I00808,U0142,C095,viewed,0.285,0.069,,2025-11-07T06:00:00
I00809,U0142,C018,viewed,0.203,0.28,,2025-11-07T08:00:00
I00810,U0142,C051,completed,0.468,1.0,,2025-11-07T10:00:00
I00811,U0142,C018,quiz_passed,0.829,1.0,0.64,2025-11-07T12:00:00
I00812,U0142,C092,viewed,0.274,0.003,,2025-11-07T14:00:00
I00813,U0142,C057,completed,0.525,1.0,,2025-11-07T16:00:00
I00814,U0143,C099,viewed,0.106,0.008,,2025-11-07T18:00:00
I00815,U0143,C001,viewed,0.537,0.64,0.377,2025-11-07T20:00:00
I00816,U0143,C064,quiz_passed,0.793,1.0,0.655,2025-11-07T22:00:00
I00817,U0143,C005,completed,0.527,1.0,,2025-11-08T00:00:00
I00818,U0143,C074,viewed,0.317,0.29,0.201,2025-11-08T02:00:00
I00819,U0144,C099,completed,0.74,1.0,0.676,2025-11-08T04:00:00
I00820,U0144,C095,viewed,0.315,0.6,,2025-11-08T06:00:00
I00821,U0144,C096,completed,0.564,1.0,,2025-11-08T08:00:00
I00822,U0144,C049,completed,0.518,1.0,,2025-11-08T10:00:00
I00823,U0145,C096,viewed,0.378,0.46,0.309,2025-11-08T12:00:00
I00824,U0145,C028,completed,0.533,1.0,,2025-11-08T14:00:00
I00825,U0145,C099,viewed,0.156,0.018,,2025-11-08T16:00:00
I00826,U0145,C057,quiz_passed,0.75,1.0,0.627,2025-11-08T18:00:00
I00827,U0145,C011,quiz_passed,0.845,1.0,0.695,2025-11-08T20:00:00
I00828,U0145,C029,completed,0.694,1.0,0.581,2025-11-08T22:00:00
I00829,U0145,C047,quiz_passed,0.823,1.0,0.656,2025-11-09T00:00:00
I00830,U0145,C066,viewed,0.279,0.069,,2025-11-09T02:00:00
I00831,U0146,C048,viewed,0.581,0.64,0.437,2025-11-09T04:00:00
I00832,U0146,C028,completed,0.478,1.0,,2025-11-09T06:00:00
I00833,U0146,C063,viewed,0.342,0.57,,2025-11-09T08:00:00
I00834,U0147,C051,quiz_passed,0.853,1.0,0.8,2025-11-09T10:00:00
I00835,U0147,C044,completed,0.757,1.0,0.588,2025-11-09T12:00:00
I00836,U0147,C073,viewed,0.226,0.005,,2025-11-09T14:00:00
I00837,U0147,C013,completed,0.832,1.0,0.678,2025-11-09T16:00:00
I00838,U0147,C044,disliked,0.234,0.06,0.325,2025-11-09T18:00:00
I00839,U0147,C082,completed,0.873,1.0,0.774,2025-11-09T20:00:00
I00840,U0147,C013,viewed,0.138,0.037,,2025-11-09T22:00:00
I00841,U0147,C075,completed,0.718,1.0,0.593,2025-11-10T00:00:00
I00842,U0148,C006,quiz_passed,0.808,1.0,0.676,2025-11-10T02:00:00
I00843,U0148,C095,viewed,0.13,0.017,,2025-11-10T04:00:00
I00844,U0148,C064,completed,0.579,1.0,,2025-11-10T06:00:00
I00845,U0148,C096,disliked,0.254,0.07,0.233,2025-11-10T08:00:00
I00846,U0148,C047,viewed,0.435,0.56,0.317,2025-11-10T10:00:00
I00847,U0148,C096,viewed,0.29,0.092,,2025-11-10T12:00:00
I00848,U0148,C095,completed,0.628,1.0,0.404,2025-11-10T14:00:00
I00849,U0148,C016,quiz_passed,0.769,1.0,0.616,2025-11-10T16:00:00
I00850,U0148,C061,viewed,0.286,0.49,,2025-11-10T18:00:00
I00851,U0149,C017,quiz_passed,0.756,1.0,0.701,2025-11-10T20:00:00
I00852,U0149,C047,quiz_passed,0.76,1.0,0.612,2025-11-10T22:00:00
I00853,U0149,C011,quiz_passed,0.771,1.0,0.661,2025-11-11T00:00:00
I00854,U0149,C067,completed,0.573,1.0,,2025-11-11T02:00:00
I00855,U0150,C051,quiz_passed,0.767,1.0,0.7,2025-11-11T04:00:00
I00856,U0150,C081,viewed,0.126,0.085,,2025-11-11T06:00:00
I00857,U0150,C043,disliked,0.195,0.19,,2025-11-11T08:00:00
I00858,U0150,C030,completed,0.471,1.0,,2025-11-11T10:00:00
I00859,U0150,C017,viewed,0.223,0.39,,2025-11-11T12:00:00
I00860,U0151,C098,completed,0.543,1.0,,2025-11-11T14:00:00
I00861,U0151,C099,completed,0.84,1.0,0.721,2025-11-11T16:00:00
I00862,U0151,C099,viewed,0.552,0.48,0.596,2025-11-11T18:00:00
I00863,U0151,C042,completed,0.549,1.0,,2025-11-11T20:00:00
I00864,U0152,C098,disliked,0.356,0.1,0.408,2025-11-11T22:00:00
I00865,U0152,C063,quiz_passed,0.855,1.0,0.733,2025-11-12T00:00:00
I00866,U0152,C001,viewed,0.126,0.026,,2025-11-12T02:00:00
I00867,U0152,C096,completed,0.542,1.0,,2025-11-12T04:00:00
I00868,U0152,C092,completed,0.838,1.0,0.747,2025-11-12T06:00:00
I00869,U0152,C028,viewed,0.214,0.002,,2025-11-12T08:00:00
I00870,U0152,C061,disliked,0.141,0.13,,2025-11-12T10:00:00
I00871,U0152,C016,completed,0.477,1.0,,2025-11-12T12:00:00
I00872,U0153,C054,viewed,0.326,0.53,,2025-11-12T14:00:00
I00873,U0153,C047,viewed,0.289,0.004,,2025-11-12T16:00:00
I00874,U0153,C064,viewed,0.349,0.56,,2025-11-12T18:00:00
I00875,U0153,C029,quiz_passed,0.736,1.0,0.646,2025-11-12T20:00:00
I00876,U0153,C064,viewed,0.535,0.47,0.429,2025-11-12T22:00:00
I00877,U0153,C098,completed,0.728,1.0,0.498,2025-11-13T00:00:00
I00878,U0154,C096,quiz_passed,0.82,1.0,0.665,2025-11-13T02:00:00
I00879,U0154,C092,completed,0.794,1.0,0.796,2025-11-13T04:00:00
I00880,U0154,C095,viewed,0.275,0.016,,2025-11-13T06:00:00
I00881,U0154,C001,quiz_passed,0.872,1.0,0.755,2025-11-13T08:00:00
I00882,U0155,C011,completed,0.765,1.0,0.607,2025-11-13T10:00:00
I00883,U0155,C096,viewed,0.418,0.55,0.256,2025-11-13T12:00:00
I00884,U0155,C049,completed,0.575,1.0,,2025-11-13T14:00:00
I00885,U0155,C061,completed,0.561,1.0,,2025-11-13T16:00:00
I00886,U0155,C061,completed,0.816,1.0,0.626,2025-11-13T18:00:00
I00887,U0155,C010,completed,0.669,1.0,0.519,2025-11-13T20:00:00
I00888,U0156,C050,viewed,0.233,0.32,,2025-11-13T22:00:00
I00889,U0156,C011,completed,0.525,1.0,,2025-11-14T00:00:00
I00890,U0156,C018,quiz_passed,0.849,1.0,0.673,2025-11-14T02:00:00
I00891,U0156,C045,completed,0.672,1.0,0.443,2025-11-14T04:00:00
I00892,U0156,C048,viewed,0.359,0.27,0.356,2025-11-14T06:00:00
I00893,U0157,C035,completed,0.762,1.0,0.561,2025-11-14T08:00:00
I00894,U0157,C043,quiz_passed,0.751,1.0,0.645,2025-11-14T10:00:00
I00895,U0157,C098,viewed,0.229,0.022,,2025-11-14T12:00:00
I00896,U0157,C063,completed,0.742,1.0,0.574,2025-11-14T14:00:00
I00897,U0157,C029,completed,0.826,1.0,0.667,2025-11-14T16:00:00
I00898,U0158,C095,completed,0.473,1.0,,2025-11-14T18:00:00
I00899,U0158,C017,completed,0.559,1.0,,2025-11-14T20:00:00
I00900,U0158,C099,viewed,0.317,0.38,,2025-11-14T22:00:00
I00901,U0158,C097,completed,0.52,1.0,,2025-11-15T00:00:00
I00902,U0158,C028,completed,0.746,1.0,0.588,2025-11-15T02:00:00
I00903,U0158,C006,completed,0.805,1.0,0.573,2025-11-15T04:00:00
I00904,U0158,C035,disliked,0.252,0.19,,2025-11-15T06:00:00
I00905,U0158,C099,viewed,0.2,0.03,,2025-11-15T08:00:00
I00906,U0159,C096,viewed,0.451,0.31,0.434,2025-11-15T10:00:00
I00907,U0159,C066,quiz_passed,0.776,1.0,0.786,2025-11-15T12:00:00
I00908,U0159,C051,completed,0.772,1.0,0.779,2025-11-15T14:00:00
I00909,U0159,C048,completed,0.468,1.0,,2025-11-15T16:00:00
I00910,U0160,C095,completed,0.718,1.0,0.492,2025-11-15T18:00:00
I00911,U0160,C018,viewed,0.244,0.45,,2025-11-15T20:00:00
I00912,U0160,C048,quiz_passed,0.752,1.0,0.601,2025-11-15T22:00:00
I00913,U0160,C047,viewed,0.11,0.099,,2025-11-16T00:00:00
I00914,U0161,C095,completed,0.525,1.0,,2025-11-16T02:00:00
I00915,U0161,C049,completed,0.573,1.0,,2025-11-16T04:00:00
I00916,U0161,C082,quiz_passed,0.789,1.0,0.813,2025-11-16T06:00:00
I00917,U0161,C095,completed,0.578,1.0,,2025-11-16T08:00:00
I00918,U0162,C098,completed,0.49,1.0,,2025-11-16T10:00:00
I00919,U0162,C099,quiz_passed,0.833,1.0,0.707,2025-11-16T12:00:00
I00920,U0162,C099,viewed,0.463,0.28,0.475,2025-11-16T14:00:00
I00921,U0162,C015,quiz_passed,0.873,1.0,0.82,2025-11-16T16:00:00
I00922,U0162,C046,completed,0.486,1.0,,2025-11-16T18:00:00
I00923,U0162,C001,quiz_passed,0.845,1.0,0.846,2025-11-16T20:00:00
I00924,U0162,C091,completed,0.874,1.0,0.863,2025-11-16T22:00:00
I00925,U0162,C005,completed,0.78,1.0,0.715,2025-11-17T00:00:00
I00926,U0162,C054,quiz_passed,0.813,1.0,0.835,2025-11-17T02:00:00
I00927,U0162,C074,viewed,0.567,0.55,0.454,2025-11-17T04:00:00
I00928,U0162,C062,quiz_passed,0.895,1.0,0.886,2025-11-17T06:00:00
I00929,U0162,C036,quiz_passed,0.837,1.0,0.734,2025-11-17T08:00:00
I00930,U0162,C095,completed,0.812,1.0,0.774,2025-11-17T10:00:00
I00931,U0163,C028,viewed,0.317,0.6,,2025-11-17T12:00:00
I00932,U0163,C042,completed,0.56,1.0,,2025-11-17T14:00:00
I00933,U0163,C098,viewed,0.303,0.54,,2025-11-17T16:00:00
I00934,U0163,C095,viewed,0.402,0.63,,2025-11-17T18:00:00
I00935,U0163,C057,viewed,0.265,0.025,,2025-11-17T20:00:00
I00936,U0164,C071,quiz_passed,0.894,1.0,0.812,2025-11-17T22:00:00
I00937,U0164,C002,completed,0.499,1.0,,2025-11-18T00:00:00
I00938,U0164,C063,completed,0.523,1.0,,2025-11-18T02:00:00
I00939,U0164,C089,completed,0.528,1.0,,2025-11-18T04:00:00
I00940,U0165,C057,completed,0.528,1.0,,2025-11-18T06:00:00
I00941,U0165,C096,quiz_passed,0.784,1.0,0.781,2025-11-18T08:00:00
I00942,U0165,C073,quiz_passed,0.838,1.0,0.886,2025-11-18T10:00:00
I00943,U0165,C018,quiz_passed,0.894,1.0,0.829,2025-11-18T12:00:00
I00944,U0166,C051,completed,0.527,1.0,,2025-11-18T14:00:00
I00945,U0166,C045,viewed,0.19,0.088,,2025-11-18T16:00:00
I00946,U0166,C008,viewed,0.235,0.019,,2025-11-18T18:00:00
I00947,U0166,C010,viewed,0.27,0.065,,2025-11-18T20:00:00
I00948,U0167,C099,completed,0.833,1.0,0.759,2025-11-18T22:00:00
I00949,U0167,C057,quiz_passed,0.897,1.0,0.867,2025-11-19T00:00:00
I00950,U0167,C091,completed,0.512,1.0,,2025-11-19T02:00:00
I00951,U0167,C006,quiz_passed,0.829,1.0,0.858,2025-11-19T04:00:00
I00952,U0167,C047,quiz_passed,0.841,1.0,0.855,2025-11-19T06:00:00
I00953,U0167,C005,completed,0.768,1.0,0.738,2025-11-19T08:00:00
I00954,U0168,C066,completed,0.852,1.0,0.686,2025-11-19T10:00:00
I00955,U0168,C030,quiz_passed,0.79,1.0,0.687,2025-11-19T12:00:00
I00956,U0168,C099,viewed,0.278,0.004,,2025-11-19T14:00:00
I00957,U0168,C053,completed,0.486,1.0,,2025-11-19T16:00:00
I00958,U0168,C061,quiz_passed,0.845,1.0,0.694,2025-11-19T18:00:00
I00959,U0169,C042,completed,0.502,1.0,,2025-11-19T20:00:00
I00960,U0169,C065,quiz_passed,0.811,1.0,0.857,2025-11-19T22:00:00
I00961,U0169,C066,completed,0.85,1.0,0.885,2025-11-20T00:00:00
I00962,U0169,C061,quiz_passed,0.854,1.0,0.817,2025-11-20T02:00:00
I00963,U0170,C015,disliked,0.306,0.08,0.422,2025-11-20T04:00:00
I00964,U0170,C016,quiz_passed,0.742,1.0,0.642,2025-11-20T06:00:00
I00965,U0170,C090,viewed,0.252,0.051,,2025-11-20T08:00:00
I00966,U0170,C073,completed,0.54,1.0,,2025-11-20T10:00:00
I00967,U0170,C044,viewed,0.35,0.68,,2025-11-20T12:00:00
I00968,U0170,C043,completed,0.496,1.0,,2025-11-20T14:00:00
I00969,U0170,C045,disliked,0.339,0.17,0.29,2025-11-20T16:00:00
I00970,U0171,C062,completed,0.845,1.0,0.778,2025-11-20T18:00:00
I00971,U0171,C025,completed,0.465,1.0,,2025-11-20T20:00:00
I00972,U0171,C042,completed,0.484,1.0,,2025-11-20T22:00:00
I00973,U0171,C082,quiz_passed,0.858,1.0,0.738,2025-11-21T00:00:00
I00974,U0171,C057,completed,0.87,1.0,0.74,2025-11-21T02:00:00
I00975,U0172,C066,completed,0.787,1.0,0.777,2025-11-21T04:00:00
I00976,U0172,C018,completed,0.497,1.0,,2025-11-21T06:00:00
I00977,U0172,C057,completed,0.843,1.0,0.717,2025-11-21T08:00:00
I00978,U0172,C035,quiz_passed,0.799,1.0,0.703,2025-11-21T10:00:00
I00979,U0172,C053,quiz_passed,0.806,1.0,0.784,2025-11-21T12:00:00
I00980,U0172,C015,completed,0.502,1.0,,2025-11-21T14:00:00
I00981,U0173,C096,viewed,0.231,0.077,,2025-11-21T16:00:00
I00982,U0173,C095,viewed,0.205,0.044,,2025-11-21T18:00:00
I00983,U0173,C095,viewed,0.252,0.042,,2025-11-21T20:00:00
I00984,U0173,C057,completed,0.468,1.0,,2025-11-21T22:00:00
I00985,U0173,C098,viewed,0.201,0.099,,2025-11-22T00:00:00
I00986,U0173,C098,completed,0.522,1.0,,2025-11-22T02:00:00
I00987,U0173,C042,completed,0.517,1.0,,2025-11-22T04:00:00
I00988,U0173,C096,viewed,0.207,0.25,,2025-11-22T06:00:00
I00989,U0173,C095,viewed,0.24,0.22,,2025-11-22T08:00:00
I00990,U0174,C029,completed,0.523,1.0,,2025-11-22T10:00:00
I00991,U0174,C017,quiz_passed,0.836,1.0,0.697,2025-11-22T12:00:00
I00992,U0174,C095,viewed,0.332,0.39,0.243,2025-11-22T14:00:00
I00993,U0175,C073,viewed,0.167,0.081,,2025-11-22T16:00:00
I00994,U0175,C008,viewed,0.273,0.5,,2025-11-22T18:00:00
I00995,U0175,C017,quiz_passed,0.764,1.0,0.687,2025-11-22T20:00:00
I00996,U0175,C095,completed,0.578,1.0,,2025-11-22T22:00:00
I00997,U0175,C098,viewed,0.171,0.052,,2025-11-23T00:00:00
I00998,U0176,C096,viewed,0.378,0.56,0.203,2025-11-23T02:00:00
I00999,U0176,C066,completed,0.494,1.0,,2025-11-23T04:00:00
I01000,U0176,C082,viewed,0.193,0.083,,2025-11-23T06:00:00
I01001,U0176,C003,completed,0.759,1.0,0.695,2025-11-23T08:00:00
I01002,U0176,C092,completed,0.803,1.0,0.63,2025-11-23T10:00:00
I01003,U0177,C058,quiz_passed,0.821,1.0,0.67,2025-11-23T12:00:00
I01004,U0177,C064,quiz_passed,0.709,1.0,0.621,2025-11-23T14:00:00
I01005,U0177,C099,viewed,0.231,0.004,,2025-11-23T16:00:00
I01006,U0177,C091,completed,0.569,1.0,,2025-11-23T18:00:00
I01007,U0177,C063,quiz_passed,0.801,1.0,0.683,2025-11-23T20:00:00
I01008,U0177,C014,completed,0.721,1.0,0.555,2025-11-23T22:00:00
I01009,U0177,C089,disliked,0.305,0.18,0.289,2025-11-24T00:00:00
I01010,U0178,C030,viewed,0.29,0.031,,2025-11-24T02:00:00
I01011,U0178,C016,quiz_passed,0.746,1.0,0.627,2025-11-24T04:00:00
I01012,U0178,C042,completed,0.478,1.0,,2025-11-24T06:00:00
I01013,U0178,C053,completed,0.778,1.0,0.599,2025-11-24T08:00:00
I01014,U0178,C082,quiz_passed,0.817,1.0,0.669,2025-11-24T10:00:00
I01015,U0178,C051,viewed,0.279,0.068,,2025-11-24T12:00:00
I01016,U0179,C096,disliked,0.284,0.05,0.306,2025-11-24T14:00:00
I01017,U0179,C099,viewed,0.244,0.064,,2025-11-24T16:00:00
I01018,U0179,C092,completed,0.518,1.0,,2025-11-24T18:00:00
I01019,U0179,C063,disliked,0.272,0.04,0.402,2025-11-24T20:00:00
I01020,U0179,C096,completed,0.534,1.0,,2025-11-24T22:00:00
I01021,U0179,C070,viewed,0.264,0.073,,2025-11-25T00:00:00
I01022,U0179,C029,viewed,0.2,0.072,,2025-11-25T02:00:00
I01023,U0180,C030,quiz_passed,0.84,1.0,0.795,2025-11-25T04:00:00
I01024,U0180,C065,completed,0.567,1.0,,2025-11-25T06:00:00
I01025,U0180,C053,viewed,0.227,0.03,,2025-11-25T08:00:00
I01026,U0180,C002,completed,0.56,1.0,,2025-11-25T10:00:00
I01027,U0180,C066,completed,0.542,1.0,,2025-11-25T12:00:00
I01028,U0180,C057,completed,0.549,1.0,,2025-11-25T14:00:00
I01029,U0180,C090,completed,0.794,1.0,0.669,2025-11-25T16:00:00
I01030,U0180,C092,completed,0.533,1.0,,2025-11-25T18:00:00
I01031,U0180,C064,completed,0.526,1.0,,2025-11-25T20:00:00
I01032,U0180,C046,viewed,0.374,0.57,,2025-11-25T22:00:00
I01033,U0181,C001,viewed,0.264,0.025,,2025-11-26T00:00:00
I01034,U0181,C099,completed,0.703,1.0,0.436,2025-11-26T02:00:00
I01035,U0181,C002,quiz_passed,0.791,1.0,0.602,2025-11-26T04:00:00
I01036,U0181,C003,completed,0.578,1.0,,2025-11-26T06:00:00
I01037,U0181,C081,completed,0.513,1.0,,2025-11-26T08:00:00
I01038,U0181,C010,completed,0.505,1.0,,2025-11-26T10:00:00
I01039,U0181,C029,viewed,0.374,0.27,0.375,2025-11-26T12:00:00
I01040,U0182,C016,completed,0.52,1.0,,2025-11-26T14:00:00
I01041,U0182,C028,viewed,0.266,0.043,,2025-11-26T16:00:00
I01042,U0183,C016,disliked,0.081,0.01,,2025-11-26T18:00:00
I01043,U0183,C018,completed,0.556,1.0,,2025-11-26T20:00:00
I01044,U0183,C001,completed,0.563,1.0,,2025-11-26T22:00:00
I01045,U0183,C003,completed,0.532,1.0,,2025-11-27T00:00:00
I01046,U0183,C013,completed,0.508,1.0,,2025-11-27T02:00:00
I01047,U0183,C044,completed,0.703,1.0,0.47,2025-11-27T04:00:00
I01048,U0183,C011,completed,0.471,1.0,,2025-11-27T06:00:00
I01049,U0183,C015,viewed,0.194,0.042,,2025-11-27T08:00:00
I01050,U0183,C098,viewed,0.265,0.05,,2025-11-27T10:00:00
I01051,U0183,C081,completed,0.673,1.0,0.443,2025-11-27T12:00:00
I01052,U0183,C053,viewed,0.279,0.45,,2025-11-27T14:00:00
I01053,U0184,C061,completed,0.544,1.0,,2025-11-27T16:00:00
I01054,U0184,C018,completed,0.497,1.0,,2025-11-27T18:00:00
I01055,U0184,C045,quiz_passed,0.811,1.0,0.761,2025-11-27T20:00:00
I01056,U0185,C096,disliked,0.212,0.16,,2025-11-27T22:00:00
I01057,U0185,C098,viewed,0.498,0.6,0.376,2025-11-28T00:00:00
I01058,U0185,C029,completed,0.573,1.0,,2025-11-28T02:00:00
I01059,U0185,C073,completed,0.752,1.0,0.719,2025-11-28T04:00:00
I01060,U0185,C076,completed,0.537,1.0,,2025-11-28T06:00:00
I01061,U0186,C095,completed,0.512,1.0,,2025-11-28T08:00:00
I01062,U0186,C047,quiz_passed,0.876,1.0,0.867,2025-11-28T10:00:00
I01063,U0186,C050,quiz_passed,0.88,1.0,0.839,2025-11-28T12:00:00
I01064,U0186,C072,quiz_passed,0.884,1.0,0.874,2025-11-28T14:00:00
I01065,U0186,C009,quiz_passed,0.855,1.0,0.838,2025-11-28T16:00:00
I01066,U0186,C013,completed,0.498,1.0,,2025-11-28T18:00:00
I01067,U0186,C009,quiz_passed,0.879,1.0,0.834,2025-11-28T20:00:00
I01068,U0186,C073,completed,0.513,1.0,,2025-11-28T22:00:00
I01069,U0187,C096,completed,0.767,1.0,0.552,2025-11-29T00:00:00
I01070,U0187,C098,completed,0.574,1.0,,2025-11-29T02:00:00
I01071,U0187,C006,quiz_passed,0.888,1.0,0.8,2025-11-29T04:00:00
I01072,U0187,C016,completed,0.871,1.0,0.742,2025-11-29T06:00:00
I01073,U0187,C081,completed,0.844,1.0,0.661,2025-11-29T08:00:00
I01074,U0187,C030,viewed,0.365,0.66,,2025-11-29T10:00:00
I01075,U0187,C030,completed,0.474,1.0,,2025-11-29T12:00:00
I01076,U0187,C076,completed,0.856,1.0,0.785,2025-11-29T14:00:00
I01077,U0187,C016,completed,0.47,1.0,,2025-11-29T16:00:00
I01078,U0188,C099,completed,0.533,1.0,,2025-11-29T18:00:00
I01079,U0188,C001,quiz_passed,0.905,1.0,0.814,2025-11-29T20:00:00
I01080,U0188,C003,quiz_passed,0.848,1.0,0.826,2025-11-29T22:00:00
I01081,U0188,C065,quiz_passed,0.901,1.0,0.82,2025-11-30T00:00:00
I01082,U0188,C025,quiz_passed,0.84,1.0,0.828,2025-11-30T02:00:00
I01083,U0188,C090,quiz_passed,0.888,1.0,0.811,2025-11-30T04:00:00
I01084,U0188,C046,quiz_passed,0.774,1.0,0.625,2025-11-30T06:00:00
I01085,U0188,C046,completed,0.744,1.0,0.595,2025-11-30T08:00:00
I01086,U0188,C050,completed,0.5,1.0,,2025-11-30T10:00:00
I01087,U0188,C018,quiz_passed,0.826,1.0,0.875,2025-11-30T12:00:00
I01088,U0188,C090,quiz_passed,0.773,1.0,0.734,2025-11-30T14:00:00
I01089,U0188,C082,completed,0.489,1.0,,2025-11-30T16:00:00
I01090,U0188,C095,quiz_passed,0.784,1.0,0.693,2025-11-30T18:00:00
I01091,U0189,C017,viewed,0.302,0.58,,2025-11-30T20:00:00
I01092,U0189,C096,viewed,0.188,0.068,,2025-11-30T22:00:00
I01093,U0189,C002,quiz_passed,0.748,1.0,0.672,2025-12-01T00:00:00
I01094,U0189,C067,viewed,0.201,0.036,,2025-12-01T02:00:00
I01095,U0190,C095,viewed,0.196,0.028,,2025-12-01T04:00:00
I01096,U0190,C006,quiz_passed,0.82,1.0,0.639,2025-12-01T06:00:00
I01097,U0190,C082,viewed,0.275,0.27,,2025-12-01T08:00:00
I01098,U0190,C042,viewed,0.461,0.33,0.417,2025-12-01T10:00:00
I01099,U0190,C050,viewed,0.193,0.024,,2025-12-01T12:00:00
I01100,U0190,C064,viewed,0.133,0.037,,2025-12-01T14:00:00
I01101,U0191,C064,quiz_passed,0.897,1.0,0.877,2025-12-01T16:00:00
I01102,U0191,C001,completed,0.495,1.0,,2025-12-01T18:00:00
I01103,U0191,C046,viewed,0.315,0.46,,2025-12-01T20:00:00
I01104,U0191,C075,quiz_passed,0.79,1.0,0.723,2025-12-01T22:00:00
I01105,U0191,C092,viewed,0.253,0.054,,2025-12-02T00:00:00
I01106,U0192,C065,quiz_passed,0.831,1.0,0.632,2025-12-02T02:00:00
I01107,U0192,C095,completed,0.772,1.0,0.539,2025-12-02T04:00:00
I01108,U0192,C091,quiz_passed,0.817,1.0,0.615,2025-12-02T06:00:00
I01109,U0192,C076,completed,0.531,1.0,,2025-12-02T08:00:00
I01110,U0193,C098,viewed,0.495,0.65,0.289,2025-12-02T10:00:00
I01111,U0193,C061,quiz_passed,0.825,1.0,0.681,2025-12-02T12:00:00
I01112,U0193,C057,disliked,0.323,0.09,0.31,2025-12-02T14:00:00
I01113,U0193,C063,viewed,0.228,0.022,,2025-12-02T16:00:00
I01114,U0193,C073,completed,0.471,1.0,,2025-12-02T18:00:00
I01115,U0193,C003,quiz_passed,0.85,1.0,0.681,2025-12-02T20:00:00
I01116,U0193,C088,viewed,0.408,0.32,0.356,2025-12-02T22:00:00
I01117,U0193,C049,viewed,0.449,0.36,0.317,2025-12-03T00:00:00
I01118,U0194,C076,quiz_passed,0.803,1.0,0.787,2025-12-03T02:00:00
I01119,U0194,C025,viewed,0.217,0.055,,2025-12-03T04:00:00
I01120,U0194,C074,viewed,0.473,0.45,0.372,2025-12-03T06:00:00
I01121,U0194,C046,viewed,0.136,0.006,,2025-12-03T08:00:00
I01122,U0194,C046,viewed,0.245,0.25,,2025-12-03T10:00:00
I01123,U0195,C071,quiz_passed,0.907,1.0,0.821,2025-12-03T12:00:00
I01124,U0195,C047,quiz_passed,0.448,0.31,0.601,2025-12-03T14:00:00
I01125,U0195,C008,completed,0.559,1.0,,2025-12-03T16:00:00
I01126,U0195,C046,completed,0.469,1.0,,2025-12-03T18:00:00
I01127,U0195,C009,completed,0.461,1.0,,2025-12-03T20:00:00
I01128,U0195,C092,quiz_passed,0.915,1.0,0.87,2025-12-03T22:00:00
I01129,U0195,C057,quiz_passed,0.905,1.0,0.86,2025-12-04T00:00:00
I01130,U0195,C050,viewed,0.328,0.44,,2025-12-04T02:00:00
I01131,U0195,C075,quiz_passed,0.82,1.0,0.809,2025-12-04T04:00:00
I01132,U0196,C025,completed,0.522,1.0,,2025-12-04T06:00:00
I01133,U0196,C065,viewed,0.151,0.2,,2025-12-04T08:00:00
I01134,U0196,C099,completed,0.828,1.0,0.729,2025-12-04T10:00:00
I01135,U0196,C076,quiz_passed,0.819,1.0,0.875,2025-12-04T12:00:00
I01136,U0197,C057,completed,0.792,1.0,0.614,2025-12-04T14:00:00
I01137,U0197,C099,completed,0.48,1.0,,2025-12-04T16:00:00
I01138,U0197,C053,completed,0.562,1.0,,2025-12-04T18:00:00
I01139,U0197,C025,viewed,0.388,0.4,0.409,2025-12-04T20:00:00
I01140,U0197,C016,completed,0.524,1.0,,2025-12-04T22:00:00
I01141,U0198,C016,quiz_passed,0.841,1.0,0.754,2025-12-05T00:00:00
I01142,U0198,C075,viewed,0.455,0.69,,2025-12-05T02:00:00
I01143,U0199,C096,completed,0.767,1.0,0.516,2025-12-05T04:00:00
I01144,U0199,C006,completed,0.707,1.0,0.609,2025-12-05T06:00:00
I01145,U0200,C076,quiz_passed,0.793,1.0,0.827,2025-12-05T08:00:00
I01146,U0200,C013,quiz_passed,0.766,1.0,0.712,2025-12-05T10:00:00
I01147,U0200,C042,completed,0.857,1.0,0.861,2025-12-05T12:00:00
I01148,U0200,C064,quiz_passed,0.921,1.0,0.866,2025-12-05T14:00:00
I01149,U0201,C028,quiz_passed,0.903,1.0,0.847,2025-12-05T16:00:00
I01150,U0201,C051,completed,0.497,1.0,,2025-12-05T18:00:00
I01151,U0201,C082,viewed,0.214,0.085,,2025-12-05T20:00:00
I01152,U0201,C081,completed,0.836,1.0,0.771,2025-12-05T22:00:00
I01153,U0201,C013,completed,0.777,1.0,0.753,2025-12-06T00:00:00
I01154,U0201,C046,completed,0.495,1.0,,2025-12-06T02:00:00
I01155,U0202,C098,viewed,0.272,0.014,,2025-12-06T04:00:00
I01156,U0202,C098,viewed,0.143,0.073,,2025-12-06T06:00:00
I01157,U0202,C065,completed,0.759,1.0,0.645,2025-12-06T08:00:00
I01158,U0202,C008,viewed,0.284,0.086,,2025-12-06T10:00:00
I01159,U0202,C098,viewed,0.186,0.097,,2025-12-06T12:00:00
I01160,U0202,C009,completed,0.712,1.0,0.609,2025-12-06T14:00:00
I01161,U0202,C076,completed,0.814,1.0,0.62,2025-12-06T16:00:00
I01162,U0203,C011,completed,0.809,1.0,0.781,2025-12-06T18:00:00
I01163,U0203,C098,disliked,0.177,0.14,,2025-12-06T20:00:00
I01164,U0203,C048,quiz_passed,0.778,1.0,0.746,2025-12-06T22:00:00
I01165,U0203,C091,completed,0.799,1.0,0.764,2025-12-07T00:00:00
I01166,U0203,C046,viewed,0.238,0.022,,2025-12-07T02:00:00
I01167,U0203,C046,completed,0.555,1.0,,2025-12-07T04:00:00
I01168,U0203,C071,completed,0.49,1.0,,2025-12-07T06:00:00
I01169,U0203,C006,completed,0.536,1.0,,2025-12-07T08:00:00
I01170,U0204,C054,completed,0.499,1.0,,2025-12-07T10:00:00
I01171,U0204,C073,completed,0.468,1.0,,2025-12-07T12:00:00
I01172,U0204,C099,quiz_passed,0.795,1.0,0.661,2025-12-07T14:00:00
I01173,U0204,C029,completed,0.462,1.0,,2025-12-07T16:00:00
I01174,U0204,C096,completed,0.46,1.0,,2025-12-07T18:00:00
I01175,U0204,C063,completed,0.83,1.0,0.707,2025-12-07T20:00:00
I01176,U0204,C025,completed,0.478,1.0,,2025-12-07T22:00:00
I01177,U0205,C095,disliked,0.241,0.18,0.26,2025-12-08T00:00:00
I01178,U0205,C099,disliked,0.223,0.03,0.267,2025-12-08T02:00:00
I01179,U0205,C098,completed,0.706,1.0,0.417,2025-12-08T04:00:00
I01180,U0205,C002,quiz_passed,0.746,1.0,0.664,2025-12-08T06:00:00
I01181,U0205,C074,completed,0.75,1.0,0.5,2025-12-08T08:00:00
I01182,U0206,C096,completed,0.667,1.0,0.443,2025-12-08T10:00:00
I01183,U0206,C067,quiz_passed,0.801,1.0,0.65,2025-12-08T12:00:00
I01184,U0206,C057,completed,0.724,1.0,0.599,2025-12-08T14:00:00
I01185,U0206,C017,completed,0.507,1.0,,2025-12-08T16:00:00
I01186,U0207,C099,viewed,0.24,0.094,,2025-12-08T18:00:00
I01187,U0207,C096,completed,0.77,1.0,0.617,2025-12-08T20:00:00
I01188,U0207,C098,viewed,0.47,0.56,0.319,2025-12-08T22:00:00
I01189,U0207,C095,viewed,0.117,0.084,,2025-12-09T00:00:00
I01190,U0208,C003,viewed,0.264,0.08,,2025-12-09T02:00:00
I01191,U0208,C095,completed,0.732,1.0,0.397,2025-12-09T04:00:00
I01192,U0208,C098,disliked,0.179,0.18,,2025-12-09T06:00:00
I01193,U0208,C049,completed,0.713,1.0,0.564,2025-12-09T08:00:00
I01194,U0208,C096,completed,0.703,1.0,0.412,2025-12-09T10:00:00
I01195,U0209,C011,quiz_passed,0.84,1.0,0.857,2025-12-09T12:00:00
I01196,U0209,C016,quiz_passed,0.843,1.0,0.843,2025-12-09T14:00:00
I01197,U0209,C005,quiz_passed,0.812,1.0,0.721,2025-12-09T16:00:00
I01198,U0209,C044,completed,0.779,1.0,0.79,2025-12-09T18:00:00
I01199,U0209,C018,quiz_passed,0.817,1.0,0.885,2025-12-09T20:00:00
I01200,U0209,C091,quiz_passed,0.858,1.0,0.854,2025-12-09T22:00:00
I01201,U0209,C071,quiz_passed,0.847,1.0,0.838,2025-12-10T00:00:00
I01202,U0209,C081,completed,0.507,1.0,,2025-12-10T02:00:00
I01203,U0210,C001,quiz_passed,0.788,1.0,0.729,2025-12-10T04:00:00
I01204,U0210,C049,completed,0.821,1.0,0.756,2025-12-10T06:00:00
I01205,U0210,C001,completed,0.532,1.0,,2025-12-10T08:00:00
I01206,U0210,C064,completed,0.557,1.0,,2025-12-10T10:00:00
I01207,U0210,C045,viewed,0.217,0.012,,2025-12-10T12:00:00
I01208,U0210,C011,quiz_passed,0.767,1.0,0.735,2025-12-10T14:00:00
I01209,U0210,C025,completed,0.883,1.0,0.786,2025-12-10T16:00:00
I01210,U0211,C096,completed,0.493,1.0,,2025-12-10T18:00:00
I01211,U0211,C099,completed,0.729,1.0,0.528,2025-12-10T20:00:00
I01212,U0211,C002,quiz_passed,0.789,1.0,0.687,2025-12-10T22:00:00
I01213,U0211,C082,quiz_passed,0.733,1.0,0.637,2025-12-11T00:00:00
I01214,U0211,C092,completed,0.738,1.0,0.596,2025-12-11T02:00:00
I01215,U0211,C076,viewed,0.194,0.098,,2025-12-11T04:00:00
I01216,U0211,C017,viewed,0.316,0.31,0.322,2025-12-11T06:00:00
I01217,U0212,C099,viewed,0.103,0.049,,2025-12-11T08:00:00
I01218,U0212,C030,viewed,0.117,0.042,,2025-12-11T10:00:00
I01219,U0212,C072,viewed,0.282,0.31,,2025-12-11T12:00:00
I01220,U0212,C009,completed,0.551,1.0,,2025-12-11T14:00:00
I01221,U0212,C099,viewed,0.156,0.071,,2025-12-11T16:00:00
I01222,U0212,C076,viewed,0.104,0.083,,2025-12-11T18:00:00
I01223,U0213,C065,quiz_passed,0.792,1.0,0.754,2025-12-11T20:00:00
I01224,U0213,C073,completed,0.784,1.0,0.74,2025-12-11T22:00:00
I01225,U0213,C053,quiz_passed,0.868,1.0,0.737,2025-12-12T00:00:00
I01226,U0213,C016,completed,0.779,1.0,0.763,2025-12-12T02:00:00
I01227,U0213,C048,completed,0.528,1.0,,2025-12-12T04:00:00
I01228,U0213,C015,completed,0.484,1.0,,2025-12-12T06:00:00
I01229,U0214,C071,completed,0.789,1.0,0.587,2025-12-12T08:00:00
I01230,U0214,C011,completed,0.798,1.0,0.583,2025-12-12T10:00:00
I01231,U0214,C011,viewed,0.467,0.29,0.433,2025-12-12T12:00:00
I01232,U0214,C092,viewed,0.206,0.047,,2025-12-12T14:00:00
I01233,U0215,C051,viewed,0.244,0.097,,2025-12-12T16:00:00
I01234,U0215,C051,completed,0.573,1.0,,2025-12-12T18:00:00
I01235,U0215,C050,viewed,0.3,0.3,,2025-12-12T20:00:00
I01236,U0215,C050,viewed,0.447,0.41,0.329,2025-12-12T22:00:00
I01237,U0215,C005,viewed,0.172,0.009,,2025-12-13T00:00:00
I01238,U0215,C006,viewed,0.162,0.098,,2025-12-13T02:00:00
I01239,U0215,C047,viewed,0.268,0.051,,2025-12-13T04:00:00
I01240,U0215,C074,completed,0.739,1.0,0.454,2025-12-13T06:00:00
I01241,U0216,C099,completed,0.488,1.0,,2025-12-13T08:00:00
I01242,U0216,C092,viewed,0.185,0.042,,2025-12-13T10:00:00
I01243,U0216,C073,quiz_passed,0.848,1.0,0.814,2025-12-13T12:00:00
I01244,U0216,C050,quiz_passed,0.847,1.0,0.776,2025-12-13T14:00:00
I01245,U0216,C010,completed,0.754,1.0,0.636,2025-12-13T16:00:00
I01246,U0217,C043,completed,0.545,1.0,,2025-12-13T18:00:00
I01247,U0217,C048,quiz_passed,0.737,1.0,0.693,2025-12-13T20:00:00
I01248,U0217,C001,viewed,0.194,0.078,,2025-12-13T22:00:00
I01249,U0217,C081,completed,0.74,1.0,0.535,2025-12-14T00:00:00
I01250,U0217,C099,completed,0.73,1.0,0.396,2025-12-14T02:00:00
I01251,U0217,C013,viewed,0.282,0.091,,2025-12-14T04:00:00
I01252,U0217,C095,viewed,0.292,0.048,,2025-12-14T06:00:00
I01253,U0217,C045,completed,0.719,1.0,0.497,2025-12-14T08:00:00
I01254,U0218,C057,completed,0.567,1.0,,2025-12-14T10:00:00
I01255,U0218,C065,viewed,0.555,0.58,0.597,2025-12-14T12:00:00
I01256,U0218,C053,quiz_passed,0.847,1.0,0.699,2025-12-14T14:00:00
I01257,U0218,C098,completed,0.774,1.0,0.597,2025-12-14T16:00:00
I01258,U0218,C015,quiz_passed,0.861,1.0,0.802,2025-12-14T18:00:00
I01259,U0218,C046,completed,0.727,1.0,0.44,2025-12-14T20:00:00
I01260,U0218,C067,completed,0.803,1.0,0.769,2025-12-14T22:00:00
I01261,U0218,C049,completed,0.777,1.0,0.742,2025-12-15T00:00:00
I01262,U0219,C047,completed,0.524,1.0,,2025-12-15T02:00:00
I01263,U0219,C095,viewed,0.497,0.47,0.394,2025-12-15T04:00:00
I01264,U0219,C061,completed,0.549,1.0,,2025-12-15T06:00:00
I01265,U0219,C090,disliked,0.261,0.01,0.313,2025-12-15T08:00:00
I01266,U0219,C078,completed,0.542,1.0,,2025-12-15T10:00:00
I01267,U0219,C046,completed,0.516,1.0,,2025-12-15T12:00:00
I01268,U0220,C025,completed,0.531,1.0,,2025-12-15T14:00:00
I01269,U0220,C011,quiz_passed,0.826,1.0,0.856,2025-12-15T16:00:00
I01270,U0220,C006,completed,0.544,1.0,,2025-12-15T18:00:00
I01271,U0220,C017,quiz_passed,0.915,1.0,0.873,2025-12-15T20:00:00
I01272,U0220,C053,completed,0.565,1.0,,2025-12-15T22:00:00
I01273,U0220,C064,quiz_passed,0.817,1.0,0.832,2025-12-16T00:00:00
I01274,U0220,C076,completed,0.554,1.0,,2025-12-16T02:00:00
I01275,U0220,C078,quiz_passed,0.8,1.0,0.838,2025-12-16T04:00:00
I01276,U0220,C044,quiz_passed,0.838,1.0,0.744,2025-12-16T06:00:00
I01277,U0221,C065,completed,0.463,1.0,,2025-12-16T08:00:00
I01278,U0221,C095,viewed,0.224,0.38,,2025-12-16T10:00:00
I01279,U0221,C096,viewed,0.23,0.29,,2025-12-16T12:00:00
I01280,U0221,C099,viewed,0.274,0.2,0.2,2025-12-16T14:00:00
I01281,U0221,C042,viewed,0.164,0.085,,2025-12-16T16:00:00
I01282,U0222,C066,quiz_passed,0.833,1.0,0.862,2025-12-16T18:00:00
I01283,U0222,C099,completed,0.839,1.0,0.747,2025-12-16T20:00:00
I01284,U0222,C071,quiz_passed,0.881,1.0,0.813,2025-12-16T22:00:00
I01285,U0222,C054,quiz_passed,0.847,1.0,0.885,2025-12-17T00:00:00
I01286,U0222,C066,quiz_passed,0.5,0.14,0.716,2025-12-17T02:00:00
I01287,U0222,C091,completed,0.479,1.0,,2025-12-17T04:00:00
I01288,U0223,C047,completed,0.485,1.0,,2025-12-17T06:00:00
I01289,U0223,C017,disliked,0.337,0.06,0.559,2025-12-17T08:00:00
I01290,U0223,C042,completed,0.47,1.0,,2025-12-17T10:00:00
I01291,U0223,C053,quiz_passed,0.811,1.0,0.72,2025-12-17T12:00:00
I01292,U0223,C054,quiz_passed,0.795,1.0,0.765,2025-12-17T14:00:00
I01293,U0224,C042,completed,0.72,1.0,0.6,2025-12-17T16:00:00
I01294,U0224,C062,viewed,0.26,0.012,,2025-12-17T18:00:00
I01295,U0224,C018,completed,0.736,1.0,0.579,2025-12-17T20:00:00
I01296,U0224,C028,completed,0.502,1.0,,2025-12-17T22:00:00
I01297,U0225,C067,completed,0.544,1.0,,2025-12-18T00:00:00
I01298,U0225,C057,completed,0.864,1.0,0.761,2025-12-18T02:00:00
I01299,U0225,C071,viewed,0.61,0.7,0.598,2025-12-18T04:00:00
I01300,U0225,C074,quiz_passed,0.763,1.0,0.63,2025-12-18T06:00:00
I01301,U0225,C046,viewed,0.149,0.064,,2025-12-18T08:00:00
I01302,U0225,C015,viewed,0.288,0.08,,2025-12-18T10:00:00
I01303,U0225,C043,completed,0.499,1.0,,2025-12-18T12:00:00
I01304,U0225,C066,quiz_passed,0.785,1.0,0.731,2025-12-18T14:00:00
I01305,U0225,C066,quiz_passed,0.781,1.0,0.706,2025-12-18T16:00:00
I01306,U0226,C095,disliked,0.155,0.07,,2025-12-18T18:00:00
I01307,U0226,C095,viewed,0.174,0.041,,2025-12-18T20:00:00
I01308,U0226,C028,viewed,0.242,0.39,,2025-12-18T22:00:00
I01309,U0227,C017,viewed,0.527,0.68,0.404,2025-12-19T00:00:00
I01310,U0227,C061,completed,0.575,1.0,,2025-12-19T02:00:00
I01311,U0227,C001,viewed,0.455,0.43,0.441,2025-12-19T04:00:00
I01312,U0227,C046,viewed,0.122,0.091,,2025-12-19T06:00:00
I01313,U0227,C042,completed,0.72,1.0,0.646,2025-12-19T08:00:00
I01314,U0227,C090,completed,0.736,1.0,0.556,2025-12-19T10:00:00
I01315,U0228,C058,completed,0.545,1.0,,2025-12-19T12:00:00
I01316,U0228,C073,quiz_passed,0.815,1.0,0.846,2025-12-19T14:00:00
I01317,U0228,C053,quiz_passed,0.824,1.0,0.85,2025-12-19T16:00:00
I01318,U0228,C091,viewed,0.174,0.25,,2025-12-19T18:00:00
I01319,U0228,C092,completed,0.496,1.0,,2025-12-19T20:00:00
I01320,U0229,C091,quiz_passed,0.773,1.0,0.703,2025-12-19T22:00:00
I01321,U0229,C047,completed,0.752,1.0,0.651,2025-12-20T00:00:00
I01322,U0229,C091,completed,0.487,1.0,,2025-12-20T02:00:00
I01323,U0229,C067,completed,0.755,1.0,0.603,2025-12-20T04:00:00
I01324,U0229,C088,completed,0.518,1.0,,2025-12-20T06:00:00
I01325,U0229,C078,viewed,0.46,0.52,0.398,2025-12-20T08:00:00
I01326,U0230,C061,completed,0.536,1.0,,2025-12-20T10:00:00
I01327,U0230,C030,completed,0.536,1.0,,2025-12-20T12:00:00
I01328,U0230,C082,quiz_passed,0.775,1.0,0.662,2025-12-20T14:00:00
I01329,U0230,C002,completed,0.514,1.0,,2025-12-20T16:00:00
I01330,U0230,C073,quiz_passed,0.833,1.0,0.698,2025-12-20T18:00:00
I01331,U0230,C001,completed,0.724,1.0,0.588,2025-12-20T20:00:00
I01332,U0230,C042,viewed,0.241,0.086,,2025-12-20T22:00:00
I01333,U0230,C015,viewed,0.19,0.23,,2025-12-21T00:00:00
I01334,U0231,C061,completed,0.476,1.0,,2025-12-21T02:00:00
I01335,U0231,C091,quiz_passed,0.81,1.0,0.692,2025-12-21T04:00:00
I01336,U0231,C017,completed,0.765,1.0,0.681,2025-12-21T06:00:00
I01337,U0231,C061,completed,0.71,1.0,0.569,2025-12-21T08:00:00
I01338,U0232,C053,completed,0.817,1.0,0.687,2025-12-21T10:00:00
I01339,U0232,C096,viewed,0.166,0.04,,2025-12-21T12:00:00
I01340,U0232,C015,viewed,0.166,0.077,,2025-12-21T14:00:00
I01341,U0232,C051,completed,0.563,1.0,,2025-12-21T16:00:00
I01342,U0232,C074,completed,0.739,1.0,0.424,2025-12-21T18:00:00
I01343,U0232,C099,completed,0.527,1.0,,2025-12-21T20:00:00
I01344,U0233,C098,viewed,0.227,0.027,,2025-12-21T22:00:00
I01345,U0233,C028,completed,0.472,1.0,,2025-12-22T00:00:00
I01346,U0233,C025,viewed,0.282,0.097,,2025-12-22T02:00:00
I01347,U0234,C095,viewed,0.232,0.068,,2025-12-22T04:00:00
I01348,U0234,C003,completed,0.541,1.0,,2025-12-22T06:00:00
I01349,U0234,C005,viewed,0.208,0.056,,2025-12-22T08:00:00
I01350,U0235,C098,viewed,0.32,0.22,0.22,2025-12-22T10:00:00
I01351,U0235,C091,viewed,0.213,0.05,,2025-12-22T12:00:00
I01352,U0235,C082,completed,0.833,1.0,0.679,2025-12-22T14:00:00
I01353,U0235,C098,completed,0.531,1.0,,2025-12-22T16:00:00
I01354,U0235,C002,viewed,0.356,0.3,0.377,2025-12-22T18:00:00
I01355,U0235,C092,viewed,0.379,0.68,,2025-12-22T20:00:00
I01356,U0235,C097,viewed,0.267,0.059,,2025-12-22T22:00:00
I01357,U0236,C049,viewed,0.134,0.069,,2025-12-23T00:00:00
I01358,U0236,C057,viewed,0.254,0.2,,2025-12-23T02:00:00
I01359,U0236,C098,completed,0.47,1.0,,2025-12-23T04:00:00
I01360,U0236,C008,completed,0.766,1.0,0.615,2025-12-23T06:00:00
I01361,U0236,C017,completed,0.484,1.0,,2025-12-23T08:00:00
I01362,U0237,C042,quiz_passed,0.829,1.0,0.701,2025-12-23T10:00:00
I01363,U0237,C048,viewed,0.276,0.08,,2025-12-23T12:00:00
I01364,U0237,C062,completed,0.46,1.0,,2025-12-23T14:00:00
I01365,U0237,C069,completed,0.781,1.0,0.631,2025-12-23T16:00:00
I01366,U0237,C095,viewed,0.37,0.22,0.382,2025-12-23T18:00:00
I01367,U0237,C014,quiz_passed,0.75,1.0,0.633,2025-12-23T20:00:00
I01368,U0237,C057,completed,0.836,1.0,0.7,2025-12-23T22:00:00
I01369,U0237,C091,quiz_passed,0.799,1.0,0.707,2025-12-24T00:00:00
I01370,U0237,C029,completed,0.554,1.0,,2025-12-24T02:00:00
I01371,U0237,C016,completed,0.864,1.0,0.808,2025-12-24T04:00:00
I01372,U0237,C036,completed,0.53,1.0,,2025-12-24T06:00:00
I01373,U0238,C061,viewed,0.377,0.24,0.427,2025-12-24T08:00:00
I01374,U0238,C005,viewed,0.106,0.09,,2025-12-24T10:00:00
I01375,U0238,C042,completed,0.826,1.0,0.626,2025-12-24T12:00:00
I01376,U0238,C053,completed,0.579,1.0,,2025-12-24T14:00:00
I01377,U0238,C002,completed,0.468,1.0,,2025-12-24T16:00:00
I01378,U0238,C051,completed,0.769,1.0,0.574,2025-12-24T18:00:00
I01379,U0238,C096,viewed,0.381,0.43,0.217,2025-12-24T20:00:00
I01380,U0238,C043,viewed,0.143,0.089,,2025-12-24T22:00:00
I01381,U0239,C029,completed,0.533,1.0,,2025-12-25T00:00:00
I01382,U0239,C028,quiz_passed,0.813,1.0,0.688,2025-12-25T02:00:00
I01383,U0239,C051,viewed,0.383,0.35,0.375,2025-12-25T04:00:00
I01384,U0239,C030,viewed,0.382,0.26,0.377,2025-12-25T06:00:00
I01385,U0239,C054,viewed,0.249,0.0,,2025-12-25T08:00:00
I01386,U0239,C065,completed,0.475,1.0,,2025-12-25T10:00:00
I01387,U0239,C008,completed,0.551,1.0,,2025-12-25T12:00:00
I01388,U0239,C061,quiz_passed,0.797,1.0,0.654,2025-12-25T14:00:00
I01389,U0239,C082,viewed,0.112,0.03,,2025-12-25T16:00:00
I01390,U0240,C095,completed,0.672,1.0,0.414,2025-12-25T18:00:00
I01391,U0240,C092,viewed,0.253,0.072,,2025-12-25T20:00:00
I01392,U0240,C096,viewed,0.246,0.078,,2025-12-25T22:00:00
I01393,U0240,C098,disliked,0.154,0.02,,2025-12-26T00:00:00
I01394,U0240,C029,viewed,0.459,0.44,0.332,2025-12-26T02:00:00
I01395,U0240,C098,viewed,0.278,0.05,,2025-12-26T04:00:00
I01396,U0240,C061,completed,0.526,1.0,,2025-12-26T06:00:00
I01397,U0240,C048,completed,0.513,1.0,,2025-12-26T08:00:00
I01398,U0241,C064,quiz_passed,0.832,1.0,0.646,2025-12-26T10:00:00
I01399,U0241,C066,viewed,0.137,0.032,,2025-12-26T12:00:00
I01400,U0241,C098,viewed,0.312,0.49,,2025-12-26T14:00:00
I01401,U0241,C053,completed,0.463,1.0,,2025-12-26T16:00:00
I01402,U0241,C073,viewed,0.2,0.033,,2025-12-26T18:00:00
I01403,U0241,C028,completed,0.706,1.0,0.573,2025-12-26T20:00:00
I01404,U0241,C048,completed,0.777,1.0,0.594,2025-12-26T22:00:00
I01405,U0241,C057,completed,0.518,1.0,,2025-12-27T00:00:00
I01406,U0241,C099,disliked,0.312,0.13,0.203,2025-12-27T02:00:00
I01407,U0241,C096,viewed,0.27,0.057,,2025-12-27T04:00:00
I01408,U0242,C030,quiz_passed,0.844,1.0,0.84,2025-12-27T06:00:00
I01409,U0242,C049,quiz_passed,0.888,1.0,0.807,2025-12-27T08:00:00
I01410,U0242,C073,completed,0.485,1.0,,2025-12-27T10:00:00
I01411,U0242,C053,completed,0.551,1.0,,2025-12-27T12:00:00
I01412,U0242,C096,completed,0.528,1.0,,2025-12-27T14:00:00
I01413,U0242,C082,completed,0.562,1.0,,2025-12-27T16:00:00
I01414,U0243,C098,completed,0.718,1.0,0.449,2025-12-27T18:00:00
I01415,U0243,C053,completed,0.502,1.0,,2025-12-27T20:00:00
I01416,U0243,C035,completed,0.508,1.0,,2025-12-27T22:00:00
I01417,U0243,C078,viewed,0.104,0.067,,2025-12-28T00:00:00
I01418,U0243,C041,viewed,0.297,0.063,,2025-12-28T02:00:00
I01419,U0244,C096,completed,0.573,1.0,,2025-12-28T04:00:00
I01420,U0244,C095,viewed,0.268,0.075,,2025-12-28T06:00:00
I01421,U0244,C015,quiz_passed,0.736,1.0,0.668,2025-12-28T08:00:00
I01422,U0244,C074,disliked,0.161,0.02,,2025-12-28T10:00:00
I01423,U0244,C011,completed,0.542,1.0,,2025-12-28T12:00:00
I01424,U0244,C081,completed,0.658,1.0,0.473,2025-12-28T14:00:00
I01425,U0244,C030,quiz_passed,0.764,1.0,0.667,2025-12-28T16:00:00
I01426,U0245,C003,viewed,0.282,0.077,,2025-12-28T18:00:00
I01427,U0245,C067,viewed,0.428,0.47,0.35,2025-12-28T20:00:00
I01428,U0245,C073,viewed,0.2,0.04,,2025-12-28T22:00:00
I01429,U0245,C030,viewed,0.272,0.044,,2025-12-29T00:00:00
I01430,U0246,C096,viewed,0.384,0.38,0.248,2025-12-29T02:00:00
I01431,U0246,C099,completed,0.673,1.0,0.474,2025-12-29T04:00:00
I01432,U0246,C098,completed,0.747,1.0,0.424,2025-12-29T06:00:00
I01433,U0246,C047,completed,0.738,1.0,0.603,2025-12-29T08:00:00
I01434,U0246,C098,viewed,0.369,0.27,0.234,2025-12-29T10:00:00
I01435,U0246,C091,completed,0.733,1.0,0.581,2025-12-29T12:00:00
I01436,U0247,C016,completed,0.576,1.0,,2025-12-29T14:00:00
I01437,U0247,C046,disliked,0.148,0.17,,2025-12-29T16:00:00
I01438,U0247,C013,completed,0.571,1.0,,2025-12-29T18:00:00
I01439,U0247,C099,completed,0.546,1.0,,2025-12-29T20:00:00
I01440,U0247,C053,quiz_passed,0.852,1.0,0.77,2025-12-29T22:00:00
I01441,U0248,C015,quiz_passed,0.731,1.0,0.623,2025-12-30T00:00:00
I01442,U0248,C062,viewed,0.25,0.096,,2025-12-30T02:00:00
I01443,U0248,C005,completed,0.688,1.0,0.47,2025-12-30T04:00:00
I01444,U0248,C088,viewed,0.305,0.47,,2025-12-30T06:00:00
I01445,U0248,C092,completed,0.538,1.0,,2025-12-30T08:00:00
I01446,U0248,C067,completed,0.808,1.0,0.641,2025-12-30T10:00:00
I01447,U0249,C095,viewed,0.313,0.48,,2025-12-30T12:00:00
I01448,U0249,C002,completed,0.468,1.0,,2025-12-30T14:00:00
I01449,U0249,C046,completed,0.668,1.0,0.491,2025-12-30T16:00:00
I01450,U0249,C096,viewed,0.497,0.63,0.331,2025-12-30T18:00:00
I01451,U0249,C074,completed,0.551,1.0,,2025-12-30T20:00:00
I01452,U0250,C042,completed,0.777,1.0,0.783,2025-12-30T22:00:00
I01453,U0250,C016,quiz_passed,0.819,1.0,0.805,2025-12-31T00:00:00
I01454,U0250,C005,completed,0.783,1.0,0.575,2025-12-31T02:00:00
I01455,U0250,C047,completed,0.568,1.0,,2025-12-31T04:00:00
I01456,U0250,C013,viewed,0.263,0.092,,2025-12-31T06:00:00
I01457,U0251,C098,quiz_passed,0.887,1.0,0.773,2025-12-31T08:00:00
I01458,U0251,C071,quiz_passed,0.836,1.0,0.852,2025-12-31T10:00:00
I01459,U0251,C054,completed,0.897,1.0,0.826,2025-12-31T12:00:00
I01460,U0251,C003,viewed,0.255,0.28,,2025-12-31T14:00:00
I01461,U0251,C057,quiz_passed,0.804,1.0,0.855,2025-12-31T16:00:00
I01462,U0251,C074,completed,0.783,1.0,0.741,2025-12-31T18:00:00
I01463,U0252,C095,completed,0.688,1.0,0.435,2025-12-31T20:00:00
I01464,U0252,C065,viewed,0.485,0.67,0.39,2025-12-31T22:00:00
I01465,U0252,C095,viewed,0.217,0.095,,2026-01-01T00:00:00
I01466,U0252,C009,quiz_passed,0.799,1.0,0.676,2026-01-01T02:00:00
I01467,U0252,C076,completed,0.497,1.0,,2026-01-01T04:00:00
I01468,U0253,C064,viewed,0.259,0.09,,2026-01-01T06:00:00
I01469,U0253,C099,completed,0.514,1.0,,2026-01-01T08:00:00
I01470,U0253,C043,viewed,0.394,0.26,0.348,2026-01-01T10:00:00
I01471,U0253,C002,quiz_passed,0.735,1.0,0.645,2026-01-01T12:00:00
I01472,U0254,C017,completed,0.562,1.0,,2026-01-01T14:00:00
I01473,U0254,C057,viewed,0.261,0.075,,2026-01-01T16:00:00
I01474,U0254,C001,completed,0.806,1.0,0.808,2026-01-01T18:00:00
I01475,U0254,C045,completed,0.716,1.0,0.581,2026-01-01T20:00:00
I01476,U0254,C073,quiz_passed,0.871,1.0,0.753,2026-01-01T22:00:00
I01477,U0254,C016,viewed,0.166,0.08,,2026-01-02T00:00:00
I01478,U0254,C074,completed,0.849,1.0,0.678,2026-01-02T02:00:00
I01479,U0255,C073,quiz_passed,0.809,1.0,0.842,2026-01-02T04:00:00
I01480,U0255,C006,quiz_passed,0.874,1.0,0.854,2026-01-02T06:00:00
I01481,U0255,C096,completed,0.565,1.0,,2026-01-02T08:00:00
I01482,U0255,C095,completed,0.506,1.0,,2026-01-02T10:00:00
I01483,U0255,C047,completed,0.508,1.0,,2026-01-02T12:00:00
I01484,U0255,C051,completed,0.557,1.0,,2026-01-02T14:00:00
I01485,U0255,C047,completed,0.467,1.0,,2026-01-02T16:00:00
I01486,U0256,C028,quiz_passed,0.84,1.0,0.685,2026-01-02T18:00:00
I01487,U0256,C095,completed,0.764,1.0,0.537,2026-01-02T20:00:00
I01488,U0256,C043,completed,0.814,1.0,0.647,2026-01-02T22:00:00
I01489,U0256,C065,completed,0.541,1.0,,2026-01-03T00:00:00
I01490,U0256,C017,completed,0.489,1.0,,2026-01-03T02:00:00
I01491,U0256,C054,viewed,0.23,0.25,,2026-01-03T04:00:00
I01492,U0257,C096,disliked,0.341,0.08,0.474,2026-01-03T06:00:00
I01493,U0257,C098,completed,0.497,1.0,,2026-01-03T08:00:00
I01494,U0257,C030,completed,0.86,1.0,0.878,2026-01-03T10:00:00
I01495,U0257,C029,completed,0.561,1.0,,2026-01-03T12:00:00
I01496,U0257,C029,completed,0.501,1.0,,2026-01-03T14:00:00
I01497,U0257,C058,quiz_passed,0.823,1.0,0.826,2026-01-03T16:00:00
I01498,U0257,C066,quiz_passed,0.851,1.0,0.824,2026-01-03T18:00:00
I01499,U0257,C072,completed,0.842,1.0,0.871,2026-01-03T20:00:00
I01500,U0258,C096,completed,0.56,1.0,,2026-01-03T22:00:00
I01501,U0258,C003,quiz_passed,0.766,1.0,0.691,2026-01-04T00:00:00
I01502,U0258,C050,completed,0.519,1.0,,2026-01-04T02:00:00
I01503,U0258,C051,quiz_passed,0.737,1.0,0.635,2026-01-04T04:00:00
I01504,U0258,C044,completed,0.7,1.0,0.557,2026-01-04T06:00:00
I01505,U0258,C048,quiz_passed,0.827,1.0,0.685,2026-01-04T08:00:00
I01506,U0258,C053,viewed,0.252,0.46,,2026-01-04T10:00:00
I01507,U0258,C003,completed,0.801,1.0,0.578,2026-01-04T12:00:00
I01508,U0259,C030,viewed,0.488,0.36,0.534,2026-01-04T14:00:00
I01509,U0259,C095,completed,0.512,1.0,,2026-01-04T16:00:00
I01510,U0259,C043,completed,0.803,1.0,0.741,2026-01-04T18:00:00
I01511,U0259,C065,disliked,0.312,0.02,0.532,2026-01-04T20:00:00
I01512,U0260,C096,completed,0.462,1.0,,2026-01-04T22:00:00
I01513,U0260,C047,completed,0.508,1.0,,2026-01-05T00:00:00
I01514,U0260,C025,viewed,0.501,0.67,0.318,2026-01-05T02:00:00
I01515,U0260,C099,completed,0.523,1.0,,2026-01-05T04:00:00
I01516,U0261,C030,completed,0.803,1.0,0.79,2026-01-05T06:00:00
I01517,U0261,C099,completed,0.546,1.0,,2026-01-05T08:00:00
I01518,U0261,C096,viewed,0.257,0.48,,2026-01-05T10:00:00
I01519,U0262,C017,completed,0.484,1.0,,2026-01-05T12:00:00
I01520,U0262,C048,completed,0.722,1.0,0.585,2026-01-05T14:00:00
I01521,U0262,C061,viewed,0.38,0.42,0.359,2026-01-05T16:00:00
I01522,U0262,C003,viewed,0.127,0.058,,2026-01-05T18:00:00
I01523,U0262,C028,completed,0.715,1.0,0.583,2026-01-05T20:00:00
I01524,U0262,C016,completed,0.529,1.0,,2026-01-05T22:00:00
I01525,U0262,C005,completed,0.696,1.0,0.449,2026-01-06T00:00:00
I01526,U0263,C017,completed,0.906,1.0,0.849,2026-01-06T02:00:00
I01527,U0263,C098,quiz_passed,0.822,1.0,0.758,2026-01-06T04:00:00
I01528,U0263,C053,completed,0.865,1.0,0.861,2026-01-06T06:00:00
I01529,U0263,C076,completed,0.907,1.0,0.84,2026-01-06T08:00:00
I01530,U0264,C064,quiz_passed,0.931,1.0,0.882,2026-01-06T10:00:00
I01531,U0264,C076,quiz_passed,0.6,0.46,0.637,2026-01-06T12:00:00
I01532,U0264,C065,quiz_passed,0.833,1.0,0.843,2026-01-06T14:00:00
I01533,U0264,C048,completed,0.573,1.0,,2026-01-06T16:00:00
I01534,U0265,C095,completed,0.832,1.0,0.777,2026-01-06T18:00:00
I01535,U0265,C088,quiz_passed,0.916,1.0,0.868,2026-01-06T20:00:00
I01536,U0265,C079,quiz_passed,0.79,1.0,0.777,2026-01-06T22:00:00
I01537,U0265,C047,quiz_passed,0.9,1.0,0.848,2026-01-07T00:00:00
I01538,U0265,C028,completed,0.9,1.0,0.85,2026-01-07T02:00:00
I01539,U0265,C089,viewed,0.226,0.034,,2026-01-07T04:00:00
I01540,U0265,C079,completed,0.567,1.0,,2026-01-07T06:00:00
I01541,U0265,C016,quiz_passed,0.835,1.0,0.83,2026-01-07T08:00:00
I01542,U0265,C025,quiz_passed,0.457,0.31,0.613,2026-01-07T10:00:00
I01543,U0265,C096,completed,0.481,1.0,,2026-01-07T12:00:00
I01544,U0266,C061,completed,0.495,1.0,,2026-01-07T14:00:00
I01545,U0266,C010,completed,0.571,1.0,,2026-01-07T16:00:00
I01546,U0266,C096,viewed,0.453,0.33,0.413,2026-01-07T18:00:00
I01547,U0266,C082,completed,0.563,1.0,,2026-01-07T20:00:00
I01548,U0267,C003,viewed,0.245,0.27,,2026-01-07T22:00:00
I01549,U0267,C099,disliked,0.317,0.08,0.393,2026-01-08T00:00:00
I01550,U0267,C044,completed,0.806,1.0,0.68,2026-01-08T02:00:00
I01551,U0267,C098,completed,0.488,1.0,,2026-01-08T04:00:00
I01552,U0267,C075,viewed,0.54,0.56,0.434,2026-01-08T06:00:00
I01553,U0267,C035,quiz_passed,0.823,1.0,0.69,2026-01-08T08:00:00
I01554,U0267,C092,quiz_passed,0.835,1.0,0.798,2026-01-08T10:00:00
I01555,U0268,C028,viewed,0.189,0.062,,2026-01-08T12:00:00
I01556,U0268,C017,quiz_passed,0.797,1.0,0.683,2026-01-08T14:00:00
I01557,U0268,C006,completed,0.471,1.0,,2026-01-08T16:00:00
I01558,U0268,C099,viewed,0.207,0.009,,2026-01-08T18:00:00
I01559,U0268,C011,viewed,0.489,0.54,0.351,2026-01-08T20:00:00
I01560,U0269,C067,quiz_passed,0.864,1.0,0.87,2026-01-08T22:00:00
I01561,U0269,C096,viewed,0.492,0.47,0.506,2026-01-09T00:00:00
I01562,U0269,C099,viewed,0.296,0.49,,2026-01-09T02:00:00
I01563,U0269,C097,quiz_passed,0.913,1.0,0.865,2026-01-09T04:00:00
I01564,U0269,C095,completed,0.503,1.0,,2026-01-09T06:00:00
I01565,U0269,C095,viewed,0.245,0.001,,2026-01-09T08:00:00
I01566,U0269,C098,quiz_passed,0.842,1.0,0.703,2026-01-09T10:00:00
I01567,U0269,C071,completed,0.857,1.0,0.863,2026-01-09T12:00:00
I01568,U0269,C002,completed,0.568,1.0,,2026-01-09T14:00:00
I01569,U0270,C066,completed,0.79,1.0,0.569,2026-01-09T16:00:00
I01570,U0270,C011,viewed,0.181,0.048,,2026-01-09T18:00:00
I01571,U0270,C098,completed,0.509,1.0,,2026-01-09T20:00:00
I01572,U0270,C061,completed,0.486,1.0,,2026-01-09T22:00:00
I01573,U0270,C003,completed,0.566,1.0,,2026-01-10T00:00:00
I01574,U0270,C090,viewed,0.14,0.076,,2026-01-10T02:00:00
I01575,U0270,C043,completed,0.507,1.0,,2026-01-10T04:00:00
I01576,U0270,C025,completed,0.776,1.0,0.575,2026-01-10T06:00:00
I01577,U0271,C001,completed,0.571,1.0,,2026-01-10T08:00:00
I01578,U0271,C062,quiz_passed,0.829,1.0,0.675,2026-01-10T10:00:00
I01579,U0271,C016,viewed,0.382,0.62,,2026-01-10T12:00:00
I01580,U0271,C029,completed,0.474,1.0,,2026-01-10T14:00:00
I01581,U0271,C088,quiz_passed,0.841,1.0,0.658,2026-01-10T16:00:00
I01582,U0271,C025,viewed,0.217,0.32,,2026-01-10T18:00:00
I01583,U0271,C030,completed,0.551,1.0,,2026-01-10T20:00:00
I01584,U0271,C053,completed,0.551,1.0,,2026-01-10T22:00:00
I01585,U0272,C043,disliked,0.203,0.06,,2026-01-11T00:00:00
I01586,U0272,C045,viewed,0.104,0.035,,2026-01-11T02:00:00
I01587,U0272,C050,quiz_passed,0.769,1.0,0.698,2026-01-11T04:00:00
I01588,U0272,C001,completed,0.782,1.0,0.633,2026-01-11T06:00:00
I01589,U0272,C043,viewed,0.303,0.22,0.383,2026-01-11T08:00:00
I01590,U0272,C005,completed,0.529,1.0,,2026-01-11T10:00:00
I01591,U0272,C081,disliked,0.283,0.16,0.229,2026-01-11T12:00:00
I01592,U0273,C018,completed,0.891,1.0,0.869,2026-01-11T14:00:00
I01593,U0273,C095,quiz_passed,0.772,1.0,0.713,2026-01-11T16:00:00
I01594,U0273,C029,completed,0.537,1.0,,2026-01-11T18:00:00
I01595,U0273,C011,quiz_passed,0.863,1.0,0.874,2026-01-11T20:00:00
I01596,U0274,C095,completed,0.71,1.0,0.4,2026-01-11T22:00:00
I01597,U0274,C061,viewed,0.126,0.089,,2026-01-12T00:00:00
I01598,U0274,C035,viewed,0.325,0.54,,2026-01-12T02:00:00
I01599,U0274,C092,completed,0.769,1.0,0.553,2026-01-12T04:00:00
I01600,U0274,C047,completed,0.534,1.0,,2026-01-12T06:00:00
I01601,U0274,C053,viewed,0.156,0.051,,2026-01-12T08:00:00
I01602,U0274,C079,completed,0.747,1.0,0.457,2026-01-12T10:00:00
I01603,U0274,C054,disliked,0.123,0.01,,2026-01-12T12:00:00
I01604,U0275,C072,quiz_passed,0.788,1.0,0.741,2026-01-12T14:00:00
I01605,U0275,C050,completed,0.568,1.0,,2026-01-12T16:00:00
I01606,U0275,C029,completed,0.474,1.0,,2026-01-12T18:00:00
I01607,U0275,C095,viewed,0.314,0.52,,2026-01-12T20:00:00
I01608,U0275,C066,quiz_passed,0.883,1.0,0.78,2026-01-12T22:00:00
I01609,U0275,C064,completed,0.504,1.0,,2026-01-13T00:00:00
I01610,U0276,C018,viewed,0.55,0.53,0.466,2026-01-13T02:00:00
I01611,U0276,C098,quiz_passed,0.758,1.0,0.631,2026-01-13T04:00:00
I01612,U0276,C092,quiz_passed,0.813,1.0,0.805,2026-01-13T06:00:00
I01613,U0276,C061,quiz_passed,0.862,1.0,0.731,2026-01-13T08:00:00
I01614,U0276,C010,quiz_passed,0.842,1.0,0.661,2026-01-13T10:00:00
I01615,U0276,C071,viewed,0.577,0.58,0.464,2026-01-13T12:00:00
I01616,U0277,C002,completed,0.496,1.0,,2026-01-13T14:00:00
I01617,U0277,C058,viewed,0.223,0.058,,2026-01-13T16:00:00
I01618,U0277,C003,quiz_passed,0.78,1.0,0.724,2026-01-13T18:00:00
I01619,U0277,C011,quiz_passed,0.864,1.0,0.716,2026-01-13T20:00:00
I01620,U0277,C017,viewed,0.136,0.051,,2026-01-13T22:00:00
I01621,U0278,C096,viewed,0.268,0.49,,2026-01-14T00:00:00
I01622,U0278,C095,completed,0.529,1.0,,2026-01-14T02:00:00
I01623,U0278,C088,viewed,0.249,0.44,,2026-01-14T04:00:00
I01624,U0278,C089,disliked,0.253,0.02,0.253,2026-01-14T06:00:00
I01625,U0279,C099,completed,0.537,1.0,,2026-01-14T08:00:00
I01626,U0279,C002,completed,0.49,1.0,,2026-01-14T10:00:00
I01627,U0279,C054,completed,0.53,1.0,,2026-01-14T12:00:00
I01628,U0279,C050,completed,0.476,1.0,,2026-01-14T14:00:00
I01629,U0279,C010,viewed,0.244,0.095,,2026-01-14T16:00:00
I01630,U0279,C061,completed,0.532,1.0,,2026-01-14T18:00:00
I01631,U0280,C096,viewed,0.111,0.017,,2026-01-14T20:00:00
I01632,U0280,C098,completed,0.515,1.0,,2026-01-14T22:00:00
I01633,U0280,C054,viewed,0.167,0.066,,2026-01-15T00:00:00
I01634,U0280,C049,disliked,0.16,0.02,,2026-01-15T02:00:00
I01635,U0281,C099,quiz_passed,0.786,1.0,0.685,2026-01-15T04:00:00
I01636,U0281,C082,completed,0.529,1.0,,2026-01-15T06:00:00
I01637,U0281,C048,quiz_passed,0.815,1.0,0.822,2026-01-15T08:00:00
I01638,U0281,C030,quiz_passed,0.918,1.0,0.879,2026-01-15T10:00:00
I01639,U0281,C099,quiz_passed,0.815,1.0,0.752,2026-01-15T12:00:00
I01640,U0281,C018,completed,0.565,1.0,,2026-01-15T14:00:00
I01641,U0282,C098,viewed,0.318,0.42,,2026-01-15T16:00:00
I01642,U0282,C061,completed,0.497,1.0,,2026-01-15T18:00:00
I01643,U0282,C081,viewed,0.193,0.076,,2026-01-15T20:00:00
I01644,U0282,C072,completed,0.516,1.0,,2026-01-15T22:00:00
I01645,U0283,C096,viewed,0.159,0.087,,2026-01-16T00:00:00
I01646,U0283,C057,viewed,0.106,0.028,,2026-01-16T02:00:00
I01647,U0283,C003,viewed,0.208,0.047,,2026-01-16T04:00:00
I01648,U0283,C001,completed,0.497,1.0,,2026-01-16T06:00:00
I01649,U0284,C099,completed,0.54,1.0,,2026-01-16T08:00:00
I01650,U0284,C082,quiz_passed,0.805,1.0,0.64,2026-01-16T10:00:00
I01651,U0284,C098,completed,0.665,1.0,0.446,2026-01-16T12:00:00
I01652,U0284,C088,completed,0.788,1.0,0.588,2026-01-16T14:00:00
I01653,U0284,C048,quiz_passed,0.761,1.0,0.662,2026-01-16T16:00:00
I01654,U0284,C079,completed,0.698,1.0,0.52,2026-01-16T18:00:00
I01655,U0284,C048,completed,0.49,1.0,,2026-01-16T20:00:00
I01656,U0284,C054,viewed,0.297,0.067,,2026-01-16T22:00:00
I01657,U0284,C050,viewed,0.331,0.43,,2026-01-17T00:00:00
I01658,U0285,C063,completed,0.57,1.0,,2026-01-17T02:00:00
I01659,U0285,C065,completed,0.914,1.0,0.845,2026-01-17T04:00:00
I01660,U0285,C036,quiz_passed,0.828,1.0,0.803,2026-01-17T06:00:00
I01661,U0285,C029,completed,0.556,1.0,,2026-01-17T08:00:00
I01662,U0286,C096,quiz_passed,0.748,1.0,0.612,2026-01-17T10:00:00
I01663,U0286,C030,quiz_passed,0.776,1.0,0.772,2026-01-17T12:00:00
I01664,U0286,C011,quiz_passed,0.822,1.0,0.752,2026-01-17T14:00:00
I01665,U0286,C042,completed,0.779,1.0,0.783,2026-01-17T16:00:00
I01666,U0286,C001,quiz_passed,0.854,1.0,0.751,2026-01-17T18:00:00
I01667,U0286,C015,viewed,0.206,0.27,,2026-01-17T20:00:00
I01668,U0287,C076,completed,0.482,1.0,,2026-01-17T22:00:00
I01669,U0287,C001,viewed,0.267,0.027,,2026-01-18T00:00:00
I01670,U0287,C065,completed,0.758,1.0,0.658,2026-01-18T02:00:00
I01671,U0287,C045,viewed,0.345,0.45,0.212,2026-01-18T04:00:00
I01672,U0287,C074,viewed,0.408,0.68,,2026-01-18T06:00:00
I01673,U0287,C088,completed,0.5,1.0,,2026-01-18T08:00:00
I01674,U0287,C010,completed,0.681,1.0,0.505,2026-01-18T10:00:00
I01675,U0287,C057,quiz_passed,0.844,1.0,0.666,2026-01-18T12:00:00
I01676,U0287,C042,viewed,0.414,0.64,,2026-01-18T14:00:00
I01677,U0288,C076,quiz_passed,0.873,1.0,0.854,2026-01-18T16:00:00
I01678,U0288,C044,completed,0.528,1.0,,2026-01-18T18:00:00
I01679,U0288,C075,quiz_passed,0.861,1.0,0.781,2026-01-18T20:00:00
I01680,U0288,C076,quiz_passed,0.84,1.0,0.819,2026-01-18T22:00:00
I01681,U0288,C074,viewed,0.231,0.072,,2026-01-19T00:00:00
I01682,U0288,C044,viewed,0.597,0.54,0.577,2026-01-19T02:00:00
I01683,U0288,C029,completed,0.821,1.0,0.818,2026-01-19T04:00:00
I01684,U0288,C064,quiz_passed,0.803,1.0,0.83,2026-01-19T06:00:00
I01685,U0288,C044,completed,0.557,1.0,,2026-01-19T08:00:00
I01686,U0288,C046,viewed,0.331,0.46,,2026-01-19T10:00:00
I01687,U0288,C028,completed,0.862,1.0,0.852,2026-01-19T12:00:00
I01688,U0288,C028,completed,0.898,1.0,0.81,2026-01-19T14:00:00
I01689,U0289,C030,viewed,0.206,0.039,,2026-01-19T16:00:00
I01690,U0289,C066,completed,0.472,1.0,,2026-01-19T18:00:00
I01691,U0289,C043,viewed,0.152,0.054,,2026-01-19T20:00:00
I01692,U0289,C018,completed,0.477,1.0,,2026-01-19T22:00:00
I01693,U0289,C098,completed,0.569,1.0,,2026-01-20T00:00:00
I01694,U0289,C061,quiz_passed,0.767,1.0,0.755,2026-01-20T02:00:00
I01695,U0289,C046,viewed,0.234,0.33,,2026-01-20T04:00:00
I01696,U0289,C099,completed,0.804,1.0,0.604,2026-01-20T06:00:00
I01697,U0290,C088,completed,0.496,1.0,,2026-01-20T08:00:00
I01698,U0290,C071,viewed,0.427,0.48,0.337,2026-01-20T10:00:00
I01699,U0290,C090,viewed,0.154,0.063,,2026-01-20T12:00:00
I01700,U0291,C099,disliked,0.219,0.08,0.228,2026-01-20T14:00:00
I01701,U0291,C099,viewed,0.251,0.007,,2026-01-20T16:00:00
I01702,U0291,C098,viewed,0.158,0.034,,2026-01-20T18:00:00
I01703,U0291,C097,viewed,0.287,0.5,,2026-01-20T20:00:00
I01704,U0291,C099,viewed,0.245,0.26,,2026-01-20T22:00:00
I01705,U0291,C096,viewed,0.269,0.066,,2026-01-21T00:00:00
I01706,U0291,C067,viewed,0.32,0.41,,2026-01-21T02:00:00
I01707,U0291,C006,quiz_passed,0.837,1.0,0.657,2026-01-21T04:00:00
I01708,U0291,C098,viewed,0.27,0.091,,2026-01-21T06:00:00
I01709,U0292,C076,disliked,0.119,0.11,,2026-01-21T08:00:00
I01710,U0292,C066,quiz_passed,0.758,1.0,0.627,2026-01-21T10:00:00
I01711,U0293,C025,completed,0.762,1.0,0.738,2026-01-21T12:00:00
I01712,U0293,C096,quiz_passed,0.83,1.0,0.642,2026-01-21T14:00:00
I01713,U0293,C048,completed,0.479,1.0,,2026-01-21T16:00:00
I01714,U0293,C099,viewed,0.527,0.51,0.402,2026-01-21T18:00:00
I01715,U0293,C051,completed,0.469,1.0,,2026-01-21T20:00:00
I01716,U0293,C092,completed,0.487,1.0,,2026-01-21T22:00:00
I01717,U0293,C010,viewed,0.116,0.051,,2026-01-22T00:00:00
I01718,U0294,C043,viewed,0.419,0.37,0.516,2026-01-22T02:00:00
I01719,U0294,C002,disliked,0.477,0.19,0.554,2026-01-22T04:00:00
I01720,U0294,C002,quiz_passed,0.829,1.0,0.778,2026-01-22T06:00:00
I01721,U0294,C096,completed,0.529,1.0,,2026-01-22T08:00:00
I01722,U0294,C045,quiz_passed,0.755,1.0,0.608,2026-01-22T10:00:00
I01723,U0294,C006,completed,0.778,1.0,0.718,2026-01-22T12:00:00
I01724,U0295,C061,completed,0.464,1.0,,2026-01-22T14:00:00
I01725,U0295,C099,disliked,0.139,0.08,,2026-01-22T16:00:00
I01726,U0295,C010,completed,0.8,1.0,0.579,2026-01-22T18:00:00
I01727,U0295,C015,viewed,0.169,0.022,,2026-01-22T20:00:00
I01728,U0296,C016,completed,0.732,1.0,0.656,2026-01-22T22:00:00
I01729,U0296,C018,quiz_passed,0.808,1.0,0.625,2026-01-23T00:00:00
I01730,U0296,C003,completed,0.796,1.0,0.59,2026-01-23T02:00:00
I01731,U0296,C030,completed,0.565,1.0,,2026-01-23T04:00:00
I01732,U0296,C001,completed,0.525,1.0,,2026-01-23T06:00:00
I01733,U0296,C001,viewed,0.236,0.059,,2026-01-23T08:00:00
I01734,U0297,C098,viewed,0.149,0.057,,2026-01-23T10:00:00
I01735,U0297,C048,quiz_passed,0.927,1.0,0.887,2026-01-23T12:00:00
I01736,U0297,C006,completed,0.468,1.0,,2026-01-23T14:00:00
I01737,U0297,C096,quiz_passed,0.823,1.0,0.784,2026-01-23T16:00:00
I01738,U0297,C095,completed,0.813,1.0,0.788,2026-01-23T18:00:00
I01739,U0297,C029,quiz_passed,0.881,1.0,0.867,2026-01-23T20:00:00
I01740,U0298,C017,quiz_passed,0.785,1.0,0.704,2026-01-23T22:00:00
I01741,U0298,C095,viewed,0.273,0.26,,2026-01-24T00:00:00
I01742,U0298,C091,completed,0.568,1.0,,2026-01-24T02:00:00
I01743,U0298,C054,completed,0.784,1.0,0.791,2026-01-24T04:00:00
I01744,U0298,C045,completed,0.84,1.0,0.668,2026-01-24T06:00:00
I01745,U0298,C099,completed,0.786,1.0,0.544,2026-01-24T08:00:00
I01746,U0298,C013,completed,0.508,1.0,,2026-01-24T10:00:00
I01747,U0298,C046,completed,0.735,1.0,0.464,2026-01-24T12:00:00
I01748,U0299,C008,viewed,0.531,0.63,0.386,2026-01-24T14:00:00
I01749,U0299,C051,quiz_passed,0.767,1.0,0.676,2026-01-24T16:00:00
I01750,U0299,C029,quiz_passed,0.749,1.0,0.69,2026-01-24T18:00:00
I01751,U0299,C075,viewed,0.121,0.076,,2026-01-24T20:00:00
I01752,U0299,C099,viewed,0.179,0.02,,2026-01-24T22:00:00
I01753,U0299,C029,disliked,0.167,0.07,,2026-01-25T00:00:00
I01754,U0299,C044,completed,0.546,1.0,,2026-01-25T02:00:00
I01755,U0300,C095,completed,0.652,1.0,0.406,2026-01-25T04:00:00
I01756,U0300,C064,quiz_passed,0.79,1.0,0.659,2026-01-25T06:00:00
I01757,U0300,C091,completed,0.735,1.0,0.635,2026-01-25T08:00:00
I01758,U0300,C011,quiz_passed,0.803,1.0,0.6,2026-01-25T10:00:00
I01759,U0300,C002,viewed,0.121,0.006,,2026-01-25T12:00:00
I01760,U0300,C042,viewed,0.53,0.69,0.334,2026-01-25T14:00:00
I01761,U0301,C048,disliked,0.228,0.02,0.367,2026-01-25T16:00:00
I01762,U0301,C058,viewed,0.175,0.049,,2026-01-25T18:00:00
I01763,U0301,C098,viewed,0.181,0.007,,2026-01-25T20:00:00
I01764,U0302,C017,viewed,0.399,0.38,0.414,2026-01-25T22:00:00
I01765,U0302,C048,viewed,0.292,0.043,,2026-01-26T00:00:00
I01766,U0302,C095,viewed,0.238,0.052,,2026-01-26T02:00:00
I01767,U0302,C095,viewed,0.383,0.46,0.257,2026-01-26T04:00:00
I01768,U0302,C053,completed,0.497,1.0,,2026-01-26T06:00:00
I01769,U0302,C029,viewed,0.283,0.02,,2026-01-26T08:00:00
I01770,U0303,C095,viewed,0.369,0.23,0.243,2026-01-26T10:00:00
I01771,U0303,C095,completed,0.526,1.0,,2026-01-26T12:00:00
I01772,U0303,C066,completed,0.529,1.0,,2026-01-26T14:00:00
I01773,U0303,C096,viewed,0.362,0.37,0.243,2026-01-26T16:00:00
I01774,U0303,C053,completed,0.554,1.0,,2026-01-26T18:00:00
I01775,U0303,C076,completed,0.782,1.0,0.655,2026-01-26T20:00:00
I01776,U0303,C049,viewed,0.274,0.072,,2026-01-26T22:00:00
I01777,U0304,C028,viewed,0.109,0.071,,2026-01-27T00:00:00
I01778,U0304,C073,quiz_passed,0.77,1.0,0.754,2026-01-27T02:00:00
I01779,U0304,C066,viewed,0.209,0.083,,2026-01-27T04:00:00
I01780,U0304,C043,completed,0.576,1.0,,2026-01-27T06:00:00
I01781,U0304,C046,completed,0.698,1.0,0.497,2026-01-27T08:00:00
I01782,U0304,C065,completed,0.505,1.0,,2026-01-27T10:00:00
I01783,U0304,C074,completed,0.765,1.0,0.595,2026-01-27T12:00:00
I01784,U0305,C017,completed,0.542,1.0,,2026-01-27T14:00:00
I01785,U0305,C064,completed,0.503,1.0,,2026-01-27T16:00:00
I01786,U0305,C058,completed,0.462,1.0,,2026-01-27T18:00:00
I01787,U0305,C020,completed,0.768,1.0,0.646,2026-01-27T20:00:00
I01788,U0305,C049,quiz_passed,0.848,1.0,0.872,2026-01-27T22:00:00
I01789,U0305,C082,completed,0.558,1.0,,2026-01-28T00:00:00
I01790,U0305,C020,completed,0.554,1.0,,2026-01-28T02:00:00
I01791,U0306,C054,quiz_passed,0.847,1.0,0.766,2026-01-28T04:00:00
I01792,U0306,C018,quiz_passed,0.763,1.0,0.73,2026-01-28T06:00:00
I01793,U0306,C071,completed,0.482,1.0,,2026-01-28T08:00:00
I01794,U0306,C074,disliked,0.347,0.17,0.43,2026-01-28T10:00:00
I01795,U0306,C044,completed,0.58,1.0,,2026-01-28T12:00:00
I01796,U0307,C003,completed,0.84,1.0,0.692,2026-01-28T14:00:00
I01797,U0307,C075,completed,0.766,1.0,0.523,2026-01-28T16:00:00
I01798,U0307,C005,completed,0.749,1.0,0.482,2026-01-28T18:00:00
I01799,U0308,C001,quiz_passed,0.789,1.0,0.702,2026-01-28T20:00:00
I01800,U0308,C081,completed,0.69,1.0,0.445,2026-01-28T22:00:00
I01801,U0308,C044,viewed,0.257,0.067,,2026-01-29T00:00:00
I01802,U0308,C015,completed,0.751,1.0,0.594,2026-01-29T02:00:00
I01803,U0308,C090,completed,0.67,1.0,0.483,2026-01-29T04:00:00
I01804,U0308,C009,viewed,0.174,0.048,,2026-01-29T06:00:00
I01805,U0308,C082,quiz_passed,0.784,1.0,0.681,2026-01-29T08:00:00
I01806,U0308,C003,viewed,0.242,0.33,,2026-01-29T10:00:00
I01807,U0309,C067,viewed,0.101,0.042,,2026-01-29T12:00:00
I01808,U0309,C066,completed,0.496,1.0,,2026-01-29T14:00:00
I01809,U0309,C065,viewed,0.464,0.3,0.59,2026-01-29T16:00:00
I01810,U0309,C057,quiz_passed,0.797,1.0,0.797,2026-01-29T18:00:00
I01811,U0309,C096,quiz_passed,0.718,1.0,0.614,2026-01-29T20:00:00
I01812,U0310,C073,completed,0.731,1.0,0.607,2026-01-29T22:00:00
I01813,U0310,C072,completed,0.487,1.0,,2026-01-30T00:00:00
I01814,U0310,C099,disliked,0.214,0.12,,2026-01-30T02:00:00
I01815,U0310,C048,viewed,0.294,0.066,,2026-01-30T04:00:00
I01816,U0310,C015,viewed,0.268,0.43,,2026-01-30T06:00:00
I01817,U0310,C003,viewed,0.168,0.067,,2026-01-30T08:00:00
I01818,U0311,C082,completed,0.847,1.0,0.865,2026-01-30T10:00:00
I01819,U0311,C002,quiz_passed,0.921,1.0,0.877,2026-01-30T12:00:00
I01820,U0311,C044,quiz_passed,0.823,1.0,0.807,2026-01-30T14:00:00
I01821,U0311,C015,disliked,0.244,0.18,,2026-01-30T16:00:00
I01822,U0311,C046,viewed,0.153,0.023,,2026-01-30T18:00:00
I01823,U0311,C073,completed,0.465,1.0,,2026-01-30T20:00:00
I01824,U0311,C009,completed,0.5,1.0,,2026-01-30T22:00:00
I01825,U0311,C046,disliked,0.12,0.09,,2026-01-31T00:00:00
I01826,U0311,C044,completed,0.787,1.0,0.789,2026-01-31T02:00:00
I01827,U0311,C097,viewed,0.382,0.54,,2026-01-31T04:00:00
I01828,U0312,C095,completed,0.796,1.0,0.54,2026-01-31T06:00:00
I01829,U0312,C017,viewed,0.116,0.093,,2026-01-31T08:00:00
I01830,U0312,C054,quiz_passed,0.751,1.0,0.688,2026-01-31T10:00:00
I01831,U0312,C066,completed,0.736,1.0,0.609,2026-01-31T12:00:00
I01832,U0312,C042,viewed,0.495,0.61,0.385,2026-01-31T14:00:00
I01833,U0312,C054,viewed,0.206,0.008,,2026-01-31T16:00:00
I01834,U0313,C097,quiz_passed,0.89,1.0,0.855,2026-01-31T18:00:00
I01835,U0313,C016,completed,0.539,1.0,,2026-01-31T20:00:00
I01836,U0313,C005,quiz_passed,0.834,1.0,0.703,2026-01-31T22:00:00
I01837,U0313,C010,completed,0.86,1.0,0.792,2026-02-01T00:00:00
I01838,U0313,C013,completed,0.845,1.0,0.779,2026-02-01T02:00:00
I01839,U0313,C017,completed,0.524,1.0,,2026-02-01T04:00:00
I01840,U0313,C003,quiz_passed,0.799,1.0,0.826,2026-02-01T06:00:00
I01841,U0313,C075,completed,0.571,1.0,,2026-02-01T08:00:00
I01842,U0313,C005,quiz_passed,0.756,1.0,0.731,2026-02-01T10:00:00
I01843,U0314,C043,viewed,0.122,0.012,,2026-02-01T12:00:00
I01844,U0314,C099,completed,0.513,1.0,,2026-02-01T14:00:00
I01845,U0314,C071,quiz_passed,0.824,1.0,0.681,2026-02-01T16:00:00
I01846,U0314,C095,viewed,0.391,0.34,0.227,2026-02-01T18:00:00
I01847,U0315,C043,completed,0.781,1.0,0.583,2026-02-01T20:00:00
I01848,U0315,C030,completed,0.513,1.0,,2026-02-01T22:00:00
I01849,U0315,C075,completed,0.686,1.0,0.503,2026-02-02T00:00:00
I01850,U0315,C053,quiz_passed,0.731,1.0,0.627,2026-02-02T02:00:00
I01851,U0315,C067,quiz_passed,0.841,1.0,0.691,2026-02-02T04:00:00
I01852,U0315,C011,viewed,0.413,0.24,0.378,2026-02-02T06:00:00
I01853,U0315,C066,viewed,0.392,0.34,0.392,2026-02-02T08:00:00
I01854,U0315,C045,viewed,0.126,0.013,,2026-02-02T10:00:00
I01855,U0315,C044,disliked,0.17,0.0,0.252,2026-02-02T12:00:00
I01856,U0316,C096,viewed,0.481,0.59,0.31,2026-02-02T14:00:00
I01857,U0316,C096,completed,0.691,1.0,0.552,2026-02-02T16:00:00
I01858,U0316,C030,viewed,0.29,0.41,,2026-02-02T18:00:00
I01859,U0316,C076,disliked,0.376,0.09,0.559,2026-02-02T20:00:00
I01860,U0316,C046,completed,0.781,1.0,0.536,2026-02-02T22:00:00
I01861,U0316,C013,viewed,0.368,0.49,,2026-02-03T00:00:00
I01862,U0316,C071,viewed,0.336,0.46,,2026-02-03T02:00:00
I01863,U0316,C049,quiz_passed,0.838,1.0,0.695,2026-02-03T04:00:00
I01864,U0317,C015,viewed,0.112,0.043,,2026-02-03T06:00:00
I01865,U0317,C008,viewed,0.197,0.052,,2026-02-03T08:00:00
I01866,U0317,C096,completed,0.841,1.0,0.674,2026-02-03T10:00:00
I01867,U0317,C002,quiz_passed,0.838,1.0,0.733,2026-02-03T12:00:00
I01868,U0317,C046,completed,0.681,1.0,0.451,2026-02-03T14:00:00
I01869,U0317,C015,completed,0.857,1.0,0.801,2026-02-03T16:00:00
I01870,U0318,C029,quiz_passed,0.872,1.0,0.82,2026-02-03T18:00:00
I01871,U0318,C017,completed,0.495,1.0,,2026-02-03T20:00:00
I01872,U0318,C029,completed,0.808,1.0,0.863,2026-02-03T22:00:00
I01873,U0318,C049,quiz_passed,0.845,1.0,0.809,2026-02-04T00:00:00
I01874,U0318,C017,completed,0.491,1.0,,2026-02-04T02:00:00
I01875,U0318,C067,completed,0.52,1.0,,2026-02-04T04:00:00
I01876,U0318,C076,completed,0.907,1.0,0.871,2026-02-04T06:00:00
I01877,U0319,C096,completed,0.773,1.0,0.484,2026-02-04T08:00:00
I01878,U0319,C099,viewed,0.252,0.029,,2026-02-04T10:00:00
I01879,U0319,C099,viewed,0.281,0.017,,2026-02-04T12:00:00
I01880,U0319,C067,disliked,0.117,0.05,,2026-02-04T14:00:00
I01881,U0319,C030,completed,0.822,1.0,0.658,2026-02-04T16:00:00
I01882,U0320,C073,quiz_passed,0.801,1.0,0.615,2026-02-04T18:00:00
I01883,U0320,C009,completed,0.464,1.0,,2026-02-04T20:00:00
I01884,U0320,C098,completed,0.643,1.0,0.419,2026-02-04T22:00:00
I01885,U0320,C017,completed,0.51,1.0,,2026-02-05T00:00:00
I01886,U0320,C054,viewed,0.255,0.29,,2026-02-05T02:00:00
I01887,U0320,C095,disliked,0.292,0.13,0.286,2026-02-05T04:00:00
I01888,U0321,C066,completed,0.544,1.0,,2026-02-05T06:00:00
I01889,U0321,C099,viewed,0.292,0.056,,2026-02-05T08:00:00
I01890,U0321,C017,quiz_passed,0.807,1.0,0.678,2026-02-05T10:00:00
I01891,U0321,C096,viewed,0.154,0.077,,2026-02-05T12:00:00
I01892,U0322,C065,completed,0.745,1.0,0.657,2026-02-05T14:00:00
I01893,U0322,C098,completed,0.77,1.0,0.521,2026-02-05T16:00:00
I01894,U0322,C001,completed,0.553,1.0,,2026-02-05T18:00:00
I01895,U0322,C071,disliked,0.34,0.19,0.362,2026-02-05T20:00:00
I01896,U0323,C098,viewed,0.252,0.048,,2026-02-05T22:00:00
I01897,U0323,C065,viewed,0.579,0.65,0.355,2026-02-06T00:00:00
I01898,U0323,C030,viewed,0.155,0.085,,2026-02-06T02:00:00
I01899,U0323,C009,quiz_passed,0.803,1.0,0.71,2026-02-06T04:00:00
I01900,U0324,C098,completed,0.496,1.0,,2026-02-06T06:00:00
I01901,U0324,C051,completed,0.835,1.0,0.699,2026-02-06T08:00:00
I01902,U0324,C002,viewed,0.363,0.28,0.401,2026-02-06T10:00:00
I01903,U0324,C044,completed,0.542,1.0,,2026-02-06T12:00:00
I01904,U0324,C017,viewed,0.142,0.007,,2026-02-06T14:00:00
I01905,U0325,C064,quiz_passed,0.91,1.0,0.876,2026-02-06T16:00:00
I01906,U0325,C043,completed,0.797,1.0,0.825,2026-02-06T18:00:00
I01907,U0325,C057,quiz_passed,0.815,1.0,0.847,2026-02-06T20:00:00
I01908,U0325,C044,quiz_passed,0.821,1.0,0.791,2026-02-06T22:00:00
I01909,U0325,C049,quiz_passed,0.409,0.15,0.637,2026-02-07T00:00:00
I01910,U0326,C098,viewed,0.244,0.079,,2026-02-07T02:00:00
I01911,U0326,C018,quiz_passed,0.884,1.0,0.782,2026-02-07T04:00:00
I01912,U0326,C098,completed,0.761,1.0,0.588,2026-02-07T06:00:00
I01913,U0326,C095,completed,0.813,1.0,0.609,2026-02-07T08:00:00
I01914,U0326,C096,viewed,0.109,0.09,,2026-02-07T10:00:00
I01915,U0326,C095,viewed,0.477,0.48,0.391,2026-02-07T12:00:00
I01916,U0326,C048,completed,0.494,1.0,,2026-02-07T14:00:00
I01917,U0327,C092,completed,0.774,1.0,0.683,2026-02-07T16:00:00
I01918,U0327,C050,completed,0.485,1.0,,2026-02-07T18:00:00
I01919,U0327,C065,completed,0.833,1.0,0.685,2026-02-07T20:00:00
I01920,U0327,C044,completed,0.733,1.0,0.538,2026-02-07T22:00:00
I01921,U0327,C058,disliked,0.225,0.14,,2026-02-08T00:00:00
I01922,U0327,C051,quiz_passed,0.839,1.0,0.685,2026-02-08T02:00:00
I01923,U0328,C017,quiz_passed,0.801,1.0,0.781,2026-02-08T04:00:00
I01924,U0328,C082,completed,0.551,1.0,,2026-02-08T06:00:00
I01925,U0328,C048,quiz_passed,0.766,1.0,0.716,2026-02-08T08:00:00
I01926,U0328,C066,quiz_passed,0.866,1.0,0.732,2026-02-08T10:00:00
I01927,U0328,C095,completed,0.707,1.0,0.599,2026-02-08T12:00:00
I01928,U0328,C058,quiz_passed,0.789,1.0,0.769,2026-02-08T14:00:00
I01929,U0329,C091,quiz_passed,0.818,1.0,0.79,2026-02-08T16:00:00
I01930,U0329,C099,completed,0.537,1.0,,2026-02-08T18:00:00
I01931,U0329,C081,viewed,0.278,0.02,,2026-02-08T20:00:00
I01932,U0329,C013,viewed,0.313,0.61,,2026-02-08T22:00:00
I01933,U0329,C075,completed,0.735,1.0,0.598,2026-02-09T00:00:00
I01934,U0329,C045,viewed,0.288,0.21,0.34,2026-02-09T02:00:00
I01935,U0330,C002,viewed,0.26,0.097,,2026-02-09T04:00:00
I01936,U0330,C047,viewed,0.28,0.096,,2026-02-09T06:00:00
I01937,U0330,C061,disliked,0.165,0.13,,2026-02-09T08:00:00
I01938,U0330,C010,viewed,0.494,0.69,0.291,2026-02-09T10:00:00
I01939,U0331,C098,viewed,0.408,0.31,0.264,2026-02-09T12:00:00
I01940,U0331,C099,viewed,0.15,0.022,,2026-02-09T14:00:00
I01941,U0331,C051,disliked,0.254,0.12,0.347,2026-02-09T16:00:00
I01942,U0331,C028,completed,0.567,1.0,,2026-02-09T18:00:00
I01943,U0331,C081,viewed,0.4,0.58,0.259,2026-02-09T20:00:00
I01944,U0331,C013,viewed,0.173,0.098,,2026-02-09T22:00:00
I01945,U0331,C097,viewed,0.461,0.64,0.333,2026-02-10T00:00:00
I01946,U0332,C098,completed,0.516,1.0,,2026-02-10T02:00:00
I01947,U0332,C095,quiz_passed,0.724,1.0,0.618,2026-02-10T04:00:00
I01948,U0332,C099,completed,0.468,1.0,,2026-02-10T06:00:00
I01949,U0333,C025,viewed,0.178,0.016,,2026-02-10T08:00:00
I01950,U0333,C099,viewed,0.459,0.66,0.25,2026-02-10T10:00:00
I01951,U0333,C082,disliked,0.366,0.18,0.345,2026-02-10T12:00:00
I01952,U0333,C072,completed,0.568,1.0,,2026-02-10T14:00:00
I01953,U0334,C035,quiz_passed,0.81,1.0,0.77,2026-02-10T16:00:00
I01954,U0334,C091,quiz_passed,0.867,1.0,0.736,2026-02-10T18:00:00
I01955,U0334,C003,quiz_passed,0.883,1.0,0.804,2026-02-10T20:00:00
I01956,U0334,C050,completed,0.526,1.0,,2026-02-10T22:00:00
I01957,U0334,C029,quiz_passed,0.782,1.0,0.708,2026-02-11T00:00:00
I01958,U0334,C001,completed,0.522,1.0,,2026-02-11T02:00:00
I01959,U0334,C003,quiz_passed,0.816,1.0,0.713,2026-02-11T04:00:00
I01960,U0335,C095,completed,0.468,1.0,,2026-02-11T06:00:00
I01961,U0335,C095,viewed,0.163,0.008,,2026-02-11T08:00:00
I01962,U0335,C061,quiz_passed,0.762,1.0,0.657,2026-02-11T10:00:00
I01963,U0335,C065,viewed,0.277,0.075,,2026-02-11T12:00:00
I01964,U0335,C073,viewed,0.382,0.27,0.411,2026-02-11T14:00:00
I01965,U0335,C043,completed,0.487,1.0,,2026-02-11T16:00:00
I01966,U0336,C054,quiz_passed,0.849,1.0,0.841,2026-02-11T18:00:00
I01967,U0336,C099,completed,0.465,1.0,,2026-02-11T20:00:00
I01968,U0336,C030,completed,0.574,1.0,,2026-02-11T22:00:00
I01969,U0336,C029,quiz_passed,0.828,1.0,0.842,2026-02-12T00:00:00
I01970,U0336,C051,completed,0.464,1.0,,2026-02-12T02:00:00
I01971,U0336,C046,completed,0.529,1.0,,2026-02-12T04:00:00
I01972,U0336,C090,disliked,0.324,0.06,0.485,2026-02-12T06:00:00
I01973,U0336,C046,disliked,0.172,0.18,,2026-02-12T08:00:00
I01974,U0336,C011,completed,0.91,1.0,0.842,2026-02-12T10:00:00
I01975,U0337,C099,viewed,0.193,0.072,,2026-02-12T12:00:00
I01976,U0337,C076,viewed,0.306,0.52,,2026-02-12T14:00:00
I01977,U0337,C067,viewed,0.22,0.093,,2026-02-12T16:00:00
I01978,U0337,C076,disliked,0.249,0.0,0.372,2026-02-12T18:00:00
I01979,U0337,C073,viewed,0.526,0.56,0.388,2026-02-12T20:00:00
I01980,U0338,C095,disliked,0.293,0.19,0.199,2026-02-12T22:00:00
I01981,U0338,C073,completed,0.781,1.0,0.659,2026-02-13T00:00:00
I01982,U0338,C030,completed,0.768,1.0,0.685,2026-02-13T02:00:00
I01983,U0338,C054,completed,0.72,1.0,0.585,2026-02-13T04:00:00
I01984,U0338,C071,viewed,0.135,0.094,,2026-02-13T06:00:00
I01985,U0338,C099,viewed,0.469,0.63,0.277,2026-02-13T08:00:00
I01986,U0339,C066,quiz_passed,0.816,1.0,0.807,2026-02-13T10:00:00
I01987,U0339,C098,viewed,0.225,0.02,,2026-02-13T12:00:00
I01988,U0339,C057,completed,0.479,1.0,,2026-02-13T14:00:00
I01989,U0339,C043,completed,0.863,1.0,0.716,2026-02-13T16:00:00
I01990,U0339,C046,completed,0.501,1.0,,2026-02-13T18:00:00
I01991,U0340,C072,quiz_passed,0.9,1.0,0.802,2026-02-13T20:00:00
I01992,U0340,C095,quiz_passed,0.79,1.0,0.711,2026-02-13T22:00:00
I01993,U0340,C053,quiz_passed,0.882,1.0,0.82,2026-02-14T00:00:00
I01994,U0341,C029,viewed,0.286,0.064,,2026-02-14T02:00:00
I01995,U0341,C099,quiz_passed,0.818,1.0,0.722,2026-02-14T04:00:00
I01996,U0341,C099,quiz_passed,0.793,1.0,0.723,2026-02-14T06:00:00
I01997,U0341,C096,quiz_passed,0.74,1.0,0.695,2026-02-14T08:00:00
I01998,U0341,C092,completed,0.869,1.0,0.825,2026-02-14T10:00:00
I01999,U0341,C048,quiz_passed,0.832,1.0,0.877,2026-02-14T12:00:00
I02000,U0341,C001,completed,0.57,1.0,,2026-02-14T14:00:00
I02001,U0342,C098,disliked,0.232,0.14,0.282,2026-02-14T16:00:00
I02002,U0342,C042,quiz_passed,0.727,1.0,0.627,2026-02-14T18:00:00
I02003,U0342,C098,completed,0.564,1.0,,2026-02-14T20:00:00
I02004,U0342,C017,quiz_passed,0.786,1.0,0.609,2026-02-14T22:00:00
I02005,U0342,C066,completed,0.807,1.0,0.598,2026-02-15T00:00:00
I02006,U0342,C096,completed,0.706,1.0,0.475,2026-02-15T02:00:00
I02007,U0342,C067,disliked,0.144,0.13,,2026-02-15T04:00:00
I02008,U0342,C016,quiz_passed,0.826,1.0,0.67,2026-02-15T06:00:00
I02009,U0343,C054,quiz_passed,0.841,1.0,0.831,2026-02-15T08:00:00
I02010,U0343,C099,quiz_passed,0.87,1.0,0.777,2026-02-15T10:00:00
I02011,U0343,C058,completed,0.829,1.0,0.816,2026-02-15T12:00:00
I02012,U0343,C061,quiz_passed,0.84,1.0,0.824,2026-02-15T14:00:00
I02013,U0343,C046,quiz_passed,0.755,1.0,0.676,2026-02-15T16:00:00
I02014,U0343,C018,completed,0.524,1.0,,2026-02-15T18:00:00
I02015,U0343,C099,quiz_passed,0.846,1.0,0.739,2026-02-15T20:00:00
I02016,U0343,C001,quiz_passed,0.88,1.0,0.874,2026-02-15T22:00:00
I02017,U0344,C098,completed,0.737,1.0,0.425,2026-02-16T00:00:00
I02018,U0344,C095,viewed,0.306,0.35,0.21,2026-02-16T02:00:00
I02019,U0344,C098,completed,0.697,1.0,0.537,2026-02-16T04:00:00
I02020,U0344,C095,viewed,0.252,0.05,,2026-02-16T06:00:00
I02021,U0344,C099,viewed,0.15,0.096,,2026-02-16T08:00:00
I02022,U0344,C095,completed,0.736,1.0,0.498,2026-02-16T10:00:00
I02023,U0344,C057,viewed,0.249,0.2,,2026-02-16T12:00:00
I02024,U0344,C067,quiz_passed,0.828,1.0,0.622,2026-02-16T14:00:00
I02025,U0345,C050,viewed,0.228,0.036,,2026-02-16T16:00:00
I02026,U0345,C043,completed,0.735,1.0,0.565,2026-02-16T18:00:00
I02027,U0345,C016,completed,0.565,1.0,,2026-02-16T20:00:00
I02028,U0345,C002,completed,0.727,1.0,0.592,2026-02-16T22:00:00
I02029,U0346,C011,quiz_passed,0.797,1.0,0.723,2026-02-17T00:00:00
I02030,U0346,C095,completed,0.775,1.0,0.557,2026-02-17T02:00:00
I02031,U0346,C098,quiz_passed,0.732,1.0,0.665,2026-02-17T04:00:00
I02032,U0346,C095,viewed,0.352,0.46,,2026-02-17T06:00:00
I02033,U0347,C050,quiz_passed,0.809,1.0,0.701,2026-02-17T08:00:00
I02034,U0347,C061,completed,0.504,1.0,,2026-02-17T10:00:00
I02035,U0347,C010,completed,0.578,1.0,,2026-02-17T12:00:00
I02036,U0347,C017,quiz_passed,0.797,1.0,0.643,2026-02-17T14:00:00
I02037,U0347,C075,completed,0.749,1.0,0.518,2026-02-17T16:00:00
I02038,U0347,C013,viewed,0.263,0.051,,2026-02-17T18:00:00
I02039,U0348,C098,quiz_passed,0.784,1.0,0.636,2026-02-17T20:00:00
I02040,U0348,C071,completed,0.525,1.0,,2026-02-17T22:00:00
I02041,U0348,C076,completed,0.509,1.0,,2026-02-18T00:00:00
I02042,U0348,C091,completed,0.54,1.0,,2026-02-18T02:00:00
I02043,U0348,C061,completed,0.5,1.0,,2026-02-18T04:00:00
I02044,U0348,C002,quiz_passed,0.841,1.0,0.79,2026-02-18T06:00:00
I02045,U0349,C017,completed,0.713,1.0,0.589,2026-02-18T08:00:00
I02046,U0349,C048,viewed,0.217,0.058,,2026-02-18T10:00:00
I02047,U0349,C092,completed,0.521,1.0,,2026-02-18T12:00:00
I02048,U0349,C065,viewed,0.133,0.057,,2026-02-18T14:00:00
I02049,U0349,C098,viewed,0.187,0.065,,2026-02-18T16:00:00
I02050,U0349,C099,viewed,0.253,0.095,,2026-02-18T18:00:00
I02051,U0350,C066,completed,0.717,1.0,0.625,2026-02-18T20:00:00
I02052,U0350,C029,viewed,0.176,0.07,,2026-02-18T22:00:00
I02053,U0350,C095,viewed,0.202,0.089,,2026-02-19T00:00:00
I02054,U0350,C018,completed,0.704,1.0,0.573,2026-02-19T02:00:00
I02055,U0350,C048,viewed,0.356,0.27,0.367,2026-02-19T04:00:00
I02056,U0350,C050,viewed,0.357,0.2,0.36,2026-02-19T06:00:00
I02057,U0350,C074,viewed,0.125,0.067,,2026-02-19T08:00:00
I02058,U0351,C008,completed,0.506,1.0,,2026-02-19T10:00:00
I02059,U0351,C050,disliked,0.275,0.12,0.34,2026-02-19T12:00:00
I02060,U0351,C043,quiz_passed,0.801,1.0,0.638,2026-02-19T14:00:00
I02061,U0351,C075,completed,0.782,1.0,0.561,2026-02-19T16:00:00
I02062,U0351,C008,completed,0.552,1.0,,2026-02-19T18:00:00
I02063,U0351,C071,completed,0.756,1.0,0.692,2026-02-19T20:00:00
I02064,U0352,C096,viewed,0.155,0.064,,2026-02-19T22:00:00
I02065,U0352,C098,viewed,0.103,0.098,,2026-02-20T00:00:00
I02066,U0352,C073,completed,0.817,1.0,0.618,2026-02-20T02:00:00
I02067,U0352,C053,viewed,0.118,0.04,,2026-02-20T04:00:00
I02068,U0352,C073,completed,0.467,1.0,,2026-02-20T06:00:00
I02069,U0353,C001,quiz_passed,0.771,1.0,0.681,2026-02-20T08:00:00
I02070,U0353,C078,completed,0.483,1.0,,2026-02-20T10:00:00
I02071,U0353,C081,viewed,0.163,0.075,,2026-02-20T12:00:00
I02072,U0353,C095,viewed,0.245,0.049,,2026-02-20T14:00:00
I02073,U0353,C013,completed,0.742,1.0,0.483,2026-02-20T16:00:00
I02074,U0353,C016,completed,0.811,1.0,0.588,2026-02-20T18:00:00
I02075,U0353,C051,completed,0.494,1.0,,2026-02-20T20:00:00
I02076,U0354,C071,completed,0.516,1.0,,2026-02-20T22:00:00
I02077,U0354,C047,completed,0.502,1.0,,2026-02-21T00:00:00
I02078,U0354,C081,viewed,0.166,0.025,,2026-02-21T02:00:00
I02079,U0354,C042,viewed,0.212,0.009,,2026-02-21T04:00:00
I02080,U0354,C010,completed,0.472,1.0,,2026-02-21T06:00:00
I02081,U0354,C044,viewed,0.286,0.29,0.234,2026-02-21T08:00:00
I02082,U0355,C095,completed,0.697,1.0,0.412,2026-02-21T10:00:00
I02083,U0355,C082,completed,0.498,1.0,,2026-02-21T12:00:00
I02084,U0355,C029,completed,0.797,1.0,0.579,2026-02-21T14:00:00
I02085,U0355,C099,viewed,0.183,0.02,,2026-02-21T16:00:00
I02086,U0355,C011,completed,0.538,1.0,,2026-02-21T18:00:00
I02087,U0355,C091,completed,0.469,1.0,,2026-02-21T20:00:00
I02088,U0356,C099,viewed,0.146,0.011,,2026-02-21T22:00:00
I02089,U0356,C098,completed,0.474,1.0,,2026-02-22T00:00:00
I02090,U0356,C067,quiz_passed,0.824,1.0,0.714,2026-02-22T02:00:00
I02091,U0356,C088,viewed,0.123,0.095,,2026-02-22T04:00:00
I02092,U0356,C098,completed,0.557,1.0,,2026-02-22T06:00:00
I02093,U0357,C043,viewed,0.183,0.021,,2026-02-22T08:00:00
I02094,U0357,C095,quiz_passed,0.797,1.0,0.662,2026-02-22T10:00:00
I02095,U0357,C047,completed,0.521,1.0,,2026-02-22T12:00:00
I02096,U0357,C064,quiz_passed,0.788,1.0,0.699,2026-02-22T14:00:00
I02097,U0357,C051,completed,0.547,1.0,,2026-02-22T16:00:00
I02098,U0357,C046,viewed,0.1,0.019,,2026-02-22T18:00:00
I02099,U0357,C046,viewed,0.282,0.25,0.225,2026-02-22T20:00:00
I02100,U0358,C003,viewed,0.15,0.2,,2026-02-22T22:00:00
I02101,U0358,C047,disliked,0.111,0.04,,2026-02-23T00:00:00
I02102,U0358,C047,disliked,0.283,0.06,0.419,2026-02-23T02:00:00
I02103,U0358,C091,completed,0.53,1.0,,2026-02-23T04:00:00
I02104,U0358,C010,viewed,0.205,0.076,,2026-02-23T06:00:00
I02105,U0358,C042,quiz_passed,0.739,1.0,0.65,2026-02-23T08:00:00
I02106,U0358,C074,completed,0.736,1.0,0.512,2026-02-23T10:00:00
I02107,U0359,C098,completed,0.552,1.0,,2026-02-23T12:00:00
I02108,U0359,C003,quiz_passed,0.759,1.0,0.601,2026-02-23T14:00:00
I02109,U0359,C074,viewed,0.18,0.01,,2026-02-23T16:00:00
I02110,U0359,C015,quiz_passed,0.783,1.0,0.631,2026-02-23T18:00:00
I02111,U0359,C054,disliked,0.312,0.13,0.334,2026-02-23T20:00:00
I02112,U0360,C050,quiz_passed,0.844,1.0,0.679,2026-02-23T22:00:00
I02113,U0360,C057,viewed,0.21,0.044,,2026-02-24T00:00:00
I02114,U0360,C074,viewed,0.188,0.3,,2026-02-24T02:00:00
I02115,U0360,C075,disliked,0.296,0.07,0.234,2026-02-24T04:00:00
I02116,U0360,C025,viewed,0.224,0.014,,2026-02-24T06:00:00
I02117,U0360,C028,viewed,0.182,0.024,,2026-02-24T08:00:00
I02118,U0360,C097,viewed,0.256,0.25,,2026-02-24T10:00:00
I02119,U0361,C018,disliked,0.237,0.03,0.377,2026-02-24T12:00:00
I02120,U0361,C050,disliked,0.334,0.16,0.351,2026-02-24T14:00:00
I02121,U0361,C028,completed,0.729,1.0,0.608,2026-02-24T16:00:00
I02122,U0361,C075,completed,0.709,1.0,0.509,2026-02-24T18:00:00
I02123,U0361,C010,viewed,0.436,0.67,,2026-02-24T20:00:00
I02124,U0361,C010,completed,0.73,1.0,0.528,2026-02-24T22:00:00
I02125,U0361,C016,viewed,0.296,0.048,,2026-02-25T00:00:00
I02126,U0362,C009,viewed,0.422,0.36,0.344,2026-02-25T02:00:00
I02127,U0362,C006,completed,0.551,1.0,,2026-02-25T04:00:00
I02128,U0362,C047,quiz_passed,0.738,1.0,0.627,2026-02-25T06:00:00
I02129,U0362,C099,disliked,0.198,0.19,,2026-02-25T08:00:00
I02130,U0363,C049,completed,0.512,1.0,,2026-02-25T10:00:00
I02131,U0363,C080,completed,0.523,1.0,,2026-02-25T12:00:00
I02132,U0363,C057,quiz_passed,0.89,1.0,0.784,2026-02-25T14:00:00
I02133,U0363,C016,completed,0.561,1.0,,2026-02-25T16:00:00
I02134,U0363,C051,completed,0.475,1.0,,2026-02-25T18:00:00
I02135,U0364,C064,viewed,0.28,0.099,,2026-02-25T20:00:00
I02136,U0364,C082,completed,0.806,1.0,0.806,2026-02-25T22:00:00
I02137,U0364,C003,completed,0.47,1.0,,2026-02-26T00:00:00
I02138,U0364,C002,quiz_passed,0.804,1.0,0.786,2026-02-26T02:00:00
I02139,U0364,C044,quiz_passed,0.71,1.0,0.61,2026-02-26T04:00:00
I02140,U0364,C044,quiz_passed,0.826,1.0,0.682,2026-02-26T06:00:00
I02141,U0364,C081,viewed,0.177,0.04,,2026-02-26T08:00:00
I02142,U0364,C009,completed,0.563,1.0,,2026-02-26T10:00:00
I02143,U0364,C081,disliked,0.118,0.0,,2026-02-26T12:00:00
I02144,U0364,C065,completed,0.536,1.0,,2026-02-26T14:00:00
I02145,U0364,C011,viewed,0.527,0.58,0.553,2026-02-26T16:00:00
I02146,U0365,C002,viewed,0.275,0.014,,2026-02-26T18:00:00
I02147,U0365,C096,disliked,0.298,0.01,0.395,2026-02-26T20:00:00
I02148,U0365,C091,disliked,0.237,0.17,,2026-02-26T22:00:00
I02149,U0365,C010,quiz_passed,0.836,1.0,0.651,2026-02-27T00:00:00
I02150,U0366,C047,viewed,0.455,0.69,,2026-02-27T02:00:00
I02151,U0366,C088,completed,0.566,1.0,,2026-02-27T04:00:00
I02152,U0366,C091,quiz_passed,0.838,1.0,0.861,2026-02-27T06:00:00
I02153,U0366,C089,quiz_passed,0.801,1.0,0.766,2026-02-27T08:00:00
I02154,U0366,C030,completed,0.548,1.0,,2026-02-27T10:00:00
I02155,U0366,C054,completed,0.579,1.0,,2026-02-27T12:00:00
I02156,U0366,C001,quiz_passed,0.86,1.0,0.818,2026-02-27T14:00:00
I02157,U0367,C053,viewed,0.27,0.36,,2026-02-27T16:00:00
I02158,U0367,C051,viewed,0.235,0.014,,2026-02-27T18:00:00
I02159,U0367,C082,disliked,0.345,0.11,0.397,2026-02-27T20:00:00
I02160,U0367,C099,completed,0.632,1.0,0.427,2026-02-27T22:00:00
I02161,U0367,C096,completed,0.723,1.0,0.433,2026-02-28T00:00:00
I02162,U0367,C071,completed,0.515,1.0,,2026-02-28T02:00:00
I02163,U0367,C010,completed,0.5,1.0,,2026-02-28T04:00:00
I02164,U0368,C030,viewed,0.365,0.32,0.435,2026-02-28T06:00:00
I02165,U0368,C099,viewed,0.337,0.41,0.279,2026-02-28T08:00:00
I02166,U0368,C003,viewed,0.106,0.084,,2026-02-28T10:00:00
I02167,U0368,C064,completed,0.551,1.0,,2026-02-28T12:00:00
I02168,U0369,C096,completed,0.514,1.0,,2026-02-28T14:00:00
I02169,U0369,C098,completed,0.648,1.0,0.394,2026-02-28T16:00:00
I02170,U0369,C035,quiz_passed,0.785,1.0,0.646,2026-02-28T18:00:00
I02171,U0369,C067,completed,0.528,1.0,,2026-02-28T20:00:00
I02172,U0369,C041,viewed,0.279,0.082,,2026-02-28T22:00:00
I02173,U0369,C001,completed,0.491,1.0,,2026-03-01T00:00:00
I02174,U0370,C095,viewed,0.156,0.073,,2026-03-01T02:00:00
I02175,U0370,C098,viewed,0.184,0.063,,2026-03-01T04:00:00
I02176,U0370,C091,completed,0.761,1.0,0.565,2026-03-01T06:00:00
I02177,U0370,C073,completed,0.715,1.0,0.584,2026-03-01T08:00:00
I02178,U0370,C006,quiz_passed,0.765,1.0,0.649,2026-03-01T10:00:00
I02179,U0370,C035,completed,0.71,1.0,0.554,2026-03-01T12:00:00
I02180,U0370,C092,completed,0.775,1.0,0.584,2026-03-01T14:00:00
I02181,U0371,C003,quiz_passed,0.854,1.0,0.873,2026-03-01T16:00:00
I02182,U0371,C053,quiz_passed,0.885,1.0,0.855,2026-03-01T18:00:00
I02183,U0371,C074,completed,0.783,1.0,0.804,2026-03-01T20:00:00
I02184,U0371,C010,completed,0.517,1.0,,2026-03-01T22:00:00
I02185,U0371,C096,quiz_passed,0.747,1.0,0.696,2026-03-02T00:00:00
I02186,U0371,C002,completed,0.545,1.0,,2026-03-02T02:00:00
I02187,U0372,C018,completed,0.873,1.0,0.749,2026-03-02T04:00:00
I02188,U0372,C066,completed,0.548,1.0,,2026-03-02T06:00:00
I02189,U0372,C098,viewed,0.293,0.32,,2026-03-02T08:00:00
I02190,U0372,C073,quiz_passed,0.804,1.0,0.81,2026-03-02T10:00:00
I02191,U0372,C048,disliked,0.388,0.03,0.553,2026-03-02T12:00:00
I02192,U0372,C061,quiz_passed,0.875,1.0,0.782,2026-03-02T14:00:00
I02193,U0372,C046,completed,0.742,1.0,0.45,2026-03-02T16:00:00
I02194,U0372,C074,disliked,0.184,0.16,,2026-03-02T18:00:00
I02195,U0373,C003,quiz_passed,0.818,1.0,0.607,2026-03-02T20:00:00
I02196,U0373,C011,completed,0.516,1.0,,2026-03-02T22:00:00
I02197,U0373,C006,completed,0.772,1.0,0.616,2026-03-03T00:00:00
I02198,U0374,C053,completed,0.536,1.0,,2026-03-03T02:00:00
I02199,U0374,C015,quiz_passed,0.765,1.0,0.662,2026-03-03T04:00:00
I02200,U0374,C046,viewed,0.293,0.065,,2026-03-03T06:00:00
I02201,U0374,C025,completed,0.474,1.0,,2026-03-03T08:00:00
I02202,U0374,C046,disliked,0.292,0.16,0.129,2026-03-03T10:00:00
I02203,U0374,C092,completed,0.535,1.0,,2026-03-03T12:00:00
I02204,U0375,C073,completed,0.544,1.0,,2026-03-03T14:00:00
I02205,U0375,C076,quiz_passed,0.816,1.0,0.621,2026-03-03T16:00:00
I02206,U0375,C013,viewed,0.187,0.076,,2026-03-03T18:00:00
I02207,U0375,C011,viewed,0.22,0.06,,2026-03-03T20:00:00
I02208,U0375,C081,completed,0.548,1.0,,2026-03-03T22:00:00
I02209,U0375,C082,viewed,0.465,0.56,0.44,2026-03-04T00:00:00
I02210,U0375,C043,viewed,0.143,0.03,,2026-03-04T02:00:00
I02211,U0375,C016,disliked,0.322,0.17,0.33,2026-03-04T04:00:00
I02212,U0375,C045,viewed,0.19,0.083,,2026-03-04T06:00:00
I02213,U0376,C067,viewed,0.54,0.6,0.382,2026-03-04T08:00:00
I02214,U0376,C072,quiz_passed,0.773,1.0,0.645,2026-03-04T10:00:00
I02215,U0376,C006,viewed,0.284,0.074,,2026-03-04T12:00:00
I02216,U0376,C096,viewed,0.211,0.041,,2026-03-04T14:00:00
I02217,U0376,C047,viewed,0.271,0.1,,2026-03-04T16:00:00
I02218,U0377,C035,viewed,0.206,0.097,,2026-03-04T18:00:00
I02219,U0377,C035,viewed,0.28,0.31,,2026-03-04T20:00:00
I02220,U0377,C089,completed,0.465,1.0,,2026-03-04T22:00:00
I02221,U0377,C066,quiz_passed,0.844,1.0,0.688,2026-03-05T00:00:00
I02222,U0377,C028,completed,0.555,1.0,,2026-03-05T02:00:00
I02223,U0377,C042,viewed,0.262,0.094,,2026-03-05T04:00:00
I02224,U0378,C098,completed,0.465,1.0,,2026-03-05T06:00:00
I02225,U0378,C099,viewed,0.158,0.076,,2026-03-05T08:00:00
I02226,U0378,C016,viewed,0.118,0.057,,2026-03-05T10:00:00
I02227,U0378,C095,viewed,0.31,0.24,0.22,2026-03-05T12:00:00
I02228,U0378,C091,disliked,0.227,0.02,0.35,2026-03-05T14:00:00
I02229,U0378,C030,completed,0.814,1.0,0.656,2026-03-05T16:00:00
I02230,U0378,C002,completed,0.804,1.0,0.673,2026-03-05T18:00:00
I02231,U0379,C099,quiz_passed,0.795,1.0,0.617,2026-03-05T20:00:00
I02232,U0379,C048,viewed,0.26,0.41,,2026-03-05T22:00:00
I02233,U0379,C042,viewed,0.229,0.087,,2026-03-06T00:00:00
I02234,U0379,C030,completed,0.536,1.0,,2026-03-06T02:00:00
I02235,U0379,C096,completed,0.552,1.0,,2026-03-06T04:00:00
I02236,U0380,C050,completed,0.539,1.0,,2026-03-06T06:00:00
I02237,U0380,C044,completed,0.481,1.0,,2026-03-06T08:00:00
I02238,U0380,C054,completed,0.696,1.0,0.581,2026-03-06T10:00:00
I02239,U0380,C082,completed,0.762,1.0,0.567,2026-03-06T12:00:00
I02240,U0380,C066,viewed,0.15,0.093,,2026-03-06T14:00:00
I02241,U0380,C010,viewed,0.569,0.69,0.294,2026-03-06T16:00:00
I02242,U0380,C046,completed,0.686,1.0,0.321,2026-03-06T18:00:00
I02243,U0380,C051,completed,0.729,1.0,0.66,2026-03-06T20:00:00
I02244,U0380,C073,viewed,0.199,0.035,,2026-03-06T22:00:00
I02245,U0381,C095,quiz_passed,0.784,1.0,0.626,2026-03-07T00:00:00
I02246,U0381,C072,quiz_passed,0.831,1.0,0.781,2026-03-07T02:00:00
I02247,U0381,C028,completed,0.56,1.0,,2026-03-07T04:00:00
I02248,U0381,C042,completed,0.817,1.0,0.731,2026-03-07T06:00:00
I02249,U0381,C028,completed,0.575,1.0,,2026-03-07T08:00:00
I02250,U0381,C001,quiz_passed,0.86,1.0,0.724,2026-03-07T10:00:00
I02251,U0382,C095,viewed,0.179,0.26,,2026-03-07T12:00:00
I02252,U0382,C099,viewed,0.519,0.45,0.429,2026-03-07T14:00:00
I02253,U0382,C050,viewed,0.102,0.007,,2026-03-07T16:00:00
I02254,U0382,C098,quiz_passed,0.795,1.0,0.666,2026-03-07T18:00:00
I02255,U0382,C096,viewed,0.412,0.25,0.387,2026-03-07T20:00:00
I02256,U0383,C099,viewed,0.323,0.32,0.302,2026-03-07T22:00:00
I02257,U0383,C054,completed,0.803,1.0,0.64,2026-03-08T00:00:00
I02258,U0383,C098,completed,0.692,1.0,0.439,2026-03-08T02:00:00
I02259,U0383,C082,viewed,0.274,0.024,,2026-03-08T04:00:00
I02260,U0383,C030,disliked,0.333,0.08,0.31,2026-03-08T06:00:00
I02261,U0384,C057,quiz_passed,0.885,1.0,0.807,2026-03-08T08:00:00
I02262,U0384,C082,quiz_passed,0.884,1.0,0.809,2026-03-08T10:00:00
I02263,U0384,C002,completed,0.55,1.0,,2026-03-08T12:00:00
I02264,U0384,C057,quiz_passed,0.855,1.0,0.721,2026-03-08T14:00:00
I02265,U0384,C064,quiz_passed,0.86,1.0,0.728,2026-03-08T16:00:00
I02266,U0384,C091,quiz_passed,0.791,1.0,0.727,2026-03-08T18:00:00
I02267,U0385,C002,viewed,0.23,0.036,,2026-03-08T20:00:00
I02268,U0385,C063,completed,0.835,1.0,0.791,2026-03-08T22:00:00
I02269,U0385,C002,viewed,0.195,0.053,,2026-03-09T00:00:00
I02270,U0385,C014,quiz_passed,0.805,1.0,0.638,2026-03-09T02:00:00
I02271,U0385,C036,completed,0.461,1.0,,2026-03-09T04:00:00
I02272,U0386,C099,completed,0.739,1.0,0.554,2026-03-09T06:00:00
I02273,U0386,C099,completed,0.703,1.0,0.563,2026-03-09T08:00:00
I02274,U0386,C029,quiz_passed,0.828,1.0,0.726,2026-03-09T10:00:00
I02275,U0386,C011,completed,0.57,1.0,,2026-03-09T12:00:00
I02276,U0386,C047,quiz_passed,0.852,1.0,0.736,2026-03-09T14:00:00
I02277,U0387,C076,completed,0.481,1.0,,2026-03-09T16:00:00
I02278,U0387,C025,quiz_passed,0.537,0.3,0.701,2026-03-09T18:00:00
I02279,U0387,C045,completed,0.787,1.0,0.728,2026-03-09T20:00:00
I02280,U0387,C044,viewed,0.234,0.056,,2026-03-09T22:00:00
I02281,U0387,C046,completed,0.799,1.0,0.654,2026-03-10T00:00:00
I02282,U0387,C046,completed,0.498,1.0,,2026-03-10T02:00:00
I02283,U0387,C005,completed,0.887,1.0,0.77,2026-03-10T04:00:00
I02284,U0387,C005,completed,0.511,1.0,,2026-03-10T06:00:00
I02285,U0387,C065,completed,0.544,1.0,,2026-03-10T08:00:00
I02286,U0388,C050,quiz_passed,0.809,1.0,0.739,2026-03-10T10:00:00
I02287,U0388,C046,viewed,0.236,0.26,,2026-03-10T12:00:00
I02288,U0388,C061,quiz_passed,0.819,1.0,0.799,2026-03-10T14:00:00
I02289,U0388,C046,viewed,0.401,0.65,,2026-03-10T16:00:00
I02290,U0389,C092,completed,0.525,1.0,,2026-03-10T18:00:00
I02291,U0389,C095,disliked,0.268,0.13,0.244,2026-03-10T20:00:00
I02292,U0389,C006,completed,0.776,1.0,0.584,2026-03-10T22:00:00
I02293,U0389,C043,completed,0.539,1.0,,2026-03-11T00:00:00
I02294,U0390,C018,quiz_passed,0.813,1.0,0.68,2026-03-11T02:00:00
I02295,U0390,C047,viewed,0.202,0.083,,2026-03-11T04:00:00
I02296,U0390,C095,viewed,0.283,0.027,,2026-03-11T06:00:00
I02297,U0391,C028,viewed,0.205,0.025,,2026-03-11T08:00:00
I02298,U0391,C043,completed,0.765,1.0,0.637,2026-03-11T10:00:00
I02299,U0391,C015,completed,0.734,1.0,0.572,2026-03-11T12:00:00
I02300,U0391,C058,viewed,0.208,0.08,,2026-03-11T14:00:00
I02301,U0391,C013,completed,0.654,1.0,0.445,2026-03-11T16:00:00
I02302,U0392,C099,viewed,0.325,0.39,,2026-03-11T18:00:00
I02303,U0392,C009,quiz_passed,0.815,1.0,0.713,2026-03-11T20:00:00
I02304,U0392,C054,completed,0.54,1.0,,2026-03-11T22:00:00
I02305,U0392,C092,completed,0.518,1.0,,2026-03-12T00:00:00
I02306,U0392,C001,disliked,0.172,0.09,,2026-03-12T02:00:00
I02307,U0393,C082,quiz_passed,0.818,1.0,0.683,2026-03-12T04:00:00
I02308,U0393,C098,completed,0.735,1.0,0.463,2026-03-12T06:00:00
I02309,U0393,C099,completed,0.677,1.0,0.49,2026-03-12T08:00:00
I02310,U0393,C071,viewed,0.3,0.024,,2026-03-12T10:00:00
I02311,U0393,C003,completed,0.572,1.0,,2026-03-12T12:00:00
I02312,U0393,C081,viewed,0.298,0.033,,2026-03-12T14:00:00
I02313,U0394,C092,viewed,0.518,0.29,0.565,2026-03-12T16:00:00
I02314,U0394,C002,completed,0.81,1.0,0.797,2026-03-12T18:00:00
I02315,U0394,C011,viewed,0.52,0.56,0.475,2026-03-12T20:00:00
I02316,U0394,C095,viewed,0.318,0.2,0.406,2026-03-12T22:00:00
I02317,U0394,C061,viewed,0.423,0.3,0.529,2026-03-13T00:00:00
I02318,U0394,C017,quiz_passed,0.856,1.0,0.808,2026-03-13T02:00:00
I02319,U0394,C082,completed,0.485,1.0,,2026-03-13T04:00:00
I02320,U0394,C051,disliked,0.169,0.0,,2026-03-13T06:00:00
I02321,U0394,C074,viewed,0.376,0.2,0.365,2026-03-13T08:00:00
I02322,U0394,C046,viewed,0.482,0.62,0.291,2026-03-13T10:00:00
I02323,U0395,C096,quiz_passed,0.78,1.0,0.794,2026-03-13T12:00:00
I02324,U0395,C061,quiz_passed,0.851,1.0,0.885,2026-03-13T14:00:00
I02325,U0395,C010,viewed,0.374,0.23,0.482,2026-03-13T16:00:00
I02326,U0395,C091,quiz_passed,0.914,1.0,0.866,2026-03-13T18:00:00
I02327,U0395,C051,completed,0.497,1.0,,2026-03-13T20:00:00
I02328,U0395,C044,quiz_passed,0.89,1.0,0.792,2026-03-13T22:00:00
I02329,U0395,C095,viewed,0.481,0.38,0.592,2026-03-14T00:00:00
I02330,U0395,C054,quiz_passed,0.837,1.0,0.813,2026-03-14T02:00:00
I02331,U0395,C013,completed,0.498,1.0,,2026-03-14T04:00:00
I02332,U0396,C002,completed,0.478,1.0,,2026-03-14T06:00:00
I02333,U0396,C051,completed,0.855,1.0,0.797,2026-03-14T08:00:00
I02334,U0396,C062,completed,0.489,1.0,,2026-03-14T10:00:00
I02335,U0397,C003,completed,0.47,1.0,,2026-03-14T12:00:00
I02336,U0397,C062,viewed,0.166,0.25,,2026-03-14T14:00:00
I02337,U0397,C053,quiz_passed,0.749,1.0,0.682,2026-03-14T16:00:00
I02338,U0397,C018,completed,0.846,1.0,0.694,2026-03-14T18:00:00
I02339,U0397,C095,viewed,0.257,0.084,,2026-03-14T20:00:00
I02340,U0397,C042,viewed,0.405,0.6,,2026-03-14T22:00:00
I02341,U0397,C064,viewed,0.236,0.046,,2026-03-15T00:00:00
I02342,U0397,C003,completed,0.509,1.0,,2026-03-15T02:00:00
I02343,U0398,C098,completed,0.57,1.0,,2026-03-15T04:00:00
I02344,U0398,C043,completed,0.53,1.0,,2026-03-15T06:00:00
I02345,U0398,C006,completed,0.482,1.0,,2026-03-15T08:00:00
I02346,U0398,C011,viewed,0.305,0.61,,2026-03-15T10:00:00
I02347,U0398,C030,completed,0.503,1.0,,2026-03-15T12:00:00
I02348,U0398,C011,quiz_passed,0.809,1.0,0.682,2026-03-15T14:00:00
I02349,U0398,C002,quiz_passed,0.798,1.0,0.701,2026-03-15T16:00:00
I02350,U0399,C001,completed,0.817,1.0,0.808,2026-03-15T18:00:00
I02351,U0399,C005,disliked,0.304,0.1,0.389,2026-03-15T20:00:00
I02352,U0399,C008,completed,0.806,1.0,0.768,2026-03-15T22:00:00
I02353,U0399,C018,disliked,0.069,0.01,,2026-03-16T00:00:00
I02354,U0399,C098,completed,0.764,1.0,0.593,2026-03-16T02:00:00
I02355,U0399,C001,viewed,0.279,0.092,,2026-03-16T04:00:00
I02356,U0400,C048,completed,0.571,1.0,,2026-03-16T06:00:00
I02357,U0400,C071,viewed,0.103,0.029,,2026-03-16T08:00:00
I02358,U0400,C091,quiz_passed,0.799,1.0,0.752,2026-03-16T10:00:00
I02359,U0400,C067,quiz_passed,0.845,1.0,0.753,2026-03-16T12:00:00
I02360,U0400,C001,completed,0.474,1.0,,2026-03-16T14:00:00
I02361,U0400,C061,quiz_passed,0.772,1.0,0.705,2026-03-16T16:00:00
I02362,U0400,C016,completed,0.544,1.0,,2026-03-16T18:00:00
I02363,U0400,C006,completed,0.502,1.0,,2026-03-16T20:00:00
I02364,U0401,C043,viewed,0.336,0.45,,2026-03-16T22:00:00
I02365,U0401,C073,completed,0.52,1.0,,2026-03-17T00:00:00
I02366,U0401,C050,completed,0.571,1.0,,2026-03-17T02:00:00
I02367,U0401,C028,completed,0.545,1.0,,2026-03-17T04:00:00
I02368,U0401,C017,quiz_passed,0.809,1.0,0.621,2026-03-17T06:00:00
I02369,U0402,C029,completed,0.529,1.0,,2026-03-17T08:00:00
I02370,U0402,C067,viewed,0.294,0.073,,2026-03-17T10:00:00
I02371,U0402,C096,quiz_passed,0.801,1.0,0.67,2026-03-17T12:00:00
I02372,U0402,C064,quiz_passed,0.884,1.0,0.781,2026-03-17T14:00:00
I02373,U0402,C099,viewed,0.325,0.46,,2026-03-17T16:00:00
I02374,U0403,C002,viewed,0.347,0.26,0.442,2026-03-17T18:00:00
I02375,U0403,C005,viewed,0.251,0.058,,2026-03-17T20:00:00
I02376,U0403,C065,completed,0.767,1.0,0.646,2026-03-17T22:00:00
I02377,U0403,C053,quiz_passed,0.799,1.0,0.634,2026-03-18T00:00:00
I02378,U0403,C005,completed,0.714,1.0,0.471,2026-03-18T02:00:00
I02379,U0404,C063,viewed,0.199,0.004,,2026-03-18T04:00:00
I02380,U0404,C042,viewed,0.381,0.37,0.344,2026-03-18T06:00:00
I02381,U0404,C043,viewed,0.263,0.1,,2026-03-18T08:00:00
I02382,U0404,C015,completed,0.468,1.0,,2026-03-18T10:00:00
I02383,U0404,C095,completed,0.491,1.0,,2026-03-18T12:00:00
I02384,U0405,C002,completed,0.573,1.0,,2026-03-18T14:00:00
I02385,U0405,C010,completed,0.496,1.0,,2026-03-18T16:00:00
I02386,U0405,C065,quiz_passed,0.405,0.0,0.657,2026-03-18T18:00:00
I02387,U0405,C065,quiz_passed,0.539,0.48,0.644,2026-03-18T20:00:00
I02388,U0405,C005,viewed,0.633,0.6,0.538,2026-03-18T22:00:00
I02389,U0405,C010,viewed,0.477,0.53,0.469,2026-03-19T00:00:00
I02390,U0405,C005,quiz_passed,0.79,1.0,0.738,2026-03-19T02:00:00
I02391,U0406,C095,completed,0.819,1.0,0.609,2026-03-19T04:00:00
I02392,U0406,C047,completed,0.52,1.0,,2026-03-19T06:00:00
I02393,U0406,C096,disliked,0.196,0.1,,2026-03-19T08:00:00
I02394,U0406,C091,viewed,0.188,0.007,,2026-03-19T10:00:00
I02395,U0407,C064,completed,0.561,1.0,,2026-03-19T12:00:00
I02396,U0407,C088,quiz_passed,0.803,1.0,0.718,2026-03-19T14:00:00
I02397,U0407,C063,completed,0.573,1.0,,2026-03-19T16:00:00
I02398,U0407,C067,completed,0.578,1.0,,2026-03-19T18:00:00
I02399,U0408,C098,completed,0.712,1.0,0.543,2026-03-19T20:00:00
I02400,U0408,C064,completed,0.515,1.0,,2026-03-19T22:00:00
I02401,U0408,C096,viewed,0.456,0.54,0.425,2026-03-20T00:00:00
I02402,U0408,C096,completed,0.792,1.0,0.592,2026-03-20T02:00:00
I02403,U0408,C058,viewed,0.263,0.044,,2026-03-20T04:00:00
I02404,U0408,C073,quiz_passed,0.862,1.0,0.813,2026-03-20T06:00:00
I02405,U0408,C054,quiz_passed,0.851,1.0,0.721,2026-03-20T08:00:00
I02406,U0409,C001,quiz_passed,0.907,1.0,0.831,2026-03-20T10:00:00
I02407,U0409,C046,viewed,0.477,0.41,0.371,2026-03-20T12:00:00
I02408,U0409,C061,completed,0.513,1.0,,2026-03-20T14:00:00
I02409,U0409,C013,quiz_passed,0.825,1.0,0.805,2026-03-20T16:00:00
I02410,U0409,C067,viewed,0.292,0.039,,2026-03-20T18:00:00
I02411,U0409,C075,viewed,0.104,0.026,,2026-03-20T20:00:00
I02412,U0409,C081,completed,0.487,1.0,,2026-03-20T22:00:00
I02413,U0409,C075,viewed,0.145,0.081,,2026-03-21T00:00:00
I02414,U0409,C099,quiz_passed,0.804,1.0,0.727,2026-03-21T02:00:00
I02415,U0409,C046,quiz_passed,0.781,1.0,0.621,2026-03-21T04:00:00
I02416,U0409,C002,completed,0.52,1.0,,2026-03-21T06:00:00
I02417,U0410,C016,quiz_passed,0.775,1.0,0.646,2026-03-21T08:00:00
I02418,U0410,C075,disliked,0.219,0.14,0.198,2026-03-21T10:00:00
I02419,U0410,C057,completed,0.747,1.0,0.657,2026-03-21T12:00:00
I02420,U0410,C076,quiz_passed,0.783,1.0,0.699,2026-03-21T14:00:00
I02421,U0411,C096,completed,0.738,1.0,0.571,2026-03-21T16:00:00
I02422,U0411,C016,completed,0.844,1.0,0.722,2026-03-21T18:00:00
I02423,U0411,C050,quiz_passed,0.876,1.0,0.795,2026-03-21T20:00:00
I02424,U0411,C090,viewed,0.502,0.54,0.407,2026-03-21T22:00:00
I02425,U0412,C095,viewed,0.262,0.069,,2026-03-22T00:00:00
I02426,U0412,C097,quiz_passed,0.838,1.0,0.799,2026-03-22T02:00:00
I02427,U0412,C099,completed,0.471,1.0,,2026-03-22T04:00:00
I02428,U0412,C043,completed,0.846,1.0,0.883,2026-03-22T06:00:00
I02429,U0412,C099,completed,0.532,1.0,,2026-03-22T08:00:00
I02430,U0413,C053,completed,0.463,1.0,,2026-03-22T10:00:00
I02431,U0413,C067,completed,0.552,1.0,,2026-03-22T12:00:00
I02432,U0413,C096,completed,0.556,1.0,,2026-03-22T14:00:00
I02433,U0413,C018,completed,0.814,1.0,0.756,2026-03-22T16:00:00
I02434,U0413,C002,completed,0.563,1.0,,2026-03-22T18:00:00
I02435,U0413,C018,completed,0.578,1.0,,2026-03-22T20:00:00
I02436,U0413,C088,quiz_passed,0.796,1.0,0.704,2026-03-22T22:00:00
I02437,U0413,C061,completed,0.513,1.0,,2026-03-23T00:00:00
I02438,U0413,C016,completed,0.81,1.0,0.759,2026-03-23T02:00:00
I02439,U0413,C046,completed,0.75,1.0,0.532,2026-03-23T04:00:00
I02440,U0413,C043,quiz_passed,0.875,1.0,0.8,2026-03-23T06:00:00
I02441,U0414,C053,viewed,0.282,0.072,,2026-03-23T08:00:00
I02442,U0414,C096,disliked,0.22,0.15,,2026-03-23T10:00:00
I02443,U0414,C006,completed,0.537,1.0,,2026-03-23T12:00:00
I02444,U0414,C054,completed,0.483,1.0,,2026-03-23T14:00:00
I02445,U0414,C042,quiz_passed,0.736,1.0,0.635,2026-03-23T16:00:00
I02446,U0414,C025,completed,0.574,1.0,,2026-03-23T18:00:00
I02447,U0414,C049,viewed,0.474,0.65,0.362,2026-03-23T20:00:00
I02448,U0415,C035,viewed,0.39,0.25,0.382,2026-03-23T22:00:00
I02449,U0415,C079,completed,0.643,1.0,0.417,2026-03-24T00:00:00
I02450,U0415,C057,viewed,0.258,0.054,,2026-03-24T02:00:00
I02451,U0415,C025,completed,0.497,1.0,,2026-03-24T04:00:00
I02452,U0415,C048,completed,0.487,1.0,,2026-03-24T06:00:00
I02453,U0415,C029,completed,0.799,1.0,0.565,2026-03-24T08:00:00
I02454,U0416,C015,quiz_passed,0.767,1.0,0.691,2026-03-24T10:00:00
I02455,U0416,C001,completed,0.496,1.0,,2026-03-24T12:00:00
I02456,U0417,C076,completed,0.856,1.0,0.88,2026-03-24T14:00:00
I02457,U0417,C045,quiz_passed,0.747,1.0,0.716,2026-03-24T16:00:00
I02458,U0417,C046,viewed,0.578,0.59,0.425,2026-03-24T18:00:00
I02459,U0417,C013,completed,0.869,1.0,0.729,2026-03-24T20:00:00
I02460,U0418,C048,viewed,0.278,0.011,,2026-03-24T22:00:00
I02461,U0418,C092,completed,0.544,1.0,,2026-03-25T00:00:00
I02462,U0418,C097,completed,0.572,1.0,,2026-03-25T02:00:00
I02463,U0418,C017,completed,0.803,1.0,0.678,2026-03-25T04:00:00
I02464,U0419,C095,quiz_passed,0.847,1.0,0.677,2026-03-25T06:00:00
I02465,U0419,C066,completed,0.472,1.0,,2026-03-25T08:00:00
I02466,U0419,C030,quiz_passed,0.855,1.0,0.789,2026-03-25T10:00:00
I02467,U0419,C016,completed,0.767,1.0,0.752,2026-03-25T12:00:00
I02468,U0419,C088,completed,0.776,1.0,0.759,2026-03-25T14:00:00
I02469,U0420,C096,completed,0.738,1.0,0.692,2026-03-25T16:00:00
I02470,U0420,C028,completed,0.525,1.0,,2026-03-25T18:00:00
I02471,U0420,C051,quiz_passed,0.88,1.0,0.885,2026-03-25T20:00:00
I02472,U0420,C046,completed,0.796,1.0,0.696,2026-03-25T22:00:00
I02473,U0420,C081,quiz_passed,0.801,1.0,0.782,2026-03-26T00:00:00
I02474,U0420,C050,completed,0.909,1.0,0.885,2026-03-26T02:00:00
I02475,U0420,C082,quiz_passed,0.804,1.0,0.827,2026-03-26T04:00:00
I02476,U0420,C073,quiz_passed,0.859,1.0,0.867,2026-03-26T06:00:00
I02477,U0420,C067,quiz_passed,0.862,1.0,0.817,2026-03-26T08:00:00
I02478,U0420,C029,completed,0.842,1.0,0.837,2026-03-26T10:00:00
I02479,U0421,C043,quiz_passed,0.86,1.0,0.877,2026-03-26T12:00:00
I02480,U0421,C065,quiz_passed,0.66,0.67,0.66,2026-03-26T14:00:00
I02481,U0421,C095,completed,0.558,1.0,,2026-03-26T16:00:00
I02482,U0421,C046,completed,0.762,1.0,0.692,2026-03-26T18:00:00
I02483,U0422,C082,completed,0.818,1.0,0.703,2026-03-26T20:00:00
I02484,U0422,C095,viewed,0.153,0.094,,2026-03-26T22:00:00
I02485,U0422,C098,quiz_passed,0.765,1.0,0.611,2026-03-27T00:00:00
I02486,U0422,C076,quiz_passed,0.864,1.0,0.716,2026-03-27T02:00:00
I02487,U0422,C015,quiz_passed,0.856,1.0,0.741,2026-03-27T04:00:00
I02488,U0423,C099,viewed,0.27,0.041,,2026-03-27T06:00:00
I02489,U0423,C096,completed,0.682,1.0,0.407,2026-03-27T08:00:00
I02490,U0423,C018,disliked,0.163,0.17,,2026-03-27T10:00:00
I02491,U0423,C015,completed,0.731,1.0,0.66,2026-03-27T12:00:00
I02492,U0424,C091,completed,0.559,1.0,,2026-03-27T14:00:00
I02493,U0424,C002,quiz_passed,0.863,1.0,0.742,2026-03-27T16:00:00
I02494,U0424,C047,completed,0.477,1.0,,2026-03-27T18:00:00
I02495,U0424,C003,quiz_passed,0.854,1.0,0.743,2026-03-27T20:00:00
I02496,U0424,C067,viewed,0.458,0.37,0.529,2026-03-27T22:00:00
I02497,U0424,C054,viewed,0.132,0.024,,2026-03-28T00:00:00
I02498,U0424,C071,completed,0.881,1.0,0.788,2026-03-28T02:00:00
I02499,U0425,C028,completed,0.503,1.0,,2026-03-28T04:00:00
I02500,U0425,C017,quiz_passed,0.856,1.0,0.822,2026-03-28T06:00:00
I02501,U0425,C003,completed,0.536,1.0,,2026-03-28T08:00:00
I02502,U0425,C006,viewed,0.26,0.009,,2026-03-28T10:00:00
I02503,U0425,C099,completed,0.464,1.0,,2026-03-28T12:00:00
I02504,U0425,C046,completed,0.767,1.0,0.626,2026-03-28T14:00:00
I02505,U0425,C061,completed,0.826,1.0,0.815,2026-03-28T16:00:00
I02506,U0426,C071,viewed,0.246,0.076,,2026-03-28T18:00:00
I02507,U0426,C082,completed,0.521,1.0,,2026-03-28T20:00:00
I02508,U0426,C063,completed,0.546,1.0,,2026-03-28T22:00:00
I02509,U0426,C098,completed,0.473,1.0,,2026-03-29T00:00:00
I02510,U0426,C095,quiz_passed,0.831,1.0,0.676,2026-03-29T02:00:00
I02511,U0426,C014,completed,0.753,1.0,0.612,2026-03-29T04:00:00
I02512,U0427,C067,completed,0.461,1.0,,2026-03-29T06:00:00
I02513,U0427,C096,completed,0.533,1.0,,2026-03-29T08:00:00
I02514,U0427,C025,completed,0.812,1.0,0.582,2026-03-29T10:00:00
I02515,U0427,C064,quiz_passed,0.761,1.0,0.69,2026-03-29T12:00:00
I02516,U0427,C067,completed,0.542,1.0,,2026-03-29T14:00:00
I02517,U0428,C002,completed,0.488,1.0,,2026-03-29T16:00:00
I02518,U0428,C049,completed,0.571,1.0,,2026-03-29T18:00:00
I02519,U0428,C081,viewed,0.611,0.56,0.592,2026-03-29T20:00:00
I02520,U0428,C088,completed,0.491,1.0,,2026-03-29T22:00:00
I02521,U0429,C017,viewed,0.277,0.014,,2026-03-30T00:00:00
I02522,U0429,C098,disliked,0.213,0.1,0.235,2026-03-30T02:00:00
I02523,U0429,C066,completed,0.466,1.0,,2026-03-30T04:00:00
I02524,U0429,C082,completed,0.776,1.0,0.629,2026-03-30T06:00:00
I02525,U0429,C095,viewed,0.34,0.68,,2026-03-30T08:00:00
I02526,U0429,C048,viewed,0.367,0.65,,2026-03-30T10:00:00
I02527,U0429,C095,completed,0.649,1.0,0.443,2026-03-30T12:00:00
I02528,U0430,C076,quiz_passed,0.805,1.0,0.672,2026-03-30T14:00:00
I02529,U0430,C048,completed,0.474,1.0,,2026-03-30T16:00:00
I02530,U0430,C075,completed,0.654,1.0,0.452,2026-03-30T18:00:00
I02531,U0430,C045,viewed,0.463,0.66,0.283,2026-03-30T20:00:00
I02532,U0430,C015,viewed,0.356,0.25,0.438,2026-03-30T22:00:00
I02533,U0430,C098,completed,0.637,1.0,0.437,2026-03-31T00:00:00
I02534,U0431,C042,completed,0.55,1.0,,2026-03-31T02:00:00
I02535,U0431,C098,viewed,0.246,0.005,,2026-03-31T04:00:00
I02536,U0431,C035,completed,0.522,1.0,,2026-03-31T06:00:00
I02537,U0431,C051,completed,0.708,1.0,0.575,2026-03-31T08:00:00
I02538,U0431,C043,completed,0.762,1.0,0.655,2026-03-31T10:00:00
I02539,U0432,C047,completed,0.789,1.0,0.661,2026-03-31T12:00:00
I02540,U0432,C095,viewed,0.276,0.042,,2026-03-31T14:00:00
I02541,U0432,C098,viewed,0.331,0.47,,2026-03-31T16:00:00
I02542,U0432,C029,viewed,0.584,0.66,0.362,2026-03-31T18:00:00
I02543,U0432,C015,completed,0.462,1.0,,2026-03-31T20:00:00
I02544,U0432,C005,completed,0.712,1.0,0.438,2026-03-31T22:00:00
I02545,U0432,C042,viewed,0.206,0.075,,2026-04-01T00:00:00
I02546,U0432,C091,viewed,0.112,0.048,,2026-04-01T02:00:00
I02547,U0433,C018,quiz_passed,0.815,1.0,0.79,2026-04-01T04:00:00
I02548,U0433,C053,viewed,0.348,0.54,,2026-04-01T06:00:00
I02549,U0433,C029,completed,0.545,1.0,,2026-04-01T08:00:00
I02550,U0433,C092,quiz_passed,0.831,1.0,0.757,2026-04-01T10:00:00
I02551,U0433,C064,completed,0.872,1.0,0.735,2026-04-01T12:00:00
I02552,U0434,C006,quiz_passed,0.728,1.0,0.642,2026-04-01T14:00:00
I02553,U0434,C050,quiz_passed,0.799,1.0,0.628,2026-04-01T16:00:00
I02554,U0434,C016,quiz_passed,0.834,1.0,0.663,2026-04-01T18:00:00
I02555,U0434,C082,completed,0.49,1.0,,2026-04-01T20:00:00
I02556,U0434,C009,completed,0.674,1.0,0.531,2026-04-01T22:00:00
I02557,U0434,C072,completed,0.727,1.0,0.572,2026-04-02T00:00:00
I02558,U0434,C065,quiz_passed,0.822,1.0,0.645,2026-04-02T02:00:00
I02559,U0434,C058,quiz_passed,0.796,1.0,0.645,2026-04-02T04:00:00
I02560,U0435,C096,completed,0.707,1.0,0.439,2026-04-02T06:00:00
I02561,U0435,C095,disliked,0.22,0.09,0.255,2026-04-02T08:00:00
I02562,U0435,C002,disliked,0.155,0.11,,2026-04-02T10:00:00
I02563,U0435,C010,viewed,0.201,0.071,,2026-04-02T12:00:00
I02564,U0435,C071,completed,0.777,1.0,0.583,2026-04-02T14:00:00
I02565,U0435,C042,quiz_passed,0.809,1.0,0.692,2026-04-02T16:00:00
I02566,U0435,C076,quiz_passed,0.828,1.0,0.701,2026-04-02T18:00:00
I02567,U0435,C065,completed,0.794,1.0,0.693,2026-04-02T20:00:00
I02568,U0435,C045,viewed,0.443,0.68,,2026-04-02T22:00:00
I02569,U0435,C010,completed,0.693,1.0,0.496,2026-04-03T00:00:00
I02570,U0435,C061,completed,0.577,1.0,,2026-04-03T02:00:00
I02571,U0436,C095,completed,0.49,1.0,,2026-04-03T04:00:00
I02572,U0436,C043,quiz_passed,0.851,1.0,0.863,2026-04-03T06:00:00
I02573,U0436,C092,completed,0.506,1.0,,2026-04-03T08:00:00
I02574,U0437,C096,viewed,0.206,0.22,,2026-04-03T10:00:00
I02575,U0437,C096,viewed,0.151,0.082,,2026-04-03T12:00:00
I02576,U0437,C096,viewed,0.434,0.28,0.402,2026-04-03T14:00:00
I02577,U0437,C049,viewed,0.416,0.22,0.467,2026-04-03T16:00:00
I02578,U0437,C042,quiz_passed,0.863,1.0,0.802,2026-04-03T18:00:00
I02579,U0437,C051,completed,0.505,1.0,,2026-04-03T20:00:00
I02580,U0437,C074,quiz_passed,0.818,1.0,0.66,2026-04-03T22:00:00
I02581,U0438,C082,quiz_passed,0.79,1.0,0.658,2026-04-04T00:00:00
I02582,U0438,C062,quiz_passed,0.789,1.0,0.601,2026-04-04T02:00:00
I02583,U0438,C025,viewed,0.542,0.62,0.447,2026-04-04T04:00:00
I02584,U0438,C001,completed,0.774,1.0,0.576,2026-04-04T06:00:00
I02585,U0438,C054,viewed,0.125,0.022,,2026-04-04T08:00:00
I02586,U0438,C057,viewed,0.436,0.49,0.37,2026-04-04T10:00:00
I02587,U0439,C071,quiz_passed,0.796,1.0,0.638,2026-04-04T12:00:00
I02588,U0439,C097,completed,0.549,1.0,,2026-04-04T14:00:00
I02589,U0439,C053,completed,0.534,1.0,,2026-04-04T16:00:00
I02590,U0439,C051,completed,0.703,1.0,0.566,2026-04-04T18:00:00
I02591,U0439,C057,quiz_passed,0.819,1.0,0.661,2026-04-04T20:00:00
I02592,U0439,C047,completed,0.487,1.0,,2026-04-04T22:00:00
I02593,U0439,C051,completed,0.725,1.0,0.571,2026-04-05T00:00:00
I02594,U0439,C075,completed,0.644,1.0,0.458,2026-04-05T02:00:00
I02595,U0439,C091,completed,0.8,1.0,0.582,2026-04-05T04:00:00
I02596,U0440,C098,completed,0.53,1.0,,2026-04-05T06:00:00
I02597,U0440,C096,viewed,0.269,0.5,,2026-04-05T08:00:00
I02598,U0440,C001,completed,0.47,1.0,,2026-04-05T10:00:00
I02599,U0440,C045,viewed,0.194,0.061,,2026-04-05T12:00:00
I02600,U0440,C073,completed,0.544,1.0,,2026-04-05T14:00:00
I02601,U0441,C016,completed,0.495,1.0,,2026-04-05T16:00:00
I02602,U0441,C053,completed,0.57,1.0,,2026-04-05T18:00:00
I02603,U0441,C073,completed,0.871,1.0,0.796,2026-04-05T20:00:00
I02604,U0442,C095,completed,0.714,1.0,0.507,2026-04-05T22:00:00
I02605,U0442,C095,viewed,0.145,0.029,,2026-04-06T00:00:00
I02606,U0442,C091,quiz_passed,0.777,1.0,0.636,2026-04-06T02:00:00
I02607,U0442,C029,viewed,0.33,0.44,,2026-04-06T04:00:00
I02608,U0442,C010,disliked,0.105,0.08,,2026-04-06T06:00:00
I02609,U0442,C003,viewed,0.174,0.028,,2026-04-06T08:00:00
I02610,U0442,C092,quiz_passed,0.804,1.0,0.702,2026-04-06T10:00:00
I02611,U0442,C001,disliked,0.338,0.07,0.406,2026-04-06T12:00:00
I02612,U0443,C029,completed,0.529,1.0,,2026-04-06T14:00:00
I02613,U0443,C096,viewed,0.27,0.46,,2026-04-06T16:00:00
I02614,U0443,C051,viewed,0.413,0.2,0.444,2026-04-06T18:00:00
I02615,U0443,C063,viewed,0.105,0.094,,2026-04-06T20:00:00
I02616,U0444,C017,completed,0.552,1.0,,2026-04-06T22:00:00
I02617,U0444,C098,quiz_passed,0.827,1.0,0.79,2026-04-07T00:00:00
I02618,U0444,C018,completed,0.556,1.0,,2026-04-07T02:00:00
I02619,U0444,C016,completed,0.479,1.0,,2026-04-07T04:00:00
I02620,U0444,C046,viewed,0.279,0.082,,2026-04-07T06:00:00
I02621,U0444,C047,completed,0.572,1.0,,2026-04-07T08:00:00
I02622,U0445,C061,viewed,0.233,0.078,,2026-04-07T10:00:00
I02623,U0445,C099,viewed,0.402,0.6,0.25,2026-04-07T12:00:00
I02624,U0445,C011,quiz_passed,0.857,1.0,0.697,2026-04-07T14:00:00
I02625,U0445,C099,viewed,0.141,0.008,,2026-04-07T16:00:00
I02626,U0446,C098,completed,0.672,1.0,0.489,2026-04-07T18:00:00
I02627,U0446,C098,viewed,0.288,0.076,,2026-04-07T20:00:00
I02628,U0446,C003,completed,0.784,1.0,0.601,2026-04-07T22:00:00
I02629,U0446,C046,viewed,0.292,0.31,,2026-04-08T00:00:00
I02630,U0446,C061,quiz_passed,0.817,1.0,0.65,2026-04-08T02:00:00
I02631,U0446,C044,completed,0.708,1.0,0.474,2026-04-08T04:00:00
I02632,U0446,C018,quiz_passed,0.749,1.0,0.694,2026-04-08T06:00:00
I02633,U0446,C016,viewed,0.131,0.047,,2026-04-08T08:00:00
I02634,U0446,C028,quiz_passed,0.794,1.0,0.61,2026-04-08T10:00:00
I02635,U0446,C042,quiz_passed,0.789,1.0,0.668,2026-04-08T12:00:00
I02636,U0447,C098,viewed,0.486,0.6,0.203,2026-04-08T14:00:00
I02637,U0447,C048,completed,0.821,1.0,0.701,2026-04-08T16:00:00
I02638,U0447,C066,viewed,0.175,0.002,,2026-04-08T18:00:00
I02639,U0447,C091,viewed,0.27,0.039,,2026-04-08T20:00:00
I02640,U0447,C099,viewed,0.179,0.044,,2026-04-08T22:00:00
I02641,U0447,C057,completed,0.806,1.0,0.649,2026-04-09T00:00:00
I02642,U0447,C048,viewed,0.409,0.6,,2026-04-09T02:00:00
I02643,U0448,C001,completed,0.826,1.0,0.872,2026-04-09T04:00:00
I02644,U0448,C081,completed,0.859,1.0,0.786,2026-04-09T06:00:00
I02645,U0448,C054,completed,0.568,1.0,,2026-04-09T08:00:00
I02646,U0448,C043,quiz_passed,0.686,0.65,0.7,2026-04-09T10:00:00
I02647,U0448,C001,quiz_passed,0.802,1.0,0.827,2026-04-09T12:00:00
I02648,U0449,C048,viewed,0.269,0.037,,2026-04-09T14:00:00
I02649,U0449,C078,viewed,0.131,0.074,,2026-04-09T16:00:00
I02650,U0449,C028,completed,0.804,1.0,0.785,2026-04-09T18:00:00
I02651,U0449,C029,quiz_passed,0.824,1.0,0.796,2026-04-09T20:00:00
I02652,U0449,C016,completed,0.512,1.0,,2026-04-09T22:00:00
I02653,U0449,C046,viewed,0.461,0.52,0.255,2026-04-10T00:00:00
I02654,U0450,C002,quiz_passed,0.71,0.7,0.641,2026-04-10T02:00:00
I02655,U0450,C006,completed,0.535,1.0,,2026-04-10T04:00:00
I02656,U0450,C025,quiz_passed,0.846,1.0,0.874,2026-04-10T06:00:00
I02657,U0450,C061,completed,0.506,1.0,,2026-04-10T08:00:00
I02658,U0450,C050,quiz_passed,0.904,1.0,0.825,2026-04-10T10:00:00
I02659,U0450,C048,completed,0.553,1.0,,2026-04-10T12:00:00
I02660,U0450,C074,viewed,0.472,0.34,0.452,2026-04-10T14:00:00
I02661,U0451,C096,completed,0.484,1.0,,2026-04-10T16:00:00
I02662,U0451,C072,quiz_passed,0.671,0.59,0.665,2026-04-10T18:00:00
I02663,U0451,C047,viewed,0.25,0.36,,2026-04-10T20:00:00
I02664,U0451,C035,quiz_passed,0.584,0.51,0.693,2026-04-10T22:00:00
I02665,U0451,C099,completed,0.773,1.0,0.708,2026-04-11T00:00:00
I02666,U0451,C067,viewed,0.192,0.042,,2026-04-11T02:00:00
I02667,U0451,C017,quiz_passed,0.916,1.0,0.86,2026-04-11T04:00:00
I02668,U0452,C030,completed,0.464,1.0,,2026-04-11T06:00:00
I02669,U0452,C098,completed,0.745,1.0,0.581,2026-04-11T08:00:00
I02670,U0452,C098,viewed,0.194,0.076,,2026-04-11T10:00:00
I02671,U0452,C062,quiz_passed,0.837,1.0,0.704,2026-04-11T12:00:00
I02672,U0452,C050,quiz_passed,0.863,1.0,0.8,2026-04-11T14:00:00
I02673,U0452,C004,completed,0.484,1.0,,2026-04-11T16:00:00
I02674,U0453,C001,completed,0.816,1.0,0.785,2026-04-11T18:00:00
I02675,U0453,C090,completed,0.47,1.0,,2026-04-11T20:00:00
I02676,U0453,C010,quiz_passed,0.808,1.0,0.684,2026-04-11T22:00:00
I02677,U0453,C017,completed,0.467,1.0,,2026-04-12T00:00:00
I02678,U0453,C074,quiz_passed,0.814,1.0,0.698,2026-04-12T02:00:00
I02679,U0453,C075,quiz_passed,0.745,1.0,0.68,2026-04-12T04:00:00
I02680,U0453,C044,viewed,0.194,0.32,,2026-04-12T06:00:00
I02681,U0454,C053,viewed,0.253,0.036,,2026-04-12T08:00:00
I02682,U0454,C016,completed,0.481,1.0,,2026-04-12T10:00:00
I02683,U0454,C010,viewed,0.403,0.45,0.205,2026-04-12T12:00:00
I02684,U0454,C001,viewed,0.368,0.31,0.346,2026-04-12T14:00:00
I02685,U0454,C064,quiz_passed,0.828,1.0,0.645,2026-04-12T16:00:00
I02686,U0454,C046,viewed,0.289,0.068,,2026-04-12T18:00:00
I02687,U0454,C092,completed,0.724,1.0,0.592,2026-04-12T20:00:00
I02688,U0455,C051,completed,0.57,1.0,,2026-04-12T22:00:00
I02689,U0455,C047,viewed,0.343,0.42,,2026-04-13T00:00:00
I02690,U0455,C057,completed,0.883,1.0,0.803,2026-04-13T02:00:00
I02691,U0455,C010,quiz_passed,0.738,1.0,0.668,2026-04-13T04:00:00
I02692,U0455,C072,disliked,0.299,0.09,0.471,2026-04-13T06:00:00
I02693,U0455,C045,viewed,0.391,0.68,,2026-04-13T08:00:00
I02694,U0455,C071,quiz_passed,0.88,1.0,0.762,2026-04-13T10:00:00
I02695,U0455,C074,viewed,0.124,0.042,,2026-04-13T12:00:00
I02696,U0455,C091,quiz_passed,0.848,1.0,0.758,2026-04-13T14:00:00
I02697,U0456,C092,completed,0.703,1.0,0.572,2026-04-13T16:00:00
I02698,U0456,C098,viewed,0.408,0.35,0.241,2026-04-13T18:00:00
I02699,U0456,C006,completed,0.788,1.0,0.698,2026-04-13T20:00:00
I02700,U0456,C095,viewed,0.119,0.074,,2026-04-13T22:00:00
I02701,U0456,C091,viewed,0.276,0.014,,2026-04-14T00:00:00
I02702,U0456,C025,completed,0.579,1.0,,2026-04-14T02:00:00
I02703,U0456,C073,disliked,0.301,0.09,0.338,2026-04-14T04:00:00
I02704,U0456,C016,completed,0.536,1.0,,2026-04-14T06:00:00
I02705,U0457,C064,completed,0.531,1.0,,2026-04-14T08:00:00
I02706,U0457,C017,completed,0.89,1.0,0.781,2026-04-14T10:00:00
I02707,U0457,C095,completed,0.828,1.0,0.632,2026-04-14T12:00:00
I02708,U0457,C028,quiz_passed,0.845,1.0,0.699,2026-04-14T14:00:00
I02709,U0457,C088,completed,0.559,1.0,,2026-04-14T16:00:00
I02710,U0457,C089,completed,0.537,1.0,,2026-04-14T18:00:00
I02711,U0457,C096,viewed,0.183,0.066,,2026-04-14T20:00:00
I02712,U0457,C095,quiz_passed,0.74,1.0,0.614,2026-04-14T22:00:00
I02713,U0457,C047,quiz_passed,0.893,1.0,0.808,2026-04-15T00:00:00
I02714,U0458,C053,completed,0.54,1.0,,2026-04-15T02:00:00
I02715,U0458,C006,quiz_passed,0.818,1.0,0.865,2026-04-15T04:00:00
I02716,U0458,C054,quiz_passed,0.585,0.56,0.726,2026-04-15T06:00:00
I02717,U0458,C095,quiz_passed,0.755,1.0,0.716,2026-04-15T08:00:00
I02718,U0458,C098,quiz_passed,0.814,1.0,0.777,2026-04-15T10:00:00
I02719,U0458,C015,completed,0.48,1.0,,2026-04-15T12:00:00
I02720,U0459,C082,quiz_passed,0.823,1.0,0.802,2026-04-15T14:00:00
I02721,U0459,C050,quiz_passed,0.838,1.0,0.806,2026-04-15T16:00:00
I02722,U0459,C001,completed,0.491,1.0,,2026-04-15T18:00:00
I02723,U0459,C064,disliked,0.374,0.18,0.589,2026-04-15T20:00:00
I02724,U0459,C017,viewed,0.215,0.092,,2026-04-15T22:00:00
I02725,U0459,C047,viewed,0.12,0.031,,2026-04-16T00:00:00
I02726,U0459,C005,completed,0.553,1.0,,2026-04-16T02:00:00
I02727,U0459,C046,completed,0.689,1.0,0.502,2026-04-16T04:00:00
I02728,U0459,C046,viewed,0.427,0.4,0.305,2026-04-16T06:00:00
I02729,U0460,C051,completed,0.755,1.0,0.567,2026-04-16T08:00:00
I02730,U0460,C010,viewed,0.218,0.047,,2026-04-16T10:00:00
I02731,U0460,C030,completed,0.787,1.0,0.572,2026-04-16T12:00:00
I02732,U0460,C058,completed,0.531,1.0,,2026-04-16T14:00:00
I02733,U0460,C019,viewed,0.253,0.053,,2026-04-16T16:00:00
I02734,U0461,C029,viewed,0.245,0.059,,2026-04-16T18:00:00
I02735,U0461,C006,completed,0.541,1.0,,2026-04-16T20:00:00
I02736,U0461,C066,completed,0.773,1.0,0.564,2026-04-16T22:00:00
I02737,U0461,C066,completed,0.718,1.0,0.581,2026-04-17T00:00:00
I02738,U0461,C095,viewed,0.185,0.085,,2026-04-17T02:00:00
I02739,U0462,C092,completed,0.485,1.0,,2026-04-17T04:00:00
I02740,U0462,C011,completed,0.473,1.0,,2026-04-17T06:00:00
I02741,U0462,C064,completed,0.531,1.0,,2026-04-17T08:00:00
I02742,U0462,C048,completed,0.834,1.0,0.758,2026-04-17T10:00:00
I02743,U0462,C098,completed,0.487,1.0,,2026-04-17T12:00:00
I02744,U0462,C003,quiz_passed,0.777,1.0,0.784,2026-04-17T14:00:00
I02745,U0462,C025,viewed,0.165,0.004,,2026-04-17T16:00:00
I02746,U0463,C051,quiz_passed,0.706,1.0,0.608,2026-04-17T18:00:00
I02747,U0463,C051,viewed,0.176,0.24,,2026-04-17T20:00:00
I02748,U0463,C013,viewed,0.434,0.47,0.275,2026-04-17T22:00:00
I02749,U0463,C076,completed,0.737,1.0,0.588,2026-04-18T00:00:00
I02750,U0463,C095,completed,0.517,1.0,,2026-04-18T02:00:00
I02751,U0463,C073,viewed,0.244,0.025,,2026-04-18T04:00:00
I02752,U0463,C015,completed,0.543,1.0,,2026-04-18T06:00:00
I02753,U0463,C008,completed,0.774,1.0,0.597,2026-04-18T08:00:00
I02754,U0464,C096,completed,0.706,1.0,0.538,2026-04-18T10:00:00
I02755,U0464,C066,completed,0.774,1.0,0.588,2026-04-18T12:00:00
I02756,U0464,C018,quiz_passed,0.74,1.0,0.663,2026-04-18T14:00:00
I02757,U0464,C047,quiz_passed,0.747,1.0,0.654,2026-04-18T16:00:00
I02758,U0464,C096,viewed,0.454,0.67,0.286,2026-04-18T18:00:00
I02759,U0464,C095,viewed,0.114,0.035,,2026-04-18T20:00:00
I02760,U0465,C095,viewed,0.54,0.62,0.39,2026-04-18T22:00:00
I02761,U0465,C097,completed,0.859,1.0,0.726,2026-04-19T00:00:00
I02762,U0465,C096,completed,0.795,1.0,0.547,2026-04-19T02:00:00
I02763,U0465,C095,quiz_passed,0.728,1.0,0.661,2026-04-19T04:00:00
I02764,U0465,C003,viewed,0.655,0.69,0.561,2026-04-19T06:00:00
I02765,U0465,C047,completed,0.565,1.0,,2026-04-19T08:00:00
I02766,U0465,C066,completed,0.818,1.0,0.8,2026-04-19T10:00:00
I02767,U0465,C028,completed,0.554,1.0,,2026-04-19T12:00:00
I02768,U0466,C099,disliked,0.161,0.0,,2026-04-19T14:00:00
I02769,U0466,C029,quiz_passed,0.893,1.0,0.833,2026-04-19T16:00:00
I02770,U0466,C099,completed,0.508,1.0,,2026-04-19T18:00:00
I02771,U0466,C025,viewed,0.13,0.084,,2026-04-19T20:00:00
I02772,U0466,C064,quiz_passed,0.901,1.0,0.861,2026-04-19T22:00:00
I02773,U0467,C043,quiz_passed,0.891,1.0,0.861,2026-04-20T00:00:00
I02774,U0467,C011,quiz_passed,0.601,0.57,0.638,2026-04-20T02:00:00
I02775,U0467,C065,completed,0.489,1.0,,2026-04-20T04:00:00
I02776,U0467,C010,quiz_passed,0.852,1.0,0.735,2026-04-20T06:00:00
I02777,U0467,C075,completed,0.483,1.0,,2026-04-20T08:00:00
I02778,U0467,C044,viewed,0.282,0.5,,2026-04-20T10:00:00
I02779,U0468,C001,quiz_passed,0.838,1.0,0.761,2026-04-20T12:00:00
I02780,U0468,C081,completed,0.494,1.0,,2026-04-20T14:00:00
I02781,U0468,C098,completed,0.502,1.0,,2026-04-20T16:00:00
I02782,U0468,C053,completed,0.886,1.0,0.801,2026-04-20T18:00:00
I02783,U0468,C006,completed,0.844,1.0,0.772,2026-04-20T20:00:00
I02784,U0468,C050,completed,0.462,1.0,,2026-04-20T22:00:00
I02785,U0468,C002,completed,0.466,1.0,,2026-04-21T00:00:00
I02786,U0468,C065,viewed,0.279,0.017,,2026-04-21T02:00:00
I02787,U0468,C047,completed,0.495,1.0,,2026-04-21T04:00:00
I02788,U0469,C063,viewed,0.58,0.69,0.339,2026-04-21T06:00:00
I02789,U0469,C011,viewed,0.219,0.002,,2026-04-21T08:00:00
I02790,U0469,C066,completed,0.547,1.0,,2026-04-21T10:00:00
I02791,U0469,C015,completed,0.725,1.0,0.568,2026-04-21T12:00:00
I02792,U0470,C054,completed,0.535,1.0,,2026-04-21T14:00:00
I02793,U0470,C011,completed,0.557,1.0,,2026-04-21T16:00:00
I02794,U0470,C097,completed,0.746,1.0,0.589,2026-04-21T18:00:00
I02795,U0470,C095,viewed,0.131,0.087,,2026-04-21T20:00:00
I02796,U0470,C008,quiz_passed,0.811,1.0,0.671,2026-04-21T22:00:00
I02797,U0470,C098,viewed,0.169,0.03,,2026-04-22T00:00:00
I02798,U0470,C099,completed,0.55,1.0,,2026-04-22T02:00:00
I02799,U0470,C051,completed,0.538,1.0,,2026-04-22T04:00:00
I02800,U0471,C047,completed,0.488,1.0,,2026-04-22T06:00:00
I02801,U0471,C099,viewed,0.194,0.083,,2026-04-22T08:00:00
I02802,U0471,C092,completed,0.533,1.0,,2026-04-22T10:00:00
I02803,U0471,C049,completed,0.756,1.0,0.626,2026-04-22T12:00:00
I02804,U0471,C006,completed,0.759,1.0,0.589,2026-04-22T14:00:00
I02805,U0471,C099,viewed,0.151,0.071,,2026-04-22T16:00:00
I02806,U0471,C098,completed,0.743,1.0,0.534,2026-04-22T18:00:00
I02807,U0471,C066,completed,0.779,1.0,0.572,2026-04-22T20:00:00
I02808,U0472,C096,viewed,0.215,0.048,,2026-04-22T22:00:00
I02809,U0472,C047,completed,0.804,1.0,0.631,2026-04-23T00:00:00
I02810,U0472,C098,completed,0.687,1.0,0.538,2026-04-23T02:00:00
I02811,U0472,C002,disliked,0.337,0.13,0.335,2026-04-23T04:00:00
I02812,U0472,C063,viewed,0.155,0.027,,2026-04-23T06:00:00
I02813,U0472,C018,completed,0.714,1.0,0.632,2026-04-23T08:00:00
I02814,U0472,C029,completed,0.783,1.0,0.691,2026-04-23T10:00:00
I02815,U0472,C050,viewed,0.38,0.39,0.353,2026-04-23T12:00:00
I02816,U0472,C053,viewed,0.258,0.021,,2026-04-23T14:00:00
I02817,U0473,C095,viewed,0.345,0.26,0.219,2026-04-23T16:00:00
I02818,U0473,C063,viewed,0.222,0.003,,2026-04-23T18:00:00
I02819,U0473,C091,viewed,0.222,0.081,,2026-04-23T20:00:00
I02820,U0473,C049,viewed,0.36,0.31,0.392,2026-04-23T22:00:00
I02821,U0473,C033,completed,0.53,1.0,,2026-04-24T00:00:00
I02822,U0474,C096,viewed,0.439,0.68,,2026-04-24T02:00:00
I02823,U0474,C082,viewed,0.293,0.037,,2026-04-24T04:00:00
I02824,U0474,C096,quiz_passed,0.801,1.0,0.635,2026-04-24T06:00:00
I02825,U0474,C096,completed,0.75,1.0,0.654,2026-04-24T08:00:00
I02826,U0474,C051,completed,0.866,1.0,0.758,2026-04-24T10:00:00
I02827,U0474,C028,completed,0.493,1.0,,2026-04-24T12:00:00
I02828,U0474,C090,completed,0.576,1.0,,2026-04-24T14:00:00
I02829,U0474,C071,quiz_passed,0.829,1.0,0.734,2026-04-24T16:00:00
I02830,U0475,C047,viewed,0.157,0.061,,2026-04-24T18:00:00
I02831,U0475,C099,viewed,0.162,0.052,,2026-04-24T20:00:00
I02832,U0475,C009,viewed,0.201,0.034,,2026-04-24T22:00:00
I02833,U0475,C072,viewed,0.351,0.63,,2026-04-25T00:00:00
I02834,U0475,C050,viewed,0.165,0.041,,2026-04-25T02:00:00
I02835,U0475,C098,completed,0.501,1.0,,2026-04-25T04:00:00
I02836,U0476,C025,completed,0.76,1.0,0.618,2026-04-25T06:00:00
I02837,U0476,C099,disliked,0.224,0.08,0.285,2026-04-25T08:00:00
I02838,U0476,C054,disliked,0.116,0.04,,2026-04-25T10:00:00
I02839,U0476,C096,completed,0.668,1.0,0.477,2026-04-25T12:00:00
I02840,U0476,C076,viewed,0.345,0.42,,2026-04-25T14:00:00
I02841,U0476,C081,viewed,0.213,0.1,,2026-04-25T16:00:00
I02842,U0477,C091,quiz_passed,0.841,1.0,0.662,2026-04-25T18:00:00
I02843,U0477,C048,viewed,0.389,0.55,,2026-04-25T20:00:00
I02844,U0477,C030,viewed,0.438,0.69,,2026-04-25T22:00:00
I02845,U0477,C049,completed,0.58,1.0,,2026-04-26T00:00:00
I02846,U0477,C028,completed,0.787,1.0,0.627,2026-04-26T02:00:00
I02847,U0478,C035,disliked,0.177,0.1,,2026-04-26T04:00:00
I02848,U0478,C089,viewed,0.105,0.019,,2026-04-26T06:00:00
I02849,U0478,C092,completed,0.822,1.0,0.686,2026-04-26T08:00:00
I02850,U0478,C003,viewed,0.176,0.059,,2026-04-26T10:00:00
I02851,U0478,C061,viewed,0.231,0.074,,2026-04-26T12:00:00
I02852,U0478,C011,completed,0.722,1.0,0.578,2026-04-26T14:00:00
I02853,U0478,C098,completed,0.76,1.0,0.482,2026-04-26T16:00:00
I02854,U0479,C051,completed,0.791,1.0,0.593,2026-04-26T18:00:00
I02855,U0479,C042,viewed,0.412,0.56,0.314,2026-04-26T20:00:00
I02856,U0479,C067,disliked,0.212,0.02,0.328,2026-04-26T22:00:00
I02857,U0479,C001,disliked,0.279,0.0,0.329,2026-04-27T00:00:00
I02858,U0479,C071,disliked,0.23,0.06,0.342,2026-04-27T02:00:00
I02859,U0479,C098,completed,0.695,1.0,0.515,2026-04-27T04:00:00
I02860,U0479,C011,disliked,0.16,0.04,,2026-04-27T06:00:00
I02861,U0480,C066,completed,0.484,1.0,,2026-04-27T08:00:00
I02862,U0480,C099,viewed,0.221,0.07,,2026-04-27T10:00:00
I02863,U0480,C088,completed,0.714,1.0,0.626,2026-04-27T12:00:00
I02864,U0480,C042,completed,0.557,1.0,,2026-04-27T14:00:00
I02865,U0480,C048,viewed,0.184,0.096,,2026-04-27T16:00:00
I02866,U0480,C064,disliked,0.141,0.12,,2026-04-27T18:00:00
I02867,U0480,C042,completed,0.821,1.0,0.607,2026-04-27T20:00:00
I02868,U0480,C095,viewed,0.11,0.055,,2026-04-27T22:00:00
I02869,U0481,C061,completed,0.546,1.0,,2026-04-28T00:00:00
I02870,U0481,C002,quiz_passed,0.808,1.0,0.714,2026-04-28T02:00:00
I02871,U0481,C076,viewed,0.228,0.094,,2026-04-28T04:00:00
I02872,U0481,C095,completed,0.567,1.0,,2026-04-28T06:00:00
I02873,U0481,C050,completed,0.495,1.0,,2026-04-28T08:00:00
I02874,U0481,C018,quiz_passed,0.774,1.0,0.709,2026-04-28T10:00:00
I02875,U0481,C017,disliked,0.435,0.12,0.526,2026-04-28T12:00:00
I02876,U0481,C047,quiz_passed,0.827,1.0,0.773,2026-04-28T14:00:00
I02877,U0482,C043,completed,0.545,1.0,,2026-04-28T16:00:00
I02878,U0482,C046,completed,0.504,1.0,,2026-04-28T18:00:00
I02879,U0482,C046,quiz_passed,0.754,1.0,0.657,2026-04-28T20:00:00
I02880,U0482,C071,completed,0.878,1.0,0.837,2026-04-28T22:00:00
I02881,U0483,C064,completed,0.498,1.0,,2026-04-29T00:00:00
I02882,U0483,C066,viewed,0.166,0.041,,2026-04-29T02:00:00
I02883,U0483,C063,completed,0.782,1.0,0.559,2026-04-29T04:00:00
I02884,U0484,C047,completed,0.462,1.0,,2026-04-29T06:00:00
I02885,U0484,C002,completed,0.549,1.0,,2026-04-29T08:00:00
I02886,U0484,C046,viewed,0.384,0.36,0.443,2026-04-29T10:00:00
I02887,U0484,C090,quiz_passed,0.797,1.0,0.752,2026-04-29T12:00:00
I02888,U0485,C042,quiz_passed,0.83,1.0,0.757,2026-04-29T14:00:00
I02889,U0485,C095,viewed,0.443,0.57,0.384,2026-04-29T16:00:00
I02890,U0485,C098,viewed,0.48,0.51,0.345,2026-04-29T18:00:00
I02891,U0485,C029,completed,0.871,1.0,0.753,2026-04-29T20:00:00
I02892,U0486,C095,viewed,0.296,0.027,,2026-04-29T22:00:00
I02893,U0486,C099,viewed,0.103,0.089,,2026-04-30T00:00:00
I02894,U0486,C053,viewed,0.136,0.029,,2026-04-30T02:00:00
I02895,U0486,C099,viewed,0.422,0.47,0.297,2026-04-30T04:00:00
I02896,U0486,C073,viewed,0.171,0.073,,2026-04-30T06:00:00
I02897,U0486,C028,disliked,0.306,0.11,0.425,2026-04-30T08:00:00
I02898,U0486,C043,completed,0.528,1.0,,2026-04-30T10:00:00
I02899,U0487,C057,viewed,0.158,0.079,,2026-04-30T12:00:00
I02900,U0487,C096,disliked,0.315,0.15,0.259,2026-04-30T14:00:00
I02901,U0487,C066,completed,0.552,1.0,,2026-04-30T16:00:00
I02902,U0487,C098,completed,0.704,1.0,0.418,2026-04-30T18:00:00
I02903,U0487,C096,disliked,0.204,0.04,0.302,2026-04-30T20:00:00
I02904,U0487,C015,completed,0.745,1.0,0.675,2026-04-30T22:00:00
I02905,U0487,C005,disliked,0.334,0.11,0.286,2026-05-01T00:00:00
I02906,U0488,C072,quiz_passed,0.761,1.0,0.736,2026-05-01T02:00:00
I02907,U0488,C095,viewed,0.133,0.041,,2026-05-01T04:00:00
I02908,U0488,C015,completed,0.577,1.0,,2026-05-01T06:00:00
I02909,U0488,C005,quiz_passed,0.766,1.0,0.671,2026-05-01T08:00:00
I02910,U0488,C018,quiz_passed,0.869,1.0,0.774,2026-05-01T10:00:00
I02911,U0488,C081,viewed,0.165,0.088,,2026-05-01T12:00:00
I02912,U0488,C046,completed,0.761,1.0,0.455,2026-05-01T14:00:00
I02913,U0488,C008,viewed,0.211,0.067,,2026-05-01T16:00:00
I02914,U0489,C099,viewed,0.112,0.095,,2026-05-01T18:00:00
I02915,U0489,C047,completed,0.494,1.0,,2026-05-01T20:00:00
I02916,U0489,C018,completed,0.478,1.0,,2026-05-01T22:00:00
I02917,U0489,C065,completed,0.53,1.0,,2026-05-02T00:00:00
I02918,U0489,C015,completed,0.47,1.0,,2026-05-02T02:00:00
I02919,U0489,C046,viewed,0.168,0.058,,2026-05-02T04:00:00
I02920,U0489,C018,quiz_passed,0.804,1.0,0.784,2026-05-02T06:00:00
I02921,U0490,C062,viewed,0.458,0.57,0.404,2026-05-02T08:00:00
I02922,U0490,C003,completed,0.542,1.0,,2026-05-02T10:00:00
I02923,U0490,C001,completed,0.717,1.0,0.602,2026-05-02T12:00:00
I02924,U0490,C076,completed,0.524,1.0,,2026-05-02T14:00:00
I02925,U0491,C098,completed,0.704,1.0,0.408,2026-05-02T16:00:00
I02926,U0491,C076,quiz_passed,0.809,1.0,0.649,2026-05-02T18:00:00
I02927,U0491,C057,quiz_passed,0.799,1.0,0.669,2026-05-02T20:00:00
I02928,U0491,C003,completed,0.49,1.0,,2026-05-02T22:00:00
I02929,U0491,C082,viewed,0.202,0.034,,2026-05-03T00:00:00
I02930,U0491,C082,viewed,0.141,0.022,,2026-05-03T02:00:00
I02931,U0491,C061,quiz_passed,0.762,1.0,0.64,2026-05-03T04:00:00
I02932,U0491,C061,quiz_passed,0.778,1.0,0.694,2026-05-03T06:00:00
I02933,U0492,C098,completed,0.686,1.0,0.469,2026-05-03T08:00:00
I02934,U0492,C054,completed,0.574,1.0,,2026-05-03T10:00:00
I02935,U0492,C092,quiz_passed,0.808,1.0,0.625,2026-05-03T12:00:00
I02936,U0492,C092,completed,0.841,1.0,0.657,2026-05-03T14:00:00
I02937,U0493,C082,viewed,0.25,0.039,,2026-05-03T16:00:00
I02938,U0493,C096,viewed,0.208,0.053,,2026-05-03T18:00:00
I02939,U0493,C082,disliked,0.182,0.11,,2026-05-03T20:00:00
I02940,U0493,C017,completed,0.805,1.0,0.693,2026-05-03T22:00:00
I02941,U0493,C067,completed,0.465,1.0,,2026-05-04T00:00:00
I02942,U0494,C006,completed,0.475,1.0,,2026-05-04T02:00:00
I02943,U0494,C015,quiz_passed,0.86,1.0,0.85,2026-05-04T04:00:00
I02944,U0494,C010,viewed,0.215,0.071,,2026-05-04T06:00:00
I02945,U0494,C005,viewed,0.478,0.38,0.562,2026-05-04T08:00:00
I02946,U0495,C065,completed,0.875,1.0,0.742,2026-05-04T10:00:00
I02947,U0495,C030,quiz_passed,0.831,1.0,0.792,2026-05-04T12:00:00
I02948,U0495,C073,quiz_passed,0.798,1.0,0.729,2026-05-04T14:00:00
I02949,U0495,C095,viewed,0.466,0.53,0.349,2026-05-04T16:00:00
I02950,U0495,C006,completed,0.532,1.0,,2026-05-04T18:00:00
I02951,U0495,C098,completed,0.754,1.0,0.663,2026-05-04T20:00:00
I02952,U0495,C099,completed,0.506,1.0,,2026-05-04T22:00:00
I02953,U0495,C011,viewed,0.493,0.5,0.521,2026-05-05T00:00:00
I02954,U0496,C042,quiz_passed,0.751,1.0,0.674,2026-05-05T02:00:00
I02955,U0496,C015,viewed,0.363,0.31,0.407,2026-05-05T04:00:00
I02956,U0496,C073,viewed,0.207,0.27,,2026-05-05T06:00:00
I02957,U0497,C057,viewed,0.266,0.39,,2026-05-05T08:00:00
I02958,U0497,C095,viewed,0.13,0.062,,2026-05-05T10:00:00
I02959,U0497,C095,viewed,0.353,0.28,0.214,2026-05-05T12:00:00
I02960,U0497,C051,completed,0.481,1.0,,2026-05-05T14:00:00
I02961,U0497,C057,completed,0.721,1.0,0.606,2026-05-05T16:00:00
I02962,U0497,C073,viewed,0.37,0.48,,2026-05-05T18:00:00
I02963,U0498,C091,completed,0.499,1.0,,2026-05-05T20:00:00
I02964,U0498,C088,completed,0.5,1.0,,2026-05-05T22:00:00
I02965,U0498,C013,viewed,0.289,0.09,,2026-05-06T00:00:00
I02966,U0498,C075,disliked,0.192,0.12,,2026-05-06T02:00:00
I02967,U0498,C047,completed,0.736,1.0,0.647,2026-05-06T04:00:00
I02968,U0498,C081,viewed,0.146,0.039,,2026-05-06T06:00:00
I02969,U0499,C043,completed,0.577,1.0,,2026-05-06T08:00:00
I02970,U0499,C030,completed,0.563,1.0,,2026-05-06T10:00:00
I02971,U0499,C006,quiz_passed,0.877,1.0,0.864,2026-05-06T12:00:00
I02972,U0499,C047,completed,0.518,1.0,,2026-05-06T14:00:00
I02973,U0499,C076,quiz_passed,0.828,1.0,0.827,2026-05-06T16:00:00
I02974,U0500,C016,completed,0.516,1.0,,2026-05-06T18:00:00
I02975,U0500,C046,viewed,0.458,0.48,0.276,2026-05-06T20:00:00
I02976,U0500,C035,quiz_passed,0.865,1.0,0.74,2026-05-06T22:00:00
I02977,U0500,C051,quiz_passed,0.892,1.0,0.799,2026-05-07T00:00:00
I02978,U0500,C043,quiz_passed,0.848,1.0,0.733,2026-05-07T02:00:00
I02979,U0500,C097,quiz_passed,0.829,1.0,0.765,2026-05-07T04:00:00
I02980,U0500,C076,completed,0.878,1.0,0.769,2026-05-07T06:00:00
I02981,U0500,C045,viewed,0.318,0.2,0.375,2026-05-07T08:00:00
I02982,U0501,C099,viewed,0.384,0.55,,2026-05-07T10:00:00
I02983,U0501,C017,quiz_passed,0.867,1.0,0.788,2026-05-07T12:00:00
I02984,U0501,C047,quiz_passed,0.781,1.0,0.737,2026-05-07T14:00:00
I02985,U0501,C071,completed,0.551,1.0,,2026-05-07T16:00:00
I02986,U0501,C043,completed,0.531,1.0,,2026-05-07T18:00:00
I02987,U0501,C017,completed,0.826,1.0,0.754,2026-05-07T20:00:00
I02988,U0502,C018,completed,0.505,1.0,,2026-05-07T22:00:00
I02989,U0502,C043,quiz_passed,0.755,1.0,0.618,2026-05-08T00:00:00
I02990,U0502,C005,completed,0.728,1.0,0.55,2026-05-08T02:00:00
I02991,U0502,C075,viewed,0.265,0.015,,2026-05-08T04:00:00
I02992,U0502,C003,viewed,0.21,0.072,,2026-05-08T06:00:00
I02993,U0502,C001,quiz_passed,0.771,1.0,0.692,2026-05-08T08:00:00
I02994,U0503,C096,quiz_passed,0.786,1.0,0.678,2026-05-08T10:00:00
I02995,U0503,C099,viewed,0.124,0.063,,2026-05-08T12:00:00
I02996,U0503,C017,completed,0.508,1.0,,2026-05-08T14:00:00
I02997,U0503,C063,completed,0.509,1.0,,2026-05-08T16:00:00
I02998,U0503,C067,completed,0.493,1.0,,2026-05-08T18:00:00
I02999,U0503,C016,viewed,0.514,0.37,0.506,2026-05-08T20:00:00
I03000,U0503,C099,completed,0.786,1.0,0.632,2026-05-08T22:00:00
I03001,U0503,C049,quiz_passed,0.778,1.0,0.689,2026-05-09T00:00:00
I03002,U0503,C046,completed,0.783,1.0,0.552,2026-05-09T02:00:00
I03003,U0504,C006,completed,0.578,1.0,,2026-05-09T04:00:00
I03004,U0504,C048,completed,0.548,1.0,,2026-05-09T06:00:00
I03005,U0504,C098,viewed,0.336,0.55,,2026-05-09T08:00:00
I03006,U0504,C001,completed,0.845,1.0,0.783,2026-05-09T10:00:00
I03007,U0504,C073,completed,0.569,1.0,,2026-05-09T12:00:00
I03008,U0504,C064,disliked,0.42,0.11,0.595,2026-05-09T14:00:00
I03009,U0505,C028,quiz_passed,0.727,1.0,0.64,2026-05-09T16:00:00
I03010,U0505,C071,viewed,0.449,0.46,0.342,2026-05-09T18:00:00
I03011,U0505,C015,quiz_passed,0.822,1.0,0.682,2026-05-09T20:00:00
I03012,U0505,C001,completed,0.715,1.0,0.57,2026-05-09T22:00:00
I03013,U0505,C044,completed,0.722,1.0,0.53,2026-05-10T00:00:00
I03014,U0505,C003,completed,0.543,1.0,,2026-05-10T02:00:00
I03015,U0505,C092,completed,0.772,1.0,0.592,2026-05-10T04:00:00
I03016,U0505,C001,completed,0.732,1.0,0.58,2026-05-10T06:00:00
I03017,U0506,C043,completed,0.539,1.0,,2026-05-10T08:00:00
I03018,U0506,C064,disliked,0.225,0.17,,2026-05-10T10:00:00
I03019,U0506,C057,completed,0.494,1.0,,2026-05-10T12:00:00
I03020,U0506,C053,completed,0.917,1.0,0.874,2026-05-10T14:00:00
I03021,U0506,C042,quiz_passed,0.824,1.0,0.845,2026-05-10T16:00:00
I03022,U0507,C099,completed,0.796,1.0,0.671,2026-05-10T18:00:00
I03023,U0507,C066,quiz_passed,0.807,1.0,0.731,2026-05-10T20:00:00
I03024,U0507,C099,quiz_passed,0.76,1.0,0.619,2026-05-10T22:00:00
I03025,U0507,C073,quiz_passed,0.821,1.0,0.754,2026-05-11T00:00:00
I03026,U0507,C088,viewed,0.18,0.004,,2026-05-11T02:00:00
I03027,U0508,C066,completed,0.511,1.0,,2026-05-11T04:00:00
I03028,U0508,C029,completed,0.859,1.0,0.781,2026-05-11T06:00:00
I03029,U0508,C061,completed,0.497,1.0,,2026-05-11T08:00:00
I03030,U0508,C002,disliked,0.125,0.15,,2026-05-11T10:00:00
I03031,U0509,C098,viewed,0.284,0.027,,2026-05-11T12:00:00
I03032,U0509,C017,completed,0.818,1.0,0.67,2026-05-11T14:00:00
I03033,U0509,C049,completed,0.561,1.0,,2026-05-11T16:00:00
I03034,U0509,C018,viewed,0.135,0.065,,2026-05-11T18:00:00
I03035,U0509,C099,viewed,0.344,0.42,0.284,2026-05-11T20:00:00
I03036,U0509,C009,quiz_passed,0.82,1.0,0.648,2026-05-11T22:00:00
I03037,U0509,C003,quiz_passed,0.794,1.0,0.623,2026-05-12T00:00:00
I03038,U0510,C035,viewed,0.439,0.34,0.346,2026-05-12T02:00:00
I03039,U0510,C065,disliked,0.306,0.04,0.352,2026-05-12T04:00:00
I03040,U0510,C070,viewed,0.449,0.55,0.226,2026-05-12T06:00:00
I03041,U0510,C041,viewed,0.485,0.63,0.279,2026-05-12T08:00:00
I03042,U0510,C067,viewed,0.255,0.027,,2026-05-12T10:00:00
I03043,U0510,C030,completed,0.462,1.0,,2026-05-12T12:00:00
I03044,U0511,C099,completed,0.564,1.0,,2026-05-12T14:00:00
I03045,U0511,C099,viewed,0.235,0.095,,2026-05-12T16:00:00
I03046,U0511,C006,viewed,0.436,0.35,0.337,2026-05-12T18:00:00
I03047,U0511,C042,completed,0.73,1.0,0.583,2026-05-12T20:00:00
I03048,U0511,C016,completed,0.557,1.0,,2026-05-12T22:00:00
I03049,U0512,C096,completed,0.535,1.0,,2026-05-13T00:00:00
I03050,U0512,C051,disliked,0.384,0.18,0.445,2026-05-13T02:00:00
I03051,U0512,C047,viewed,0.201,0.053,,2026-05-13T04:00:00
I03052,U0512,C044,completed,0.574,1.0,,2026-05-13T06:00:00
I03053,U0512,C071,viewed,0.197,0.081,,2026-05-13T08:00:00
I03054,U0512,C045,completed,0.759,1.0,0.488,2026-05-13T10:00:00
I03055,U0512,C076,quiz_passed,0.741,1.0,0.6,2026-05-13T12:00:00
I03056,U0512,C075,completed,0.742,1.0,0.421,2026-05-13T14:00:00
I03057,U0512,C081,viewed,0.482,0.55,0.252,2026-05-13T16:00:00
I03058,U0512,C043,quiz_passed,0.802,1.0,0.693,2026-05-13T18:00:00
I03059,U0513,C028,viewed,0.226,0.018,,2026-05-13T20:00:00
I03060,U0513,C029,disliked,0.305,0.16,0.435,2026-05-13T22:00:00
I03061,U0513,C030,completed,0.728,1.0,0.601,2026-05-14T00:00:00
I03062,U0513,C050,viewed,0.472,0.63,0.328,2026-05-14T02:00:00
I03063,U0513,C048,completed,0.742,1.0,0.572,2026-05-14T04:00:00
I03064,U0514,C078,completed,0.699,1.0,0.595,2026-05-14T06:00:00
I03065,U0514,C095,viewed,0.103,0.03,,2026-05-14T08:00:00
I03066,U0514,C096,completed,0.534,1.0,,2026-05-14T10:00:00
I03067,U0514,C018,quiz_passed,0.788,1.0,0.636,2026-05-14T12:00:00
I03068,U0514,C063,completed,0.774,1.0,0.614,2026-05-14T14:00:00
I03069,U0514,C091,completed,0.538,1.0,,2026-05-14T16:00:00
I03070,U0514,C028,viewed,0.118,0.087,,2026-05-14T18:00:00
I03071,U0514,C073,viewed,0.385,0.35,0.338,2026-05-14T20:00:00
I03072,U0514,C076,quiz_passed,0.768,1.0,0.683,2026-05-14T22:00:00
I03073,U0515,C082,viewed,0.277,0.018,,2026-05-15T00:00:00
I03074,U0515,C095,completed,0.558,1.0,,2026-05-15T02:00:00
I03075,U0515,C096,disliked,0.118,0.13,,2026-05-15T04:00:00
I03076,U0515,C043,completed,0.538,1.0,,2026-05-15T06:00:00
I03077,U0515,C061,completed,0.487,1.0,,2026-05-15T08:00:00
I03078,U0515,C051,viewed,0.217,0.007,,2026-05-15T10:00:00
I03079,U0516,C047,quiz_passed,0.863,1.0,0.803,2026-05-15T12:00:00
I03080,U0516,C091,quiz_passed,0.811,1.0,0.765,2026-05-15T14:00:00
I03081,U0516,C049,completed,0.751,1.0,0.694,2026-05-15T16:00:00
I03082,U0516,C067,completed,0.863,1.0,0.728,2026-05-15T18:00:00
I03083,U0517,C098,disliked,0.309,0.11,0.261,2026-05-15T20:00:00
I03084,U0517,C095,viewed,0.179,0.068,,2026-05-15T22:00:00
I03085,U0517,C091,viewed,0.371,0.63,,2026-05-16T00:00:00
I03086,U0517,C066,quiz_passed,0.766,1.0,0.657,2026-05-16T02:00:00
I03087,U0517,C065,quiz_passed,0.83,1.0,0.632,2026-05-16T04:00:00
I03088,U0517,C061,viewed,0.295,0.006,,2026-05-16T06:00:00
I03089,U0517,C044,viewed,0.146,0.042,,2026-05-16T08:00:00
I03090,U0517,C045,completed,0.672,1.0,0.43,2026-05-16T10:00:00
I03091,U0517,C067,completed,0.506,1.0,,2026-05-16T12:00:00
I03092,U0517,C029,completed,0.818,1.0,0.687,2026-05-16T14:00:00
I03093,U0518,C008,viewed,0.254,0.053,,2026-05-16T16:00:00
I03094,U0518,C076,quiz_passed,0.829,1.0,0.697,2026-05-16T18:00:00
I03095,U0518,C005,disliked,0.177,0.19,,2026-05-16T20:00:00
I03096,U0518,C013,completed,0.543,1.0,,2026-05-16T22:00:00
I03097,U0518,C002,disliked,0.189,0.16,,2026-05-17T00:00:00
I03098,U0518,C066,completed,0.531,1.0,,2026-05-17T02:00:00
I03099,U0519,C053,completed,0.569,1.0,,2026-05-17T04:00:00
I03100,U0519,C016,quiz_passed,0.897,1.0,0.87,2026-05-17T06:00:00
I03101,U0519,C061,quiz_passed,0.807,1.0,0.848,2026-05-17T08:00:00
I03102,U0520,C018,viewed,0.231,0.09,,2026-05-17T10:00:00
I03103,U0520,C095,completed,0.689,1.0,0.507,2026-05-17T12:00:00
I03104,U0520,C064,quiz_passed,0.782,1.0,0.678,2026-05-17T14:00:00
I03105,U0520,C001,viewed,0.141,0.033,,2026-05-17T16:00:00
I03106,U0520,C065,quiz_passed,0.807,1.0,0.654,2026-05-17T18:00:00
I03107,U0520,C095,viewed,0.304,0.43,,2026-05-17T20:00:00
I03108,U0520,C057,disliked,0.34,0.16,0.399,2026-05-17T22:00:00
I03109,U0520,C008,completed,0.505,1.0,,2026-05-18T00:00:00
I03110,U0520,C064,completed,0.813,1.0,0.677,2026-05-18T02:00:00
I03111,U0520,C097,completed,0.752,1.0,0.592,2026-05-18T04:00:00
I03112,U0521,C076,quiz_passed,0.805,1.0,0.841,2026-05-18T06:00:00
I03113,U0521,C065,quiz_passed,0.853,1.0,0.851,2026-05-18T08:00:00
I03114,U0521,C001,completed,0.908,1.0,0.879,2026-05-18T10:00:00
I03115,U0521,C045,quiz_passed,0.858,1.0,0.712,2026-05-18T12:00:00
I03116,U0521,C046,completed,0.789,1.0,0.668,2026-05-18T14:00:00
I03117,U0521,C097,completed,0.556,1.0,,2026-05-18T16:00:00
I03118,U0521,C088,completed,0.484,1.0,,2026-05-18T18:00:00
I03119,U0522,C095,quiz_passed,0.812,1.0,0.72,2026-05-18T20:00:00
I03120,U0522,C028,quiz_passed,0.925,1.0,0.874,2026-05-18T22:00:00
I03121,U0522,C096,quiz_passed,0.849,1.0,0.78,2026-05-19T00:00:00
I03122,U0522,C076,quiz_passed,0.831,1.0,0.844,2026-05-19T02:00:00
I03123,U0522,C076,quiz_passed,0.867,1.0,0.828,2026-05-19T04:00:00
I03124,U0523,C049,quiz_passed,0.747,1.0,0.63,2026-05-19T06:00:00
I03125,U0523,C061,completed,0.753,1.0,0.603,2026-05-19T08:00:00
I03126,U0523,C071,viewed,0.251,0.031,,2026-05-19T10:00:00
I03127,U0523,C091,completed,0.483,1.0,,2026-05-19T12:00:00
I03128,U0523,C061,completed,0.509,1.0,,2026-05-19T14:00:00
I03129,U0524,C051,completed,0.573,1.0,,2026-05-19T16:00:00
I03130,U0524,C065,viewed,0.253,0.046,,2026-05-19T18:00:00
I03131,U0524,C078,completed,0.72,1.0,0.589,2026-05-19T20:00:00
I03132,U0524,C063,viewed,0.196,0.087,,2026-05-19T22:00:00
I03133,U0524,C071,disliked,0.312,0.17,0.381,2026-05-20T00:00:00
I03134,U0525,C065,quiz_passed,0.8,1.0,0.842,2026-05-20T02:00:00
I03135,U0525,C001,completed,0.466,1.0,,2026-05-20T04:00:00
I03136,U0525,C051,quiz_passed,0.887,1.0,0.841,2026-05-20T06:00:00
I03137,U0525,C018,completed,0.836,1.0,0.831,2026-05-20T08:00:00
I03138,U0525,C076,completed,0.567,1.0,,2026-05-20T10:00:00
I03139,U0525,C098,completed,0.563,1.0,,2026-05-20T12:00:00
I03140,U0525,C002,viewed,0.181,0.073,,2026-05-20T14:00:00
I03141,U0525,C065,completed,0.487,1.0,,2026-05-20T16:00:00
I03142,U0525,C090,viewed,0.563,0.58,0.536,2026-05-20T18:00:00
I03143,U0525,C013,disliked,0.147,0.09,,2026-05-20T20:00:00
I03144,U0526,C098,viewed,0.231,0.087,,2026-05-20T22:00:00
I03145,U0526,C095,completed,0.538,1.0,,2026-05-21T00:00:00
I03146,U0526,C098,completed,0.557,1.0,,2026-05-21T02:00:00
I03147,U0526,C035,completed,0.551,1.0,,2026-05-21T04:00:00
I03148,U0526,C051,quiz_passed,0.757,1.0,0.6,2026-05-21T06:00:00
I03149,U0526,C095,viewed,0.287,0.36,,2026-05-21T08:00:00
I03150,U0526,C008,viewed,0.277,0.04,,2026-05-21T10:00:00
I03151,U0527,C088,completed,0.532,1.0,,2026-05-21T12:00:00
I03152,U0527,C097,viewed,0.205,0.084,,2026-05-21T14:00:00
I03153,U0527,C035,viewed,0.189,0.02,,2026-05-21T16:00:00
I03154,U0527,C008,quiz_passed,0.764,1.0,0.653,2026-05-21T18:00:00
I03155,U0527,C088,completed,0.479,1.0,,2026-05-21T20:00:00
I03156,U0528,C057,completed,0.709,1.0,0.581,2026-05-21T22:00:00
I03157,U0528,C002,completed,0.507,1.0,,2026-05-22T00:00:00
I03158,U0528,C042,viewed,0.208,0.022,,2026-05-22T02:00:00
I03159,U0528,C045,viewed,0.25,0.07,,2026-05-22T04:00:00
I03160,U0528,C030,viewed,0.154,0.019,,2026-05-22T06:00:00
I03161,U0528,C013,viewed,0.505,0.57,0.244,2026-05-22T08:00:00
I03162,U0528,C067,viewed,0.369,0.3,0.406,2026-05-22T10:00:00
I03163,U0528,C047,completed,0.485,1.0,,2026-05-22T12:00:00
I03164,U0528,C073,viewed,0.463,0.33,0.433,2026-05-22T14:00:00
I03165,U0529,C097,completed,0.747,1.0,0.613,2026-05-22T16:00:00
I03166,U0529,C054,viewed,0.243,0.045,,2026-05-22T18:00:00
I03167,U0530,C098,completed,0.649,1.0,0.41,2026-05-22T20:00:00
I03168,U0530,C053,viewed,0.5,0.41,0.398,2026-05-22T22:00:00
I03169,U0530,C009,quiz_passed,0.811,1.0,0.703,2026-05-23T00:00:00
I03170,U0530,C064,completed,0.734,1.0,0.562,2026-05-23T02:00:00
I03171,U0530,C072,viewed,0.516,0.52,0.332,2026-05-23T04:00:00
I03172,U0531,C092,quiz_passed,0.851,1.0,0.73,2026-05-23T06:00:00
I03173,U0531,C063,viewed,0.282,0.012,,2026-05-23T08:00:00
I03174,U0531,C095,viewed,0.363,0.5,,2026-05-23T10:00:00
I03175,U0531,C098,completed,0.561,1.0,,2026-05-23T12:00:00
I03176,U0531,C095,viewed,0.254,0.093,,2026-05-23T14:00:00
I03177,U0531,C099,completed,0.813,1.0,0.582,2026-05-23T16:00:00
I03178,U0532,C099,viewed,0.292,0.038,,2026-05-23T18:00:00
I03179,U0532,C099,completed,0.48,1.0,,2026-05-23T20:00:00
I03180,U0532,C047,quiz_passed,0.758,1.0,0.651,2026-05-23T22:00:00
I03181,U0532,C095,completed,0.57,1.0,,2026-05-24T00:00:00
I03182,U0532,C009,viewed,0.136,0.04,,2026-05-24T02:00:00
I03183,U0532,C096,viewed,0.126,0.054,,2026-05-24T04:00:00
I03184,U0532,C054,viewed,0.408,0.39,0.332,2026-05-24T06:00:00
I03185,U0532,C043,disliked,0.119,0.03,,2026-05-24T08:00:00
I03186,U0532,C028,completed,0.746,1.0,0.599,2026-05-24T10:00:00
I03187,U0532,C048,quiz_passed,0.782,1.0,0.672,2026-05-24T12:00:00
I03188,U0533,C095,viewed,0.294,0.001,,2026-05-24T14:00:00
I03189,U0533,C050,completed,0.767,1.0,0.676,2026-05-24T16:00:00
I03190,U0533,C073,quiz_passed,0.76,1.0,0.641,2026-05-24T18:00:00
I03191,U0534,C071,viewed,0.146,0.045,,2026-05-24T20:00:00
I03192,U0534,C053,viewed,0.191,0.029,,2026-05-24T22:00:00
I03193,U0534,C057,completed,0.561,1.0,,2026-05-25T00:00:00
I03194,U0534,C088,completed,0.559,1.0,,2026-05-25T02:00:00
I03195,U0534,C076,completed,0.465,1.0,,2026-05-25T04:00:00
I03196,U0534,C017,completed,0.763,1.0,0.587,2026-05-25T06:00:00
I03197,U0535,C030,quiz_passed,0.736,1.0,0.685,2026-05-25T08:00:00
I03198,U0535,C095,viewed,0.139,0.038,,2026-05-25T10:00:00
I03199,U0535,C058,viewed,0.247,0.33,,2026-05-25T12:00:00
I03200,U0535,C095,completed,0.726,1.0,0.537,2026-05-25T14:00:00
I03201,U0536,C029,viewed,0.265,0.095,,2026-05-25T16:00:00
I03202,U0536,C015,viewed,0.245,0.025,,2026-05-25T18:00:00
I03203,U0536,C099,disliked,0.261,0.0,0.203,2026-05-25T20:00:00
I03204,U0536,C099,completed,0.717,1.0,0.471,2026-05-25T22:00:00
I03205,U0536,C088,quiz_passed,0.826,1.0,0.628,2026-05-26T00:00:00
I03206,U0536,C054,quiz_passed,0.772,1.0,0.678,2026-05-26T02:00:00
I03207,U0537,C099,completed,0.571,1.0,,2026-05-26T04:00:00
I03208,U0537,C002,completed,0.53,1.0,,2026-05-26T06:00:00
I03209,U0537,C065,quiz_passed,0.914,1.0,0.885,2026-05-26T08:00:00
I03210,U0537,C067,quiz_passed,0.509,0.38,0.608,2026-05-26T10:00:00
I03211,U0537,C050,completed,0.54,1.0,,2026-05-26T12:00:00
I03212,U0538,C028,viewed,0.396,0.55,,2026-05-26T14:00:00
I03213,U0538,C099,viewed,0.176,0.042,,2026-05-26T16:00:00
I03214,U0538,C018,quiz_passed,0.778,1.0,0.652,2026-05-26T18:00:00
I03215,U0538,C099,completed,0.726,1.0,0.458,2026-05-26T20:00:00
I03216,U0538,C099,viewed,0.263,0.037,,2026-05-26T22:00:00
I03217,U0538,C064,viewed,0.381,0.27,0.322,2026-05-27T00:00:00
I03218,U0538,C091,viewed,0.261,0.011,,2026-05-27T02:00:00
I03219,U0538,C028,completed,0.551,1.0,,2026-05-27T04:00:00
I03220,U0539,C076,quiz_passed,0.754,1.0,0.674,2026-05-27T06:00:00
I03221,U0539,C095,viewed,0.152,0.051,,2026-05-27T08:00:00
I03222,U0539,C009,viewed,0.472,0.43,0.34,2026-05-27T10:00:00
I03223,U0539,C011,completed,0.547,1.0,,2026-05-27T12:00:00
I03224,U0539,C005,completed,0.464,1.0,,2026-05-27T14:00:00
I03225,U0539,C097,viewed,0.458,0.62,0.338,2026-05-27T16:00:00
I03226,U0540,C099,completed,0.485,1.0,,2026-05-27T18:00:00
I03227,U0540,C065,quiz_passed,0.841,1.0,0.817,2026-05-27T20:00:00
I03228,U0540,C028,completed,0.894,1.0,0.867,2026-05-27T22:00:00
I03229,U0540,C091,quiz_passed,0.821,1.0,0.833,2026-05-28T00:00:00
I03230,U0540,C074,completed,0.817,1.0,0.792,2026-05-28T02:00:00
I03231,U0541,C001,quiz_passed,0.846,1.0,0.696,2026-05-28T04:00:00
I03232,U0541,C030,disliked,0.379,0.15,0.386,2026-05-28T06:00:00
I03233,U0541,C044,viewed,0.25,0.025,,2026-05-28T08:00:00
I03234,U0541,C013,completed,0.507,1.0,,2026-05-28T10:00:00
I03235,U0541,C047,viewed,0.181,0.021,,2026-05-28T12:00:00
I03236,U0542,C043,quiz_passed,0.785,1.0,0.707,2026-05-28T14:00:00
I03237,U0542,C003,completed,0.556,1.0,,2026-05-28T16:00:00
I03238,U0542,C064,viewed,0.468,0.43,0.515,2026-05-28T18:00:00
I03239,U0542,C046,completed,0.733,1.0,0.451,2026-05-28T20:00:00
I03240,U0543,C076,completed,0.76,1.0,0.603,2026-05-28T22:00:00
I03241,U0543,C076,completed,0.531,1.0,,2026-05-29T00:00:00
I03242,U0543,C062,completed,0.567,1.0,,2026-05-29T02:00:00
I03243,U0543,C002,quiz_passed,0.738,1.0,0.635,2026-05-29T04:00:00
I03244,U0543,C050,completed,0.464,1.0,,2026-05-29T06:00:00
I03245,U0543,C042,completed,0.539,1.0,,2026-05-29T08:00:00
I03246,U0544,C003,quiz_passed,0.849,1.0,0.752,2026-05-29T10:00:00
I03247,U0544,C017,completed,0.496,1.0,,2026-05-29T12:00:00
I03248,U0544,C046,completed,0.719,1.0,0.418,2026-05-29T14:00:00
I03249,U0544,C045,completed,0.486,1.0,,2026-05-29T16:00:00
I03250,U0544,C028,quiz_passed,0.786,1.0,0.749,2026-05-29T18:00:00
I03251,U0544,C017,quiz_passed,0.77,1.0,0.751,2026-05-29T20:00:00
I03252,U0544,C081,quiz_passed,0.779,1.0,0.632,2026-05-29T22:00:00
I03253,U0545,C029,disliked,0.358,0.12,0.344,2026-05-30T00:00:00
I03254,U0545,C092,completed,0.703,1.0,0.591,2026-05-30T02:00:00
I03255,U0545,C099,disliked,0.307,0.14,0.272,2026-05-30T04:00:00
I03256,U0545,C047,viewed,0.468,0.56,0.422,2026-05-30T06:00:00
I03257,U0545,C016,viewed,0.469,0.5,0.394,2026-05-30T08:00:00
I03258,U0545,C042,completed,0.788,1.0,0.624,2026-05-30T10:00:00
I03259,U0546,C073,quiz_passed,0.879,1.0,0.784,2026-05-30T12:00:00
I03260,U0546,C096,completed,0.549,1.0,,2026-05-30T14:00:00
I03261,U0546,C030,quiz_passed,0.778,1.0,0.718,2026-05-30T16:00:00
I03262,U0546,C053,quiz_passed,0.815,1.0,0.704,2026-05-30T18:00:00
I03263,U0546,C099,viewed,0.461,0.53,0.392,2026-05-30T20:00:00
I03264,U0546,C016,quiz_passed,0.829,1.0,0.754,2026-05-30T22:00:00
I03265,U0546,C091,completed,0.517,1.0,,2026-05-31T00:00:00
I03266,U0546,C051,completed,0.502,1.0,,2026-05-31T02:00:00
I03267,U0547,C098,viewed,0.412,0.6,0.221,2026-05-31T04:00:00
I03268,U0547,C018,completed,0.803,1.0,0.597,2026-05-31T06:00:00
I03269,U0547,C099,completed,0.744,1.0,0.533,2026-05-31T08:00:00
I03270,U0547,C099,viewed,0.142,0.029,,2026-05-31T10:00:00
I03271,U0547,C099,viewed,0.278,0.54,,2026-05-31T12:00:00
I03272,U0547,C096,completed,0.771,1.0,0.492,2026-05-31T14:00:00
I03273,U0547,C096,completed,0.741,1.0,0.485,2026-05-31T16:00:00
I03274,U0547,C042,viewed,0.225,0.004,,2026-05-31T18:00:00
I03275,U0548,C006,quiz_passed,0.874,1.0,0.874,2026-05-31T20:00:00
I03276,U0548,C016,completed,0.87,1.0,0.828,2026-05-31T22:00:00
I03277,U0548,C044,viewed,0.263,0.017,,2026-06-01T00:00:00
I03278,U0548,C081,completed,0.515,1.0,,2026-06-01T02:00:00
I03279,U0548,C074,completed,0.829,1.0,0.786,2026-06-01T04:00:00
I03280,U0548,C098,completed,0.863,1.0,0.746,2026-06-01T06:00:00
I03281,U0548,C082,completed,0.884,1.0,0.804,2026-06-01T08:00:00
I03282,U0549,C006,completed,0.46,1.0,,2026-06-01T10:00:00
I03283,U0549,C006,completed,0.898,1.0,0.845,2026-06-01T12:00:00
I03284,U0549,C057,completed,0.567,1.0,,2026-06-01T14:00:00
I03285,U0549,C095,completed,0.822,1.0,0.782,2026-06-01T16:00:00
I03286,U0549,C099,quiz_passed,0.775,1.0,0.756,2026-06-01T18:00:00
I03287,U0549,C003,completed,0.797,1.0,0.84,2026-06-01T20:00:00
I03288,U0549,C028,viewed,0.26,0.001,,2026-06-01T22:00:00
I03289,U0550,C076,viewed,0.217,0.079,,2026-06-02T00:00:00
I03290,U0550,C071,viewed,0.134,0.022,,2026-06-02T02:00:00
I03291,U0550,C099,viewed,0.291,0.46,,2026-06-02T04:00:00
I03292,U0550,C095,disliked,0.194,0.04,,2026-06-02T06:00:00
I03293,U0551,C076,completed,0.477,1.0,,2026-06-02T08:00:00
I03294,U0551,C096,completed,0.565,1.0,,2026-06-02T10:00:00
I03295,U0551,C048,completed,0.464,1.0,,2026-06-02T12:00:00
I03296,U0552,C092,viewed,0.287,0.012,,2026-06-02T14:00:00
I03297,U0552,C018,viewed,0.505,0.44,0.378,2026-06-02T16:00:00
I03298,U0552,C061,completed,0.555,1.0,,2026-06-02T18:00:00
I03299,U0552,C018,completed,0.81,1.0,0.668,2026-06-02T20:00:00
I03300,U0552,C082,completed,0.558,1.0,,2026-06-02T22:00:00
I03301,U0553,C015,quiz_passed,0.766,1.0,0.741,2026-06-03T00:00:00
I03302,U0553,C092,completed,0.474,1.0,,2026-06-03T02:00:00
I03303,U0553,C081,disliked,0.169,0.02,,2026-06-03T04:00:00
I03304,U0553,C015,completed,0.552,1.0,,2026-06-03T06:00:00
I03305,U0554,C003,viewed,0.205,0.08,,2026-06-03T08:00:00
I03306,U0554,C099,disliked,0.283,0.11,0.361,2026-06-03T10:00:00
I03307,U0554,C029,viewed,0.533,0.51,0.545,2026-06-03T12:00:00
I03308,U0554,C051,quiz_passed,0.764,1.0,0.733,2026-06-03T14:00:00
I03309,U0554,C090,disliked,0.192,0.07,,2026-06-03T16:00:00
I03310,U0554,C005,viewed,0.264,0.25,,2026-06-03T18:00:00
I03311,U0554,C017,completed,0.833,1.0,0.771,2026-06-03T20:00:00
I03312,U0555,C096,completed,0.736,1.0,0.576,2026-06-03T22:00:00
I03313,U0555,C057,completed,0.576,1.0,,2026-06-04T00:00:00
I03314,U0555,C095,viewed,0.592,0.63,0.438,2026-06-04T02:00:00
I03315,U0555,C001,completed,0.531,1.0,,2026-06-04T04:00:00
I03316,U0555,C046,viewed,0.341,0.55,,2026-06-04T06:00:00
I03317,U0555,C016,viewed,0.565,0.61,0.588,2026-06-04T08:00:00
I03318,U0556,C095,viewed,0.121,0.097,,2026-06-04T10:00:00
I03319,U0556,C092,viewed,0.175,0.068,,2026-06-04T12:00:00
I03320,U0556,C011,completed,0.784,1.0,0.758,2026-06-04T14:00:00
I03321,U0556,C001,quiz_passed,0.874,1.0,0.781,2026-06-04T16:00:00
I03322,U0556,C046,disliked,0.193,0.01,0.271,2026-06-04T18:00:00
I03323,U0557,C028,quiz_passed,0.713,1.0,0.607,2026-06-04T20:00:00
I03324,U0557,C099,completed,0.68,1.0,0.403,2026-06-04T22:00:00
I03325,U0557,C098,viewed,0.299,0.074,,2026-06-05T00:00:00
I03326,U0557,C066,completed,0.513,1.0,,2026-06-05T02:00:00
I03327,U0557,C042,quiz_passed,0.815,1.0,0.605,2026-06-05T04:00:00
I03328,U0557,C098,completed,0.668,1.0,0.517,2026-06-05T06:00:00
I03329,U0558,C001,viewed,0.572,0.54,0.586,2026-06-05T08:00:00
I03330,U0558,C005,viewed,0.275,0.088,,2026-06-05T10:00:00
I03331,U0558,C074,completed,0.755,1.0,0.673,2026-06-05T12:00:00
I03332,U0558,C044,viewed,0.516,0.56,0.375,2026-06-05T14:00:00
I03333,U0558,C081,quiz_passed,0.726,1.0,0.659,2026-06-05T16:00:00
I03334,U0558,C082,completed,0.515,1.0,,2026-06-05T18:00:00
I03335,U0559,C064,viewed,0.156,0.005,,2026-06-05T20:00:00
I03336,U0559,C061,disliked,0.314,0.01,0.347,2026-06-05T22:00:00
I03337,U0559,C016,completed,0.544,1.0,,2026-06-06T00:00:00
I03338,U0559,C061,completed,0.802,1.0,0.657,2026-06-06T02:00:00
I03339,U0559,C092,completed,0.491,1.0,,2026-06-06T04:00:00
I03340,U0559,C051,viewed,0.412,0.31,0.368,2026-06-06T06:00:00
I03341,U0560,C061,quiz_passed,0.803,1.0,0.827,2026-06-06T08:00:00
I03342,U0560,C002,completed,0.564,1.0,,2026-06-06T10:00:00
I03343,U0560,C001,completed,0.848,1.0,0.885,2026-06-06T12:00:00
I03344,U0561,C048,viewed,0.204,0.25,,2026-06-06T14:00:00
I03345,U0561,C096,viewed,0.13,0.093,,2026-06-06T16:00:00
I03346,U0561,C058,completed,0.549,1.0,,2026-06-06T18:00:00
I03347,U0561,C008,disliked,0.25,0.19,,2026-06-06T20:00:00
I03348,U0561,C042,completed,0.73,1.0,0.576,2026-06-06T22:00:00
I03349,U0561,C095,completed,0.515,1.0,,2026-06-07T00:00:00
I03350,U0562,C015,viewed,0.469,0.28,0.539,2026-06-07T02:00:00
I03351,U0562,C054,completed,0.789,1.0,0.72,2026-06-07T04:00:00
I03352,U0562,C090,completed,0.754,1.0,0.662,2026-06-07T06:00:00
I03353,U0562,C010,quiz_passed,0.787,1.0,0.606,2026-06-07T08:00:00
I03354,U0562,C005,viewed,0.393,0.65,,2026-06-07T10:00:00
I03355,U0562,C029,completed,0.818,1.0,0.699,2026-06-07T12:00:00
I03356,U0563,C029,quiz_passed,0.872,1.0,0.811,2026-06-07T14:00:00
I03357,U0563,C098,viewed,0.533,0.61,0.506,2026-06-07T16:00:00
I03358,U0563,C076,completed,0.556,1.0,,2026-06-07T18:00:00
I03359,U0563,C051,completed,0.465,1.0,,2026-06-07T20:00:00
I03360,U0563,C016,completed,0.531,1.0,,2026-06-07T22:00:00
I03361,U0563,C005,viewed,0.282,0.09,,2026-06-08T00:00:00
I03362,U0564,C061,viewed,0.285,0.02,,2026-06-08T02:00:00
I03363,U0564,C076,completed,0.499,1.0,,2026-06-08T04:00:00
I03364,U0564,C090,viewed,0.115,0.045,,2026-06-08T06:00:00
I03365,U0564,C065,completed,0.543,1.0,,2026-06-08T08:00:00
I03366,U0564,C005,completed,0.748,1.0,0.489,2026-06-08T10:00:00
I03367,U0564,C058,viewed,0.237,0.074,,2026-06-08T12:00:00
I03368,U0565,C099,completed,0.532,1.0,,2026-06-08T14:00:00
I03369,U0565,C035,completed,0.748,1.0,0.685,2026-06-08T16:00:00
I03370,U0565,C041,viewed,0.521,0.62,0.408,2026-06-08T18:00:00
I03371,U0565,C098,completed,0.691,1.0,0.569,2026-06-08T20:00:00
I03372,U0565,C082,quiz_passed,0.875,1.0,0.788,2026-06-08T22:00:00
I03373,U0565,C004,viewed,0.168,0.071,,2026-06-09T00:00:00
I03374,U0565,C037,viewed,0.247,0.067,,2026-06-09T02:00:00
I03375,U0566,C049,viewed,0.382,0.28,0.42,2026-06-09T04:00:00
I03376,U0566,C029,quiz_passed,0.835,1.0,0.684,2026-06-09T06:00:00
I03377,U0566,C028,viewed,0.361,0.27,0.317,2026-06-09T08:00:00
I03378,U0566,C076,completed,0.746,1.0,0.583,2026-06-09T10:00:00
I03379,U0566,C025,viewed,0.246,0.38,,2026-06-09T12:00:00
I03380,U0566,C047,disliked,0.36,0.18,0.411,2026-06-09T14:00:00
I03381,U0567,C095,viewed,0.113,0.026,,2026-06-09T16:00:00
I03382,U0567,C030,quiz_passed,0.815,1.0,0.666,2026-06-09T18:00:00
I03383,U0567,C064,completed,0.482,1.0,,2026-06-09T20:00:00
I03384,U0567,C001,viewed,0.277,0.45,,2026-06-09T22:00:00
I03385,U0568,C028,completed,0.525,1.0,,2026-06-10T00:00:00
I03386,U0568,C076,completed,0.787,1.0,0.58,2026-06-10T02:00:00
I03387,U0568,C057,quiz_passed,0.84,1.0,0.691,2026-06-10T04:00:00
I03388,U0568,C054,viewed,0.434,0.37,0.405,2026-06-10T06:00:00
I03389,U0568,C067,completed,0.802,1.0,0.681,2026-06-10T08:00:00
I03390,U0568,C015,quiz_passed,0.837,1.0,0.681,2026-06-10T10:00:00
I03391,U0569,C009,quiz_passed,0.777,1.0,0.733,2026-06-10T12:00:00
I03392,U0569,C099,viewed,0.21,0.028,,2026-06-10T14:00:00
I03393,U0569,C016,quiz_passed,0.836,1.0,0.728,2026-06-10T16:00:00
I03394,U0569,C065,quiz_passed,0.803,1.0,0.714,2026-06-10T18:00:00
I03395,U0569,C001,quiz_passed,0.839,1.0,0.801,2026-06-10T20:00:00
I03396,U0570,C064,quiz_passed,0.716,1.0,0.63,2026-06-10T22:00:00
I03397,U0570,C001,viewed,0.112,0.061,,2026-06-11T00:00:00
I03398,U0570,C017,quiz_passed,0.774,1.0,0.643,2026-06-11T02:00:00
I03399,U0570,C017,completed,0.727,1.0,0.581,2026-06-11T04:00:00
I03400,U0571,C011,viewed,0.172,0.22,,2026-06-11T06:00:00
I03401,U0571,C096,completed,0.523,1.0,,2026-06-11T08:00:00
I03402,U0571,C099,disliked,0.267,0.06,0.341,2026-06-11T10:00:00
I03403,U0571,C099,completed,0.558,1.0,,2026-06-11T12:00:00
I03404,U0571,C098,viewed,0.341,0.22,0.372,2026-06-11T14:00:00
I03405,U0572,C002,completed,0.462,1.0,,2026-06-11T16:00:00
I03406,U0572,C013,completed,0.568,1.0,,2026-06-11T18:00:00
I03407,U0572,C067,completed,0.517,1.0,,2026-06-11T20:00:00
I03408,U0572,C098,quiz_passed,0.776,1.0,0.757,2026-06-11T22:00:00
I03409,U0572,C018,quiz_passed,0.901,1.0,0.816,2026-06-12T00:00:00
I03410,U0572,C050,completed,0.514,1.0,,2026-06-12T02:00:00
I03411,U0573,C009,completed,0.534,1.0,,2026-06-12T04:00:00
I03412,U0573,C002,completed,0.557,1.0,,2026-06-12T06:00:00
I03413,U0573,C057,quiz_passed,0.785,1.0,0.709,2026-06-12T08:00:00
I03414,U0573,C072,viewed,0.315,0.45,,2026-06-12T10:00:00
I03415,U0573,C073,completed,0.504,1.0,,2026-06-12T12:00:00
I03416,U0573,C018,completed,0.789,1.0,0.702,2026-06-12T14:00:00
I03417,U0573,C058,disliked,0.285,0.02,0.311,2026-06-12T16:00:00
I03418,U0573,C013,completed,0.732,1.0,0.53,2026-06-12T18:00:00
I03419,U0573,C053,completed,0.486,1.0,,2026-06-12T20:00:00
I03420,U0573,C029,quiz_passed,0.798,1.0,0.69,2026-06-12T22:00:00
I03421,U0574,C095,viewed,0.364,0.52,,2026-06-13T00:00:00
I03422,U0574,C082,quiz_passed,0.795,1.0,0.627,2026-06-13T02:00:00
I03423,U0574,C028,completed,0.576,1.0,,2026-06-13T04:00:00
I03424,U0574,C062,disliked,0.323,0.11,0.444,2026-06-13T06:00:00
I03425,U0574,C061,quiz_passed,0.801,1.0,0.678,2026-06-13T08:00:00
I03426,U0575,C050,completed,0.481,1.0,,2026-06-13T10:00:00
I03427,U0575,C046,viewed,0.273,0.086,,2026-06-13T12:00:00
I03428,U0575,C090,completed,0.534,1.0,,2026-06-13T14:00:00
I03429,U0575,C046,viewed,0.441,0.62,0.223,2026-06-13T16:00:00
I03430,U0575,C047,quiz_passed,0.878,1.0,0.807,2026-06-13T18:00:00
I03431,U0575,C010,completed,0.479,1.0,,2026-06-13T20:00:00
I03432,U0575,C092,completed,0.849,1.0,0.785,2026-06-13T22:00:00
I03433,U0576,C096,completed,0.739,1.0,0.536,2026-06-14T00:00:00
I03434,U0576,C065,completed,0.472,1.0,,2026-06-14T02:00:00
I03435,U0576,C066,completed,0.751,1.0,0.573,2026-06-14T04:00:00
I03436,U0576,C098,completed,0.559,1.0,,2026-06-14T06:00:00
I03437,U0577,C095,completed,0.704,1.0,0.536,2026-06-14T08:00:00
I03438,U0577,C018,completed,0.499,1.0,,2026-06-14T10:00:00
I03439,U0577,C095,viewed,0.26,0.2,,2026-06-14T12:00:00
I03440,U0577,C095,viewed,0.19,0.038,,2026-06-14T14:00:00
I03441,U0577,C030,completed,0.529,1.0,,2026-06-14T16:00:00
I03442,U0578,C017,completed,0.814,1.0,0.686,2026-06-14T18:00:00
I03443,U0578,C065,completed,0.722,1.0,0.56,2026-06-14T20:00:00
I03444,U0578,C061,completed,0.503,1.0,,2026-06-14T22:00:00
I03445,U0578,C075,viewed,0.479,0.57,0.283,2026-06-15T00:00:00
I03446,U0578,C011,completed,0.498,1.0,,2026-06-15T02:00:00
I03447,U0578,C035,completed,0.486,1.0,,2026-06-15T04:00:00
I03448,U0578,C097,quiz_passed,0.821,1.0,0.609,2026-06-15T06:00:00
I03449,U0578,C015,completed,0.474,1.0,,2026-06-15T08:00:00
I03450,U0578,C028,viewed,0.474,0.62,0.315,2026-06-15T10:00:00
I03451,U0579,C067,viewed,0.276,0.39,,2026-06-15T12:00:00
I03452,U0579,C057,completed,0.539,1.0,,2026-06-15T14:00:00
I03453,U0579,C099,viewed,0.131,0.031,,2026-06-15T16:00:00
I03454,U0579,C057,completed,0.726,1.0,0.574,2026-06-15T18:00:00
I03455,U0580,C095,completed,0.508,1.0,,2026-06-15T20:00:00
I03456,U0580,C096,quiz_passed,0.828,1.0,0.681,2026-06-15T22:00:00
I03457,U0580,C061,viewed,0.387,0.21,0.592,2026-06-16T00:00:00
I03458,U0580,C071,completed,0.501,1.0,,2026-06-16T02:00:00
I03459,U0581,C043,quiz_passed,0.781,1.0,0.759,2026-06-16T04:00:00
I03460,U0581,C046,completed,0.747,1.0,0.511,2026-06-16T06:00:00
I03461,U0581,C011,completed,0.521,1.0,,2026-06-16T08:00:00
I03462,U0581,C045,viewed,0.489,0.46,0.349,2026-06-16T10:00:00
I03463,U0581,C042,completed,0.504,1.0,,2026-06-16T12:00:00
I03464,U0581,C015,quiz_passed,0.822,1.0,0.763,2026-06-16T14:00:00
I03465,U0581,C002,viewed,0.208,0.032,,2026-06-16T16:00:00
I03466,U0582,C098,completed,0.707,1.0,0.598,2026-06-16T18:00:00
I03467,U0582,C099,completed,0.82,1.0,0.609,2026-06-16T20:00:00
I03468,U0582,C025,viewed,0.207,0.026,,2026-06-16T22:00:00
I03469,U0582,C099,completed,0.502,1.0,,2026-06-17T00:00:00
I03470,U0582,C054,completed,0.496,1.0,,2026-06-17T02:00:00
I03471,U0582,C072,quiz_passed,0.88,1.0,0.775,2026-06-17T04:00:00
I03472,U0582,C098,completed,0.531,1.0,,2026-06-17T06:00:00
I03473,U0582,C057,completed,0.554,1.0,,2026-06-17T08:00:00
I03474,U0582,C098,completed,0.764,1.0,0.568,2026-06-17T10:00:00
I03475,U0582,C048,completed,0.56,1.0,,2026-06-17T12:00:00
I03476,U0582,C067,completed,0.778,1.0,0.73,2026-06-17T14:00:00
I03477,U0583,C095,viewed,0.375,0.37,0.267,2026-06-17T16:00:00
I03478,U0583,C098,completed,0.498,1.0,,2026-06-17T18:00:00
I03479,U0583,C065,viewed,0.284,0.01,,2026-06-17T20:00:00
I03480,U0583,C011,disliked,0.146,0.14,,2026-06-17T22:00:00
I03481,U0583,C076,quiz_passed,0.835,1.0,0.645,2026-06-18T00:00:00
I03482,U0583,C067,completed,0.526,1.0,,2026-06-18T02:00:00
I03483,U0584,C072,quiz_passed,0.494,0.2,0.668,2026-06-18T04:00:00
I03484,U0584,C061,quiz_passed,0.494,0.36,0.665,2026-06-18T06:00:00
I03485,U0584,C082,completed,0.549,1.0,,2026-06-18T08:00:00
I03486,U0584,C030,quiz_passed,0.433,0.19,0.644,2026-06-18T10:00:00
I03487,U0584,C053,quiz_passed,0.866,1.0,0.871,2026-06-18T12:00:00
I03488,U0584,C081,completed,0.852,1.0,0.787,2026-06-18T14:00:00
I03489,U0584,C045,completed,0.557,1.0,,2026-06-18T16:00:00
I03490,U0585,C042,viewed,0.498,0.46,0.384,2026-06-18T18:00:00
I03491,U0585,C061,completed,0.708,1.0,0.593,2026-06-18T20:00:00
I03492,U0585,C081,viewed,0.37,0.49,,2026-06-18T22:00:00
I03493,U0585,C050,viewed,0.26,0.074,,2026-06-19T00:00:00
I03494,U0585,C017,completed,0.513,1.0,,2026-06-19T02:00:00
I03495,U0586,C006,viewed,0.496,0.69,0.319,2026-06-19T04:00:00
I03496,U0586,C002,quiz_passed,0.727,1.0,0.636,2026-06-19T06:00:00
I03497,U0586,C048,completed,0.808,1.0,0.576,2026-06-19T08:00:00
I03498,U0586,C025,viewed,0.157,0.087,,2026-06-19T10:00:00
I03499,U0586,C081,viewed,0.468,0.67,0.217,2026-06-19T12:00:00
I03500,U0586,C025,disliked,0.26,0.02,0.343,2026-06-19T14:00:00
I03501,U0586,C044,completed,0.712,1.0,0.551,2026-06-19T16:00:00
I03502,U0586,C066,viewed,0.45,0.51,0.344,2026-06-19T18:00:00
I03503,U0586,C064,disliked,0.29,0.1,0.346,2026-06-19T20:00:00
I03504,U0587,C047,completed,0.524,1.0,,2026-06-19T22:00:00
I03505,U0587,C042,disliked,0.091,0.0,,2026-06-20T00:00:00
I03506,U0587,C018,quiz_passed,0.788,1.0,0.666,2026-06-20T02:00:00
I03507,U0587,C092,completed,0.557,1.0,,2026-06-20T04:00:00
I03508,U0587,C061,viewed,0.539,0.68,0.434,2026-06-20T06:00:00
I03509,U0588,C017,quiz_passed,0.781,1.0,0.725,2026-06-20T08:00:00
I03510,U0588,C064,viewed,0.111,0.088,,2026-06-20T10:00:00
I03511,U0588,C098,completed,0.555,1.0,,2026-06-20T12:00:00
I03512,U0588,C035,quiz_passed,0.758,1.0,0.718,2026-06-20T14:00:00
I03513,U0588,C041,completed,0.765,1.0,0.582,2026-06-20T16:00:00
I03514,U0588,C054,viewed,0.283,0.021,,2026-06-20T18:00:00
I03515,U0589,C002,quiz_passed,0.75,1.0,0.64,2026-06-20T20:00:00
I03516,U0589,C003,completed,0.699,1.0,0.587,2026-06-20T22:00:00
I03517,U0589,C025,completed,0.773,1.0,0.677,2026-06-21T00:00:00
I03518,U0589,C054,viewed,0.152,0.03,,2026-06-21T02:00:00
I03519,U0589,C048,viewed,0.187,0.006,,2026-06-21T04:00:00
I03520,U0589,C092,viewed,0.193,0.01,,2026-06-21T06:00:00
I03521,U0590,C048,completed,0.488,1.0,,2026-06-21T08:00:00
I03522,U0590,C057,viewed,0.116,0.087,,2026-06-21T10:00:00
I03523,U0590,C099,viewed,0.136,0.006,,2026-06-21T12:00:00
I03524,U0591,C049,quiz_passed,0.876,1.0,0.815,2026-06-21T14:00:00
I03525,U0591,C001,completed,0.894,1.0,0.88,2026-06-21T16:00:00
I03526,U0591,C054,completed,0.572,1.0,,2026-06-21T18:00:00
I03527,U0591,C015,quiz_passed,0.91,1.0,0.886,2026-06-21T20:00:00
I03528,U0591,C051,quiz_passed,0.805,1.0,0.847,2026-06-21T22:00:00
I03529,U0592,C047,completed,0.489,1.0,,2026-06-22T00:00:00
I03530,U0592,C098,completed,0.757,1.0,0.616,2026-06-22T02:00:00
I03531,U0592,C067,quiz_passed,0.815,1.0,0.788,2026-06-22T04:00:00
I03532,U0592,C016,completed,0.469,1.0,,2026-06-22T06:00:00
I03533,U0593,C076,completed,0.772,1.0,0.594,2026-06-22T08:00:00
I03534,U0593,C090,completed,0.694,1.0,0.444,2026-06-22T10:00:00
I03535,U0593,C067,viewed,0.306,0.32,,2026-06-22T12:00:00
I03536,U0593,C045,completed,0.651,1.0,0.426,2026-06-22T14:00:00
I03537,U0593,C010,completed,0.518,1.0,,2026-06-22T16:00:00
I03538,U0594,C018,completed,0.769,1.0,0.587,2026-06-22T18:00:00
I03539,U0594,C028,quiz_passed,0.77,1.0,0.663,2026-06-22T20:00:00
I03540,U0594,C025,completed,0.713,1.0,0.569,2026-06-22T22:00:00
I03541,U0594,C099,viewed,0.18,0.023,,2026-06-23T00:00:00
I03542,U0594,C050,completed,0.466,1.0,,2026-06-23T02:00:00
I03543,U0594,C076,completed,0.461,1.0,,2026-06-23T04:00:00
I03544,U0595,C011,completed,0.746,1.0,0.574,2026-06-23T06:00:00
I03545,U0595,C091,disliked,0.308,0.18,0.335,2026-06-23T08:00:00
I03546,U0595,C065,quiz_passed,0.823,1.0,0.622,2026-06-23T10:00:00
I03547,U0595,C091,viewed,0.445,0.32,0.416,2026-06-23T12:00:00
I03548,U0596,C030,disliked,0.349,0.06,0.383,2026-06-23T14:00:00
I03549,U0596,C047,completed,0.755,1.0,0.609,2026-06-23T16:00:00
I03550,U0596,C053,viewed,0.474,0.34,0.437,2026-06-23T18:00:00
I03551,U0596,C042,completed,0.52,1.0,,2026-06-23T20:00:00
I03552,U0596,C073,completed,0.542,1.0,,2026-06-23T22:00:00
I03553,U0596,C051,completed,0.461,1.0,,2026-06-24T00:00:00
I03554,U0596,C018,quiz_passed,0.736,1.0,0.662,2026-06-24T02:00:00
I03555,U0596,C054,quiz_passed,0.75,1.0,0.666,2026-06-24T04:00:00
I03556,U0597,C025,quiz_passed,0.764,1.0,0.68,2026-06-24T06:00:00
I03557,U0597,C063,viewed,0.291,0.098,,2026-06-24T08:00:00
I03558,U0597,C016,completed,0.77,1.0,0.68,2026-06-24T10:00:00
I03559,U0597,C053,viewed,0.178,0.009,,2026-06-24T12:00:00
I03560,U0597,C017,quiz_passed,0.785,1.0,0.643,2026-06-24T14:00:00
I03561,U0597,C050,viewed,0.127,0.073,,2026-06-24T16:00:00
I03562,U0598,C065,completed,0.87,1.0,0.797,2026-06-24T18:00:00
I03563,U0598,C098,completed,0.564,1.0,,2026-06-24T20:00:00
I03564,U0598,C051,quiz_passed,0.797,1.0,0.785,2026-06-24T22:00:00
I03565,U0598,C098,completed,0.483,1.0,,2026-06-25T00:00:00
I03566,U0599,C095,viewed,0.133,0.006,,2026-06-25T02:00:00
I03567,U0599,C071,viewed,0.203,0.24,,2026-06-25T04:00:00
I03568,U0599,C074,disliked,0.108,0.07,,2026-06-25T06:00:00
I03569,U0599,C046,completed,0.632,1.0,0.346,2026-06-25T08:00:00
I03570,U0599,C081,completed,0.57,1.0,,2026-06-25T10:00:00
I03571,U0599,C002,completed,0.762,1.0,0.598,2026-06-25T12:00:00
I03572,U0600,C099,viewed,0.371,0.51,0.25,2026-06-25T14:00:00
I03573,U0600,C061,completed,0.561,1.0,,2026-06-25T16:00:00
I03574,U0600,C058,completed,0.794,1.0,0.58,2026-06-25T18:00:00
I03575,U0600,C015,completed,0.75,1.0,0.632,2026-06-25T20:00:00
I03576,U0601,C099,viewed,0.191,0.069,,2026-06-25T22:00:00
I03577,U0601,C035,quiz_passed,0.737,1.0,0.624,2026-06-26T00:00:00
I03578,U0601,C042,viewed,0.109,0.022,,2026-06-26T02:00:00
I03579,U0601,C048,quiz_passed,0.745,1.0,0.654,2026-06-26T04:00:00
I03580,U0601,C065,viewed,0.519,0.5,0.4,2026-06-26T06:00:00
I03581,U0601,C003,viewed,0.13,0.041,,2026-06-26T08:00:00
I03582,U0602,C066,quiz_passed,0.804,1.0,0.798,2026-06-26T10:00:00
I03583,U0602,C053,completed,0.471,1.0,,2026-06-26T12:00:00
I03584,U0602,C066,quiz_passed,0.826,1.0,0.799,2026-06-26T14:00:00
I03585,U0602,C015,completed,0.563,1.0,,2026-06-26T16:00:00
I03586,U0602,C082,quiz_passed,0.839,1.0,0.732,2026-06-26T18:00:00
I03587,U0602,C067,completed,0.808,1.0,0.755,2026-06-26T20:00:00
I03588,U0602,C047,quiz_passed,0.875,1.0,0.761,2026-06-26T22:00:00
I03589,U0602,C071,completed,0.507,1.0,,2026-06-27T00:00:00
I03590,U0602,C074,disliked,0.116,0.11,,2026-06-27T02:00:00
I03591,U0603,C098,completed,0.707,1.0,0.511,2026-06-27T04:00:00
I03592,U0603,C091,quiz_passed,0.769,1.0,0.661,2026-06-27T06:00:00
I03593,U0603,C066,quiz_passed,0.778,1.0,0.63,2026-06-27T08:00:00
I03594,U0603,C071,completed,0.486,1.0,,2026-06-27T10:00:00
I03595,U0603,C017,completed,0.784,1.0,0.569,2026-06-27T12:00:00
I03596,U0603,C092,completed,0.517,1.0,,2026-06-27T14:00:00
I03597,U0604,C003,quiz_passed,0.767,1.0,0.749,2026-06-27T16:00:00
I03598,U0604,C046,completed,0.508,1.0,,2026-06-27T18:00:00
I03599,U0604,C091,viewed,0.489,0.31,0.593,2026-06-27T20:00:00
I03600,U0604,C048,completed,0.549,1.0,,2026-06-27T22:00:00
I03601,U0604,C071,quiz_passed,0.853,1.0,0.733,2026-06-28T00:00:00
I03602,U0604,C065,completed,0.524,1.0,,2026-06-28T02:00:00
I03603,U0605,C096,completed,0.516,1.0,,2026-06-28T04:00:00
I03604,U0605,C095,viewed,0.353,0.27,0.274,2026-06-28T06:00:00
I03605,U0605,C095,completed,0.722,1.0,0.507,2026-06-28T08:00:00
I03606,U0605,C006,viewed,0.202,0.033,,2026-06-28T10:00:00
I03607,U0605,C028,viewed,0.181,0.013,,2026-06-28T12:00:00
I03608,U0605,C088,disliked,0.163,0.08,,2026-06-28T14:00:00
I03609,U0606,C001,viewed,0.331,0.45,,2026-06-28T16:00:00
I03610,U0606,C045,viewed,0.184,0.1,,2026-06-28T18:00:00
I03611,U0606,C043,completed,0.524,1.0,,2026-06-28T20:00:00
I03612,U0606,C045,viewed,0.377,0.33,0.251,2026-06-28T22:00:00
I03613,U0606,C072,quiz_passed,0.759,1.0,0.665,2026-06-29T00:00:00
I03614,U0606,C088,completed,0.463,1.0,,2026-06-29T02:00:00
I03615,U0607,C098,viewed,0.263,0.23,,2026-06-29T04:00:00
I03616,U0607,C015,quiz_passed,0.791,1.0,0.609,2026-06-29T06:00:00
I03617,U0607,C010,viewed,0.144,0.094,,2026-06-29T08:00:00
I03618,U0607,C072,completed,0.782,1.0,0.573,2026-06-29T10:00:00
I03619,U0608,C028,quiz_passed,0.824,1.0,0.696,2026-06-29T12:00:00
I03620,U0608,C099,viewed,0.123,0.093,,2026-06-29T14:00:00
I03621,U0608,C095,viewed,0.333,0.26,0.299,2026-06-29T16:00:00
I03622,U0608,C057,quiz_passed,0.821,1.0,0.654,2026-06-29T18:00:00
I03623,U0609,C047,quiz_passed,0.805,1.0,0.706,2026-06-29T20:00:00
I03624,U0609,C066,disliked,0.266,0.14,0.314,2026-06-29T22:00:00
I03625,U0609,C015,completed,0.56,1.0,,2026-06-30T00:00:00
I03626,U0609,C045,completed,0.578,1.0,,2026-06-30T02:00:00
I03627,U0609,C035,viewed,0.519,0.55,0.347,2026-06-30T04:00:00
I03628,U0609,C045,completed,0.47,1.0,,2026-06-30T06:00:00
I03629,U0609,C047,completed,0.822,1.0,0.616,2026-06-30T08:00:00
I03630,U0610,C006,viewed,0.475,0.34,0.409,2026-06-30T10:00:00
I03631,U0610,C015,quiz_passed,0.764,1.0,0.694,2026-06-30T12:00:00
I03632,U0610,C090,completed,0.523,1.0,,2026-06-30T14:00:00
I03633,U0610,C043,viewed,0.295,0.065,,2026-06-30T16:00:00
I03634,U0611,C043,viewed,0.279,0.081,,2026-06-30T18:00:00
I03635,U0611,C002,viewed,0.223,0.02,,2026-06-30T20:00:00
I03636,U0611,C057,completed,0.563,1.0,,2026-06-30T22:00:00
I03637,U0611,C096,completed,0.579,1.0,,2026-07-01T00:00:00
I03638,U0611,C096,completed,0.515,1.0,,2026-07-01T02:00:00
I03639,U0611,C099,viewed,0.119,0.061,,2026-07-01T04:00:00
I03640,U0612,C065,completed,0.484,1.0,,2026-07-01T06:00:00
I03641,U0612,C092,quiz_passed,0.777,1.0,0.685,2026-07-01T08:00:00
I03642,U0612,C096,viewed,0.265,0.001,,2026-07-01T10:00:00
I03643,U0612,C042,quiz_passed,0.775,1.0,0.607,2026-07-01T12:00:00
I03644,U0612,C098,completed,0.67,1.0,0.434,2026-07-01T14:00:00
I03645,U0612,C095,completed,0.689,1.0,0.513,2026-07-01T16:00:00
I03646,U0612,C002,completed,0.492,1.0,,2026-07-01T18:00:00
I03647,U0612,C016,completed,0.699,1.0,0.593,2026-07-01T20:00:00
I03648,U0613,C050,quiz_passed,0.786,1.0,0.805,2026-07-01T22:00:00
I03649,U0613,C076,viewed,0.117,0.062,,2026-07-02T00:00:00
I03650,U0613,C071,viewed,0.526,0.44,0.47,2026-07-02T02:00:00
I03651,U0613,C075,quiz_passed,0.796,1.0,0.662,2026-07-02T04:00:00
I03652,U0613,C081,completed,0.578,1.0,,2026-07-02T06:00:00
I03653,U0613,C046,viewed,0.4,0.57,,2026-07-02T08:00:00
I03654,U0613,C046,viewed,0.128,0.058,,2026-07-02T10:00:00
I03655,U0613,C046,viewed,0.398,0.43,0.217,2026-07-02T12:00:00
I03656,U0614,C016,viewed,0.31,0.49,,2026-07-02T14:00:00
I03657,U0614,C008,quiz_passed,0.834,1.0,0.713,2026-07-02T16:00:00
I03658,U0614,C088,viewed,0.114,0.018,,2026-07-02T18:00:00
I03659,U0614,C081,viewed,0.263,0.5,,2026-07-02T20:00:00
I03660,U0614,C054,viewed,0.16,0.031,,2026-07-02T22:00:00
I03661,U0614,C006,viewed,0.439,0.31,0.581,2026-07-03T00:00:00
I03662,U0614,C090,completed,0.71,1.0,0.577,2026-07-03T02:00:00
I03663,U0615,C091,disliked,0.42,0.09,0.512,2026-07-03T04:00:00
I03664,U0615,C061,quiz_passed,0.822,1.0,0.799,2026-07-03T06:00:00
I03665,U0615,C082,viewed,0.243,0.084,,2026-07-03T08:00:00
I03666,U0615,C076,viewed,0.469,0.26,0.502,2026-07-03T10:00:00
I03667,U0615,C072,viewed,0.628,0.69,0.49,2026-07-03T12:00:00
I03668,U0615,C091,completed,0.556,1.0,,2026-07-03T14:00:00
I03669,U0616,C002,completed,0.707,1.0,0.57,2026-07-03T16:00:00
I03670,U0616,C005,viewed,0.245,0.45,,2026-07-03T18:00:00
I03671,U0616,C071,viewed,0.216,0.035,,2026-07-03T20:00:00
I03672,U0616,C081,viewed,0.158,0.027,,2026-07-03T22:00:00
I03673,U0616,C009,completed,0.709,1.0,0.591,2026-07-04T00:00:00
I03674,U0616,C057,completed,0.8,1.0,0.655,2026-07-04T02:00:00
I03675,U0617,C088,quiz_passed,0.589,0.47,0.679,2026-07-04T04:00:00
I03676,U0617,C011,quiz_passed,0.879,1.0,0.838,2026-07-04T06:00:00
I03677,U0617,C063,completed,0.518,1.0,,2026-07-04T08:00:00
I03678,U0617,C051,completed,0.884,1.0,0.886,2026-07-04T10:00:00
I03679,U0617,C082,completed,0.868,1.0,0.852,2026-07-04T12:00:00
I03680,U0618,C047,quiz_passed,0.818,1.0,0.786,2026-07-04T14:00:00
I03681,U0618,C099,quiz_passed,0.784,1.0,0.607,2026-07-04T16:00:00
I03682,U0618,C091,completed,0.533,1.0,,2026-07-04T18:00:00
I03683,U0618,C075,viewed,0.184,0.05,,2026-07-04T20:00:00
I03684,U0618,C054,quiz_passed,0.808,1.0,0.759,2026-07-04T22:00:00
I03685,U0618,C044,disliked,0.163,0.18,,2026-07-05T00:00:00
I03686,U0618,C046,completed,0.497,1.0,,2026-07-05T02:00:00
I03687,U0619,C072,quiz_passed,0.831,1.0,0.692,2026-07-05T04:00:00
I03688,U0619,C057,disliked,0.287,0.09,0.418,2026-07-05T06:00:00
I03689,U0619,C030,completed,0.82,1.0,0.637,2026-07-05T08:00:00
I03690,U0619,C057,quiz_passed,0.713,1.0,0.626,2026-07-05T10:00:00
I03691,U0619,C091,completed,0.744,1.0,0.573,2026-07-05T12:00:00
I03692,U0619,C051,disliked,0.257,0.0,0.31,2026-07-05T14:00:00
I03693,U0619,C074,completed,0.484,1.0,,2026-07-05T16:00:00
I03694,U0620,C053,quiz_passed,0.906,1.0,0.882,2026-07-05T18:00:00
I03695,U0620,C017,quiz_passed,0.884,1.0,0.876,2026-07-05T20:00:00
I03696,U0620,C053,completed,0.491,1.0,,2026-07-05T22:00:00
I03697,U0620,C096,completed,0.822,1.0,0.771,2026-07-06T00:00:00
I03698,U0620,C099,completed,0.479,1.0,,2026-07-06T02:00:00
I03699,U0620,C099,completed,0.527,1.0,,2026-07-06T04:00:00
I03700,U0621,C096,quiz_passed,0.854,1.0,0.726,2026-07-06T06:00:00
I03701,U0621,C065,viewed,0.293,0.081,,2026-07-06T08:00:00
I03702,U0621,C078,completed,0.838,1.0,0.822,2026-07-06T10:00:00
I03703,U0621,C098,disliked,0.181,0.04,,2026-07-06T12:00:00
I03704,U0621,C016,quiz_passed,0.918,1.0,0.878,2026-07-06T14:00:00
I03705,U0621,C030,quiz_passed,0.8,1.0,0.833,2026-07-06T16:00:00
I03706,U0621,C074,viewed,0.284,0.054,,2026-07-06T18:00:00
I03707,U0622,C071,completed,0.555,1.0,,2026-07-06T20:00:00
I03708,U0622,C091,quiz_passed,0.834,1.0,0.884,2026-07-06T22:00:00
I03709,U0622,C048,quiz_passed,0.563,0.64,0.601,2026-07-07T00:00:00
I03710,U0622,C065,quiz_passed,0.851,1.0,0.856,2026-07-07T02:00:00
I03711,U0622,C047,quiz_passed,0.849,1.0,0.815,2026-07-07T04:00:00
I03712,U0622,C071,completed,0.529,1.0,,2026-07-07T06:00:00
I03713,U0622,C010,quiz_passed,0.85,1.0,0.759,2026-07-07T08:00:00
I03714,U0622,C045,completed,0.468,1.0,,2026-07-07T10:00:00
I03715,U0622,C067,completed,0.532,1.0,,2026-07-07T12:00:00
I03716,U0623,C015,completed,0.843,1.0,0.683,2026-07-07T14:00:00
I03717,U0623,C064,quiz_passed,0.757,1.0,0.631,2026-07-07T16:00:00
I03718,U0623,C045,completed,0.773,1.0,0.49,2026-07-07T18:00:00
I03719,U0623,C061,completed,0.569,1.0,,2026-07-07T20:00:00
I03720,U0623,C074,completed,0.767,1.0,0.484,2026-07-07T22:00:00
I03721,U0623,C030,completed,0.713,1.0,0.627,2026-07-08T00:00:00
I03722,U0623,C090,completed,0.765,1.0,0.493,2026-07-08T02:00:00
I03723,U0624,C072,quiz_passed,0.856,1.0,0.837,2026-07-08T04:00:00
I03724,U0624,C042,completed,0.506,1.0,,2026-07-08T06:00:00
I03725,U0624,C098,quiz_passed,0.86,1.0,0.726,2026-07-08T08:00:00
I03726,U0624,C048,completed,0.55,1.0,,2026-07-08T10:00:00
I03727,U0624,C065,quiz_passed,0.834,1.0,0.837,2026-07-08T12:00:00
I03728,U0625,C099,viewed,0.212,0.023,,2026-07-08T14:00:00
I03729,U0625,C011,viewed,0.257,0.045,,2026-07-08T16:00:00
I03730,U0625,C048,completed,0.54,1.0,,2026-07-08T18:00:00
I03731,U0625,C097,completed,0.506,1.0,,2026-07-08T20:00:00
I03732,U0625,C065,viewed,0.355,0.25,0.417,2026-07-08T22:00:00
I03733,U0625,C064,completed,0.768,1.0,0.586,2026-07-09T00:00:00
I03734,U0625,C099,viewed,0.442,0.54,0.232,2026-07-09T02:00:00
I03735,U0625,C096,completed,0.664,1.0,0.508,2026-07-09T04:00:00
I03736,U0625,C099,viewed,0.205,0.086,,2026-07-09T06:00:00
I03737,U0626,C048,completed,0.5,1.0,,2026-07-09T08:00:00
I03738,U0626,C063,completed,0.561,1.0,,2026-07-09T10:00:00
I03739,U0626,C041,completed,0.755,1.0,0.724,2026-07-09T12:00:00
I03740,U0626,C017,completed,0.469,1.0,,2026-07-09T14:00:00
I03741,U0627,C011,quiz_passed,0.817,1.0,0.607,2026-07-09T16:00:00
I03742,U0627,C042,completed,0.831,1.0,0.631,2026-07-09T18:00:00
I03743,U0627,C061,completed,0.475,1.0,,2026-07-09T20:00:00
I03744,U0627,C043,quiz_passed,0.727,1.0,0.641,2026-07-09T22:00:00
I03745,U0627,C066,viewed,0.139,0.021,,2026-07-10T00:00:00
I03746,U0628,C082,viewed,0.31,0.55,,2026-07-10T02:00:00
I03747,U0628,C057,completed,0.795,1.0,0.616,2026-07-10T04:00:00
I03748,U0628,C002,quiz_passed,0.753,1.0,0.603,2026-07-10T06:00:00
I03749,U0628,C017,completed,0.731,1.0,0.584,2026-07-10T08:00:00
I03750,U0628,C073,quiz_passed,0.745,1.0,0.655,2026-07-10T10:00:00
I03751,U0628,C082,completed,0.784,1.0,0.664,2026-07-10T12:00:00
I03752,U0628,C013,disliked,0.162,0.01,0.219,2026-07-10T14:00:00
I03753,U0629,C088,completed,0.565,1.0,,2026-07-10T16:00:00
I03754,U0629,C003,quiz_passed,0.726,1.0,0.631,2026-07-10T18:00:00
I03755,U0629,C045,viewed,0.442,0.66,,2026-07-10T20:00:00
I03756,U0629,C071,viewed,0.293,0.34,,2026-07-10T22:00:00
I03757,U0629,C071,quiz_passed,0.763,1.0,0.619,2026-07-11T00:00:00
I03758,U0630,C073,quiz_passed,0.713,1.0,0.624,2026-07-11T02:00:00
I03759,U0630,C018,viewed,0.234,0.028,,2026-07-11T04:00:00
I03760,U0630,C091,completed,0.577,1.0,,2026-07-11T06:00:00
I03761,U0630,C062,completed,0.57,1.0,,2026-07-11T08:00:00
I03762,U0630,C036,completed,0.464,1.0,,2026-07-11T10:00:00
I03763,U0630,C070,completed,0.474,1.0,,2026-07-11T12:00:00
I03764,U0631,C071,completed,0.551,1.0,,2026-07-11T14:00:00
I03765,U0631,C090,completed,0.58,1.0,,2026-07-11T16:00:00
I03766,U0632,C095,viewed,0.361,0.48,0.234,2026-07-11T18:00:00
I03767,U0632,C076,completed,0.698,1.0,0.568,2026-07-11T20:00:00
I03768,U0632,C015,quiz_passed,0.77,1.0,0.637,2026-07-11T22:00:00
I03769,U0633,C006,quiz_passed,0.786,1.0,0.613,2026-07-12T00:00:00
I03770,U0633,C095,disliked,0.233,0.1,0.25,2026-07-12T02:00:00
I03771,U0633,C098,viewed,0.277,0.021,,2026-07-12T04:00:00
I03772,U0633,C017,viewed,0.349,0.29,0.409,2026-07-12T06:00:00
I03773,U0633,C076,completed,0.486,1.0,,2026-07-12T08:00:00
I03774,U0633,C035,viewed,0.202,0.075,,2026-07-12T10:00:00
I03775,U0634,C028,completed,0.539,1.0,,2026-07-12T12:00:00
I03776,U0634,C061,quiz_passed,0.808,1.0,0.674,2026-07-12T14:00:00
I03777,U0634,C011,viewed,0.515,0.52,0.345,2026-07-12T16:00:00
I03778,U0634,C091,quiz_passed,0.84,1.0,0.677,2026-07-12T18:00:00
I03779,U0634,C010,completed,0.712,1.0,0.44,2026-07-12T20:00:00
I03780,U0635,C066,completed,0.822,1.0,0.705,2026-07-12T22:00:00
I03781,U0635,C030,completed,0.529,1.0,,2026-07-13T00:00:00
I03782,U0635,C092,completed,0.498,1.0,,2026-07-13T02:00:00
I03783,U0635,C096,viewed,0.177,0.06,,2026-07-13T04:00:00
I03784,U0635,C095,viewed,0.11,0.051,,2026-07-13T06:00:00
I03785,U0635,C096,viewed,0.498,0.42,0.408,2026-07-13T08:00:00
I03786,U0636,C061,viewed,0.387,0.61,,2026-07-13T10:00:00
I03787,U0636,C073,quiz_passed,0.776,1.0,0.649,2026-07-13T12:00:00
I03788,U0636,C008,viewed,0.433,0.38,0.415,2026-07-13T14:00:00
I03789,U0636,C028,viewed,0.146,0.027,,2026-07-13T16:00:00
I03790,U0636,C025,completed,0.465,1.0,,2026-07-13T18:00:00
I03791,U0636,C030,viewed,0.284,0.083,,2026-07-13T20:00:00
I03792,U0636,C074,viewed,0.351,0.48,,2026-07-13T22:00:00
I03793,U0636,C067,completed,0.566,1.0,,2026-07-14T00:00:00
I03794,U0636,C011,completed,0.567,1.0,,2026-07-14T02:00:00
I03795,U0636,C013,completed,0.671,1.0,0.471,2026-07-14T04:00:00
I03796,U0636,C091,completed,0.511,1.0,,2026-07-14T06:00:00
I03797,U0637,C048,quiz_passed,0.826,1.0,0.649,2026-07-14T08:00:00
I03798,U0637,C099,viewed,0.121,0.085,,2026-07-14T10:00:00
I03799,U0637,C067,completed,0.497,1.0,,2026-07-14T12:00:00
I03800,U0637,C076,viewed,0.508,0.57,0.322,2026-07-14T14:00:00
I03801,U0637,C090,completed,0.466,1.0,,2026-07-14T16:00:00
I03802,U0637,C091,disliked,0.357,0.12,0.449,2026-07-14T18:00:00
I03803,U0638,C063,viewed,0.287,0.5,,2026-07-14T20:00:00
I03804,U0638,C096,viewed,0.342,0.67,,2026-07-14T22:00:00
I03805,U0638,C011,quiz_passed,0.919,1.0,0.851,2026-07-15T00:00:00
I03806,U0638,C095,completed,0.485,1.0,,2026-07-15T02:00:00
I03807,U0638,C030,completed,0.514,1.0,,2026-07-15T04:00:00
I03808,U0639,C099,viewed,0.32,0.61,,2026-07-15T06:00:00
I03809,U0639,C067,completed,0.484,1.0,,2026-07-15T08:00:00
I03810,U0639,C064,completed,0.482,1.0,,2026-07-15T10:00:00
I03811,U0639,C067,quiz_passed,0.79,1.0,0.687,2026-07-15T12:00:00
I03812,U0640,C095,completed,0.482,1.0,,2026-07-15T14:00:00
I03813,U0640,C050,quiz_passed,0.765,1.0,0.759,2026-07-15T16:00:00
I03814,U0640,C015,quiz_passed,0.894,1.0,0.805,2026-07-15T18:00:00
I03815,U0640,C013,quiz_passed,0.82,1.0,0.682,2026-07-15T20:00:00
I03816,U0640,C046,completed,0.483,1.0,,2026-07-15T22:00:00
I03817,U0640,C049,viewed,0.383,0.61,,2026-07-16T00:00:00
I03818,U0640,C058,viewed,0.522,0.34,0.542,2026-07-16T02:00:00
I03819,U0641,C067,completed,0.494,1.0,,2026-07-16T04:00:00
I03820,U0641,C053,completed,0.484,1.0,,2026-07-16T06:00:00
I03821,U0641,C088,completed,0.748,1.0,0.597,2026-07-16T08:00:00
I03822,U0642,C095,viewed,0.133,0.041,,2026-07-16T10:00:00
I03823,U0642,C047,quiz_passed,0.829,1.0,0.662,2026-07-16T12:00:00
I03824,U0642,C008,completed,0.474,1.0,,2026-07-16T14:00:00
I03825,U0643,C073,viewed,0.253,0.05,,2026-07-16T16:00:00
I03826,U0643,C098,viewed,0.28,0.54,,2026-07-16T18:00:00
I03827,U0643,C095,viewed,0.486,0.59,0.218,2026-07-16T20:00:00
I03828,U0643,C002,quiz_passed,0.845,1.0,0.692,2026-07-16T22:00:00
I03829,U0643,C066,completed,0.567,1.0,,2026-07-17T00:00:00
I03830,U0644,C043,completed,0.487,1.0,,2026-07-17T02:00:00
I03831,U0644,C076,completed,0.487,1.0,,2026-07-17T04:00:00
I03832,U0644,C054,disliked,0.18,0.05,,2026-07-17T06:00:00
I03833,U0644,C067,viewed,0.447,0.47,0.413,2026-07-17T08:00:00
I03834,U0645,C097,quiz_passed,0.852,1.0,0.709,2026-07-17T10:00:00
I03835,U0645,C096,viewed,0.287,0.52,,2026-07-17T12:00:00
I03836,U0645,C008,disliked,0.356,0.02,0.505,2026-07-17T14:00:00
I03837,U0645,C095,completed,0.824,1.0,0.64,2026-07-17T16:00:00
I03838,U0645,C096,disliked,0.115,0.1,,2026-07-17T18:00:00
I03839,U0645,C054,completed,0.475,1.0,,2026-07-17T20:00:00
I03840,U0645,C062,completed,0.757,1.0,0.688,2026-07-17T22:00:00
I03841,U0645,C071,completed,0.884,1.0,0.789,2026-07-18T00:00:00
I03842,U0646,C051,completed,0.576,1.0,,2026-07-18T02:00:00
I03843,U0646,C028,completed,0.846,1.0,0.774,2026-07-18T04:00:00
I03844,U0646,C029,completed,0.797,1.0,0.786,2026-07-18T06:00:00
I03845,U0646,C001,quiz_passed,0.81,1.0,0.715,2026-07-18T08:00:00
I03846,U0646,C029,quiz_passed,0.841,1.0,0.769,2026-07-18T10:00:00
I03847,U0647,C099,completed,0.741,1.0,0.558,2026-07-18T12:00:00
I03848,U0647,C057,quiz_passed,0.842,1.0,0.724,2026-07-18T14:00:00
I03849,U0647,C054,viewed,0.493,0.34,0.469,2026-07-18T16:00:00
I03850,U0647,C065,completed,0.55,1.0,,2026-07-18T18:00:00
I03851,U0647,C062,quiz_passed,0.854,1.0,0.791,2026-07-18T20:00:00
I03852,U0647,C091,viewed,0.249,0.006,,2026-07-18T22:00:00
I03853,U0647,C054,completed,0.552,1.0,,2026-07-19T00:00:00
I03854,U0647,C091,quiz_passed,0.895,1.0,0.804,2026-07-19T02:00:00
I03855,U0647,C047,completed,0.779,1.0,0.772,2026-07-19T04:00:00
I03856,U0647,C025,quiz_passed,0.769,1.0,0.737,2026-07-19T06:00:00
I03857,U0648,C025,completed,0.569,1.0,,2026-07-19T08:00:00
I03858,U0648,C082,completed,0.474,1.0,,2026-07-19T10:00:00
I03859,U0648,C017,completed,0.493,1.0,,2026-07-19T12:00:00
I03860,U0648,C018,completed,0.88,1.0,0.872,2026-07-19T14:00:00
I03861,U0648,C082,completed,0.492,1.0,,2026-07-19T16:00:00
I03862,U0649,C095,viewed,0.382,0.59,,2026-07-19T18:00:00
I03863,U0649,C049,viewed,0.411,0.67,,2026-07-19T20:00:00
I03864,U0649,C030,completed,0.734,1.0,0.674,2026-07-19T22:00:00
I03865,U0649,C026,viewed,0.151,0.044,,2026-07-20T00:00:00
I03866,U0650,C067,viewed,0.483,0.62,0.416,2026-07-20T02:00:00
I03867,U0650,C092,quiz_passed,0.763,1.0,0.635,2026-07-20T04:00:00
I03868,U0650,C061,completed,0.752,1.0,0.67,2026-07-20T06:00:00
I03869,U0650,C065,quiz_passed,0.789,1.0,0.628,2026-07-20T08:00:00
I03870,U0650,C047,viewed,0.235,0.03,,2026-07-20T10:00:00
I03871,U0650,C011,viewed,0.104,0.04,,2026-07-20T12:00:00
I03872,U0650,C061,completed,0.797,1.0,0.574,2026-07-20T14:00:00
I03873,U0650,C016,completed,0.693,1.0,0.58,2026-07-20T16:00:00
I03874,U0650,C045,viewed,0.123,0.057,,2026-07-20T18:00:00
I03875,U0650,C075,viewed,0.393,0.35,0.207,2026-07-20T20:00:00
I03876,U0651,C017,completed,0.524,1.0,,2026-07-20T22:00:00
I03877,U0651,C096,viewed,0.128,0.081,,2026-07-21T00:00:00
I03878,U0651,C095,viewed,0.33,0.36,0.279,2026-07-21T02:00:00
I03879,U0651,C095,viewed,0.289,0.009,,2026-07-21T04:00:00
I03880,U0651,C064,quiz_passed,0.71,1.0,0.607,2026-07-21T06:00:00
I03881,U0651,C098,completed,0.766,1.0,0.531,2026-07-21T08:00:00
I03882,U0651,C098,viewed,0.252,0.006,,2026-07-21T10:00:00
I03883,U0651,C030,viewed,0.237,0.067,,2026-07-21T12:00:00
I03884,U0652,C015,completed,0.863,1.0,0.758,2026-07-21T14:00:00
I03885,U0652,C067,quiz_passed,0.895,1.0,0.8,2026-07-21T16:00:00
I03886,U0652,C053,disliked,0.204,0.19,,2026-07-21T18:00:00
I03887,U0652,C044,completed,0.526,1.0,,2026-07-21T20:00:00
I03888,U0652,C018,quiz_passed,0.774,1.0,0.747,2026-07-21T22:00:00
I03889,U0653,C099,completed,0.859,1.0,0.768,2026-07-22T00:00:00
I03890,U0653,C099,completed,0.766,1.0,0.683,2026-07-22T02:00:00
I03891,U0653,C025,completed,0.916,1.0,0.879,2026-07-22T04:00:00
I03892,U0653,C092,quiz_passed,0.826,1.0,0.82,2026-07-22T06:00:00
I03893,U0653,C028,completed,0.918,1.0,0.865,2026-07-22T08:00:00
I03894,U0653,C092,viewed,0.36,0.69,,2026-07-22T10:00:00
I03895,U0654,C096,viewed,0.322,0.63,,2026-07-22T12:00:00
I03896,U0654,C050,disliked,0.179,0.13,,2026-07-22T14:00:00
I03897,U0654,C045,viewed,0.103,0.074,,2026-07-22T16:00:00
I03898,U0654,C016,completed,0.705,1.0,0.595,2026-07-22T18:00:00
I03899,U0654,C088,quiz_passed,0.794,1.0,0.644,2026-07-22T20:00:00
I03900,U0654,C063,viewed,0.35,0.21,0.357,2026-07-22T22:00:00
I03901,U0654,C063,completed,0.733,1.0,0.592,2026-07-23T00:00:00
I03902,U0655,C095,completed,0.664,1.0,0.445,2026-07-23T02:00:00
I03903,U0655,C096,viewed,0.383,0.3,0.221,2026-07-23T04:00:00
I03904,U0655,C095,completed,0.69,1.0,0.539,2026-07-23T06:00:00
I03905,U0655,C071,completed,0.544,1.0,,2026-07-23T08:00:00
I03906,U0655,C067,quiz_passed,0.793,1.0,0.63,2026-07-23T10:00:00
I03907,U0655,C016,viewed,0.453,0.59,0.356,2026-07-23T12:00:00
I03908,U0656,C051,completed,0.578,1.0,,2026-07-23T14:00:00
I03909,U0656,C025,quiz_passed,0.805,1.0,0.748,2026-07-23T16:00:00
I03910,U0656,C042,quiz_passed,0.845,1.0,0.788,2026-07-23T18:00:00
I03911,U0656,C088,quiz_passed,0.812,1.0,0.791,2026-07-23T20:00:00
I03912,U0656,C013,completed,0.733,1.0,0.588,2026-07-23T22:00:00
I03913,U0656,C046,completed,0.719,1.0,0.49,2026-07-24T00:00:00
I03914,U0657,C029,viewed,0.442,0.67,,2026-07-24T02:00:00
I03915,U0657,C064,completed,0.697,1.0,0.564,2026-07-24T04:00:00
I03916,U0657,C016,quiz_passed,0.818,1.0,0.603,2026-07-24T06:00:00
I03917,U0657,C016,quiz_passed,0.805,1.0,0.668,2026-07-24T08:00:00
I03918,U0657,C003,completed,0.506,1.0,,2026-07-24T10:00:00
I03919,U0657,C081,completed,0.758,1.0,0.555,2026-07-24T12:00:00
I03920,U0657,C011,viewed,0.22,0.096,,2026-07-24T14:00:00
I03921,U0657,C001,quiz_passed,0.83,1.0,0.639,2026-07-24T16:00:00
I03922,U0658,C098,viewed,0.301,0.2,0.382,2026-07-24T18:00:00
I03923,U0658,C028,quiz_passed,0.789,1.0,0.758,2026-07-24T20:00:00
I03924,U0658,C043,viewed,0.449,0.36,0.547,2026-07-24T22:00:00
I03925,U0658,C096,quiz_passed,0.723,1.0,0.606,2026-07-25T00:00:00
I03926,U0658,C005,viewed,0.484,0.61,0.394,2026-07-25T02:00:00
I03927,U0658,C075,quiz_passed,0.779,1.0,0.68,2026-07-25T04:00:00
I03928,U0659,C048,completed,0.579,1.0,,2026-07-25T06:00:00
I03929,U0659,C025,viewed,0.469,0.42,0.378,2026-07-25T08:00:00
I03930,U0659,C098,completed,0.541,1.0,,2026-07-25T10:00:00
I03931,U0659,C029,viewed,0.483,0.5,0.432,2026-07-25T12:00:00
I03932,U0659,C095,viewed,0.12,0.084,,2026-07-25T14:00:00
I03933,U0659,C097,completed,0.497,1.0,,2026-07-25T16:00:00
I03934,U0659,C096,completed,0.699,1.0,0.443,2026-07-25T18:00:00
I03935,U0659,C048,viewed,0.273,0.086,,2026-07-25T20:00:00
I03936,U0659,C049,completed,0.693,1.0,0.56,2026-07-25T22:00:00
I03937,U0660,C057,quiz_passed,0.732,1.0,0.638,2026-07-26T00:00:00
I03938,U0660,C082,viewed,0.301,0.45,,2026-07-26T02:00:00
I03939,U0660,C063,viewed,0.245,0.073,,2026-07-26T04:00:00
I03940,U0660,C043,disliked,0.357,0.18,0.399,2026-07-26T06:00:00
I03941,U0660,C074,viewed,0.251,0.067,,2026-07-26T08:00:00
I03942,U0660,C025,quiz_passed,0.719,1.0,0.623,2026-07-26T10:00:00
I03943,U0660,C098,completed,0.461,1.0,,2026-07-26T12:00:00
I03944,U0660,C081,disliked,0.199,0.05,0.22,2026-07-26T14:00:00
I03945,U0660,C044,completed,0.579,1.0,,2026-07-26T16:00:00
I03946,U0661,C073,quiz_passed,0.81,1.0,0.771,2026-07-26T18:00:00
I03947,U0661,C095,quiz_passed,0.824,1.0,0.679,2026-07-26T20:00:00
I03948,U0661,C096,completed,0.711,1.0,0.569,2026-07-26T22:00:00
I03949,U0661,C096,quiz_passed,0.786,1.0,0.63,2026-07-27T00:00:00
I03950,U0661,C071,completed,0.782,1.0,0.777,2026-07-27T02:00:00
I03951,U0661,C081,completed,0.844,1.0,0.662,2026-07-27T04:00:00
I03952,U0661,C016,completed,0.513,1.0,,2026-07-27T06:00:00
I03953,U0662,C092,viewed,0.26,0.024,,2026-07-27T08:00:00
I03954,U0662,C096,viewed,0.212,0.015,,2026-07-27T10:00:00
I03955,U0662,C071,viewed,0.24,0.015,,2026-07-27T12:00:00
I03956,U0662,C065,quiz_passed,0.842,1.0,0.804,2026-07-27T14:00:00
I03957,U0662,C003,completed,0.483,1.0,,2026-07-27T16:00:00
I03958,U0663,C099,completed,0.766,1.0,0.587,2026-07-27T18:00:00
I03959,U0663,C017,quiz_passed,0.779,1.0,0.707,2026-07-27T20:00:00
I03960,U0663,C095,viewed,0.42,0.68,,2026-07-27T22:00:00
I03961,U0663,C092,quiz_passed,0.782,1.0,0.791,2026-07-28T00:00:00
I03962,U0663,C048,completed,0.478,1.0,,2026-07-28T02:00:00
I03963,U0663,C047,completed,0.559,1.0,,2026-07-28T04:00:00
I03964,U0663,C016,viewed,0.241,0.002,,2026-07-28T06:00:00
I03965,U0664,C061,quiz_passed,0.759,1.0,0.621,2026-07-28T08:00:00
I03966,U0664,C054,completed,0.521,1.0,,2026-07-28T10:00:00
I03967,U0664,C066,viewed,0.332,0.59,,2026-07-28T12:00:00
I03968,U0664,C061,completed,0.513,1.0,,2026-07-28T14:00:00
I03969,U0664,C010,viewed,0.373,0.39,0.2,2026-07-28T16:00:00
I03970,U0664,C091,quiz_passed,0.81,1.0,0.646,2026-07-28T18:00:00
I03971,U0665,C095,completed,0.523,1.0,,2026-07-28T20:00:00
I03972,U0665,C099,viewed,0.273,0.038,,2026-07-28T22:00:00
I03973,U0665,C011,quiz_passed,0.772,1.0,0.659,2026-07-29T00:00:00
I03974,U0665,C098,completed,0.549,1.0,,2026-07-29T02:00:00
I03975,U0666,C061,viewed,0.178,0.028,,2026-07-29T04:00:00
I03976,U0666,C095,completed,0.471,1.0,,2026-07-29T06:00:00
I03977,U0666,C065,viewed,0.194,0.014,,2026-07-29T08:00:00
I03978,U0666,C030,disliked,0.225,0.14,,2026-07-29T10:00:00
I03979,U0667,C051,quiz_passed,0.801,1.0,0.678,2026-07-29T12:00:00
I03980,U0667,C095,disliked,0.248,0.02,0.206,2026-07-29T14:00:00
I03981,U0667,C082,completed,0.721,1.0,0.596,2026-07-29T16:00:00
I03982,U0667,C054,completed,0.803,1.0,0.644,2026-07-29T18:00:00
I03983,U0667,C099,completed,0.507,1.0,,2026-07-29T20:00:00
I03984,U0667,C042,viewed,0.243,0.027,,2026-07-29T22:00:00
I03985,U0668,C073,completed,0.747,1.0,0.571,2026-07-30T00:00:00
I03986,U0668,C035,completed,0.489,1.0,,2026-07-30T02:00:00
I03987,U0668,C099,viewed,0.262,0.43,,2026-07-30T04:00:00
I03988,U0668,C043,quiz_passed,0.817,1.0,0.655,2026-07-30T06:00:00
I03989,U0668,C082,viewed,0.178,0.017,,2026-07-30T08:00:00
I03990,U0668,C005,completed,0.761,1.0,0.56,2026-07-30T10:00:00
I03991,U0668,C004,viewed,0.318,0.47,,2026-07-30T12:00:00
I03992,U0668,C090,viewed,0.374,0.33,0.235,2026-07-30T14:00:00
I03993,U0668,C081,viewed,0.444,0.54,0.293,2026-07-30T16:00:00
I03994,U0668,C071,completed,0.769,1.0,0.594,2026-07-30T18:00:00
I03995,U0669,C048,viewed,0.25,0.002,,2026-07-30T20:00:00
I03996,U0669,C066,quiz_passed,0.818,1.0,0.684,2026-07-30T22:00:00
I03997,U0669,C063,quiz_passed,0.791,1.0,0.608,2026-07-31T00:00:00
I03998,U0669,C001,quiz_passed,0.81,1.0,0.609,2026-07-31T02:00:00
I03999,U0669,C066,quiz_passed,0.746,1.0,0.605,2026-07-31T04:00:00
I04000,U0670,C001,completed,0.493,1.0,,2026-07-31T06:00:00
I04001,U0670,C044,completed,0.641,1.0,0.418,2026-07-31T08:00:00
I04002,U0670,C054,viewed,0.301,0.22,0.325,2026-07-31T10:00:00
I04003,U0670,C090,viewed,0.178,0.021,,2026-07-31T12:00:00
I04004,U0670,C061,completed,0.486,1.0,,2026-07-31T14:00:00
I04005,U0670,C090,viewed,0.111,0.034,,2026-07-31T16:00:00
I04006,U0671,C051,completed,0.844,1.0,0.813,2026-07-31T18:00:00
I04007,U0671,C090,completed,0.562,1.0,,2026-07-31T20:00:00
I04008,U0671,C046,quiz_passed,0.83,1.0,0.643,2026-07-31T22:00:00
I04009,U0671,C051,completed,0.554,1.0,,2026-08-01T00:00:00
I04010,U0671,C001,quiz_passed,0.843,1.0,0.885,2026-08-01T02:00:00
I04011,U0672,C018,viewed,0.244,0.33,,2026-08-01T04:00:00
I04012,U0672,C071,quiz_passed,0.811,1.0,0.76,2026-08-01T06:00:00
I04013,U0672,C046,completed,0.738,1.0,0.457,2026-08-01T08:00:00
I04014,U0673,C047,quiz_passed,0.791,1.0,0.748,2026-08-01T10:00:00
I04015,U0673,C096,quiz_passed,0.737,1.0,0.633,2026-08-01T12:00:00
I04016,U0673,C008,quiz_passed,0.8,1.0,0.73,2026-08-01T14:00:00
I04017,U0673,C098,viewed,0.338,0.55,,2026-08-01T16:00:00
I04018,U0673,C051,quiz_passed,0.759,1.0,0.736,2026-08-01T18:00:00
I04019,U0673,C044,quiz_passed,0.747,1.0,0.651,2026-08-01T20:00:00
I04020,U0673,C099,viewed,0.417,0.32,0.446,2026-08-01T22:00:00
I04021,U0673,C063,quiz_passed,0.84,1.0,0.801,2026-08-02T00:00:00
I04022,U0673,C042,completed,0.574,1.0,,2026-08-02T02:00:00
I04023,U0674,C057,completed,0.525,1.0,,2026-08-02T04:00:00
I04024,U0674,C064,viewed,0.396,0.24,0.498,2026-08-02T06:00:00
I04025,U0674,C048,completed,0.533,1.0,,2026-08-02T08:00:00
I04026,U0674,C050,completed,0.482,1.0,,2026-08-02T10:00:00
I04027,U0674,C074,viewed,0.257,0.084,,2026-08-02T12:00:00
I04028,U0674,C046,viewed,0.196,0.019,,2026-08-02T14:00:00
I04029,U0674,C053,completed,0.562,1.0,,2026-08-02T16:00:00
I04030,U0675,C030,completed,0.533,1.0,,2026-08-02T18:00:00
I04031,U0675,C025,viewed,0.129,0.077,,2026-08-02T20:00:00
I04032,U0675,C006,viewed,0.354,0.54,,2026-08-02T22:00:00
I04033,U0675,C050,completed,0.545,1.0,,2026-08-03T00:00:00
I04034,U0675,C002,quiz_passed,0.715,1.0,0.613,2026-08-03T02:00:00
I04035,U0675,C057,completed,0.535,1.0,,2026-08-03T04:00:00
I04036,U0675,C016,completed,0.489,1.0,,2026-08-03T06:00:00
I04037,U0675,C013,completed,0.726,1.0,0.508,2026-08-03T08:00:00
I04038,U0675,C073,completed,0.527,1.0,,2026-08-03T10:00:00
I04039,U0676,C015,quiz_passed,0.783,1.0,0.729,2026-08-03T12:00:00
I04040,U0676,C076,viewed,0.163,0.054,,2026-08-03T14:00:00
I04041,U0676,C067,quiz_passed,0.856,1.0,0.759,2026-08-03T16:00:00
I04042,U0676,C076,completed,0.538,1.0,,2026-08-03T18:00:00
I04043,U0676,C066,completed,0.488,1.0,,2026-08-03T20:00:00
I04044,U0676,C073,viewed,0.467,0.28,0.479,2026-08-03T22:00:00
I04045,U0676,C030,completed,0.469,1.0,,2026-08-04T00:00:00
I04046,U0676,C045,completed,0.493,1.0,,2026-08-04T02:00:00
I04047,U0677,C065,viewed,0.106,0.083,,2026-08-04T04:00:00
I04048,U0677,C097,viewed,0.143,0.02,,2026-08-04T06:00:00
I04049,U0677,C018,quiz_passed,0.842,1.0,0.676,2026-08-04T08:00:00
I04050,U0677,C091,completed,0.79,1.0,0.589,2026-08-04T10:00:00
I04051,U0677,C075,completed,0.712,1.0,0.55,2026-08-04T12:00:00
I04052,U0678,C076,disliked,0.311,0.19,0.385,2026-08-04T14:00:00
I04053,U0678,C044,completed,0.675,1.0,0.454,2026-08-04T16:00:00
I04054,U0678,C051,completed,0.506,1.0,,2026-08-04T18:00:00
I04055,U0678,C062,viewed,0.285,0.37,,2026-08-04T20:00:00
I04056,U0679,C017,completed,0.731,1.0,0.656,2026-08-04T22:00:00
I04057,U0679,C053,disliked,0.144,0.06,,2026-08-05T00:00:00
I04058,U0679,C095,completed,0.485,1.0,,2026-08-05T02:00:00
I04059,U0679,C096,viewed,0.215,0.28,,2026-08-05T04:00:00
I04060,U0679,C071,quiz_passed,0.802,1.0,0.655,2026-08-05T06:00:00
I04061,U0679,C064,completed,0.557,1.0,,2026-08-05T08:00:00
I04062,U0679,C053,completed,0.506,1.0,,2026-08-05T10:00:00
I04063,U0680,C098,viewed,0.205,0.075,,2026-08-05T12:00:00
I04064,U0680,C058,completed,0.798,1.0,0.613,2026-08-05T14:00:00
I04065,U0680,C019,completed,0.677,1.0,0.431,2026-08-05T16:00:00
I04066,U0680,C072,completed,0.504,1.0,,2026-08-05T18:00:00
I04067,U0680,C073,viewed,0.238,0.083,,2026-08-05T20:00:00
I04068,U0680,C019,viewed,0.421,0.61,,2026-08-05T22:00:00
I04069,U0681,C092,completed,0.716,1.0,0.594,2026-08-06T00:00:00
I04070,U0681,C002,completed,0.469,1.0,,2026-08-06T02:00:00
I04071,U0681,C066,viewed,0.271,0.28,,2026-08-06T04:00:00
I04072,U0681,C061,completed,0.792,1.0,0.569,2026-08-06T06:00:00
I04073,U0681,C075,completed,0.682,1.0,0.452,2026-08-06T08:00:00
I04074,U0681,C009,viewed,0.204,0.21,,2026-08-06T10:00:00
I04075,U0681,C025,viewed,0.185,0.064,,2026-08-06T12:00:00
I04076,U0682,C095,disliked,0.312,0.19,0.241,2026-08-06T14:00:00
I04077,U0682,C065,quiz_passed,0.749,1.0,0.659,2026-08-06T16:00:00
I04078,U0682,C025,viewed,0.47,0.61,0.369,2026-08-06T18:00:00
I04079,U0682,C099,viewed,0.244,0.054,,2026-08-06T20:00:00
I04080,U0682,C073,viewed,0.248,0.23,,2026-08-06T22:00:00
I04081,U0682,C028,viewed,0.181,0.071,,2026-08-07T00:00:00
I04082,U0683,C095,disliked,0.258,0.02,0.314,2026-08-07T02:00:00
I04083,U0683,C011,completed,0.853,1.0,0.781,2026-08-07T04:00:00
I04084,U0683,C064,completed,0.491,1.0,,2026-08-07T06:00:00
I04085,U0683,C042,quiz_passed,0.824,1.0,0.791,2026-08-07T08:00:00
I04086,U0683,C095,completed,0.755,1.0,0.576,2026-08-07T10:00:00
I04087,U0683,C030,completed,0.464,1.0,,2026-08-07T12:00:00
I04088,U0683,C092,completed,0.531,1.0,,2026-08-07T14:00:00
I04089,U0683,C050,completed,0.507,1.0,,2026-08-07T16:00:00
I04090,U0684,C099,viewed,0.285,0.086,,2026-08-07T18:00:00
I04091,U0684,C098,viewed,0.385,0.66,,2026-08-07T20:00:00
I04092,U0684,C096,viewed,0.268,0.008,,2026-08-07T22:00:00
I04093,U0684,C043,quiz_passed,0.83,1.0,0.693,2026-08-08T00:00:00
I04094,U0684,C073,viewed,0.227,0.058,,2026-08-08T02:00:00
I04095,U0684,C030,viewed,0.292,0.07,,2026-08-08T04:00:00
I04096,U0685,C048,viewed,0.536,0.3,0.597,2026-08-08T06:00:00
I04097,U0685,C095,disliked,0.349,0.17,0.447,2026-08-08T08:00:00
I04098,U0685,C058,quiz_passed,0.882,1.0,0.792,2026-08-08T10:00:00
I04099,U0685,C003,quiz_passed,0.814,1.0,0.793,2026-08-08T12:00:00
I04100,U0685,C073,disliked,0.423,0.11,0.594,2026-08-08T14:00:00
I04101,U0685,C046,viewed,0.477,0.61,0.245,2026-08-08T16:00:00
I04102,U0686,C042,viewed,0.118,0.05,,2026-08-08T18:00:00
I04103,U0686,C088,quiz_passed,0.721,1.0,0.607,2026-08-08T20:00:00
I04104,U0686,C089,viewed,0.447,0.52,0.301,2026-08-08T22:00:00
I04105,U0686,C062,completed,0.46,1.0,,2026-08-09T00:00:00
I04106,U0686,C076,completed,0.707,1.0,0.585,2026-08-09T02:00:00
I04107,U0686,C013,disliked,0.229,0.0,0.264,2026-08-09T04:00:00
I04108,U0686,C054,completed,0.575,1.0,,2026-08-09T06:00:00
I04109,U0686,C057,disliked,0.311,0.16,0.367,2026-08-09T08:00:00
I04110,U0686,C006,viewed,0.243,0.024,,2026-08-09T10:00:00
I04111,U0686,C013,completed,0.767,1.0,0.498,2026-08-09T12:00:00
I04112,U0687,C042,completed,0.884,1.0,0.809,2026-08-09T14:00:00
I04113,U0687,C076,completed,0.561,1.0,,2026-08-09T16:00:00
I04114,U0687,C053,quiz_passed,0.901,1.0,0.815,2026-08-09T18:00:00
I04115,U0687,C073,quiz_passed,0.892,1.0,0.865,2026-08-09T20:00:00
I04116,U0688,C091,completed,0.573,1.0,,2026-08-09T22:00:00
I04117,U0688,C001,viewed,0.109,0.075,,2026-08-10T00:00:00
I04118,U0688,C017,completed,0.538,1.0,,2026-08-10T02:00:00
I04119,U0688,C066,quiz_passed,0.824,1.0,0.625,2026-08-10T04:00:00
I04120,U0688,C010,viewed,0.214,0.005,,2026-08-10T06:00:00
I04121,U0688,C016,completed,0.771,1.0,0.575,2026-08-10T08:00:00
I04122,U0688,C082,quiz_passed,0.756,1.0,0.616,2026-08-10T10:00:00
I04123,U0688,C046,completed,0.666,1.0,0.325,2026-08-10T12:00:00
I04124,U0689,C002,completed,0.577,1.0,,2026-08-10T14:00:00
I04125,U0689,C095,viewed,0.194,0.071,,2026-08-10T16:00:00
I04126,U0689,C046,completed,0.737,1.0,0.535,2026-08-10T18:00:00
I04127,U0689,C003,completed,0.558,1.0,,2026-08-10T20:00:00
I04128,U0689,C064,disliked,0.375,0.18,0.567,2026-08-10T22:00:00
I04129,U0689,C082,viewed,0.173,0.23,,2026-08-11T00:00:00
I04130,U0689,C018,quiz_passed,0.771,1.0,0.717,2026-08-11T02:00:00
I04131,U0689,C001,completed,0.56,1.0,,2026-08-11T04:00:00
I04132,U0689,C061,quiz_passed,0.84,1.0,0.797,2026-08-11T06:00:00
I04133,U0689,C046,completed,0.572,1.0,,2026-08-11T08:00:00
I04134,U0690,C051,quiz_passed,0.796,1.0,0.613,2026-08-11T10:00:00
I04135,U0690,C071,quiz_passed,0.752,1.0,0.702,2026-08-11T12:00:00
I04136,U0690,C067,viewed,0.535,0.66,0.348,2026-08-11T14:00:00
I04137,U0690,C008,quiz_passed,0.787,1.0,0.632,2026-08-11T16:00:00
I04138,U0690,C029,completed,0.806,1.0,0.595,2026-08-11T18:00:00
I04139,U0690,C051,completed,0.824,1.0,0.653,2026-08-11T20:00:00
I04140,U0691,C050,completed,0.509,1.0,,2026-08-11T22:00:00
I04141,U0691,C046,disliked,0.12,0.07,,2026-08-12T00:00:00
I04142,U0691,C066,disliked,0.098,0.08,,2026-08-12T02:00:00
I04143,U0691,C066,completed,0.812,1.0,0.744,2026-08-12T04:00:00
I04144,U0691,C065,completed,0.503,1.0,,2026-08-12T06:00:00
I04145,U0692,C064,completed,0.807,1.0,0.613,2026-08-12T08:00:00
I04146,U0692,C053,completed,0.576,1.0,,2026-08-12T10:00:00
I04147,U0692,C054,viewed,0.133,0.054,,2026-08-12T12:00:00
I04148,U0693,C028,quiz_passed,0.814,1.0,0.877,2026-08-12T14:00:00
I04149,U0693,C098,completed,0.543,1.0,,2026-08-12T16:00:00
I04150,U0693,C076,completed,0.495,1.0,,2026-08-12T18:00:00
I04151,U0693,C046,completed,0.495,1.0,,2026-08-12T20:00:00
I04152,U0694,C011,completed,0.513,1.0,,2026-08-12T22:00:00
I04153,U0694,C096,completed,0.465,1.0,,2026-08-13T00:00:00
I04154,U0694,C096,completed,0.525,1.0,,2026-08-13T02:00:00
I04155,U0694,C064,completed,0.51,1.0,,2026-08-13T04:00:00
I04156,U0694,C099,viewed,0.295,0.41,,2026-08-13T06:00:00
I04157,U0694,C098,quiz_passed,0.802,1.0,0.604,2026-08-13T08:00:00
I04158,U0694,C011,viewed,0.448,0.29,0.48,2026-08-13T10:00:00
I04159,U0695,C098,completed,0.766,1.0,0.561,2026-08-13T12:00:00
I04160,U0695,C098,viewed,0.454,0.36,0.338,2026-08-13T14:00:00
I04161,U0695,C030,completed,0.879,1.0,0.759,2026-08-13T16:00:00
I04162,U0695,C098,viewed,0.441,0.44,0.335,2026-08-13T18:00:00
I04163,U0695,C018,completed,0.471,1.0,,2026-08-13T20:00:00
I04164,U0695,C098,completed,0.469,1.0,,2026-08-13T22:00:00
I04165,U0695,C096,completed,0.818,1.0,0.62,2026-08-14T00:00:00
I04166,U0696,C096,viewed,0.437,0.42,0.263,2026-08-14T02:00:00
I04167,U0696,C009,viewed,0.428,0.63,,2026-08-14T04:00:00
I04168,U0696,C049,completed,0.692,1.0,0.567,2026-08-14T06:00:00
I04169,U0696,C096,disliked,0.312,0.19,0.273,2026-08-14T08:00:00
I04170,U0697,C071,viewed,0.398,0.24,0.341,2026-08-14T10:00:00
I04171,U0697,C076,completed,0.758,1.0,0.661,2026-08-14T12:00:00
I04172,U0697,C073,viewed,0.426,0.37,0.424,2026-08-14T14:00:00
I04173,U0697,C088,quiz_passed,0.801,1.0,0.605,2026-08-14T16:00:00
I04174,U0697,C074,viewed,0.221,0.016,,2026-08-14T18:00:00
I04175,U0697,C050,quiz_passed,0.775,1.0,0.66,2026-08-14T20:00:00
I04176,U0697,C053,completed,0.551,1.0,,2026-08-14T22:00:00
I04177,U0698,C088,viewed,0.273,0.028,,2026-08-15T00:00:00
I04178,U0698,C048,viewed,0.231,0.024,,2026-08-15T02:00:00
I04179,U0698,C057,viewed,0.34,0.27,0.329,2026-08-15T04:00:00
I04180,U0698,C053,completed,0.767,1.0,0.56,2026-08-15T06:00:00
I04181,U0698,C015,completed,0.744,1.0,0.576,2026-08-15T08:00:00
I04182,U0698,C045,viewed,0.458,0.63,0.301,2026-08-15T10:00:00
I04183,U0698,C028,disliked,0.304,0.13,0.385,2026-08-15T12:00:00
I04184,U0699,C048,completed,0.493,1.0,,2026-08-15T14:00:00
I04185,U0699,C071,viewed,0.233,0.2,,2026-08-15T16:00:00
I04186,U0699,C044,viewed,0.223,0.22,,2026-08-15T18:00:00
I04187,U0699,C058,disliked,0.227,0.13,,2026-08-15T20:00:00
I04188,U0699,C054,quiz_passed,0.791,1.0,0.748,2026-08-15T22:00:00
I04189,U0699,C092,quiz_passed,0.83,1.0,0.727,2026-08-16T00:00:00
I04190,U0699,C082,viewed,0.218,0.093,,2026-08-16T02:00:00
I04191,U0700,C088,quiz_passed,0.823,1.0,0.855,2026-08-16T04:00:00
I04192,U0700,C095,quiz_passed,0.844,1.0,0.682,2026-08-16T06:00:00
I04193,U0700,C079,viewed,0.567,0.59,0.547,2026-08-16T08:00:00
I04194,U0700,C082,completed,0.927,1.0,0.87,2026-08-16T10:00:00
I04195,U0700,C001,quiz_passed,0.887,1.0,0.84,2026-08-16T12:00:00
I04196,U0700,C010,completed,0.486,1.0,,2026-08-16T14:00:00
I04197,U0701,C053,completed,0.831,1.0,0.658,2026-08-16T16:00:00
I04198,U0701,C054,disliked,0.145,0.14,,2026-08-16T18:00:00
I04199,U0701,C063,viewed,0.183,0.091,,2026-08-16T20:00:00
I04200,U0701,C011,quiz_passed,0.817,1.0,0.601,2026-08-16T22:00:00
I04201,U0701,C096,viewed,0.245,0.21,,2026-08-17T00:00:00
I04202,U0701,C099,completed,0.698,1.0,0.519,2026-08-17T02:00:00
I04203,U0701,C091,completed,0.492,1.0,,2026-08-17T04:00:00
I04204,U0702,C073,completed,0.496,1.0,,2026-08-17T06:00:00
I04205,U0702,C030,completed,0.5,1.0,,2026-08-17T08:00:00
I04206,U0702,C015,completed,0.543,1.0,,2026-08-17T10:00:00
I04207,U0702,C063,quiz_passed,0.807,1.0,0.772,2026-08-17T12:00:00
I04208,U0702,C066,quiz_passed,0.81,1.0,0.807,2026-08-17T14:00:00
I04209,U0702,C085,quiz_passed,0.776,1.0,0.621,2026-08-17T16:00:00
I04210,U0702,C036,quiz_passed,0.709,1.0,0.613,2026-08-17T18:00:00
I04211,U0702,C097,quiz_passed,0.756,1.0,0.708,2026-08-17T20:00:00
I04212,U0703,C088,viewed,0.58,0.64,0.378,2026-08-17T22:00:00
I04213,U0703,C079,completed,0.776,1.0,0.537,2026-08-18T00:00:00
I04214,U0703,C016,completed,0.531,1.0,,2026-08-18T02:00:00
I04215,U0703,C098,completed,0.468,1.0,,2026-08-18T04:00:00
I04216,U0703,C030,disliked,0.319,0.13,0.336,2026-08-18T06:00:00
I04217,U0703,C053,disliked,0.316,0.09,0.4,2026-08-18T08:00:00
I04218,U0703,C073,quiz_passed,0.76,1.0,0.697,2026-08-18T10:00:00
I04219,U0704,C065,viewed,0.606,0.69,0.386,2026-08-18T12:00:00
I04220,U0704,C073,quiz_passed,0.782,1.0,0.612,2026-08-18T14:00:00
I04221,U0704,C073,completed,0.751,1.0,0.701,2026-08-18T16:00:00
I04222,U0704,C049,completed,0.714,1.0,0.593,2026-08-18T18:00:00
I04223,U0704,C006,quiz_passed,0.73,1.0,0.663,2026-08-18T20:00:00
I04224,U0705,C018,quiz_passed,0.72,1.0,0.601,2026-08-18T22:00:00
I04225,U0705,C091,viewed,0.276,0.013,,2026-08-19T00:00:00
I04226,U0705,C029,completed,0.804,1.0,0.586,2026-08-19T02:00:00
I04227,U0705,C065,quiz_passed,0.765,1.0,0.612,2026-08-19T04:00:00
I04228,U0705,C001,completed,0.57,1.0,,2026-08-19T06:00:00
I04229,U0705,C006,completed,0.74,1.0,0.599,2026-08-19T08:00:00
I04230,U0705,C064,completed,0.696,1.0,0.586,2026-08-19T10:00:00
I04231,U0705,C005,disliked,0.229,0.17,,2026-08-19T12:00:00
I04232,U0705,C030,completed,0.564,1.0,,2026-08-19T14:00:00
I04233,U0706,C067,viewed,0.223,0.23,,2026-08-19T16:00:00
I04234,U0706,C067,viewed,0.264,0.5,,2026-08-19T18:00:00
I04235,U0706,C051,viewed,0.212,0.034,,2026-08-19T20:00:00
I04236,U0706,C065,completed,0.718,1.0,0.619,2026-08-19T22:00:00
I04237,U0706,C066,completed,0.833,1.0,0.664,2026-08-20T00:00:00
I04238,U0706,C076,completed,0.821,1.0,0.683,2026-08-20T02:00:00
I04239,U0706,C051,completed,0.755,1.0,0.677,2026-08-20T04:00:00
I04240,U0706,C015,completed,0.69,1.0,0.57,2026-08-20T06:00:00
I04241,U0706,C064,completed,0.772,1.0,0.566,2026-08-20T08:00:00
I04242,U0706,C075,viewed,0.16,0.034,,2026-08-20T10:00:00
I04243,U0707,C095,viewed,0.497,0.56,0.317,2026-08-20T12:00:00
I04244,U0707,C095,viewed,0.276,0.009,,2026-08-20T14:00:00
I04245,U0707,C095,completed,0.466,1.0,,2026-08-20T16:00:00
I04246,U0707,C050,quiz_passed,0.861,1.0,0.785,2026-08-20T18:00:00
I04247,U0707,C095,quiz_passed,0.729,1.0,0.658,2026-08-20T20:00:00
I04248,U0707,C091,disliked,0.315,0.01,0.486,2026-08-20T22:00:00
I04249,U0708,C095,viewed,0.241,0.033,,2026-08-21T00:00:00
I04250,U0708,C099,completed,0.758,1.0,0.48,2026-08-21T02:00:00
I04251,U0708,C003,quiz_passed,0.717,1.0,0.624,2026-08-21T04:00:00
I04252,U0708,C071,completed,0.784,1.0,0.644,2026-08-21T06:00:00
I04253,U0709,C003,viewed,0.127,0.054,,2026-08-21T08:00:00
I04254,U0709,C096,completed,0.702,1.0,0.478,2026-08-21T10:00:00
I04255,U0709,C018,completed,0.787,1.0,0.583,2026-08-21T12:00:00
I04256,U0709,C095,viewed,0.244,0.097,,2026-08-21T14:00:00
I04257,U0709,C071,completed,0.57,1.0,,2026-08-21T16:00:00
I04258,U0709,C046,disliked,0.249,0.05,0.143,2026-08-21T18:00:00
I04259,U0710,C099,viewed,0.508,0.57,0.265,2026-08-21T20:00:00
I04260,U0710,C073,quiz_passed,0.781,1.0,0.675,2026-08-21T22:00:00
I04261,U0710,C065,viewed,0.106,0.04,,2026-08-22T00:00:00
I04262,U0710,C043,completed,0.463,1.0,,2026-08-22T02:00:00
I04263,U0710,C064,completed,0.807,1.0,0.694,2026-08-22T04:00:00
I04264,U0711,C015,completed,0.726,1.0,0.571,2026-08-22T06:00:00
I04265,U0711,C013,completed,0.483,1.0,,2026-08-22T08:00:00
I04266,U0711,C045,viewed,0.299,0.007,,2026-08-22T10:00:00
I04267,U0711,C001,disliked,0.348,0.1,0.366,2026-08-22T12:00:00
I04268,U0711,C081,completed,0.502,1.0,,2026-08-22T14:00:00
I04269,U0711,C010,viewed,0.169,0.099,,2026-08-22T16:00:00
I04270,U0711,C002,quiz_passed,0.819,1.0,0.686,2026-08-22T18:00:00
I04271,U0711,C074,viewed,0.193,0.022,,2026-08-22T20:00:00
I04272,U0712,C066,completed,0.568,1.0,,2026-08-22T22:00:00
I04273,U0712,C006,completed,0.826,1.0,0.724,2026-08-23T00:00:00
I04274,U0712,C099,quiz_passed,0.723,1.0,0.606,2026-08-23T02:00:00
I04275,U0713,C091,quiz_passed,0.883,1.0,0.762,2026-08-23T04:00:00
I04276,U0713,C063,completed,0.532,1.0,,2026-08-23T06:00:00
I04277,U0713,C062,completed,0.567,1.0,,2026-08-23T08:00:00
I04278,U0713,C004,viewed,0.575,0.7,0.319,2026-08-23T10:00:00
I04279,U0713,C004,completed,0.818,1.0,0.663,2026-08-23T12:00:00
I04280,U0714,C073,completed,0.887,1.0,0.813,2026-08-23T14:00:00
I04281,U0714,C082,quiz_passed,0.903,1.0,0.813,2026-08-23T16:00:00
I04282,U0714,C096,viewed,0.295,0.085,,2026-08-23T18:00:00
I04283,U0714,C017,viewed,0.124,0.071,,2026-08-23T20:00:00
I04284,U0714,C071,quiz_passed,0.905,1.0,0.866,2026-08-23T22:00:00
I04285,U0715,C076,completed,0.801,1.0,0.764,2026-08-24T00:00:00
I04286,U0715,C018,completed,0.52,1.0,,2026-08-24T02:00:00
I04287,U0715,C072,quiz_passed,0.772,1.0,0.675,2026-08-24T04:00:00
I04288,U0715,C013,quiz_passed,0.81,1.0,0.633,2026-08-24T06:00:00
I04289,U0715,C043,completed,0.544,1.0,,2026-08-24T08:00:00
I04290,U0715,C073,completed,0.508,1.0,,2026-08-24T10:00:00
I04291,U0715,C006,quiz_passed,0.87,1.0,0.786,2026-08-24T12:00:00
I04292,U0716,C095,viewed,0.188,0.07,,2026-08-24T14:00:00
I04293,U0716,C096,completed,0.782,1.0,0.52,2026-08-24T16:00:00
I04294,U0716,C015,completed,0.784,1.0,0.649,2026-08-24T18:00:00
I04295,U0716,C092,viewed,0.477,0.66,0.34,2026-08-24T20:00:00
I04296,U0716,C096,viewed,0.107,0.047,,2026-08-24T22:00:00
I04297,U0716,C053,viewed,0.519,0.52,0.41,2026-08-25T00:00:00
I04298,U0716,C013,completed,0.733,1.0,0.516,2026-08-25T02:00:00
I04299,U0716,C050,viewed,0.384,0.4,0.356,2026-08-25T04:00:00
I04300,U0717,C099,disliked,0.167,0.01,,2026-08-25T06:00:00
I04301,U0717,C099,viewed,0.289,0.45,,2026-08-25T08:00:00
I04302,U0717,C006,quiz_passed,0.807,1.0,0.647,2026-08-25T10:00:00
I04303,U0717,C016,disliked,0.311,0.15,0.315,2026-08-25T12:00:00
I04304,U0718,C099,completed,0.741,1.0,0.534,2026-08-25T14:00:00
I04305,U0718,C015,viewed,0.15,0.007,,2026-08-25T16:00:00
I04306,U0718,C043,completed,0.754,1.0,0.582,2026-08-25T18:00:00
I04307,U0718,C054,viewed,0.14,0.033,,2026-08-25T20:00:00
I04308,U0718,C050,quiz_passed,0.816,1.0,0.673,2026-08-25T22:00:00
I04309,U0718,C054,completed,0.548,1.0,,2026-08-26T00:00:00
I04310,U0719,C098,completed,0.678,1.0,0.526,2026-08-26T02:00:00
I04311,U0719,C054,completed,0.767,1.0,0.591,2026-08-26T04:00:00
I04312,U0719,C096,viewed,0.35,0.49,0.213,2026-08-26T06:00:00
I04313,U0719,C002,completed,0.571,1.0,,2026-08-26T08:00:00
I04314,U0719,C053,completed,0.528,1.0,,2026-08-26T10:00:00
I04315,U0720,C017,quiz_passed,0.865,1.0,0.872,2026-08-26T12:00:00
I04316,U0720,C053,completed,0.499,1.0,,2026-08-26T14:00:00
I04317,U0720,C048,viewed,0.281,0.069,,2026-08-26T16:00:00
I04318,U0720,C001,quiz_passed,0.864,1.0,0.885,2026-08-26T18:00:00
I04319,U0720,C043,quiz_passed,0.9,1.0,0.851,2026-08-26T20:00:00
I04320,U0720,C067,completed,0.554,1.0,,2026-08-26T22:00:00
I04321,U0720,C045,completed,0.548,1.0,,2026-08-27T00:00:00
I04322,U0720,C091,completed,0.558,1.0,,2026-08-27T02:00:00
I04323,U0720,C030,completed,0.488,1.0,,2026-08-27T04:00:00
I04324,U0721,C017,quiz_passed,0.742,1.0,0.691,2026-08-27T06:00:00
I04325,U0721,C030,completed,0.754,1.0,0.647,2026-08-27T08:00:00
I04326,U0721,C082,completed,0.804,1.0,0.565,2026-08-27T10:00:00
I04327,U0721,C098,viewed,0.384,0.5,0.23,2026-08-27T12:00:00
I04328,U0721,C073,completed,0.783,1.0,0.649,2026-08-27T14:00:00
I04329,U0721,C098,completed,0.671,1.0,0.47,2026-08-27T16:00:00
I04330,U0721,C028,viewed,0.218,0.034,,2026-08-27T18:00:00
I04331,U0721,C095,completed,0.675,1.0,0.443,2026-08-27T20:00:00
I04332,U0721,C098,completed,0.731,1.0,0.461,2026-08-27T22:00:00
I04333,U0722,C099,viewed,0.232,0.099,,2026-08-28T00:00:00
I04334,U0722,C095,completed,0.747,1.0,0.436,2026-08-28T02:00:00
I04335,U0722,C097,quiz_passed,0.829,1.0,0.628,2026-08-28T04:00:00
I04336,U0722,C095,viewed,0.15,0.046,,2026-08-28T06:00:00
I04337,U0722,C002,completed,0.772,1.0,0.565,2026-08-28T08:00:00
I04338,U0722,C017,viewed,0.392,0.66,,2026-08-28T10:00:00
I04339,U0722,C073,disliked,0.326,0.05,0.331,2026-08-28T12:00:00
I04340,U0722,C009,completed,0.558,1.0,,2026-08-28T14:00:00
I04341,U0722,C090,viewed,0.466,0.67,0.224,2026-08-28T16:00:00
I04342,U0723,C054,completed,0.697,1.0,0.59,2026-08-28T18:00:00
I04343,U0723,C003,completed,0.767,1.0,0.565,2026-08-28T20:00:00
I04344,U0723,C082,viewed,0.246,0.007,,2026-08-28T22:00:00
I04345,U0723,C099,viewed,0.409,0.38,0.209,2026-08-29T00:00:00
I04346,U0723,C091,quiz_passed,0.798,1.0,0.634,2026-08-29T02:00:00
I04347,U0724,C054,viewed,0.215,0.077,,2026-08-29T04:00:00
I04348,U0724,C067,quiz_passed,0.864,1.0,0.714,2026-08-29T06:00:00
I04349,U0724,C003,completed,0.463,1.0,,2026-08-29T08:00:00
I04350,U0724,C066,viewed,0.454,0.3,0.589,2026-08-29T10:00:00
I04351,U0724,C017,quiz_passed,0.805,1.0,0.778,2026-08-29T12:00:00
I04352,U0725,C072,quiz_passed,0.866,1.0,0.735,2026-08-29T14:00:00
I04353,U0725,C015,quiz_passed,0.754,1.0,0.722,2026-08-29T16:00:00
I04354,U0725,C050,completed,0.823,1.0,0.765,2026-08-29T18:00:00
I04355,U0726,C002,quiz_passed,0.882,1.0,0.801,2026-08-29T20:00:00
I04356,U0726,C046,viewed,0.381,0.59,,2026-08-29T22:00:00
I04357,U0726,C011,viewed,0.146,0.047,,2026-08-30T00:00:00
I04358,U0726,C043,quiz_passed,0.835,1.0,0.81,2026-08-30T02:00:00
I04359,U0726,C090,disliked,0.096,0.07,,2026-08-30T04:00:00
I04360,U0727,C091,completed,0.874,1.0,0.821,2026-08-30T06:00:00
I04361,U0727,C017,quiz_passed,0.842,1.0,0.834,2026-08-30T08:00:00
I04362,U0727,C075,viewed,0.261,0.33,,2026-08-30T10:00:00
I04363,U0727,C082,completed,0.528,1.0,,2026-08-30T12:00:00
I04364,U0727,C043,completed,0.849,1.0,0.831,2026-08-30T14:00:00
I04365,U0727,C011,completed,0.532,1.0,,2026-08-30T16:00:00
I04366,U0728,C002,completed,0.493,1.0,,2026-08-30T18:00:00
I04367,U0728,C057,completed,0.523,1.0,,2026-08-30T20:00:00
I04368,U0728,C074,completed,0.773,1.0,0.619,2026-08-30T22:00:00
I04369,U0728,C091,completed,0.499,1.0,,2026-08-31T00:00:00
I04370,U0728,C065,completed,0.51,1.0,,2026-08-31T02:00:00
I04371,U0728,C013,quiz_passed,0.815,1.0,0.663,2026-08-31T04:00:00
I04372,U0729,C076,quiz_passed,0.83,1.0,0.703,2026-08-31T06:00:00
I04373,U0729,C054,completed,0.543,1.0,,2026-08-31T08:00:00
I04374,U0730,C050,viewed,0.42,0.66,,2026-08-31T10:00:00
I04375,U0730,C082,completed,0.538,1.0,,2026-08-31T12:00:00
I04376,U0731,C099,completed,0.785,1.0,0.527,2026-08-31T14:00:00
I04377,U0731,C064,viewed,0.215,0.064,,2026-08-31T16:00:00
I04378,U0731,C099,viewed,0.374,0.26,0.276,2026-08-31T18:00:00
I04379,U0732,C099,viewed,0.215,0.071,,2026-08-31T20:00:00
I04380,U0732,C082,viewed,0.265,0.35,,2026-08-31T22:00:00
I04381,U0732,C099,viewed,0.496,0.61,0.276,2026-09-01T00:00:00
I04382,U0732,C078,completed,0.461,1.0,,2026-09-01T02:00:00
I04383,U0732,C065,disliked,0.31,0.11,0.44,2026-09-01T04:00:00
I04384,U0732,C095,viewed,0.273,0.003,,2026-09-01T06:00:00
I04385,U0732,C099,completed,0.727,1.0,0.462,2026-09-01T08:00:00
I04386,U0732,C098,viewed,0.232,0.048,,2026-09-01T10:00:00
I04387,U0733,C073,completed,0.52,1.0,,2026-09-01T12:00:00
I04388,U0733,C099,completed,0.58,1.0,,2026-09-01T14:00:00
I04389,U0733,C030,viewed,0.127,0.002,,2026-09-01T16:00:00
I04390,U0733,C095,completed,0.501,1.0,,2026-09-01T18:00:00
I04391,U0733,C095,completed,0.76,1.0,0.558,2026-09-01T20:00:00
I04392,U0733,C042,viewed,0.543,0.59,0.577,2026-09-01T22:00:00
I04393,U0733,C088,quiz_passed,0.869,1.0,0.76,2026-09-02T00:00:00
I04394,U0733,C096,viewed,0.518,0.47,0.439,2026-09-02T02:00:00
I04395,U0733,C092,quiz_passed,0.8,1.0,0.805,2026-09-02T04:00:00
I04396,U0733,C009,completed,0.489,1.0,,2026-09-02T06:00:00
I04397,U0733,C079,completed,0.786,1.0,0.588,2026-09-02T08:00:00
I04398,U0733,C002,completed,0.495,1.0,,2026-09-02T10:00:00
I04399,U0734,C071,quiz_passed,0.88,1.0,0.774,2026-09-02T12:00:00
I04400,U0734,C082,quiz_passed,0.854,1.0,0.75,2026-09-02T14:00:00
I04401,U0734,C066,completed,0.83,1.0,0.715,2026-09-02T16:00:00
I04402,U0734,C074,viewed,0.152,0.034,,2026-09-02T18:00:00
I04403,U0734,C011,quiz_passed,0.778,1.0,0.784,2026-09-02T20:00:00
I04404,U0734,C046,viewed,0.184,0.07,,2026-09-02T22:00:00
I04405,U0734,C045,completed,0.816,1.0,0.674,2026-09-03T00:00:00
I04406,U0735,C057,completed,0.57,1.0,,2026-09-03T02:00:00
I04407,U0735,C025,quiz_passed,0.74,1.0,0.675,2026-09-03T04:00:00
I04408,U0735,C009,disliked,0.294,0.0,0.321,2026-09-03T06:00:00
I04409,U0735,C091,completed,0.477,1.0,,2026-09-03T08:00:00
I04410,U0736,C065,completed,0.486,1.0,,2026-09-03T10:00:00
I04411,U0736,C076,quiz_passed,0.859,1.0,0.722,2026-09-03T12:00:00
I04412,U0736,C042,completed,0.557,1.0,,2026-09-03T14:00:00
I04413,U0736,C081,viewed,0.176,0.098,,2026-09-03T16:00:00
I04414,U0737,C011,quiz_passed,0.787,1.0,0.799,2026-09-03T18:00:00
I04415,U0737,C029,completed,0.511,1.0,,2026-09-03T20:00:00
I04416,U0737,C064,quiz_passed,0.841,1.0,0.715,2026-09-03T22:00:00
I04417,U0737,C098,completed,0.779,1.0,0.568,2026-09-04T00:00:00
I04418,U0737,C018,viewed,0.269,0.31,,2026-09-04T02:00:00
I04419,U0737,C096,viewed,0.217,0.048,,2026-09-04T04:00:00
I04420,U0737,C053,completed,0.52,1.0,,2026-09-04T06:00:00
I04421,U0738,C035,completed,0.501,1.0,,2026-09-04T08:00:00
I04422,U0738,C066,quiz_passed,0.813,1.0,0.605,2026-09-04T10:00:00
I04423,U0738,C030,viewed,0.293,0.087,,2026-09-04T12:00:00
I04424,U0738,C069,viewed,0.219,0.046,,2026-09-04T14:00:00
I04425,U0739,C095,completed,0.525,1.0,,2026-09-04T16:00:00
I04426,U0739,C065,completed,0.544,1.0,,2026-09-04T18:00:00
I04427,U0739,C095,completed,0.696,1.0,0.56,2026-09-04T20:00:00
I04428,U0739,C062,quiz_passed,0.843,1.0,0.764,2026-09-04T22:00:00
I04429,U0740,C029,completed,0.552,1.0,,2026-09-05T00:00:00
I04430,U0740,C073,quiz_passed,0.806,1.0,0.787,2026-09-05T02:00:00
I04431,U0740,C003,quiz_passed,0.796,1.0,0.716,2026-09-05T04:00:00
I04432,U0740,C081,quiz_passed,0.789,1.0,0.689,2026-09-05T06:00:00
I04433,U0740,C092,quiz_passed,0.782,1.0,0.791,2026-09-05T08:00:00
I04434,U0741,C051,viewed,0.245,0.3,,2026-09-05T10:00:00
I04435,U0741,C013,viewed,0.325,0.65,,2026-09-05T12:00:00
I04436,U0741,C091,completed,0.465,1.0,,2026-09-05T14:00:00
I04437,U0741,C091,completed,0.857,1.0,0.694,2026-09-05T16:00:00
I04438,U0741,C065,completed,0.53,1.0,,2026-09-05T18:00:00
I04439,U0741,C013,completed,0.726,1.0,0.545,2026-09-05T20:00:00
I04440,U0742,C018,completed,0.559,1.0,,2026-09-05T22:00:00
I04441,U0742,C057,quiz_passed,0.737,1.0,0.668,2026-09-06T00:00:00
I04442,U0742,C099,completed,0.47,1.0,,2026-09-06T02:00:00
I04443,U0742,C042,viewed,0.39,0.3,0.394,2026-09-06T04:00:00
I04444,U0742,C066,completed,0.793,1.0,0.631,2026-09-06T06:00:00
I04445,U0742,C076,quiz_passed,0.795,1.0,0.64,2026-09-06T08:00:00
I04446,U0742,C057,viewed,0.544,0.5,0.418,2026-09-06T10:00:00
I04447,U0742,C074,viewed,0.14,0.036,,2026-09-06T12:00:00
I04448,U0743,C098,disliked,0.263,0.15,0.278,2026-09-06T14:00:00
I04449,U0743,C011,viewed,0.33,0.3,0.345,2026-09-06T16:00:00
I04450,U0743,C053,quiz_passed,0.804,1.0,0.669,2026-09-06T18:00:00
I04451,U0743,C008,viewed,0.416,0.64,,2026-09-06T20:00:00
I04452,U0744,C082,completed,0.821,1.0,0.604,2026-09-06T22:00:00
I04453,U0744,C030,quiz_passed,0.725,1.0,0.633,2026-09-07T00:00:00
I04454,U0744,C058,viewed,0.217,0.016,,2026-09-07T02:00:00
I04455,U0744,C018,completed,0.553,1.0,,2026-09-07T04:00:00
I04456,U0744,C082,viewed,0.373,0.43,0.335,2026-09-07T06:00:00
I04457,U0744,C095,disliked,0.161,0.1,,2026-09-07T08:00:00
I04458,U0744,C030,viewed,0.101,0.029,,2026-09-07T10:00:00
I04459,U0745,C092,quiz_passed,0.749,1.0,0.653,2026-09-07T12:00:00
I04460,U0745,C029,viewed,0.213,0.037,,2026-09-07T14:00:00
I04461,U0745,C054,viewed,0.229,0.059,,2026-09-07T16:00:00
I04462,U0745,C048,completed,0.558,1.0,,2026-09-07T18:00:00
I04463,U0745,C049,viewed,0.53,0.67,0.383,2026-09-07T20:00:00
I04464,U0745,C098,viewed,0.226,0.098,,2026-09-07T22:00:00
I04465,U0745,C029,completed,0.553,1.0,,2026-09-08T00:00:00
I04466,U0745,C047,completed,0.528,1.0,,2026-09-08T02:00:00
I04467,U0745,C095,viewed,0.235,0.072,,2026-09-08T04:00:00
I04468,U0745,C048,completed,0.465,1.0,,2026-09-08T06:00:00
I04469,U0746,C095,viewed,0.256,0.046,,2026-09-08T08:00:00
I04470,U0746,C098,viewed,0.113,0.023,,2026-09-08T10:00:00
I04471,U0746,C063,completed,0.492,1.0,,2026-09-08T12:00:00
I04472,U0746,C070,viewed,0.156,0.012,,2026-09-08T14:00:00
I04473,U0746,C054,completed,0.733,1.0,0.566,2026-09-08T16:00:00
I04474,U0747,C062,quiz_passed,0.792,1.0,0.626,2026-09-08T18:00:00
I04475,U0747,C037,viewed,0.358,0.62,,2026-09-08T20:00:00
I04476,U0747,C003,viewed,0.108,0.075,,2026-09-08T22:00:00
I04477,U0747,C064,completed,0.49,1.0,,2026-09-09T00:00:00
I04478,U0747,C025,quiz_passed,0.729,1.0,0.627,2026-09-09T02:00:00
I04479,U0747,C001,completed,0.541,1.0,,2026-09-09T04:00:00
I04480,U0747,C082,quiz_passed,0.812,1.0,0.603,2026-09-09T06:00:00
I04481,U0747,C013,viewed,0.223,0.055,,2026-09-09T08:00:00
I04482,U0748,C025,completed,0.525,1.0,,2026-09-09T10:00:00
I04483,U0748,C073,completed,0.846,1.0,0.833,2026-09-09T12:00:00
I04484,U0748,C064,quiz_passed,0.834,1.0,0.884,2026-09-09T14:00:00
I04485,U0748,C091,completed,0.543,1.0,,2026-09-09T16:00:00
I04486,U0749,C047,viewed,0.484,0.39,0.447,2026-09-09T18:00:00
I04487,U0749,C054,viewed,0.306,0.57,,2026-09-09T20:00:00
I04488,U0749,C082,viewed,0.294,0.006,,2026-09-09T22:00:00
I04489,U0749,C099,viewed,0.334,0.6,,2026-09-10T00:00:00
I04490,U0749,C043,viewed,0.182,0.013,,2026-09-10T02:00:00
I04491,U0749,C066,quiz_passed,0.749,1.0,0.66,2026-09-10T04:00:00
I04492,U0749,C016,completed,0.555,1.0,,2026-09-10T06:00:00
I04493,U0750,C003,completed,0.758,1.0,0.668,2026-09-10T08:00:00
I04494,U0750,C006,viewed,0.139,0.01,,2026-09-10T10:00:00
I04495,U0750,C064,completed,0.558,1.0,,2026-09-10T12:00:00
I04496,U0750,C048,quiz_passed,0.842,1.0,0.682,2026-09-10T14:00:00
I04497,U0751,C018,viewed,0.38,0.6,,2026-09-10T16:00:00
I04498,U0751,C099,viewed,0.201,0.038,,2026-09-10T18:00:00
I04499,U0751,C096,viewed,0.337,0.6,,2026-09-10T20:00:00
I04500,U0751,C051,completed,0.487,1.0,,2026-09-10T22:00:00
I04501,U0751,C047,quiz_passed,0.736,1.0,0.656,2026-09-11T00:00:00
I04502,U0751,C042,viewed,0.392,0.62,,2026-09-11T02:00:00
I04503,U0751,C043,completed,0.779,1.0,0.588,2026-09-11T04:00:00
I04504,U0751,C057,viewed,0.439,0.39,0.418,2026-09-11T06:00:00
I04505,U0752,C061,viewed,0.243,0.065,,2026-09-11T08:00:00
I04506,U0752,C049,completed,0.828,1.0,0.719,2026-09-11T10:00:00
I04507,U0752,C099,quiz_passed,0.722,1.0,0.626,2026-09-11T12:00:00
I04508,U0752,C076,quiz_passed,0.805,1.0,0.801,2026-09-11T14:00:00
I04509,U0753,C062,completed,0.557,1.0,,2026-09-11T16:00:00
I04510,U0753,C079,viewed,0.317,0.63,,2026-09-11T18:00:00
I04511,U0753,C041,viewed,0.193,0.028,,2026-09-11T20:00:00
I04512,U0753,C092,completed,0.536,1.0,,2026-09-11T22:00:00
I04513,U0753,C016,completed,0.489,1.0,,2026-09-12T00:00:00
I04514,U0753,C025,completed,0.469,1.0,,2026-09-12T02:00:00
I04515,U0753,C050,completed,0.484,1.0,,2026-09-12T04:00:00
I04516,U0753,C053,viewed,0.157,0.22,,2026-09-12T06:00:00
I04517,U0754,C025,quiz_passed,0.801,1.0,0.77,2026-09-12T08:00:00
I04518,U0754,C047,completed,0.791,1.0,0.811,2026-09-12T10:00:00
I04519,U0754,C016,completed,0.809,1.0,0.747,2026-09-12T12:00:00
I04520,U0754,C075,completed,0.482,1.0,,2026-09-12T14:00:00
I04521,U0754,C065,quiz_passed,0.846,1.0,0.743,2026-09-12T16:00:00
I04522,U0754,C046,disliked,0.118,0.05,,2026-09-12T18:00:00
I04523,U0754,C097,completed,0.568,1.0,,2026-09-12T20:00:00
I04524,U0754,C044,completed,0.553,1.0,,2026-09-12T22:00:00
I04525,U0754,C095,viewed,0.527,0.59,0.446,2026-09-13T00:00:00
I04526,U0755,C018,completed,0.824,1.0,0.823,2026-09-13T02:00:00
I04527,U0755,C098,quiz_passed,0.876,1.0,0.782,2026-09-13T04:00:00
I04528,U0755,C095,completed,0.557,1.0,,2026-09-13T06:00:00
I04529,U0755,C099,completed,0.554,1.0,,2026-09-13T08:00:00
I04530,U0755,C099,viewed,0.144,0.093,,2026-09-13T10:00:00
I04531,U0755,C092,quiz_passed,0.829,1.0,0.827,2026-09-13T12:00:00
I04532,U0755,C054,completed,0.867,1.0,0.826,2026-09-13T14:00:00
I04533,U0755,C011,quiz_passed,0.843,1.0,0.87,2026-09-13T16:00:00
I04534,U0756,C098,viewed,0.221,0.001,,2026-09-13T18:00:00
I04535,U0756,C099,completed,0.73,1.0,0.493,2026-09-13T20:00:00
I04536,U0756,C098,viewed,0.248,0.018,,2026-09-13T22:00:00
I04537,U0756,C029,quiz_passed,0.816,1.0,0.696,2026-09-14T00:00:00
I04538,U0756,C030,completed,0.485,1.0,,2026-09-14T02:00:00
I04539,U0757,C006,completed,0.828,1.0,0.766,2026-09-14T04:00:00
I04540,U0757,C006,quiz_passed,0.835,1.0,0.756,2026-09-14T06:00:00
I04541,U0757,C076,completed,0.526,1.0,,2026-09-14T08:00:00
I04542,U0757,C076,completed,0.522,1.0,,2026-09-14T10:00:00
I04543,U0757,C057,completed,0.555,1.0,,2026-09-14T12:00:00
I04544,U0758,C058,quiz_passed,0.836,1.0,0.842,2026-09-14T14:00:00
I04545,U0758,C019,completed,0.573,1.0,,2026-09-14T16:00:00
I04546,U0758,C020,completed,0.758,1.0,0.587,2026-09-14T18:00:00
I04547,U0758,C076,completed,0.855,1.0,0.842,2026-09-14T20:00:00
I04548,U0759,C043,completed,0.576,1.0,,2026-09-14T22:00:00
I04549,U0759,C065,viewed,0.189,0.21,,2026-09-15T00:00:00
I04550,U0759,C046,quiz_passed,0.747,1.0,0.651,2026-09-15T02:00:00
I04551,U0759,C018,completed,0.569,1.0,,2026-09-15T04:00:00
I04552,U0759,C002,quiz_passed,0.847,1.0,0.872,2026-09-15T06:00:00
I04553,U0759,C082,quiz_passed,0.828,1.0,0.832,2026-09-15T08:00:00
I04554,U0760,C002,completed,0.747,1.0,0.711,2026-09-15T10:00:00
I04555,U0760,C082,completed,0.542,1.0,,2026-09-15T12:00:00
I04556,U0760,C074,completed,0.565,1.0,,2026-09-15T14:00:00
I04557,U0760,C046,viewed,0.127,0.1,,2026-09-15T16:00:00
I04558,U0761,C048,completed,0.523,1.0,,2026-09-15T18:00:00
I04559,U0761,C053,viewed,0.217,0.09,,2026-09-15T20:00:00
I04560,U0761,C091,quiz_passed,0.796,1.0,0.8,2026-09-15T22:00:00
I04561,U0761,C045,completed,0.773,1.0,0.626,2026-09-16T00:00:00
I04562,U0761,C013,completed,0.484,1.0,,2026-09-16T02:00:00
I04563,U0762,C015,completed,0.798,1.0,0.676,2026-09-16T04:00:00
I04564,U0762,C003,viewed,0.565,0.57,0.425,2026-09-16T06:00:00
I04565,U0762,C010,completed,0.554,1.0,,2026-09-16T08:00:00
I04566,U0762,C065,disliked,0.333,0.17,0.39,2026-09-16T10:00:00
I04567,U0762,C013,completed,0.54,1.0,,2026-09-16T12:00:00
I04568,U0762,C058,quiz_passed,0.758,1.0,0.63,2026-09-16T14:00:00
I04569,U0762,C091,quiz_passed,0.834,1.0,0.655,2026-09-16T16:00:00
I04570,U0763,C098,completed,0.491,1.0,,2026-09-16T18:00:00
I04571,U0763,C099,viewed,0.247,0.044,,2026-09-16T20:00:00
I04572,U0763,C002,viewed,0.118,0.011,,2026-09-16T22:00:00
I04573,U0763,C011,viewed,0.101,0.065,,2026-09-17T00:00:00
I04574,U0763,C035,completed,0.791,1.0,0.657,2026-09-17T02:00:00
I04575,U0763,C004,viewed,0.342,0.41,0.216,2026-09-17T04:00:00
I04576,U0764,C015,completed,0.544,1.0,,2026-09-17T06:00:00
I04577,U0764,C047,quiz_passed,0.879,1.0,0.847,2026-09-17T08:00:00
I04578,U0764,C071,completed,0.482,1.0,,2026-09-17T10:00:00
I04579,U0764,C071,completed,0.884,1.0,0.874,2026-09-17T12:00:00
I04580,U0764,C067,completed,0.579,1.0,,2026-09-17T14:00:00
I04581,U0764,C010,quiz_passed,0.794,1.0,0.769,2026-09-17T16:00:00
I04582,U0764,C017,completed,0.58,1.0,,2026-09-17T18:00:00
I04583,U0765,C076,viewed,0.109,0.044,,2026-09-17T20:00:00
I04584,U0765,C096,viewed,0.276,0.21,0.325,2026-09-17T22:00:00
I04585,U0765,C096,completed,0.482,1.0,,2026-09-18T00:00:00
I04586,U0766,C099,completed,0.737,1.0,0.445,2026-09-18T02:00:00
I04587,U0766,C048,completed,0.554,1.0,,2026-09-18T04:00:00
I04588,U0766,C054,completed,0.788,1.0,0.57,2026-09-18T06:00:00
I04589,U0766,C076,completed,0.528,1.0,,2026-09-18T08:00:00
I04590,U0766,C076,viewed,0.287,0.042,,2026-09-18T10:00:00
I04591,U0767,C098,viewed,0.194,0.002,,2026-09-18T12:00:00
I04592,U0767,C017,completed,0.489,1.0,,2026-09-18T14:00:00
I04593,U0767,C015,viewed,0.315,0.63,,2026-09-18T16:00:00
I04594,U0767,C009,viewed,0.516,0.5,0.352,2026-09-18T18:00:00
I04595,U0768,C053,completed,0.496,1.0,,2026-09-18T20:00:00
I04596,U0768,C018,quiz_passed,0.789,1.0,0.704,2026-09-18T22:00:00
I04597,U0768,C043,viewed,0.483,0.44,0.49,2026-09-19T00:00:00
I04598,U0768,C002,quiz_passed,0.765,1.0,0.728,2026-09-19T02:00:00
I04599,U0768,C091,quiz_passed,0.813,1.0,0.805,2026-09-19T04:00:00
I04600,U0769,C048,completed,0.49,1.0,,2026-09-19T06:00:00
I04601,U0769,C096,viewed,0.249,0.054,,2026-09-19T08:00:00
I04602,U0769,C098,viewed,0.151,0.056,,2026-09-19T10:00:00
I04603,U0769,C025,completed,0.465,1.0,,2026-09-19T12:00:00
I04604,U0770,C025,completed,0.578,1.0,,2026-09-19T14:00:00
I04605,U0770,C062,completed,0.852,1.0,0.839,2026-09-19T16:00:00
I04606,U0770,C004,quiz_passed,0.839,1.0,0.734,2026-09-19T18:00:00
I04607,U0770,C092,quiz_passed,0.852,1.0,0.814,2026-09-19T20:00:00
I04608,U0770,C063,completed,0.848,1.0,0.867,2026-09-19T22:00:00
I04609,U0770,C079,completed,0.561,1.0,,2026-09-20T00:00:00
I04610,U0770,C043,quiz_passed,0.878,1.0,0.879,2026-09-20T02:00:00
I04611,U0771,C018,viewed,0.435,0.38,0.504,2026-09-20T04:00:00
I04612,U0771,C098,completed,0.573,1.0,,2026-09-20T06:00:00
I04613,U0771,C062,quiz_passed,0.795,1.0,0.78,2026-09-20T08:00:00
I04614,U0771,C065,viewed,0.602,0.5,0.57,2026-09-20T10:00:00
I04615,U0771,C011,completed,0.492,1.0,,2026-09-20T12:00:00
I04616,U0772,C099,completed,0.515,1.0,,2026-09-20T14:00:00
I04617,U0772,C091,completed,0.564,1.0,,2026-09-20T16:00:00
I04618,U0772,C015,completed,0.773,1.0,0.63,2026-09-20T18:00:00
I04619,U0772,C064,viewed,0.165,0.043,,2026-09-20T20:00:00
I04620,U0772,C092,completed,0.477,1.0,,2026-09-20T22:00:00
I04621,U0772,C051,completed,0.753,1.0,0.569,2026-09-21T00:00:00
I04622,U0772,C075,completed,0.709,1.0,0.513,2026-09-21T02:00:00
I04623,U0772,C015,viewed,0.318,0.36,,2026-09-21T04:00:00
I04624,U0772,C057,viewed,0.467,0.63,0.32,2026-09-21T06:00:00
I04625,U0773,C028,completed,0.557,1.0,,2026-09-21T08:00:00
I04626,U0773,C096,completed,0.761,1.0,0.529,2026-09-21T10:00:00
I04627,U0773,C017,viewed,0.196,0.29,,2026-09-21T12:00:00
I04628,U0773,C042,completed,0.793,1.0,0.635,2026-09-21T14:00:00
I04629,U0774,C099,completed,0.68,1.0,0.423,2026-09-21T16:00:00
I04630,U0774,C049,completed,0.735,1.0,0.562,2026-09-21T18:00:00
I04631,U0774,C033,viewed,0.279,0.27,0.233,2026-09-21T20:00:00
I04632,U0774,C025,viewed,0.36,0.39,0.336,2026-09-21T22:00:00
I04633,U0774,C026,viewed,0.309,0.25,0.259,2026-09-22T00:00:00
I04634,U0774,C096,completed,0.734,1.0,0.463,2026-09-22T02:00:00
I04635,U0774,C030,completed,0.807,1.0,0.599,2026-09-22T04:00:00
I04636,U0774,C095,disliked,0.229,0.16,0.206,2026-09-22T06:00:00
I04637,U0774,C073,completed,0.538,1.0,,2026-09-22T08:00:00
I04638,U0775,C048,completed,0.499,1.0,,2026-09-22T10:00:00
I04639,U0775,C095,viewed,0.162,0.084,,2026-09-22T12:00:00
I04640,U0775,C042,viewed,0.293,0.41,,2026-09-22T14:00:00
I04641,U0775,C099,viewed,0.393,0.38,0.255,2026-09-22T16:00:00
I04642,U0775,C002,viewed,0.44,0.31,0.438,2026-09-22T18:00:00
I04643,U0775,C099,viewed,0.363,0.68,,2026-09-22T20:00:00
I04644,U0775,C015,quiz_passed,0.762,1.0,0.681,2026-09-22T22:00:00
I04645,U0776,C028,completed,0.826,1.0,0.733,2026-09-23T00:00:00
I04646,U0776,C016,quiz_passed,0.797,1.0,0.769,2026-09-23T02:00:00
I04647,U0776,C088,completed,0.49,1.0,,2026-09-23T04:00:00
I04648,U0776,C076,quiz_passed,0.84,1.0,0.796,2026-09-23T06:00:00
I04649,U0776,C088,viewed,0.108,0.099,,2026-09-23T08:00:00
I04650,U0776,C045,completed,0.748,1.0,0.578,2026-09-23T10:00:00
I04651,U0776,C089,viewed,0.157,0.062,,2026-09-23T12:00:00
I04652,U0776,C090,viewed,0.317,0.35,,2026-09-23T14:00:00
I04653,U0776,C010,completed,0.487,1.0,,2026-09-23T16:00:00
I04654,U0776,C010,completed,0.56,1.0,,2026-09-23T18:00:00
I04655,U0776,C046,disliked,0.242,0.09,0.238,2026-09-23T20:00:00
I04656,U0777,C095,quiz_passed,0.798,1.0,0.638,2026-09-23T22:00:00
I04657,U0777,C043,completed,0.527,1.0,,2026-09-24T00:00:00
I04658,U0777,C008,quiz_passed,0.87,1.0,0.737,2026-09-24T02:00:00
I04659,U0777,C092,completed,0.784,1.0,0.795,2026-09-24T04:00:00
I04660,U0777,C090,quiz_passed,0.767,1.0,0.659,2026-09-24T06:00:00
I04661,U0778,C042,viewed,0.327,0.43,,2026-09-24T08:00:00
I04662,U0778,C066,quiz_passed,0.849,1.0,0.75,2026-09-24T10:00:00
I04663,U0778,C066,quiz_passed,0.775,1.0,0.767,2026-09-24T12:00:00
I04664,U0778,C099,quiz_passed,0.767,1.0,0.654,2026-09-24T14:00:00
I04665,U0779,C050,quiz_passed,0.926,1.0,0.875,2026-09-24T16:00:00
I04666,U0779,C081,quiz_passed,0.825,1.0,0.774,2026-09-24T18:00:00
I04667,U0779,C018,viewed,0.191,0.041,,2026-09-24T20:00:00
I04668,U0780,C095,completed,0.486,1.0,,2026-09-24T22:00:00
I04669,U0780,C048,quiz_passed,0.856,1.0,0.792,2026-09-25T00:00:00
I04670,U0780,C099,completed,0.714,1.0,0.581,2026-09-25T02:00:00
I04671,U0780,C099,completed,0.462,1.0,,2026-09-25T04:00:00
I04672,U0780,C003,completed,0.844,1.0,0.747,2026-09-25T06:00:00
I04673,U0780,C013,quiz_passed,0.745,1.0,0.636,2026-09-25T08:00:00
I04674,U0781,C073,quiz_passed,0.796,1.0,0.698,2026-09-25T10:00:00
I04675,U0781,C066,quiz_passed,0.816,1.0,0.681,2026-09-25T12:00:00
I04676,U0781,C057,quiz_passed,0.735,1.0,0.639,2026-09-25T14:00:00
I04677,U0781,C016,disliked,0.352,0.04,0.397,2026-09-25T16:00:00
I04678,U0781,C061,completed,0.767,1.0,0.59,2026-09-25T18:00:00
I04679,U0781,C057,viewed,0.126,0.091,,2026-09-25T20:00:00
I04680,U0781,C082,completed,0.693,1.0,0.565,2026-09-25T22:00:00
I04681,U0781,C057,viewed,0.535,0.69,0.445,2026-09-26T00:00:00
I04682,U0782,C099,viewed,0.234,0.025,,2026-09-26T02:00:00
I04683,U0782,C061,completed,0.478,1.0,,2026-09-26T04:00:00
I04684,U0782,C054,viewed,0.43,0.46,0.446,2026-09-26T06:00:00
I04685,U0782,C067,quiz_passed,0.755,1.0,0.623,2026-09-26T08:00:00
I04686,U0782,C028,completed,0.791,1.0,0.56,2026-09-26T10:00:00
I04687,U0782,C071,completed,0.579,1.0,,2026-09-26T12:00:00
I04688,U0782,C082,viewed,0.452,0.37,0.345,2026-09-26T14:00:00
I04689,U0782,C058,completed,0.474,1.0,,2026-09-26T16:00:00
I04690,U0782,C010,completed,0.488,1.0,,2026-09-26T18:00:00
I04691,U0782,C061,disliked,0.384,0.18,0.397,2026-09-26T20:00:00
I04692,U0782,C015,viewed,0.172,0.065,,2026-09-26T22:00:00
I04693,U0783,C088,completed,0.505,1.0,,2026-09-27T00:00:00
I04694,U0783,C064,quiz_passed,0.801,1.0,0.755,2026-09-27T02:00:00
I04695,U0783,C042,completed,0.515,1.0,,2026-09-27T04:00:00
I04696,U0783,C067,viewed,0.516,0.61,0.521,2026-09-27T06:00:00
I04697,U0784,C001,quiz_passed,0.764,1.0,0.696,2026-09-27T08:00:00
I04698,U0784,C066,completed,0.515,1.0,,2026-09-27T10:00:00
I04699,U0784,C042,completed,0.577,1.0,,2026-09-27T12:00:00
I04700,U0784,C075,viewed,0.303,0.58,,2026-09-27T14:00:00
I04701,U0784,C018,completed,0.467,1.0,,2026-09-27T16:00:00
I04702,U0785,C064,quiz_passed,0.827,1.0,0.837,2026-09-27T18:00:00
I04703,U0785,C017,quiz_passed,0.799,1.0,0.842,2026-09-27T20:00:00
I04704,U0785,C095,quiz_passed,0.79,1.0,0.709,2026-09-27T22:00:00
I04705,U0785,C061,completed,0.522,1.0,,2026-09-28T00:00:00
I04706,U0785,C028,quiz_passed,0.903,1.0,0.817,2026-09-28T02:00:00
I04707,U0786,C096,completed,0.547,1.0,,2026-09-28T04:00:00
I04708,U0786,C071,completed,0.471,1.0,,2026-09-28T06:00:00
I04709,U0786,C002,quiz_passed,0.826,1.0,0.704,2026-09-28T08:00:00
I04710,U0786,C048,completed,0.568,1.0,,2026-09-28T10:00:00
I04711,U0786,C081,viewed,0.192,0.055,,2026-09-28T12:00:00
I04712,U0787,C096,viewed,0.255,0.007,,2026-09-28T14:00:00
I04713,U0787,C002,completed,0.731,1.0,0.592,2026-09-28T16:00:00
I04714,U0787,C071,completed,0.777,1.0,0.568,2026-09-28T18:00:00
I04715,U0787,C003,disliked,0.336,0.11,0.327,2026-09-28T20:00:00
I04716,U0788,C098,completed,0.699,1.0,0.53,2026-09-28T22:00:00
I04717,U0788,C099,viewed,0.139,0.057,,2026-09-29T00:00:00
I04718,U0788,C076,quiz_passed,0.764,1.0,0.692,2026-09-29T02:00:00
I04719,U0788,C017,viewed,0.184,0.037,,2026-09-29T04:00:00
I04720,U0788,C049,completed,0.8,1.0,0.576,2026-09-29T06:00:00
I04721,U0788,C011,viewed,0.286,0.019,,2026-09-29T08:00:00
I04722,U0788,C053,viewed,0.127,0.057,,2026-09-29T10:00:00
I04723,U0789,C095,completed,0.803,1.0,0.578,2026-09-29T12:00:00
I04724,U0789,C099,completed,0.744,1.0,0.577,2026-09-29T14:00:00
I04725,U0789,C047,completed,0.561,1.0,,2026-09-29T16:00:00
I04726,U0790,C071,completed,0.514,1.0,,2026-09-29T18:00:00
I04727,U0790,C082,completed,0.811,1.0,0.871,2026-09-29T20:00:00
I04728,U0790,C046,viewed,0.343,0.33,0.366,2026-09-29T22:00:00
I04729,U0790,C005,quiz_passed,0.788,1.0,0.786,2026-09-30T00:00:00
I04730,U0790,C044,viewed,0.267,0.056,,2026-09-30T02:00:00
I04731,U0790,C005,quiz_passed,0.8,1.0,0.74,2026-09-30T04:00:00
I04732,U0790,C046,completed,0.5,1.0,,2026-09-30T06:00:00
I04733,U0791,C061,completed,0.802,1.0,0.589,2026-09-30T08:00:00
I04734,U0791,C029,quiz_passed,0.806,1.0,0.69,2026-09-30T10:00:00
I04735,U0791,C074,completed,0.531,1.0,,2026-09-30T12:00:00
I04736,U0791,C044,completed,0.479,1.0,,2026-09-30T14:00:00
I04737,U0791,C035,completed,0.576,1.0,,2026-09-30T16:00:00
I04738,U0791,C095,viewed,0.199,0.016,,2026-09-30T18:00:00
I04739,U0792,C058,viewed,0.223,0.24,,2026-09-30T20:00:00
I04740,U0792,C067,quiz_passed,0.857,1.0,0.882,2026-09-30T22:00:00
I04741,U0792,C096,quiz_passed,0.85,1.0,0.77,2026-10-01T00:00:00
I04742,U0792,C076,quiz_passed,0.81,1.0,0.872,2026-10-01T02:00:00
I04743,U0792,C013,quiz_passed,0.871,1.0,0.738,2026-10-01T04:00:00
I04744,U0792,C028,quiz_passed,0.413,0.16,0.616,2026-10-01T06:00:00
I04745,U0793,C009,completed,0.517,1.0,,2026-10-01T08:00:00
I04746,U0793,C018,completed,0.533,1.0,,2026-10-01T10:00:00
I04747,U0793,C088,completed,0.799,1.0,0.585,2026-10-01T12:00:00
I04748,U0794,C047,completed,0.791,1.0,0.696,2026-10-01T14:00:00
I04749,U0794,C071,completed,0.818,1.0,0.662,2026-10-01T16:00:00
I04750,U0794,C017,quiz_passed,0.832,1.0,0.644,2026-10-01T18:00:00
I04751,U0794,C071,quiz_passed,0.785,1.0,0.616,2026-10-01T20:00:00
I04752,U0794,C064,completed,0.478,1.0,,2026-10-01T22:00:00
I04753,U0794,C081,completed,0.544,1.0,,2026-10-02T00:00:00
I04754,U0794,C075,viewed,0.356,0.3,0.252,2026-10-02T02:00:00
I04755,U0794,C067,completed,0.523,1.0,,2026-10-02T04:00:00
I04756,U0794,C095,viewed,0.137,0.098,,2026-10-02T06:00:00
I04757,U0794,C090,completed,0.687,1.0,0.463,2026-10-02T08:00:00
I04758,U0794,C075,viewed,0.121,0.073,,2026-10-02T10:00:00
I04759,U0795,C066,viewed,0.177,0.088,,2026-10-02T12:00:00
I04760,U0795,C003,disliked,0.124,0.06,,2026-10-02T14:00:00
I04761,U0795,C015,viewed,0.1,0.084,,2026-10-02T16:00:00
I04762,U0795,C010,viewed,0.297,0.55,,2026-10-02T18:00:00
I04763,U0795,C002,quiz_passed,0.821,1.0,0.641,2026-10-02T20:00:00
I04764,U0795,C061,completed,0.475,1.0,,2026-10-02T22:00:00
I04765,U0796,C092,viewed,0.495,0.67,0.379,2026-10-03T00:00:00
I04766,U0796,C063,completed,0.502,1.0,,2026-10-03T02:00:00
I04767,U0797,C066,completed,0.512,1.0,,2026-10-03T04:00:00
I04768,U0797,C017,quiz_passed,0.93,1.0,0.887,2026-10-03T06:00:00
I04769,U0797,C095,completed,0.485,1.0,,2026-10-03T08:00:00
I04770,U0797,C098,quiz_passed,0.856,1.0,0.745,2026-10-03T10:00:00
I04771,U0798,C028,completed,0.825,1.0,0.842,2026-10-03T12:00:00
I04772,U0798,C099,quiz_passed,0.749,1.0,0.713,2026-10-03T14:00:00
I04773,U0798,C025,completed,0.485,1.0,,2026-10-03T16:00:00
I04774,U0798,C050,viewed,0.14,0.037,,2026-10-03T18:00:00
I04775,U0798,C043,completed,0.826,1.0,0.871,2026-10-03T20:00:00
I04776,U0798,C066,completed,0.547,1.0,,2026-10-03T22:00:00
I04777,U0799,C095,viewed,0.148,0.088,,2026-10-04T00:00:00
I04778,U0799,C061,quiz_passed,0.722,1.0,0.627,2026-10-04T02:00:00
I04779,U0799,C001,viewed,0.115,0.034,,2026-10-04T04:00:00
I04780,U0799,C035,completed,0.724,1.0,0.606,2026-10-04T06:00:00
I04781,U0799,C069,viewed,0.275,0.094,,2026-10-04T08:00:00
I04782,U0799,C067,viewed,0.473,0.51,0.425,2026-10-04T10:00:00
I04783,U0800,C096,quiz_passed,0.78,1.0,0.727,2026-10-04T12:00:00
I04784,U0800,C030,completed,0.532,1.0,,2026-10-04T14:00:00
I04785,U0800,C025,completed,0.814,1.0,0.88,2026-10-04T16:00:00
I04786,U0800,C095,disliked,0.363,0.12,0.517,2026-10-04T18:00:00
I04787,U0801,C030,completed,0.554,1.0,,2026-10-04T20:00:00
I04788,U0801,C098,viewed,0.272,0.087,,2026-10-04T22:00:00
I04789,U0801,C065,quiz_passed,0.809,1.0,0.627,2026-10-05T00:00:00
I04790,U0801,C067,viewed,0.158,0.024,,2026-10-05T02:00:00
I04791,U0801,C095,completed,0.669,1.0,0.417,2026-10-05T04:00:00
I04792,U0801,C006,completed,0.562,1.0,,2026-10-05T06:00:00
I04793,U0801,C067,completed,0.749,1.0,0.563,2026-10-05T08:00:00
I04794,U0801,C057,quiz_passed,0.756,1.0,0.643,2026-10-05T10:00:00
I04795,U0802,C098,completed,0.727,1.0,0.517,2026-10-05T12:00:00
I04796,U0802,C098,viewed,0.105,0.038,,2026-10-05T14:00:00
I04797,U0802,C088,completed,0.56,1.0,,2026-10-05T16:00:00
I04798,U0802,C064,viewed,0.147,0.03,,2026-10-05T18:00:00
I04799,U0803,C015,quiz_passed,0.922,1.0,0.859,2026-10-05T20:00:00
I04800,U0803,C046,disliked,0.188,0.14,,2026-10-05T22:00:00
I04801,U0803,C030,quiz_passed,0.839,1.0,0.847,2026-10-06T00:00:00
I04802,U0803,C017,quiz_passed,0.858,1.0,0.843,2026-10-06T02:00:00
I04803,U0803,C025,completed,0.541,1.0,,2026-10-06T04:00:00
I04804,U0804,C017,quiz_passed,0.795,1.0,0.632,2026-10-06T06:00:00
I04805,U0804,C076,quiz_passed,0.819,1.0,0.685,2026-10-06T08:00:00
I04806,U0804,C088,completed,0.57,1.0,,2026-10-06T10:00:00
I04807,U0805,C064,disliked,0.371,0.13,0.39,2026-10-06T12:00:00
I04808,U0805,C051,quiz_passed,0.806,1.0,0.679,2026-10-06T14:00:00
I04809,U0805,C011,viewed,0.154,0.046,,2026-10-06T16:00:00
I04810,U0805,C073,quiz_passed,0.711,1.0,0.608,2026-10-06T18:00:00
I04811,U0805,C028,completed,0.471,1.0,,2026-10-06T20:00:00
I04812,U0805,C091,viewed,0.217,0.03,,2026-10-06T22:00:00
I04813,U0805,C003,completed,0.76,1.0,0.577,2026-10-07T00:00:00
I04814,U0806,C067,disliked,0.22,0.12,,2026-10-07T02:00:00
I04815,U0806,C095,viewed,0.222,0.012,,2026-10-07T04:00:00
I04816,U0806,C030,viewed,0.245,0.015,,2026-10-07T06:00:00
I04817,U0806,C054,viewed,0.146,0.083,,2026-10-07T08:00:00
I04818,U0806,C048,viewed,0.392,0.29,0.429,2026-10-07T10:00:00
I04819,U0807,C015,viewed,0.109,0.006,,2026-10-07T12:00:00
I04820,U0807,C098,viewed,0.147,0.052,,2026-10-07T14:00:00
I04821,U0807,C028,completed,0.546,1.0,,2026-10-07T16:00:00
I04822,U0807,C096,viewed,0.328,0.61,,2026-10-07T18:00:00
I04823,U0807,C025,completed,0.517,1.0,,2026-10-07T20:00:00
I04824,U0807,C042,completed,0.726,1.0,0.633,2026-10-07T22:00:00
I04825,U0807,C003,viewed,0.358,0.58,,2026-10-08T00:00:00
I04826,U0808,C067,quiz_passed,0.812,1.0,0.799,2026-10-08T02:00:00
I04827,U0808,C096,viewed,0.15,0.055,,2026-10-08T04:00:00
I04828,U0808,C057,completed,0.483,1.0,,2026-10-08T06:00:00
I04829,U0808,C006,completed,0.856,1.0,0.766,2026-10-08T08:00:00
I04830,U0808,C098,quiz_passed,0.816,1.0,0.627,2026-10-08T10:00:00
I04831,U0808,C095,completed,0.711,1.0,0.585,2026-10-08T12:00:00
I04832,U0808,C098,viewed,0.13,0.091,,2026-10-08T14:00:00
I04833,U0809,C050,completed,0.522,1.0,,2026-10-08T16:00:00
I04834,U0809,C067,completed,0.826,1.0,0.619,2026-10-08T18:00:00
I04835,U0809,C064,completed,0.759,1.0,0.587,2026-10-08T20:00:00
I04836,U0809,C025,quiz_passed,0.789,1.0,0.67,2026-10-08T22:00:00
I04837,U0809,C049,viewed,0.492,0.51,0.329,2026-10-09T00:00:00
I04838,U0809,C072,viewed,0.404,0.28,0.318,2026-10-09T02:00:00
I04839,U0809,C009,disliked,0.288,0.02,0.327,2026-10-09T04:00:00
I04840,U0809,C006,quiz_passed,0.822,1.0,0.644,2026-10-09T06:00:00
I04841,U0810,C064,completed,0.494,1.0,,2026-10-09T08:00:00
I04842,U0810,C076,completed,0.549,1.0,,2026-10-09T10:00:00
I04843,U0810,C076,completed,0.872,1.0,0.846,2026-10-09T12:00:00
I04844,U0810,C025,quiz_passed,0.829,1.0,0.861,2026-10-09T14:00:00
I04845,U0811,C099,completed,0.731,1.0,0.505,2026-10-09T16:00:00
I04846,U0811,C048,completed,0.804,1.0,0.592,2026-10-09T18:00:00
I04847,U0811,C018,viewed,0.148,0.072,,2026-10-09T20:00:00
I04848,U0811,C061,quiz_passed,0.831,1.0,0.671,2026-10-09T22:00:00
I04849,U0811,C028,viewed,0.186,0.043,,2026-10-10T00:00:00
I04850,U0812,C050,completed,0.491,1.0,,2026-10-10T02:00:00
I04851,U0812,C003,viewed,0.246,0.07,,2026-10-10T04:00:00
I04852,U0812,C001,quiz_passed,0.776,1.0,0.755,2026-10-10T06:00:00
I04853,U0812,C076,completed,0.566,1.0,,2026-10-10T08:00:00
I04854,U0812,C046,viewed,0.208,0.086,,2026-10-10T10:00:00
I04855,U0812,C046,completed,0.768,1.0,0.538,2026-10-10T12:00:00
I04856,U0812,C005,viewed,0.289,0.44,,2026-10-10T14:00:00
I04857,U0812,C081,quiz_passed,0.79,1.0,0.632,2026-10-10T16:00:00
I04858,U0812,C005,completed,0.555,1.0,,2026-10-10T18:00:00
I04859,U0812,C091,completed,0.497,1.0,,2026-10-10T20:00:00
I04860,U0813,C096,viewed,0.258,0.031,,2026-10-10T22:00:00
I04861,U0813,C099,completed,0.638,1.0,0.394,2026-10-11T00:00:00
I04862,U0813,C025,completed,0.559,1.0,,2026-10-11T02:00:00
I04863,U0813,C064,viewed,0.492,0.43,0.39,2026-10-11T04:00:00
I04864,U0814,C099,viewed,0.498,0.41,0.435,2026-10-11T06:00:00
I04865,U0814,C071,viewed,0.385,0.66,,2026-10-11T08:00:00
I04866,U0814,C029,quiz_passed,0.871,1.0,0.757,2026-10-11T10:00:00
I04867,U0814,C013,completed,0.498,1.0,,2026-10-11T12:00:00
I04868,U0814,C043,completed,0.514,1.0,,2026-10-11T14:00:00
I04869,U0814,C090,quiz_passed,0.822,1.0,0.694,2026-10-11T16:00:00
I04870,U0815,C002,completed,0.506,1.0,,2026-10-11T18:00:00
I04871,U0815,C053,quiz_passed,0.885,1.0,0.776,2026-10-11T20:00:00
I04872,U0815,C013,completed,0.513,1.0,,2026-10-11T22:00:00
I04873,U0815,C075,quiz_passed,0.801,1.0,0.698,2026-10-12T00:00:00
I04874,U0816,C054,completed,0.49,1.0,,2026-10-12T02:00:00
I04875,U0816,C048,completed,0.552,1.0,,2026-10-12T04:00:00
I04876,U0816,C053,quiz_passed,0.813,1.0,0.649,2026-10-12T06:00:00
I04877,U0816,C095,viewed,0.166,0.051,,2026-10-12T08:00:00
I04878,U0816,C042,viewed,0.474,0.52,0.328,2026-10-12T10:00:00
I04879,U0816,C043,quiz_passed,0.706,1.0,0.606,2026-10-12T12:00:00
I04880,U0817,C053,quiz_passed,0.809,1.0,0.65,2026-10-12T14:00:00
I04881,U0817,C025,viewed,0.425,0.3,0.367,2026-10-12T16:00:00
I04882,U0817,C099,viewed,0.332,0.43,,2026-10-12T18:00:00
I04883,U0817,C082,completed,0.533,1.0,,2026-10-12T20:00:00
I04884,U0817,C098,viewed,0.255,0.031,,2026-10-12T22:00:00
I04885,U0817,C061,viewed,0.359,0.25,0.362,2026-10-13T00:00:00
I04886,U0817,C095,viewed,0.117,0.021,,2026-10-13T02:00:00
I04887,U0818,C066,completed,0.557,1.0,,2026-10-13T04:00:00
I04888,U0818,C048,completed,0.514,1.0,,2026-10-13T06:00:00
I04889,U0818,C098,quiz_passed,0.785,1.0,0.663,2026-10-13T08:00:00
I04890,U0818,C028,quiz_passed,0.818,1.0,0.714,2026-10-13T10:00:00
I04891,U0818,C030,completed,0.827,1.0,0.783,2026-10-13T12:00:00
I04892,U0818,C098,quiz_passed,0.796,1.0,0.654,2026-10-13T14:00:00
I04893,U0818,C003,completed,0.537,1.0,,2026-10-13T16:00:00
I04894,U0818,C046,completed,0.499,1.0,,2026-10-13T18:00:00
I04895,U0819,C047,quiz_passed,0.815,1.0,0.66,2026-10-13T20:00:00
I04896,U0819,C071,completed,0.731,1.0,0.571,2026-10-13T22:00:00
I04897,U0819,C075,viewed,0.186,0.092,,2026-10-14T00:00:00
I04898,U0819,C018,completed,0.554,1.0,,2026-10-14T02:00:00
I04899,U0819,C073,completed,0.502,1.0,,2026-10-14T04:00:00
I04900,U0819,C028,completed,0.75,1.0,0.569,2026-10-14T06:00:00
I04901,U0819,C025,completed,0.515,1.0,,2026-10-14T08:00:00
I04902,U0819,C058,completed,0.533,1.0,,2026-10-14T10:00:00
I04903,U0819,C075,completed,0.483,1.0,,2026-10-14T12:00:00
I04904,U0820,C016,viewed,0.508,0.57,0.409,2026-10-14T14:00:00
I04905,U0820,C099,completed,0.563,1.0,,2026-10-14T16:00:00
I04906,U0820,C065,disliked,0.221,0.01,0.374,2026-10-14T18:00:00
I04907,U0820,C053,viewed,0.385,0.31,0.33,2026-10-14T20:00:00
I04908,U0820,C003,viewed,0.28,0.04,,2026-10-14T22:00:00
I04909,U0820,C005,viewed,0.258,0.022,,2026-10-15T00:00:00
I04910,U0820,C090,viewed,0.227,0.078,,2026-10-15T02:00:00
I04911,U0820,C044,viewed,0.236,0.038,,2026-10-15T04:00:00
I04912,U0820,C001,quiz_passed,0.768,1.0,0.659,2026-10-15T06:00:00
I04913,U0820,C081,viewed,0.104,0.01,,2026-10-15T08:00:00
I04914,U0820,C030,completed,0.469,1.0,,2026-10-15T10:00:00
I04915,U0821,C096,completed,0.803,1.0,0.593,2026-10-15T12:00:00
I04916,U0821,C066,completed,0.838,1.0,0.806,2026-10-15T14:00:00
I04917,U0821,C008,completed,0.8,1.0,0.753,2026-10-15T16:00:00
I04918,U0821,C064,quiz_passed,0.792,1.0,0.703,2026-10-15T18:00:00
I04919,U0821,C050,quiz_passed,0.793,1.0,0.794,2026-10-15T20:00:00
I04920,U0821,C075,completed,0.552,1.0,,2026-10-15T22:00:00
I04921,U0821,C044,disliked,0.316,0.13,0.448,2026-10-16T00:00:00
I04922,U0822,C099,viewed,0.245,0.001,,2026-10-16T02:00:00
I04923,U0822,C053,completed,0.803,1.0,0.586,2026-10-16T04:00:00
I04924,U0822,C053,completed,0.72,1.0,0.648,2026-10-16T06:00:00
I04925,U0822,C011,quiz_passed,0.812,1.0,0.697,2026-10-16T08:00:00
I04926,U0822,C095,completed,0.651,1.0,0.435,2026-10-16T10:00:00
I04927,U0822,C096,completed,0.541,1.0,,2026-10-16T12:00:00
I04928,U0822,C017,viewed,0.467,0.49,0.401,2026-10-16T14:00:00
I04929,U0822,C050,viewed,0.524,0.7,0.428,2026-10-16T16:00:00
I04930,U0823,C029,viewed,0.4,0.26,0.423,2026-10-16T18:00:00
I04931,U0823,C095,viewed,0.259,0.003,,2026-10-16T20:00:00
I04932,U0823,C092,viewed,0.24,0.058,,2026-10-16T22:00:00
I04933,U0823,C096,viewed,0.145,0.084,,2026-10-17T00:00:00
I04934,U0823,C071,viewed,0.303,0.27,0.334,2026-10-17T02:00:00
I04935,U0824,C082,quiz_passed,0.782,1.0,0.758,2026-10-17T04:00:00
I04936,U0824,C071,completed,0.799,1.0,0.729,2026-10-17T06:00:00
I04937,U0824,C046,viewed,0.318,0.61,,2026-10-17T08:00:00
I04938,U0824,C043,viewed,0.231,0.093,,2026-10-17T10:00:00
I04939,U0825,C015,disliked,0.35,0.04,0.414,2026-10-17T12:00:00
I04940,U0825,C028,completed,0.502,1.0,,2026-10-17T14:00:00
I04941,U0825,C076,viewed,0.263,0.051,,2026-10-17T16:00:00
I04942,U0825,C066,completed,0.562,1.0,,2026-10-17T18:00:00
I04943,U0825,C028,completed,0.8,1.0,0.587,2026-10-17T20:00:00
I04944,U0825,C091,quiz_passed,0.736,1.0,0.681,2026-10-17T22:00:00
I04945,U0826,C067,quiz_passed,0.927,1.0,0.877,2026-10-18T00:00:00
I04946,U0826,C099,viewed,0.34,0.46,,2026-10-18T02:00:00
I04947,U0826,C017,completed,0.523,1.0,,2026-10-18T04:00:00
I04948,U0826,C066,quiz_passed,0.827,1.0,0.875,2026-10-18T06:00:00
I04949,U0826,C082,quiz_passed,0.801,1.0,0.818,2026-10-18T08:00:00
I04950,U0827,C076,completed,0.566,1.0,,2026-10-18T10:00:00
I04951,U0827,C001,quiz_passed,0.764,1.0,0.64,2026-10-18T12:00:00
I04952,U0827,C048,completed,0.548,1.0,,2026-10-18T14:00:00
I04953,U0827,C053,completed,0.576,1.0,,2026-10-18T16:00:00
I04954,U0827,C098,completed,0.66,1.0,0.431,2026-10-18T18:00:00
I04955,U0828,C072,viewed,0.274,0.085,,2026-10-18T20:00:00
I04956,U0828,C092,disliked,0.378,0.17,0.337,2026-10-18T22:00:00
I04957,U0828,C072,viewed,0.118,0.056,,2026-10-19T00:00:00
I04958,U0828,C054,quiz_passed,0.785,1.0,0.665,2026-10-19T02:00:00
I04959,U0828,C009,viewed,0.161,0.049,,2026-10-19T04:00:00
I04960,U0829,C025,viewed,0.209,0.099,,2026-10-19T06:00:00
I04961,U0829,C047,viewed,0.111,0.061,,2026-10-19T08:00:00
I04962,U0829,C064,viewed,0.296,0.007,,2026-10-19T10:00:00
I04963,U0829,C015,viewed,0.39,0.36,0.448,2026-10-19T12:00:00
I04964,U0829,C075,completed,0.523,1.0,,2026-10-19T14:00:00
I04965,U0829,C030,viewed,0.447,0.45,0.42,2026-10-19T16:00:00
I04966,U0829,C047,viewed,0.396,0.41,0.317,2026-10-19T18:00:00
I04967,U0829,C002,disliked,0.208,0.17,,2026-10-19T20:00:00
I04968,U0829,C053,quiz_passed,0.76,1.0,0.685,2026-10-19T22:00:00
I04969,U0830,C088,completed,0.758,1.0,0.573,2026-10-20T00:00:00
I04970,U0830,C099,viewed,0.449,0.57,0.25,2026-10-20T02:00:00
I04971,U0830,C043,disliked,0.136,0.09,,2026-10-20T04:00:00
I04972,U0830,C009,completed,0.475,1.0,,2026-10-20T06:00:00
I04973,U0830,C025,viewed,0.228,0.29,,2026-10-20T08:00:00
I04974,U0830,C017,viewed,0.306,0.47,,2026-10-20T10:00:00
I04975,U0830,C028,viewed,0.36,0.27,0.39,2026-10-20T12:00:00
I04976,U0831,C099,viewed,0.233,0.24,,2026-10-20T14:00:00
I04977,U0831,C002,completed,0.467,1.0,,2026-10-20T16:00:00
I04978,U0831,C029,completed,0.523,1.0,,2026-10-20T18:00:00
I04979,U0831,C046,completed,0.517,1.0,,2026-10-20T20:00:00
I04980,U0831,C065,viewed,0.321,0.64,,2026-10-20T22:00:00
I04981,U0832,C071,completed,0.465,1.0,,2026-10-21T00:00:00
I04982,U0832,C043,completed,0.883,1.0,0.81,2026-10-21T02:00:00
I04983,U0832,C082,viewed,0.286,0.52,,2026-10-21T04:00:00
I04984,U0832,C090,completed,0.527,1.0,,2026-10-21T06:00:00
I04985,U0832,C005,completed,0.575,1.0,,2026-10-21T08:00:00
I04986,U0832,C043,viewed,0.235,0.078,,2026-10-21T10:00:00
I04987,U0832,C048,completed,0.55,1.0,,2026-10-21T12:00:00
I04988,U0832,C005,viewed,0.125,0.09,,2026-10-21T14:00:00
I04989,U0833,C082,completed,0.496,1.0,,2026-10-21T16:00:00
I04990,U0833,C028,viewed,0.287,0.5,,2026-10-21T18:00:00
I04991,U0833,C098,viewed,0.185,0.041,,2026-10-21T20:00:00
I04992,U0833,C064,completed,0.519,1.0,,2026-10-21T22:00:00
I04993,U0834,C057,completed,0.918,1.0,0.859,2026-10-22T00:00:00
I04994,U0834,C073,quiz_passed,0.874,1.0,0.847,2026-10-22T02:00:00
I04995,U0834,C011,completed,0.815,1.0,0.825,2026-10-22T04:00:00
I04996,U0834,C095,quiz_passed,0.803,1.0,0.76,2026-10-22T06:00:00
I04997,U0834,C092,completed,0.476,1.0,,2026-10-22T08:00:00
I04998,U0835,C049,quiz_passed,0.744,1.0,0.628,2026-10-22T10:00:00
I04999,U0835,C080,viewed,0.106,0.041,,2026-10-22T12:00:00
I05000,U0835,C092,completed,0.785,1.0,0.596,2026-10-22T14:00:00
I05001,U0835,C057,completed,0.498,1.0,,2026-10-22T16:00:00
I05002,U0835,C053,quiz_passed,0.792,1.0,0.64,2026-10-22T18:00:00
I05003,U0836,C096,completed,0.738,1.0,0.592,2026-10-22T20:00:00
I05004,U0836,C066,viewed,0.182,0.098,,2026-10-22T22:00:00
I05005,U0836,C067,completed,0.461,1.0,,2026-10-23T00:00:00
I05006,U0836,C095,completed,0.725,1.0,0.618,2026-10-23T02:00:00
I05007,U0836,C067,completed,0.84,1.0,0.734,2026-10-23T04:00:00
I05008,U0836,C015,viewed,0.393,0.25,0.468,2026-10-23T06:00:00
I05009,U0837,C008,quiz_passed,0.887,1.0,0.868,2026-10-23T08:00:00
I05010,U0837,C025,quiz_passed,0.895,1.0,0.82,2026-10-23T10:00:00
I05011,U0837,C076,completed,0.571,1.0,,2026-10-23T12:00:00
I05012,U0838,C098,viewed,0.194,0.02,,2026-10-23T14:00:00
I05013,U0838,C095,disliked,0.308,0.13,0.226,2026-10-23T16:00:00
I05014,U0838,C063,quiz_passed,0.714,1.0,0.624,2026-10-23T18:00:00
I05015,U0838,C035,viewed,0.433,0.47,0.382,2026-10-23T20:00:00
I05016,U0838,C076,viewed,0.14,0.099,,2026-10-23T22:00:00
I05017,U0838,C089,viewed,0.249,0.057,,2026-10-24T00:00:00
I05018,U0839,C098,completed,0.68,1.0,0.452,2026-10-24T02:00:00
I05019,U0839,C063,completed,0.773,1.0,0.551,2026-10-24T04:00:00
I05020,U0839,C091,viewed,0.249,0.29,,2026-10-24T06:00:00
I05021,U0839,C013,completed,0.753,1.0,0.552,2026-10-24T08:00:00
I05022,U0839,C063,viewed,0.43,0.37,0.35,2026-10-24T10:00:00
I05023,U0840,C076,quiz_passed,0.791,1.0,0.702,2026-10-24T12:00:00
I05024,U0840,C082,viewed,0.23,0.058,,2026-10-24T14:00:00
I05025,U0840,C011,disliked,0.27,0.03,0.401,2026-10-24T16:00:00
I05026,U0840,C002,completed,0.811,1.0,0.587,2026-10-24T18:00:00
I05027,U0840,C081,viewed,0.293,0.56,,2026-10-24T20:00:00
I05028,U0840,C028,viewed,0.449,0.54,0.408,2026-10-24T22:00:00
I05029,U0841,C048,completed,0.867,1.0,0.77,2026-10-25T00:00:00
I05030,U0841,C035,completed,0.499,1.0,,2026-10-25T02:00:00
I05031,U0841,C043,completed,0.469,1.0,,2026-10-25T04:00:00
I05032,U0842,C095,completed,0.463,1.0,,2026-10-25T06:00:00
I05033,U0842,C071,viewed,0.252,0.042,,2026-10-25T08:00:00
I05034,U0842,C095,viewed,0.299,0.003,,2026-10-25T10:00:00
I05035,U0842,C025,completed,0.711,1.0,0.599,2026-10-25T12:00:00
I05036,U0842,C099,viewed,0.204,0.024,,2026-10-25T14:00:00
I05037,U0842,C015,completed,0.483,1.0,,2026-10-25T16:00:00
I05038,U0842,C029,viewed,0.174,0.089,,2026-10-25T18:00:00
I05039,U0843,C029,completed,0.54,1.0,,2026-10-25T20:00:00
I05040,U0843,C099,viewed,0.253,0.071,,2026-10-25T22:00:00
I05041,U0843,C049,quiz_passed,0.749,1.0,0.681,2026-10-26T00:00:00
I05042,U0843,C057,completed,0.716,1.0,0.619,2026-10-26T02:00:00
I05043,U0843,C048,quiz_passed,0.713,1.0,0.611,2026-10-26T04:00:00
I05044,U0844,C002,completed,0.494,1.0,,2026-10-26T06:00:00
I05045,U0844,C045,viewed,0.139,0.063,,2026-10-26T08:00:00
I05046,U0844,C095,viewed,0.381,0.4,0.302,2026-10-26T10:00:00
I05047,U0844,C062,completed,0.507,1.0,,2026-10-26T12:00:00
I05048,U0844,C073,completed,0.716,1.0,0.574,2026-10-26T14:00:00
I05049,U0844,C058,completed,0.535,1.0,,2026-10-26T16:00:00
I05050,U0844,C010,completed,0.678,1.0,0.499,2026-10-26T18:00:00
I05051,U0844,C071,completed,0.553,1.0,,2026-10-26T20:00:00
I05052,U0845,C057,disliked,0.426,0.19,0.447,2026-10-26T22:00:00
I05053,U0845,C008,quiz_passed,0.76,1.0,0.606,2026-10-27T00:00:00
I05054,U0845,C048,viewed,0.219,0.015,,2026-10-27T02:00:00
I05055,U0845,C098,viewed,0.162,0.054,,2026-10-27T04:00:00
I05056,U0845,C011,completed,0.51,1.0,,2026-10-27T06:00:00
I05057,U0845,C051,viewed,0.383,0.23,0.414,2026-10-27T08:00:00
I05058,U0846,C063,viewed,0.48,0.53,0.408,2026-10-27T10:00:00
I05059,U0846,C079,completed,0.728,1.0,0.529,2026-10-27T12:00:00
I05060,U0846,C003,completed,0.729,1.0,0.592,2026-10-27T14:00:00
I05061,U0846,C091,completed,0.543,1.0,,2026-10-27T16:00:00
I05062,U0847,C095,completed,0.503,1.0,,2026-10-27T18:00:00
I05063,U0847,C097,quiz_passed,0.861,1.0,0.79,2026-10-27T20:00:00
I05064,U0847,C029,quiz_passed,0.816,1.0,0.804,2026-10-27T22:00:00
I05065,U0847,C048,completed,0.578,1.0,,2026-10-28T00:00:00
I05066,U0847,C003,viewed,0.295,0.027,,2026-10-28T02:00:00
I05067,U0847,C099,viewed,0.156,0.01,,2026-10-28T04:00:00
I05068,U0847,C063,quiz_passed,0.843,1.0,0.725,2026-10-28T06:00:00
I05069,U0847,C054,completed,0.568,1.0,,2026-10-28T08:00:00
I05070,U0847,C015,completed,0.575,1.0,,2026-10-28T10:00:00
I05071,U0847,C090,completed,0.702,1.0,0.568,2026-10-28T12:00:00
I05072,U0847,C046,completed,0.552,1.0,,2026-10-28T14:00:00
I05073,U0848,C003,completed,0.732,1.0,0.573,2026-10-28T16:00:00
I05074,U0848,C010,viewed,0.156,0.059,,2026-10-28T18:00:00
I05075,U0848,C073,viewed,0.358,0.27,0.381,2026-10-28T20:00:00
I05076,U0848,C005,viewed,0.278,0.059,,2026-10-28T22:00:00
I05077,U0848,C005,viewed,0.511,0.62,0.236,2026-10-29T00:00:00
I05078,U0848,C005,completed,0.662,1.0,0.456,2026-10-29T02:00:00
I05079,U0849,C043,quiz_passed,0.773,1.0,0.643,2026-10-29T04:00:00
I05080,U0849,C090,viewed,0.332,0.45,,2026-10-29T06:00:00
I05081,U0849,C066,completed,0.746,1.0,0.647,2026-10-29T08:00:00
I05082,U0849,C051,completed,0.505,1.0,,2026-10-29T10:00:00
I05083,U0849,C045,disliked,0.196,0.07,0.199,2026-10-29T12:00:00
I05084,U0850,C057,completed,0.835,1.0,0.656,2026-10-29T14:00:00
I05085,U0850,C095,viewed,0.445,0.44,0.263,2026-10-29T16:00:00
I05086,U0850,C002,completed,0.538,1.0,,2026-10-29T18:00:00
I05087,U0850,C047,completed,0.481,1.0,,2026-10-29T20:00:00
I05088,U0850,C088,viewed,0.231,0.099,,2026-10-29T22:00:00
I05089,U0851,C029,completed,0.516,1.0,,2026-10-30T00:00:00
I05090,U0851,C003,quiz_passed,0.859,1.0,0.737,2026-10-30T02:00:00
I05091,U0851,C081,completed,0.778,1.0,0.682,2026-10-30T04:00:00
I05092,U0851,C073,completed,0.832,1.0,0.716,2026-10-30T06:00:00
I05093,U0851,C029,quiz_passed,0.875,1.0,0.779,2026-10-30T08:00:00
I05094,U0851,C013,viewed,0.261,0.001,,2026-10-30T10:00:00
I05095,U0851,C082,completed,0.525,1.0,,2026-10-30T12:00:00
I05096,U0851,C045,viewed,0.147,0.044,,2026-10-30T14:00:00
I05097,U0852,C057,quiz_passed,0.809,1.0,0.649,2026-10-30T16:00:00
I05098,U0852,C061,quiz_passed,0.728,1.0,0.637,2026-10-30T18:00:00
I05099,U0852,C030,disliked,0.345,0.16,0.387,2026-10-30T20:00:00
I05100,U0852,C013,disliked,0.292,0.15,0.209,2026-10-30T22:00:00
I05101,U0852,C096,completed,0.511,1.0,,2026-10-31T00:00:00
I05102,U0852,C096,disliked,0.148,0.08,,2026-10-31T02:00:00
I05103,U0852,C058,viewed,0.112,0.02,,2026-10-31T04:00:00
I05104,U0852,C061,quiz_passed,0.817,1.0,0.633,2026-10-31T06:00:00
I05105,U0852,C002,completed,0.777,1.0,0.598,2026-10-31T08:00:00
I05106,U0852,C006,completed,0.516,1.0,,2026-10-31T10:00:00
I05107,U0853,C099,completed,0.549,1.0,,2026-10-31T12:00:00
I05108,U0853,C098,completed,0.544,1.0,,2026-10-31T14:00:00
I05109,U0853,C051,quiz_passed,0.839,1.0,0.753,2026-10-31T16:00:00
I05110,U0853,C046,completed,0.752,1.0,0.521,2026-10-31T18:00:00
I05111,U0854,C047,disliked,0.173,0.11,,2026-10-31T20:00:00
I05112,U0854,C096,viewed,0.259,0.009,,2026-10-31T22:00:00
I05113,U0854,C099,viewed,0.187,0.05,,2026-11-01T00:00:00
I05114,U0854,C054,completed,0.544,1.0,,2026-11-01T02:00:00
I05115,U0854,C076,quiz_passed,0.777,1.0,0.674,2026-11-01T04:00:00
I05116,U0854,C018,completed,0.504,1.0,,2026-11-01T06:00:00
I05117,U0854,C050,quiz_passed,0.789,1.0,0.653,2026-11-01T08:00:00
I05118,U0855,C061,viewed,0.149,0.061,,2026-11-01T10:00:00
I05119,U0855,C048,completed,0.811,1.0,0.593,2026-11-01T12:00:00
I05120,U0855,C099,completed,0.493,1.0,,2026-11-01T14:00:00
I05121,U0855,C098,viewed,0.334,0.34,0.218,2026-11-01T16:00:00
I05122,U0855,C095,completed,0.492,1.0,,2026-11-01T18:00:00
I05123,U0855,C051,completed,0.565,1.0,,2026-11-01T20:00:00
I05124,U0856,C095,completed,0.847,1.0,0.785,2026-11-01T22:00:00
I05125,U0856,C095,viewed,0.128,0.058,,2026-11-02T00:00:00
I05126,U0856,C025,completed,0.481,1.0,,2026-11-02T02:00:00
I05127,U0856,C035,completed,0.529,1.0,,2026-11-02T04:00:00
I05128,U0856,C053,completed,0.494,1.0,,2026-11-02T06:00:00
I05129,U0856,C051,completed,0.565,1.0,,2026-11-02T08:00:00
I05130,U0856,C015,completed,0.876,1.0,0.868,2026-11-02T10:00:00
I05131,U0856,C079,completed,0.523,1.0,,2026-11-02T12:00:00
I05132,U0856,C050,viewed,0.385,0.67,,2026-11-02T14:00:00
I05133,U0857,C003,completed,0.47,1.0,,2026-11-02T16:00:00
I05134,U0857,C046,viewed,0.27,0.3,,2026-11-02T18:00:00
I05135,U0857,C045,quiz_passed,0.888,1.0,0.808,2026-11-02T20:00:00
I05136,U0857,C073,completed,0.542,1.0,,2026-11-02T22:00:00
I05137,U0857,C018,completed,0.539,1.0,,2026-11-03T00:00:00
I05138,U0857,C091,completed,0.839,1.0,0.885,2026-11-03T02:00:00
I05139,U0858,C082,completed,0.756,1.0,0.731,2026-11-03T04:00:00
I05140,U0858,C003,completed,0.787,1.0,0.75,2026-11-03T06:00:00
I05141,U0858,C090,viewed,0.273,0.4,,2026-11-03T08:00:00
I05142,U0858,C065,quiz_passed,0.835,1.0,0.775,2026-11-03T10:00:00
I05143,U0858,C028,quiz_passed,0.86,1.0,0.728,2026-11-03T12:00:00
I05144,U0858,C099,viewed,0.285,0.034,,2026-11-03T14:00:00
I05145,U0858,C010,completed,0.476,1.0,,2026-11-03T16:00:00
I05146,U0858,C002,quiz_passed,0.814,1.0,0.787,2026-11-03T18:00:00
I05147,U0858,C029,quiz_passed,0.773,1.0,0.717,2026-11-03T20:00:00
I05148,U0858,C075,completed,0.782,1.0,0.592,2026-11-03T22:00:00
I05149,U0859,C062,completed,0.515,1.0,,2026-11-04T00:00:00
I05150,U0859,C067,disliked,0.182,0.02,,2026-11-04T02:00:00
I05151,U0859,C071,viewed,0.244,0.01,,2026-11-04T04:00:00
I05152,U0859,C054,completed,0.5,1.0,,2026-11-04T06:00:00
I05153,U0859,C043,quiz_passed,0.828,1.0,0.703,2026-11-04T08:00:00
I05154,U0859,C066,completed,0.465,1.0,,2026-11-04T10:00:00
I05155,U0860,C017,quiz_passed,0.818,1.0,0.847,2026-11-04T12:00:00
I05156,U0860,C098,quiz_passed,0.873,1.0,0.751,2026-11-04T14:00:00
I05157,U0860,C047,quiz_passed,0.917,1.0,0.878,2026-11-04T16:00:00
I05158,U0860,C096,completed,0.567,1.0,,2026-11-04T18:00:00
I05159,U0860,C099,completed,0.821,1.0,0.735,2026-11-04T20:00:00
I05160,U0860,C098,quiz_passed,0.794,1.0,0.695,2026-11-04T22:00:00
I05161,U0860,C003,quiz_passed,0.83,1.0,0.826,2026-11-05T00:00:00
I05162,U0861,C076,viewed,0.313,0.6,,2026-11-05T02:00:00
I05163,U0861,C071,quiz_passed,0.889,1.0,0.842,2026-11-05T04:00:00
I05164,U0861,C066,quiz_passed,0.838,1.0,0.811,2026-11-05T06:00:00
I05165,U0861,C090,quiz_passed,0.776,1.0,0.762,2026-11-05T08:00:00
I05166,U0861,C081,completed,0.562,1.0,,2026-11-05T10:00:00
I05167,U0861,C057,completed,0.502,1.0,,2026-11-05T12:00:00
I05168,U0861,C030,quiz_passed,0.58,0.52,0.63,2026-11-05T14:00:00
I05169,U0861,C051,viewed,0.371,0.68,,2026-11-05T16:00:00
I05170,U0862,C030,quiz_passed,0.803,1.0,0.712,2026-11-05T18:00:00
I05171,U0862,C051,completed,0.461,1.0,,2026-11-05T20:00:00
I05172,U0862,C091,completed,0.551,1.0,,2026-11-05T22:00:00
I05173,U0862,C071,completed,0.874,1.0,0.737,2026-11-06T00:00:00
I05174,U0862,C057,completed,0.522,1.0,,2026-11-06T02:00:00
I05175,U0862,C075,completed,0.525,1.0,,2026-11-06T04:00:00
I05176,U0862,C048,viewed,0.603,0.64,0.536,2026-11-06T06:00:00
I05177,U0862,C096,completed,0.466,1.0,,2026-11-06T08:00:00
I05178,U0863,C095,completed,0.462,1.0,,2026-11-06T10:00:00
I05179,U0863,C098,viewed,0.139,0.039,,2026-11-06T12:00:00
I05180,U0863,C001,quiz_passed,0.784,1.0,0.694,2026-11-06T14:00:00
I05181,U0863,C062,disliked,0.264,0.06,0.449,2026-11-06T16:00:00
I05182,U0863,C066,quiz_passed,0.793,1.0,0.652,2026-11-06T18:00:00
I05183,U0863,C058,viewed,0.492,0.6,0.344,2026-11-06T20:00:00
I05184,U0863,C067,completed,0.488,1.0,,2026-11-06T22:00:00
I05185,U0864,C058,disliked,0.372,0.08,0.431,2026-11-07T00:00:00
I05186,U0864,C099,completed,0.51,1.0,,2026-11-07T02:00:00
I05187,U0864,C098,completed,0.499,1.0,,2026-11-07T04:00:00
I05188,U0864,C019,viewed,0.101,0.02,,2026-11-07T06:00:00
I05189,U0864,C042,viewed,0.172,0.027,,2026-11-07T08:00:00
I05190,U0864,C096,viewed,0.236,0.013,,2026-11-07T10:00:00
I05191,U0864,C072,viewed,0.297,0.033,,2026-11-07T12:00:00
I05192,U0865,C092,completed,0.471,1.0,,2026-11-07T14:00:00
I05193,U0865,C071,quiz_passed,0.855,1.0,0.736,2026-11-07T16:00:00
I05194,U0865,C045,quiz_passed,0.816,1.0,0.665,2026-11-07T18:00:00
I05195,U0865,C013,completed,0.525,1.0,,2026-11-07T20:00:00
I05196,U0865,C081,completed,0.486,1.0,,2026-11-07T22:00:00
I05197,U0865,C092,completed,0.475,1.0,,2026-11-08T00:00:00
I05198,U0865,C005,quiz_passed,0.763,1.0,0.699,2026-11-08T02:00:00
I05199,U0866,C003,quiz_passed,0.762,1.0,0.7,2026-11-08T04:00:00
I05200,U0866,C035,completed,0.839,1.0,0.665,2026-11-08T06:00:00
I05201,U0866,C073,viewed,0.35,0.65,,2026-11-08T08:00:00
I05202,U0866,C004,viewed,0.436,0.62,0.271,2026-11-08T10:00:00
I05203,U0866,C092,viewed,0.107,0.087,,2026-11-08T12:00:00
I05204,U0866,C005,viewed,0.253,0.002,,2026-11-08T14:00:00
I05205,U0867,C050,completed,0.521,1.0,,2026-11-08T16:00:00
I05206,U0867,C025,completed,0.731,1.0,0.567,2026-11-08T18:00:00
I05207,U0867,C088,completed,0.536,1.0,,2026-11-08T20:00:00
I05208,U0867,C072,completed,0.757,1.0,0.621,2026-11-08T22:00:00
I05209,U0867,C066,quiz_passed,0.809,1.0,0.682,2026-11-09T00:00:00
I05210,U0868,C099,viewed,0.181,0.083,,2026-11-09T02:00:00
I05211,U0868,C042,completed,0.769,1.0,0.585,2026-11-09T04:00:00
I05212,U0868,C048,completed,0.767,1.0,0.679,2026-11-09T06:00:00
I05213,U0868,C096,viewed,0.422,0.59,0.296,2026-11-09T08:00:00
I05214,U0868,C042,completed,0.504,1.0,,2026-11-09T10:00:00
I05215,U0868,C098,completed,0.721,1.0,0.399,2026-11-09T12:00:00
I05216,U0869,C099,viewed,0.309,0.21,0.241,2026-11-09T14:00:00
I05217,U0869,C003,completed,0.528,1.0,,2026-11-09T16:00:00
I05218,U0869,C010,completed,0.753,1.0,0.484,2026-11-09T18:00:00
I05219,U0869,C005,viewed,0.27,0.086,,2026-11-09T20:00:00
I05220,U0869,C075,completed,0.575,1.0,,2026-11-09T22:00:00
I05221,U0869,C058,viewed,0.326,0.6,,2026-11-10T00:00:00
I05222,U0870,C011,quiz_passed,0.899,1.0,0.869,2026-11-10T02:00:00
I05223,U0870,C065,completed,0.472,1.0,,2026-11-10T04:00:00
I05224,U0870,C054,quiz_passed,0.862,1.0,0.866,2026-11-10T06:00:00
I05225,U0870,C053,completed,0.505,1.0,,2026-11-10T08:00:00
I05226,U0870,C057,quiz_passed,0.92,1.0,0.884,2026-11-10T10:00:00
I05227,U0871,C006,quiz_passed,0.724,1.0,0.637,2026-11-10T12:00:00
I05228,U0871,C018,disliked,0.114,0.07,,2026-11-10T14:00:00
I05229,U0871,C088,completed,0.731,1.0,0.584,2026-11-10T16:00:00
I05230,U0871,C002,quiz_passed,0.777,1.0,0.672,2026-11-10T18:00:00
I05231,U0871,C044,viewed,0.155,0.08,,2026-11-10T20:00:00
I05232,U0871,C076,completed,0.543,1.0,,2026-11-10T22:00:00
I05233,U0872,C065,completed,0.508,1.0,,2026-11-11T00:00:00
I05234,U0872,C076,completed,0.561,1.0,,2026-11-11T02:00:00
I05235,U0872,C018,quiz_passed,0.86,1.0,0.704,2026-11-11T04:00:00
I05236,U0872,C082,quiz_passed,0.838,1.0,0.764,2026-11-11T06:00:00
I05237,U0872,C015,completed,0.874,1.0,0.8,2026-11-11T08:00:00
I05238,U0872,C092,viewed,0.157,0.006,,2026-11-11T10:00:00
I05239,U0872,C065,quiz_passed,0.853,1.0,0.784,2026-11-11T12:00:00
I05240,U0872,C054,viewed,0.368,0.49,,2026-11-11T14:00:00
I05241,U0873,C064,completed,0.56,1.0,,2026-11-11T16:00:00
I05242,U0873,C042,quiz_passed,0.785,1.0,0.758,2026-11-11T18:00:00
I05243,U0873,C011,viewed,0.134,0.042,,2026-11-11T20:00:00
I05244,U0873,C053,viewed,0.448,0.22,0.541,2026-11-11T22:00:00
I05245,U0873,C042,completed,0.501,1.0,,2026-11-12T00:00:00
I05246,U0873,C096,disliked,0.125,0.07,,2026-11-12T02:00:00
I05247,U0873,C042,disliked,0.348,0.04,0.544,2026-11-12T04:00:00
I05248,U0874,C048,quiz_passed,0.911,1.0,0.885,2026-11-12T06:00:00
I05249,U0874,C029,viewed,0.354,0.6,,2026-11-12T08:00:00
I05250,U0874,C092,completed,0.844,1.0,0.842,2026-11-12T10:00:00
I05251,U0874,C095,quiz_passed,0.758,1.0,0.724,2026-11-12T12:00:00
I05252,U0874,C076,quiz_passed,0.867,1.0,0.848,2026-11-12T14:00:00
I05253,U0874,C076,completed,0.891,1.0,0.828,2026-11-12T16:00:00
I05254,U0875,C098,completed,0.721,1.0,0.56,2026-11-12T18:00:00
I05255,U0875,C016,viewed,0.494,0.54,0.467,2026-11-12T20:00:00
I05256,U0875,C091,quiz_passed,0.807,1.0,0.71,2026-11-12T22:00:00
I05257,U0875,C010,viewed,0.27,0.069,,2026-11-13T00:00:00
I05258,U0875,C067,viewed,0.299,0.06,,2026-11-13T02:00:00
I05259,U0875,C075,quiz_passed,0.829,1.0,0.65,2026-11-13T04:00:00
I05260,U0875,C015,quiz_passed,0.899,1.0,0.809,2026-11-13T06:00:00
I05261,U0875,C044,completed,0.798,1.0,0.649,2026-11-13T08:00:00
I05262,U0875,C076,quiz_passed,0.858,1.0,0.751,2026-11-13T10:00:00
I05263,U0875,C061,completed,0.539,1.0,,2026-11-13T12:00:00
I05264,U0876,C057,completed,0.521,1.0,,2026-11-13T14:00:00
I05265,U0876,C006,completed,0.579,1.0,,2026-11-13T16:00:00
I05266,U0876,C082,completed,0.52,1.0,,2026-11-13T18:00:00
I05267,U0876,C099,viewed,0.335,0.61,,2026-11-13T20:00:00
I05268,U0876,C073,viewed,0.291,0.36,,2026-11-13T22:00:00
I05269,U0876,C092,completed,0.827,1.0,0.887,2026-11-14T00:00:00
I05270,U0877,C098,viewed,0.298,0.47,,2026-11-14T02:00:00
I05271,U0877,C096,viewed,0.198,0.083,,2026-11-14T04:00:00
I05272,U0877,C018,quiz_passed,0.752,1.0,0.685,2026-11-14T06:00:00
I05273,U0877,C006,completed,0.55,1.0,,2026-11-14T08:00:00
I05274,U0878,C001,quiz_passed,0.863,1.0,0.759,2026-11-14T10:00:00
I05275,U0878,C082,completed,0.514,1.0,,2026-11-14T12:00:00
I05276,U0878,C091,completed,0.508,1.0,,2026-11-14T14:00:00
I05277,U0878,C092,completed,0.541,1.0,,2026-11-14T16:00:00
I05278,U0878,C073,disliked,0.099,0.02,,2026-11-14T18:00:00
I05279,U0879,C003,completed,0.48,1.0,,2026-11-14T20:00:00
I05280,U0879,C062,quiz_passed,0.855,1.0,0.703,2026-11-14T22:00:00
I05281,U0879,C075,quiz_passed,0.716,1.0,0.618,2026-11-15T00:00:00
I05282,U0879,C036,completed,0.74,1.0,0.605,2026-11-15T02:00:00
I05283,U0879,C073,quiz_passed,0.766,1.0,0.721,2026-11-15T04:00:00
I05284,U0879,C088,viewed,0.211,0.007,,2026-11-15T06:00:00
I05285,U0879,C061,completed,0.537,1.0,,2026-11-15T08:00:00
I05286,U0879,C090,completed,0.731,1.0,0.584,2026-11-15T10:00:00
I05287,U0880,C030,completed,0.533,1.0,,2026-11-15T12:00:00
I05288,U0880,C011,viewed,0.116,0.073,,2026-11-15T14:00:00
I05289,U0880,C098,quiz_passed,0.749,1.0,0.613,2026-11-15T16:00:00
I05290,U0880,C016,viewed,0.437,0.31,0.531,2026-11-15T18:00:00
I05291,U0880,C043,completed,0.467,1.0,,2026-11-15T20:00:00
I05292,U0881,C096,completed,0.566,1.0,,2026-11-15T22:00:00
I05293,U0881,C054,completed,0.9,1.0,0.879,2026-11-16T00:00:00
I05294,U0881,C098,completed,0.518,1.0,,2026-11-16T02:00:00
I05295,U0881,C099,completed,0.529,1.0,,2026-11-16T04:00:00
I05296,U0881,C066,completed,0.552,1.0,,2026-11-16T06:00:00
I05297,U0882,C030,viewed,0.477,0.26,0.569,2026-11-16T08:00:00
I05298,U0882,C043,completed,0.52,1.0,,2026-11-16T10:00:00
I05299,U0882,C073,quiz_passed,0.87,1.0,0.77,2026-11-16T12:00:00
I05300,U0882,C072,quiz_passed,0.758,1.0,0.714,2026-11-16T14:00:00
I05301,U0882,C048,quiz_passed,0.868,1.0,0.749,2026-11-16T16:00:00
I05302,U0882,C081,quiz_passed,0.817,1.0,0.61,2026-11-16T18:00:00
I05303,U0882,C081,quiz_passed,0.776,1.0,0.679,2026-11-16T20:00:00
I05304,U0883,C096,viewed,0.156,0.051,,2026-11-16T22:00:00
I05305,U0883,C011,completed,0.879,1.0,0.795,2026-11-17T00:00:00
I05306,U0883,C096,viewed,0.15,0.084,,2026-11-17T02:00:00
I05307,U0883,C011,quiz_passed,0.77,1.0,0.755,2026-11-17T04:00:00
I05308,U0883,C082,disliked,0.16,0.16,,2026-11-17T06:00:00
I05309,U0883,C067,quiz_passed,0.792,1.0,0.749,2026-11-17T08:00:00
I05310,U0883,C047,viewed,0.265,0.079,,2026-11-17T10:00:00
I05311,U0883,C091,viewed,0.187,0.016,,2026-11-17T12:00:00
I05312,U0883,C071,quiz_passed,0.813,1.0,0.764,2026-11-17T14:00:00
I05313,U0883,C065,viewed,0.565,0.64,0.515,2026-11-17T16:00:00
I05314,U0884,C067,viewed,0.351,0.51,,2026-11-17T18:00:00
I05315,U0884,C096,quiz_passed,0.833,1.0,0.644,2026-11-17T20:00:00
I05316,U0884,C076,completed,0.556,1.0,,2026-11-17T22:00:00
I05317,U0884,C011,viewed,0.323,0.56,,2026-11-18T00:00:00
I05318,U0884,C045,disliked,0.217,0.04,0.346,2026-11-18T02:00:00
I05319,U0884,C046,viewed,0.422,0.61,,2026-11-18T04:00:00
I05320,U0885,C065,completed,0.521,1.0,,2026-11-18T06:00:00
I05321,U0885,C054,viewed,0.281,0.015,,2026-11-18T08:00:00
I05322,U0885,C049,viewed,0.322,0.58,,2026-11-18T10:00:00
I05323,U0885,C096,viewed,0.272,0.003,,2026-11-18T12:00:00
I05324,U0885,C071,completed,0.784,1.0,0.587,2026-11-18T14:00:00
I05325,U0885,C076,disliked,0.23,0.16,,2026-11-18T16:00:00
I05326,U0885,C053,viewed,0.293,0.044,,2026-11-18T18:00:00
I05327,U0885,C005,completed,0.524,1.0,,2026-11-18T20:00:00
I05328,U0886,C095,completed,0.528,1.0,,2026-11-18T22:00:00
I05329,U0886,C001,completed,0.46,1.0,,2026-11-19T00:00:00
I05330,U0886,C005,completed,0.56,1.0,,2026-11-19T02:00:00
I05331,U0886,C075,completed,0.519,1.0,,2026-11-19T04:00:00
I05332,U0887,C042,completed,0.812,1.0,0.869,2026-11-19T06:00:00
I05333,U0887,C091,quiz_passed,0.518,0.23,0.693,2026-11-19T08:00:00
I05334,U0887,C090,quiz_passed,0.835,1.0,0.784,2026-11-19T10:00:00
I05335,U0887,C002,completed,0.811,1.0,0.854,2026-11-19T12:00:00
I05336,U0887,C046,completed,0.718,1.0,0.57,2026-11-19T14:00:00
I05337,U0887,C074,completed,0.524,1.0,,2026-11-19T16:00:00
I05338,U0887,C005,completed,0.557,1.0,,2026-11-19T18:00:00
I05339,U0888,C095,viewed,0.377,0.51,0.247,2026-11-19T20:00:00
I05340,U0888,C099,viewed,0.171,0.068,,2026-11-19T22:00:00
I05341,U0888,C098,viewed,0.218,0.21,,2026-11-20T00:00:00
I05342,U0888,C051,completed,0.564,1.0,,2026-11-20T02:00:00
I05343,U0888,C061,completed,0.562,1.0,,2026-11-20T04:00:00
I05344,U0888,C090,viewed,0.265,0.043,,2026-11-20T06:00:00
I05345,U0889,C096,quiz_passed,0.818,1.0,0.687,2026-11-20T08:00:00
I05346,U0889,C048,quiz_passed,0.891,1.0,0.836,2026-11-20T10:00:00
I05347,U0889,C096,completed,0.538,1.0,,2026-11-20T12:00:00
I05348,U0889,C088,completed,0.464,1.0,,2026-11-20T14:00:00
I05349,U0889,C098,quiz_passed,0.792,1.0,0.782,2026-11-20T16:00:00
I05350,U0889,C015,completed,0.901,1.0,0.829,2026-11-20T18:00:00
I05351,U0889,C074,completed,0.516,1.0,,2026-11-20T20:00:00
I05352,U0890,C047,quiz_passed,0.808,1.0,0.749,2026-11-20T22:00:00
I05353,U0890,C095,viewed,0.123,0.079,,2026-11-21T00:00:00
I05354,U0890,C061,completed,0.475,1.0,,2026-11-21T02:00:00
I05355,U0890,C042,viewed,0.559,0.51,0.566,2026-11-21T04:00:00
I05356,U0890,C010,viewed,0.407,0.22,0.362,2026-11-21T06:00:00
I05357,U0890,C006,quiz_passed,0.809,1.0,0.75,2026-11-21T08:00:00
I05358,U0890,C013,disliked,0.387,0.14,0.439,2026-11-21T10:00:00
I05359,U0890,C001,disliked,0.333,0.14,0.48,2026-11-21T12:00:00
I05360,U0890,C029,quiz_passed,0.8,1.0,0.787,2026-11-21T14:00:00
I05361,U0890,C048,completed,0.48,1.0,,2026-11-21T16:00:00
I05362,U0891,C095,completed,0.578,1.0,,2026-11-21T18:00:00
I05363,U0891,C096,completed,0.724,1.0,0.401,2026-11-21T20:00:00
I05364,U0891,C061,viewed,0.388,0.34,0.389,2026-11-21T22:00:00
I05365,U0891,C062,completed,0.55,1.0,,2026-11-22T00:00:00
I05366,U0891,C050,disliked,0.198,0.11,,2026-11-22T02:00:00
I05367,U0891,C067,completed,0.471,1.0,,2026-11-22T04:00:00
I05368,U0892,C099,completed,0.655,1.0,0.456,2026-11-22T06:00:00
I05369,U0892,C025,completed,0.512,1.0,,2026-11-22T08:00:00
I05370,U0892,C092,completed,0.555,1.0,,2026-11-22T10:00:00
I05371,U0892,C092,viewed,0.102,0.098,,2026-11-22T12:00:00
I05372,U0892,C047,viewed,0.36,0.5,,2026-11-22T14:00:00
I05373,U0892,C073,quiz_passed,0.761,1.0,0.675,2026-11-22T16:00:00
I05374,U0892,C001,quiz_passed,0.789,1.0,0.614,2026-11-22T18:00:00
I05375,U0893,C091,quiz_passed,0.745,1.0,0.608,2026-11-22T20:00:00
I05376,U0893,C044,completed,0.512,1.0,,2026-11-22T22:00:00
I05377,U0893,C076,viewed,0.367,0.38,0.322,2026-11-23T00:00:00
I05378,U0893,C005,completed,0.51,1.0,,2026-11-23T02:00:00
I05379,U0893,C005,completed,0.732,1.0,0.47,2026-11-23T04:00:00
I05380,U0893,C063,completed,0.751,1.0,0.633,2026-11-23T06:00:00
I05381,U0894,C096,completed,0.646,1.0,0.459,2026-11-23T08:00:00
I05382,U0894,C092,completed,0.479,1.0,,2026-11-23T10:00:00
I05383,U0894,C003,completed,0.53,1.0,,2026-11-23T12:00:00
I05384,U0894,C050,completed,0.558,1.0,,2026-11-23T14:00:00
I05385,U0894,C016,completed,0.753,1.0,0.658,2026-11-23T16:00:00
I05386,U0894,C076,quiz_passed,0.759,1.0,0.675,2026-11-23T18:00:00
I05387,U0895,C058,viewed,0.403,0.38,0.336,2026-11-23T20:00:00
I05388,U0895,C098,completed,0.704,1.0,0.473,2026-11-23T22:00:00
I05389,U0895,C011,quiz_passed,0.769,1.0,0.697,2026-11-24T00:00:00
I05390,U0895,C088,viewed,0.266,0.35,,2026-11-24T02:00:00
I05391,U0895,C019,viewed,0.296,0.065,,2026-11-24T04:00:00
I05392,U0895,C067,completed,0.781,1.0,0.683,2026-11-24T06:00:00
I05393,U0895,C079,viewed,0.18,0.24,,2026-11-24T08:00:00
I05394,U0895,C050,completed,0.502,1.0,,2026-11-24T10:00:00
I05395,U0895,C015,completed,0.495,1.0,,2026-11-24T12:00:00
I05396,U0896,C099,completed,0.523,1.0,,2026-11-24T14:00:00
I05397,U0896,C016,completed,0.545,1.0,,2026-11-24T16:00:00
I05398,U0896,C090,completed,0.757,1.0,0.48,2026-11-24T18:00:00
I05399,U0897,C029,completed,0.516,1.0,,2026-11-24T20:00:00
I05400,U0897,C003,completed,0.483,1.0,,2026-11-24T22:00:00
I05401,U0897,C075,disliked,0.375,0.14,0.486,2026-11-25T00:00:00
I05402,U0897,C046,viewed,0.226,0.051,,2026-11-25T02:00:00
I05403,U0897,C043,quiz_passed,0.801,1.0,0.836,2026-11-25T04:00:00
I05404,U0897,C005,completed,0.566,1.0,,2026-11-25T06:00:00
I05405,U0898,C091,quiz_passed,0.792,1.0,0.772,2026-11-25T08:00:00
I05406,U0898,C013,disliked,0.17,0.11,,2026-11-25T10:00:00
I05407,U0898,C081,completed,0.567,1.0,,2026-11-25T12:00:00
I05408,U0898,C013,quiz_passed,0.803,1.0,0.696,2026-11-25T14:00:00
I05409,U0899,C017,quiz_passed,0.887,1.0,0.854,2026-11-25T16:00:00
I05410,U0899,C082,completed,0.533,1.0,,2026-11-25T18:00:00
I05411,U0899,C098,quiz_passed,0.821,1.0,0.747,2026-11-25T20:00:00
I05412,U0899,C008,completed,0.896,1.0,0.861,2026-11-25T22:00:00
I05413,U0900,C006,viewed,0.486,0.48,0.542,2026-11-26T00:00:00
I05414,U0900,C047,viewed,0.479,0.35,0.534,2026-11-26T02:00:00
I05415,U0900,C047,quiz_passed,0.796,1.0,0.739,2026-11-26T04:00:00
I05416,U0900,C061,completed,0.855,1.0,0.772,2026-11-26T06:00:00
I05417,U0901,C051,disliked,0.12,0.03,,2026-11-26T08:00:00
I05418,U0901,C092,viewed,0.268,0.062,,2026-11-26T10:00:00
I05419,U0901,C090,viewed,0.412,0.43,0.234,2026-11-26T12:00:00
I05420,U0901,C076,quiz_passed,0.811,1.0,0.693,2026-11-26T14:00:00
I05421,U0901,C075,viewed,0.415,0.65,,2026-11-26T16:00:00
I05422,U0901,C001,completed,0.469,1.0,,2026-11-26T18:00:00
I05423,U0901,C054,viewed,0.533,0.57,0.441,2026-11-26T20:00:00
I05424,U0902,C099,viewed,0.153,0.094,,2026-11-26T22:00:00
I05425,U0902,C082,completed,0.549,1.0,,2026-11-27T00:00:00
I05426,U0902,C016,viewed,0.477,0.56,0.365,2026-11-27T02:00:00
I05427,U0902,C066,viewed,0.401,0.36,0.434,2026-11-27T04:00:00
I05428,U0902,C090,completed,0.474,1.0,,2026-11-27T06:00:00
I05429,U0902,C090,viewed,0.392,0.49,0.289,2026-11-27T08:00:00
I05430,U0902,C013,viewed,0.353,0.65,,2026-11-27T10:00:00
I05431,U0902,C044,viewed,0.22,0.23,,2026-11-27T12:00:00
I05432,U0903,C096,viewed,0.432,0.46,0.334,2026-11-27T14:00:00
I05433,U0903,C057,disliked,0.182,0.16,,2026-11-27T16:00:00
I05434,U0903,C076,viewed,0.116,0.084,,2026-11-27T18:00:00
I05435,U0904,C095,disliked,0.326,0.08,0.448,2026-11-27T20:00:00
I05436,U0904,C058,completed,0.476,1.0,,2026-11-27T22:00:00
I05437,U0904,C006,completed,0.499,1.0,,2026-11-28T00:00:00
I05438,U0904,C082,quiz_passed,0.879,1.0,0.773,2026-11-28T02:00:00
I05439,U0904,C099,quiz_passed,0.843,1.0,0.659,2026-11-28T04:00:00
I05440,U0904,C008,viewed,0.236,0.3,,2026-11-28T06:00:00
I05441,U0904,C019,completed,0.684,1.0,0.556,2026-11-28T08:00:00
I05442,U0904,C095,completed,0.54,1.0,,2026-11-28T10:00:00
I05443,U0904,C020,viewed,0.372,0.47,0.257,2026-11-28T12:00:00
I05444,U0904,C001,viewed,0.496,0.51,0.579,2026-11-28T14:00:00
I05445,U0904,C010,quiz_passed,0.798,1.0,0.621,2026-11-28T16:00:00
I05446,U0905,C048,completed,0.476,1.0,,2026-11-28T18:00:00
I05447,U0905,C096,viewed,0.248,0.33,,2026-11-28T20:00:00
I05448,U0905,C051,quiz_passed,0.852,1.0,0.681,2026-11-28T22:00:00
I05449,U0905,C099,disliked,0.268,0.04,0.219,2026-11-29T00:00:00
I05450,U0905,C010,viewed,0.415,0.51,0.258,2026-11-29T02:00:00
I05451,U0905,C028,completed,0.764,1.0,0.657,2026-11-29T04:00:00
I05452,U0906,C096,completed,0.517,1.0,,2026-11-29T06:00:00
I05453,U0906,C066,completed,0.815,1.0,0.776,2026-11-29T08:00:00
I05454,U0906,C092,completed,0.493,1.0,,2026-11-29T10:00:00
I05455,U0906,C042,viewed,0.19,0.09,,2026-11-29T12:00:00
I05456,U0906,C015,completed,0.81,1.0,0.735,2026-11-29T14:00:00
I05457,U0906,C044,completed,0.813,1.0,0.598,2026-11-29T16:00:00
I05458,U0906,C075,completed,0.542,1.0,,2026-11-29T18:00:00
I05459,U0907,C057,viewed,0.289,0.038,,2026-11-29T20:00:00
I05460,U0907,C018,viewed,0.477,0.54,0.315,2026-11-29T22:00:00
I05461,U0907,C065,viewed,0.475,0.69,0.336,2026-11-30T00:00:00
I05462,U0907,C053,viewed,0.303,0.58,,2026-11-30T02:00:00
I05463,U0907,C003,completed,0.527,1.0,,2026-11-30T04:00:00
I05464,U0907,C006,quiz_passed,0.795,1.0,0.635,2026-11-30T06:00:00
I05465,U0907,C030,completed,0.466,1.0,,2026-11-30T08:00:00
I05466,U0908,C048,viewed,0.107,0.061,,2026-11-30T10:00:00
I05467,U0908,C092,viewed,0.292,0.36,,2026-11-30T12:00:00
I05468,U0908,C096,viewed,0.287,0.005,,2026-11-30T14:00:00
I05469,U0908,C066,viewed,0.35,0.7,,2026-11-30T16:00:00
I05470,U0908,C098,viewed,0.203,0.054,,2026-11-30T18:00:00
I05471,U0909,C061,viewed,0.12,0.097,,2026-11-30T20:00:00
I05472,U0909,C096,disliked,0.307,0.15,0.236,2026-11-30T22:00:00
I05473,U0909,C029,viewed,0.183,0.065,,2026-12-01T00:00:00
I05474,U0909,C043,quiz_passed,0.742,1.0,0.65,2026-12-01T02:00:00
I05475,U0909,C018,viewed,0.231,0.035,,2026-12-01T04:00:00
I05476,U0909,C005,completed,0.539,1.0,,2026-12-01T06:00:00
I05477,U0910,C095,completed,0.724,1.0,0.449,2026-12-01T08:00:00
I05478,U0910,C065,completed,0.534,1.0,,2026-12-01T10:00:00
I05479,U0910,C048,completed,0.509,1.0,,2026-12-01T12:00:00
I05480,U0910,C067,viewed,0.516,0.69,0.416,2026-12-01T14:00:00
I05481,U0910,C047,quiz_passed,0.801,1.0,0.634,2026-12-01T16:00:00
I05482,U0911,C098,viewed,0.139,0.031,,2026-12-01T18:00:00
I05483,U0911,C071,viewed,0.541,0.5,0.438,2026-12-01T20:00:00
I05484,U0911,C010,viewed,0.279,0.01,,2026-12-01T22:00:00
I05485,U0911,C073,completed,0.742,1.0,0.64,2026-12-02T00:00:00
I05486,U0911,C005,completed,0.715,1.0,0.532,2026-12-02T02:00:00
I05487,U0911,C061,viewed,0.28,0.093,,2026-12-02T04:00:00
I05488,U0912,C096,viewed,0.322,0.36,0.256,2026-12-02T06:00:00
I05489,U0912,C095,viewed,0.27,0.006,,2026-12-02T08:00:00
I05490,U0912,C099,viewed,0.104,0.069,,2026-12-02T10:00:00
I05491,U0912,C028,completed,0.719,1.0,0.565,2026-12-02T12:00:00
I05492,U0912,C053,viewed,0.532,0.54,0.384,2026-12-02T14:00:00
I05493,U0913,C006,viewed,0.14,0.016,,2026-12-02T16:00:00
I05494,U0913,C042,viewed,0.119,0.043,,2026-12-02T18:00:00
I05495,U0913,C076,completed,0.511,1.0,,2026-12-02T20:00:00
I05496,U0913,C074,quiz_passed,0.778,1.0,0.66,2026-12-02T22:00:00
I05497,U0914,C096,viewed,0.284,0.088,,2026-12-03T00:00:00
I05498,U0914,C096,completed,0.76,1.0,0.698,2026-12-03T02:00:00
I05499,U0914,C095,viewed,0.165,0.22,,2026-12-03T04:00:00
I05500,U0914,C096,disliked,0.287,0.03,0.527,2026-12-03T06:00:00
I05501,U0914,C047,completed,0.561,1.0,,2026-12-03T08:00:00
I05502,U0915,C063,quiz_passed,0.827,1.0,0.639,2026-12-03T10:00:00
I05503,U0915,C025,completed,0.578,1.0,,2026-12-03T12:00:00
I05504,U0915,C079,disliked,0.214,0.16,0.221,2026-12-03T14:00:00
I05505,U0915,C095,completed,0.68,1.0,0.428,2026-12-03T16:00:00
I05506,U0915,C043,viewed,0.272,0.048,,2026-12-03T18:00:00
I05507,U0915,C049,completed,0.465,1.0,,2026-12-03T20:00:00
I05508,U0915,C001,completed,0.763,1.0,0.606,2026-12-03T22:00:00
I05509,U0916,C092,viewed,0.381,0.23,0.364,2026-12-04T00:00:00
I05510,U0916,C029,completed,0.55,1.0,,2026-12-04T02:00:00
I05511,U0916,C054,completed,0.476,1.0,,2026-12-04T04:00:00
I05512,U0916,C006,viewed,0.259,0.31,,2026-12-04T06:00:00
I05513,U0916,C096,completed,0.703,1.0,0.507,2026-12-04T08:00:00
I05514,U0916,C095,viewed,0.38,0.53,0.252,2026-12-04T10:00:00
I05515,U0916,C098,disliked,0.189,0.02,0.208,2026-12-04T12:00:00
I05516,U0916,C076,quiz_passed,0.812,1.0,0.658,2026-12-04T14:00:00
I05517,U0917,C073,viewed,0.193,0.069,,2026-12-04T16:00:00
I05518,U0917,C096,viewed,0.4,0.31,0.293,2026-12-04T18:00:00
I05519,U0917,C057,completed,0.503,1.0,,2026-12-04T20:00:00
I05520,U0917,C095,disliked,0.255,0.12,0.256,2026-12-04T22:00:00
I05521,U0917,C058,completed,0.822,1.0,0.627,2026-12-05T00:00:00
I05522,U0917,C062,viewed,0.183,0.012,,2026-12-05T02:00:00
I05523,U0917,C019,completed,0.65,1.0,0.417,2026-12-05T04:00:00
I05524,U0918,C064,completed,0.522,1.0,,2026-12-05T06:00:00
I05525,U0918,C096,quiz_passed,0.844,1.0,0.767,2026-12-05T08:00:00
I05526,U0918,C096,quiz_passed,0.773,1.0,0.726,2026-12-05T10:00:00
I05527,U0918,C016,quiz_passed,0.894,1.0,0.863,2026-12-05T12:00:00
I05528,U0918,C010,completed,0.75,1.0,0.707,2026-12-05T14:00:00
I05529,U0918,C095,completed,0.555,1.0,,2026-12-05T16:00:00
I05530,U0918,C001,quiz_passed,0.805,1.0,0.841,2026-12-05T18:00:00
I05531,U0918,C099,viewed,0.469,0.3,0.546,2026-12-05T20:00:00
I05532,U0918,C018,completed,0.538,1.0,,2026-12-05T22:00:00
I05533,U0918,C003,quiz_passed,0.579,0.5,0.601,2026-12-06T00:00:00
I05534,U0918,C016,quiz_passed,0.914,1.0,0.877,2026-12-06T02:00:00
I05535,U0918,C075,quiz_passed,0.774,1.0,0.774,2026-12-06T04:00:00
I05536,U0919,C057,viewed,0.452,0.31,0.437,2026-12-06T06:00:00
I05537,U0919,C016,quiz_passed,0.73,1.0,0.617,2026-12-06T08:00:00
I05538,U0919,C001,completed,0.481,1.0,,2026-12-06T10:00:00
I05539,U0919,C008,viewed,0.264,0.075,,2026-12-06T12:00:00
I05540,U0919,C075,completed,0.706,1.0,0.422,2026-12-06T14:00:00
I05541,U0919,C003,completed,0.557,1.0,,2026-12-06T16:00:00
I05542,U0920,C018,quiz_passed,0.855,1.0,0.83,2026-12-06T18:00:00
I05543,U0920,C071,quiz_passed,0.925,1.0,0.875,2026-12-06T20:00:00
I05544,U0920,C057,quiz_passed,0.858,1.0,0.831,2026-12-06T22:00:00
I05545,U0920,C064,completed,0.565,1.0,,2026-12-07T00:00:00
I05546,U0921,C098,viewed,0.232,0.002,,2026-12-07T02:00:00
I05547,U0921,C096,viewed,0.299,0.004,,2026-12-07T04:00:00
I05548,U0921,C098,completed,0.734,1.0,0.441,2026-12-07T06:00:00
I05549,U0922,C071,disliked,0.329,0.09,0.482,2026-12-07T08:00:00
I05550,U0922,C046,viewed,0.237,0.38,,2026-12-07T10:00:00
I05551,U0922,C046,viewed,0.478,0.6,0.247,2026-12-07T12:00:00
I05552,U0922,C071,completed,0.541,1.0,,2026-12-07T14:00:00
I05553,U0922,C075,completed,0.526,1.0,,2026-12-07T16:00:00
I05554,U0922,C003,completed,0.796,1.0,0.755,2026-12-07T18:00:00
I05555,U0923,C043,completed,0.486,1.0,,2026-12-07T20:00:00
I05556,U0923,C081,viewed,0.263,0.086,,2026-12-07T22:00:00
I05557,U0923,C018,viewed,0.215,0.079,,2026-12-08T00:00:00
I05558,U0923,C064,completed,0.706,1.0,0.611,2026-12-08T02:00:00
I05559,U0923,C054,completed,0.57,1.0,,2026-12-08T04:00:00
I05560,U0923,C042,viewed,0.278,0.006,,2026-12-08T06:00:00
I05561,U0923,C095,completed,0.684,1.0,0.46,2026-12-08T08:00:00
I05562,U0923,C081,viewed,0.117,0.04,,2026-12-08T10:00:00
I05563,U0923,C025,viewed,0.587,0.63,0.401,2026-12-08T12:00:00
I05564,U0923,C009,quiz_passed,0.813,1.0,0.708,2026-12-08T14:00:00
I05565,U0923,C013,viewed,0.269,0.31,0.2,2026-12-08T16:00:00
I05566,U0923,C090,completed,0.537,1.0,,2026-12-08T18:00:00
I05567,U0924,C048,disliked,0.219,0.14,,2026-12-08T20:00:00
I05568,U0924,C047,completed,0.485,1.0,,2026-12-08T22:00:00
I05569,U0924,C096,viewed,0.231,0.079,,2026-12-09T00:00:00
I05570,U0924,C001,completed,0.803,1.0,0.572,2026-12-09T02:00:00
I05571,U0924,C045,viewed,0.289,0.02,,2026-12-09T04:00:00
I05572,U0925,C058,completed,0.759,1.0,0.548,2026-12-09T06:00:00
I05573,U0925,C019,viewed,0.494,0.64,0.248,2026-12-09T08:00:00
I05574,U0925,C028,completed,0.492,1.0,,2026-12-09T10:00:00
I05575,U0925,C098,disliked,0.259,0.14,0.22,2026-12-09T12:00:00
I05576,U0925,C018,viewed,0.167,0.25,,2026-12-09T14:00:00
I05577,U0925,C099,completed,0.502,1.0,,2026-12-09T16:00:00
I05578,U0926,C011,completed,0.49,1.0,,2026-12-09T18:00:00
I05579,U0926,C096,viewed,0.211,0.014,,2026-12-09T20:00:00
I05580,U0926,C017,quiz_passed,0.835,1.0,0.771,2026-12-09T22:00:00
I05581,U0926,C047,completed,0.578,1.0,,2026-12-10T00:00:00
I05582,U0927,C096,viewed,0.479,0.37,0.394,2026-12-10T02:00:00
I05583,U0927,C099,completed,0.734,1.0,0.579,2026-12-10T04:00:00
I05584,U0927,C051,completed,0.509,1.0,,2026-12-10T06:00:00
I05585,U0927,C081,completed,0.556,1.0,,2026-12-10T08:00:00
I05586,U0927,C092,quiz_passed,0.889,1.0,0.789,2026-12-10T10:00:00
I05587,U0927,C045,completed,0.502,1.0,,2026-12-10T12:00:00
I05588,U0928,C099,completed,0.49,1.0,,2026-12-10T14:00:00
I05589,U0928,C096,completed,0.55,1.0,,2026-12-10T16:00:00
I05590,U0928,C043,quiz_passed,0.857,1.0,0.755,2026-12-10T18:00:00
I05591,U0928,C047,quiz_passed,0.818,1.0,0.758,2026-12-10T20:00:00
I05592,U0928,C030,completed,0.758,1.0,0.735,2026-12-10T22:00:00
I05593,U0929,C076,completed,0.854,1.0,0.877,2026-12-11T00:00:00
I05594,U0929,C009,quiz_passed,0.847,1.0,0.829,2026-12-11T02:00:00
I05595,U0929,C046,completed,0.701,1.0,0.589,2026-12-11T04:00:00
I05596,U0929,C051,completed,0.517,1.0,,2026-12-11T06:00:00
I05597,U0929,C074,completed,0.538,1.0,,2026-12-11T08:00:00
I05598,U0929,C074,quiz_passed,0.847,1.0,0.731,2026-12-11T10:00:00
I05599,U0929,C006,completed,0.566,1.0,,2026-12-11T12:00:00
I05600,U0929,C090,completed,0.576,1.0,,2026-12-11T14:00:00
I05601,U0929,C030,quiz_passed,0.808,1.0,0.853,2026-12-11T16:00:00
I05602,U0930,C030,completed,0.526,1.0,,2026-12-11T18:00:00
I05603,U0930,C051,completed,0.518,1.0,,2026-12-11T20:00:00
I05604,U0930,C057,quiz_passed,0.859,1.0,0.796,2026-12-11T22:00:00
I05605,U0930,C046,viewed,0.238,0.075,,2026-12-12T00:00:00
I05606,U0931,C029,quiz_passed,0.82,1.0,0.692,2026-12-12T02:00:00
I05607,U0931,C064,completed,0.537,1.0,,2026-12-12T04:00:00
I05608,U0931,C064,viewed,0.24,0.064,,2026-12-12T06:00:00
I05609,U0931,C098,viewed,0.36,0.31,0.2,2026-12-12T08:00:00
I05610,U0932,C051,completed,0.8,1.0,0.589,2026-12-12T10:00:00
I05611,U0932,C061,completed,0.75,1.0,0.614,2026-12-12T12:00:00
I05612,U0932,C028,completed,0.791,1.0,0.613,2026-12-12T14:00:00
I05613,U0932,C095,completed,0.514,1.0,,2026-12-12T16:00:00
I05614,U0932,C010,viewed,0.432,0.58,0.291,2026-12-12T18:00:00
I05615,U0933,C091,completed,0.522,1.0,,2026-12-12T20:00:00
I05616,U0933,C076,completed,0.548,1.0,,2026-12-12T22:00:00
I05617,U0933,C092,completed,0.469,1.0,,2026-12-13T00:00:00
I05618,U0933,C076,completed,0.471,1.0,,2026-12-13T02:00:00
I05619,U0933,C090,quiz_passed,0.73,1.0,0.606,2026-12-13T04:00:00
I05620,U0933,C092,viewed,0.268,0.005,,2026-12-13T06:00:00
I05621,U0933,C081,completed,0.824,1.0,0.678,2026-12-13T08:00:00
I05622,U0934,C073,completed,0.697,1.0,0.571,2026-12-13T10:00:00
I05623,U0934,C029,quiz_passed,0.733,1.0,0.647,2026-12-13T12:00:00
I05624,U0934,C099,completed,0.524,1.0,,2026-12-13T14:00:00
I05625,U0934,C098,viewed,0.15,0.054,,2026-12-13T16:00:00
I05626,U0935,C061,completed,0.773,1.0,0.578,2026-12-13T18:00:00
I05627,U0935,C029,completed,0.777,1.0,0.578,2026-12-13T20:00:00
I05628,U0935,C013,viewed,0.182,0.082,,2026-12-13T22:00:00
I05629,U0935,C045,viewed,0.233,0.091,,2026-12-14T00:00:00
I05630,U0935,C090,completed,0.718,1.0,0.477,2026-12-14T02:00:00
I05631,U0936,C001,viewed,0.18,0.094,,2026-12-14T04:00:00
I05632,U0936,C043,viewed,0.532,0.57,0.453,2026-12-14T06:00:00
I05633,U0936,C046,completed,0.761,1.0,0.545,2026-12-14T08:00:00
I05634,U0936,C025,completed,0.512,1.0,,2026-12-14T10:00:00
I05635,U0936,C044,disliked,0.307,0.0,0.435,2026-12-14T12:00:00
I05636,U0937,C091,quiz_passed,0.778,1.0,0.754,2026-12-14T14:00:00
I05637,U0937,C035,viewed,0.223,0.041,,2026-12-14T16:00:00
I05638,U0937,C001,quiz_passed,0.857,1.0,0.706,2026-12-14T18:00:00
I05639,U0937,C090,viewed,0.376,0.62,,2026-12-14T20:00:00
I05640,U0937,C057,completed,0.473,1.0,,2026-12-14T22:00:00
I05641,U0937,C005,completed,0.769,1.0,0.571,2026-12-15T00:00:00
I05642,U0938,C095,viewed,0.298,0.033,,2026-12-15T02:00:00
I05643,U0938,C048,viewed,0.156,0.036,,2026-12-15T04:00:00
I05644,U0938,C064,completed,0.492,1.0,,2026-12-15T06:00:00
I05645,U0938,C028,completed,0.552,1.0,,2026-12-15T08:00:00
I05646,U0938,C029,viewed,0.285,0.32,,2026-12-15T10:00:00
I05647,U0938,C099,completed,0.689,1.0,0.439,2026-12-15T12:00:00
I05648,U0939,C008,completed,0.815,1.0,0.785,2026-12-15T14:00:00
I05649,U0939,C096,completed,0.558,1.0,,2026-12-15T16:00:00
I05650,U0939,C098,quiz_passed,0.771,1.0,0.638,2026-12-15T18:00:00
I05651,U0939,C053,disliked,0.379,0.02,0.497,2026-12-15T20:00:00
I05652,U0940,C015,completed,0.498,1.0,,2026-12-15T22:00:00
I05653,U0940,C001,viewed,0.508,0.5,0.393,2026-12-16T00:00:00
I05654,U0940,C001,completed,0.802,1.0,0.614,2026-12-16T02:00:00
I05655,U0940,C075,completed,0.682,1.0,0.546,2026-12-16T04:00:00
I05656,U0940,C043,viewed,0.118,0.033,,2026-12-16T06:00:00
I05657,U0941,C011,completed,0.552,1.0,,2026-12-16T08:00:00
I05658,U0941,C042,viewed,0.527,0.66,0.388,2026-12-16T10:00:00
I05659,U0941,C082,viewed,0.138,0.062,,2026-12-16T12:00:00
I05660,U0941,C097,viewed,0.39,0.39,0.356,2026-12-16T14:00:00
I05661,U0941,C065,quiz_passed,0.828,1.0,0.63,2026-12-16T16:00:00
I05662,U0941,C057,completed,0.537,1.0,,2026-12-16T18:00:00
I05663,U0941,C002,completed,0.547,1.0,,2026-12-16T20:00:00
I05664,U0942,C006,quiz_passed,0.837,1.0,0.702,2026-12-16T22:00:00
I05665,U0942,C064,completed,0.504,1.0,,2026-12-17T00:00:00
I05666,U0942,C049,quiz_passed,0.74,1.0,0.651,2026-12-17T02:00:00
I05667,U0942,C058,completed,0.568,1.0,,2026-12-17T04:00:00
I05668,U0942,C080,viewed,0.252,0.041,,2026-12-17T06:00:00
I05669,U0942,C051,quiz_passed,0.735,1.0,0.676,2026-12-17T08:00:00
I05670,U0942,C053,quiz_passed,0.782,1.0,0.697,2026-12-17T10:00:00
I05671,U0942,C003,viewed,0.26,0.47,,2026-12-17T12:00:00
I05672,U0942,C028,completed,0.533,1.0,,2026-12-17T14:00:00
I05673,U0943,C098,completed,0.741,1.0,0.571,2026-12-17T16:00:00
I05674,U0943,C098,quiz_passed,0.845,1.0,0.678,2026-12-17T18:00:00
I05675,U0943,C096,viewed,0.102,0.097,,2026-12-17T20:00:00
I05676,U0943,C042,completed,0.528,1.0,,2026-12-17T22:00:00
I05677,U0943,C011,viewed,0.511,0.4,0.489,2026-12-18T00:00:00
I05678,U0943,C098,viewed,0.217,0.013,,2026-12-18T02:00:00
I05679,U0943,C049,completed,0.575,1.0,,2026-12-18T04:00:00
I05680,U0944,C029,viewed,0.216,0.098,,2026-12-18T06:00:00
I05681,U0944,C029,completed,0.498,1.0,,2026-12-18T08:00:00
I05682,U0944,C006,viewed,0.272,0.008,,2026-12-18T10:00:00
I05683,U0945,C017,viewed,0.423,0.61,,2026-12-18T12:00:00
I05684,U0945,C076,viewed,0.53,0.61,0.367,2026-12-18T14:00:00
I05685,U0945,C016,viewed,0.301,0.38,,2026-12-18T16:00:00
I05686,U0945,C065,completed,0.704,1.0,0.598,2026-12-18T18:00:00
I05687,U0946,C053,completed,0.526,1.0,,2026-12-18T20:00:00
I05688,U0946,C025,viewed,0.359,0.2,0.498,2026-12-18T22:00:00
I05689,U0946,C092,completed,0.489,1.0,,2026-12-19T00:00:00
I05690,U0946,C098,viewed,0.448,0.34,0.372,2026-12-19T02:00:00
I05691,U0946,C047,quiz_passed,0.82,1.0,0.788,2026-12-19T04:00:00
I05692,U0946,C095,viewed,0.375,0.32,0.311,2026-12-19T06:00:00
I05693,U0946,C066,viewed,0.513,0.52,0.55,2026-12-19T08:00:00
I05694,U0946,C095,viewed,0.24,0.074,,2026-12-19T10:00:00
I05695,U0946,C030,quiz_passed,0.867,1.0,0.758,2026-12-19T12:00:00
I05696,U0947,C016,viewed,0.125,0.045,,2026-12-19T14:00:00
I05697,U0947,C058,completed,0.572,1.0,,2026-12-19T16:00:00
I05698,U0947,C098,completed,0.678,1.0,0.406,2026-12-19T18:00:00
I05699,U0947,C073,completed,0.579,1.0,,2026-12-19T20:00:00
I05700,U0947,C047,quiz_passed,0.827,1.0,0.619,2026-12-19T22:00:00
I05701,U0947,C019,viewed,0.49,0.69,0.304,2026-12-20T00:00:00
I05702,U0947,C096,viewed,0.419,0.44,0.218,2026-12-20T02:00:00
I05703,U0948,C071,quiz_passed,0.799,1.0,0.789,2026-12-20T04:00:00
I05704,U0948,C050,viewed,0.137,0.03,,2026-12-20T06:00:00
I05705,U0948,C042,viewed,0.147,0.002,,2026-12-20T08:00:00
I05706,U0948,C071,completed,0.901,1.0,0.811,2026-12-20T10:00:00
I05707,U0949,C076,completed,0.547,1.0,,2026-12-20T12:00:00
I05708,U0949,C092,completed,0.568,1.0,,2026-12-20T14:00:00
I05709,U0949,C099,viewed,0.108,0.081,,2026-12-20T16:00:00
I05710,U0949,C003,quiz_passed,0.871,1.0,0.827,2026-12-20T18:00:00
I05711,U0949,C082,viewed,0.349,0.62,,2026-12-20T20:00:00
I05712,U0949,C005,completed,0.789,1.0,0.809,2026-12-20T22:00:00
I05713,U0950,C061,quiz_passed,0.786,1.0,0.695,2026-12-21T00:00:00
I05714,U0950,C074,viewed,0.225,0.043,,2026-12-21T02:00:00
I05715,U0950,C067,completed,0.49,1.0,,2026-12-21T04:00:00
I05716,U0950,C029,completed,0.725,1.0,0.569,2026-12-21T06:00:00
I05717,U0950,C061,viewed,0.275,0.21,0.312,2026-12-21T08:00:00
I05718,U0950,C074,viewed,0.24,0.032,,2026-12-21T10:00:00
I05719,U0950,C073,disliked,0.191,0.06,,2026-12-21T12:00:00
I05720,U0950,C030,completed,0.823,1.0,0.617,2026-12-21T14:00:00
I05721,U0951,C047,viewed,0.156,0.023,,2026-12-21T16:00:00
I05722,U0951,C062,viewed,0.103,0.021,,2026-12-21T18:00:00
I05723,U0951,C099,completed,0.679,1.0,0.446,2026-12-21T20:00:00
I05724,U0951,C099,viewed,0.463,0.46,0.307,2026-12-21T22:00:00
I05725,U0951,C073,completed,0.733,1.0,0.637,2026-12-22T00:00:00
I05726,U0952,C098,completed,0.462,1.0,,2026-12-22T02:00:00
I05727,U0952,C096,viewed,0.129,0.05,,2026-12-22T04:00:00
I05728,U0952,C082,viewed,0.208,0.21,,2026-12-22T06:00:00
I05729,U0952,C076,viewed,0.322,0.26,0.337,2026-12-22T08:00:00
I05730,U0952,C015,quiz_passed,0.745,1.0,0.624,2026-12-22T10:00:00
I05731,U0952,C044,viewed,0.195,0.077,,2026-12-22T12:00:00
I05732,U0953,C054,quiz_passed,0.891,1.0,0.868,2026-12-22T14:00:00
I05733,U0953,C098,quiz_passed,0.809,1.0,0.788,2026-12-22T16:00:00
I05734,U0953,C088,completed,0.462,1.0,,2026-12-22T18:00:00
I05735,U0953,C062,quiz_passed,0.913,1.0,0.871,2026-12-22T20:00:00
I05736,U0953,C025,completed,0.514,1.0,,2026-12-22T22:00:00
I05737,U0954,C095,viewed,0.125,0.086,,2026-12-23T00:00:00
I05738,U0954,C008,completed,0.8,1.0,0.599,2026-12-23T02:00:00
I05739,U0954,C066,completed,0.562,1.0,,2026-12-23T04:00:00
I05740,U0954,C006,quiz_passed,0.785,1.0,0.663,2026-12-23T06:00:00
I05741,U0954,C098,viewed,0.188,0.02,,2026-12-23T08:00:00
I05742,U0954,C099,viewed,0.154,0.045,,2026-12-23T10:00:00
I05743,U0954,C098,completed,0.571,1.0,,2026-12-23T12:00:00
I05744,U0955,C076,viewed,0.18,0.025,,2026-12-23T14:00:00
I05745,U0955,C071,completed,0.535,1.0,,2026-12-23T16:00:00
I05746,U0955,C073,quiz_passed,0.829,1.0,0.697,2026-12-23T18:00:00
I05747,U0955,C064,completed,0.471,1.0,,2026-12-23T20:00:00
I05748,U0955,C005,completed,0.706,1.0,0.499,2026-12-23T22:00:00
I05749,U0956,C096,completed,0.782,1.0,0.507,2026-12-24T00:00:00
I05750,U0956,C096,completed,0.741,1.0,0.537,2026-12-24T02:00:00
I05751,U0956,C001,viewed,0.397,0.43,0.365,2026-12-24T04:00:00
I05752,U0956,C013,viewed,0.222,0.072,,2026-12-24T06:00:00
I05753,U0956,C046,viewed,0.178,0.058,,2026-12-24T08:00:00
I05754,U0956,C030,quiz_passed,0.788,1.0,0.633,2026-12-24T10:00:00
I05755,U0956,C010,viewed,0.121,0.001,,2026-12-24T12:00:00
I05756,U0957,C011,completed,0.483,1.0,,2026-12-24T14:00:00
I05757,U0957,C073,completed,0.532,1.0,,2026-12-24T16:00:00
I05758,U0957,C028,quiz_passed,0.799,1.0,0.793,2026-12-24T18:00:00
I05759,U0957,C001,completed,0.814,1.0,0.704,2026-12-24T20:00:00
I05760,U0957,C064,quiz_passed,0.842,1.0,0.76,2026-12-24T22:00:00
I05761,U0958,C049,disliked,0.296,0.07,0.496,2026-12-25T00:00:00
I05762,U0958,C033,viewed,0.172,0.085,,2026-12-25T02:00:00
I05763,U0958,C064,completed,0.527,1.0,,2026-12-25T04:00:00
I05764,U0958,C095,viewed,0.118,0.046,,2026-12-25T06:00:00
I05765,U0958,C065,completed,0.481,1.0,,2026-12-25T08:00:00
I05766,U0958,C033,disliked,0.169,0.19,,2026-12-25T10:00:00
I05767,U0958,C026,completed,0.72,1.0,0.598,2026-12-25T12:00:00
I05768,U0958,C080,viewed,0.442,0.49,0.416,2026-12-25T14:00:00
I05769,U0959,C099,completed,0.502,1.0,,2026-12-25T16:00:00
I05770,U0959,C098,completed,0.758,1.0,0.597,2026-12-25T18:00:00
I05771,U0959,C029,viewed,0.241,0.31,,2026-12-25T20:00:00
I05772,U0959,C072,quiz_passed,0.765,1.0,0.731,2026-12-25T22:00:00
I05773,U0959,C043,quiz_passed,0.802,1.0,0.808,2026-12-26T00:00:00
I05774,U0960,C054,quiz_passed,0.808,1.0,0.679,2026-12-26T02:00:00
I05775,U0960,C054,completed,0.496,1.0,,2026-12-26T04:00:00
I05776,U0960,C054,quiz_passed,0.745,1.0,0.639,2026-12-26T06:00:00
I05777,U0960,C047,viewed,0.152,0.003,,2026-12-26T08:00:00
I05778,U0960,C018,completed,0.733,1.0,0.655,2026-12-26T10:00:00
I05779,U0960,C035,completed,0.559,1.0,,2026-12-26T12:00:00
I05780,U0960,C018,viewed,0.26,0.011,,2026-12-26T14:00:00
I05781,U0960,C002,quiz_passed,0.742,1.0,0.607,2026-12-26T16:00:00
I05782,U0960,C079,completed,0.491,1.0,,2026-12-26T18:00:00
I05783,U0961,C099,viewed,0.273,0.25,0.209,2026-12-26T20:00:00
I05784,U0961,C098,disliked,0.247,0.13,0.292,2026-12-26T22:00:00
I05785,U0961,C095,disliked,0.285,0.02,0.302,2026-12-27T00:00:00
I05786,U0961,C097,viewed,0.39,0.24,0.416,2026-12-27T02:00:00
I05787,U0961,C001,completed,0.503,1.0,,2026-12-27T04:00:00
I05788,U0961,C074,viewed,0.233,0.062,,2026-12-27T06:00:00
I05789,U0961,C029,viewed,0.214,0.073,,2026-12-27T08:00:00
I05790,U0962,C003,completed,0.743,1.0,0.668,2026-12-27T10:00:00
I05791,U0962,C025,disliked,0.238,0.17,,2026-12-27T12:00:00
I05792,U0962,C076,viewed,0.225,0.41,,2026-12-27T14:00:00
I05793,U0962,C011,quiz_passed,0.749,1.0,0.625,2026-12-27T16:00:00
I05794,U0962,C090,disliked,0.175,0.12,,2026-12-27T18:00:00
I05795,U0962,C006,quiz_passed,0.788,1.0,0.612,2026-12-27T20:00:00
I05796,U0963,C099,viewed,0.28,0.055,,2026-12-27T22:00:00
I05797,U0963,C096,viewed,0.217,0.079,,2026-12-28T00:00:00
I05798,U0963,C043,completed,0.78,1.0,0.698,2026-12-28T02:00:00
I05799,U0963,C099,completed,0.725,1.0,0.435,2026-12-28T04:00:00
I05800,U0963,C065,quiz_passed,0.701,1.0,0.6,2026-12-28T06:00:00
I05801,U0963,C018,completed,0.807,1.0,0.641,2026-12-28T08:00:00
I05802,U0963,C057,completed,0.486,1.0,,2026-12-28T10:00:00
I05803,U0964,C017,quiz_passed,0.851,1.0,0.703,2026-12-28T12:00:00
I05804,U0964,C009,completed,0.844,1.0,0.721,2026-12-28T14:00:00
I05805,U0964,C067,quiz_passed,0.781,1.0,0.743,2026-12-28T16:00:00
I05806,U0964,C099,quiz_passed,0.838,1.0,0.665,2026-12-28T18:00:00
I05807,U0964,C043,completed,0.523,1.0,,2026-12-28T20:00:00
I05808,U0964,C074,completed,0.515,1.0,,2026-12-28T22:00:00
I05809,U0965,C099,viewed,0.215,0.021,,2026-12-29T00:00:00
I05810,U0965,C091,completed,0.573,1.0,,2026-12-29T02:00:00
I05811,U0965,C050,quiz_passed,0.802,1.0,0.655,2026-12-29T04:00:00
I05812,U0965,C054,completed,0.562,1.0,,2026-12-29T06:00:00
I05813,U0965,C092,completed,0.532,1.0,,2026-12-29T08:00:00
I05814,U0966,C042,viewed,0.192,0.053,,2026-12-29T10:00:00
I05815,U0966,C015,quiz_passed,0.808,1.0,0.615,2026-12-29T12:00:00
I05816,U0966,C002,quiz_passed,0.732,1.0,0.653,2026-12-29T14:00:00
I05817,U0966,C075,viewed,0.339,0.28,0.218,2026-12-29T16:00:00
I05818,U0966,C071,completed,0.513,1.0,,2026-12-29T18:00:00
I05819,U0967,C058,completed,0.764,1.0,0.668,2026-12-29T20:00:00
I05820,U0967,C051,completed,0.488,1.0,,2026-12-29T22:00:00
I05821,U0967,C006,completed,0.553,1.0,,2026-12-30T00:00:00
I05822,U0967,C057,completed,0.513,1.0,,2026-12-30T02:00:00
I05823,U0967,C075,viewed,0.38,0.28,0.225,2026-12-30T04:00:00
I05824,U0968,C001,quiz_passed,0.812,1.0,0.674,2026-12-30T06:00:00
I05825,U0968,C067,completed,0.715,1.0,0.636,2026-12-30T08:00:00
I05826,U0968,C064,disliked,0.359,0.07,0.438,2026-12-30T10:00:00
I05827,U0968,C091,viewed,0.129,0.052,,2026-12-30T12:00:00
I05828,U0968,C099,completed,0.706,1.0,0.52,2026-12-30T14:00:00
I05829,U0969,C096,completed,0.651,1.0,0.416,2026-12-30T16:00:00
I05830,U0969,C099,completed,0.676,1.0,0.465,2026-12-30T18:00:00
I05831,U0970,C099,completed,0.869,1.0,0.742,2026-12-30T20:00:00
I05832,U0970,C063,completed,0.473,1.0,,2026-12-30T22:00:00
I05833,U0970,C016,quiz_passed,0.819,1.0,0.862,2026-12-31T00:00:00
I05834,U0970,C057,quiz_passed,0.903,1.0,0.869,2026-12-31T02:00:00
I05835,U0970,C005,completed,0.84,1.0,0.767,2026-12-31T04:00:00
I05836,U0970,C076,viewed,0.174,0.017,,2026-12-31T06:00:00
I05837,U0970,C050,viewed,0.218,0.004,,2026-12-31T08:00:00
I05838,U0970,C047,quiz_passed,0.869,1.0,0.851,2026-12-31T10:00:00
I05839,U0971,C098,completed,0.474,1.0,,2026-12-31T12:00:00
I05840,U0971,C002,completed,0.892,1.0,0.782,2026-12-31T14:00:00
I05841,U0971,C042,completed,0.573,1.0,,2026-12-31T16:00:00
I05842,U0971,C005,completed,0.482,1.0,,2026-12-31T18:00:00
I05843,U0972,C064,quiz_passed,0.751,1.0,0.686,2026-12-31T20:00:00
I05844,U0972,C076,completed,0.572,1.0,,2026-12-31T22:00:00
I05845,U0972,C061,viewed,0.476,0.61,0.42,2027-01-01T00:00:00
I05846,U0972,C053,completed,0.51,1.0,,2027-01-01T02:00:00
I05847,U0972,C081,completed,0.461,1.0,,2027-01-01T04:00:00
I05848,U0972,C044,completed,0.556,1.0,,2027-01-01T06:00:00
I05849,U0972,C053,viewed,0.518,0.59,0.418,2027-01-01T08:00:00
I05850,U0973,C098,viewed,0.125,0.081,,2027-01-01T10:00:00
I05851,U0973,C097,completed,0.544,1.0,,2027-01-01T12:00:00
I05852,U0973,C017,completed,0.817,1.0,0.819,2027-01-01T14:00:00
I05853,U0973,C096,quiz_passed,0.831,1.0,0.768,2027-01-01T16:00:00
I05854,U0973,C082,completed,0.491,1.0,,2027-01-01T18:00:00
I05855,U0973,C098,completed,0.488,1.0,,2027-01-01T20:00:00
I05856,U0974,C017,quiz_passed,0.872,1.0,0.854,2027-01-01T22:00:00
I05857,U0974,C015,quiz_passed,0.865,1.0,0.852,2027-01-02T00:00:00
I05858,U0974,C046,viewed,0.196,0.093,,2027-01-02T02:00:00
I05859,U0974,C092,quiz_passed,0.873,1.0,0.812,2027-01-02T04:00:00
I05860,U0974,C030,quiz_passed,0.494,0.37,0.629,2027-01-02T06:00:00
I05861,U0974,C045,completed,0.541,1.0,,2027-01-02T08:00:00
I05862,U0975,C065,viewed,0.205,0.086,,2027-01-02T10:00:00
I05863,U0975,C018,completed,0.834,1.0,0.643,2027-01-02T12:00:00
I05864,U0976,C053,completed,0.524,1.0,,2027-01-02T14:00:00
I05865,U0976,C035,quiz_passed,0.799,1.0,0.686,2027-01-02T16:00:00
I05866,U0976,C095,completed,0.745,1.0,0.609,2027-01-02T18:00:00
I05867,U0976,C017,viewed,0.284,0.087,,2027-01-02T20:00:00
I05868,U0976,C051,completed,0.576,1.0,,2027-01-02T22:00:00
I05869,U0976,C098,viewed,0.137,0.05,,2027-01-03T00:00:00
I05870,U0977,C042,viewed,0.545,0.6,0.338,2027-01-03T02:00:00
I05871,U0977,C096,viewed,0.469,0.61,0.301,2027-01-03T04:00:00
I05872,U0977,C054,completed,0.568,1.0,,2027-01-03T06:00:00
I05873,U0977,C076,quiz_passed,0.762,1.0,0.625,2027-01-03T08:00:00
I05874,U0977,C048,completed,0.518,1.0,,2027-01-03T10:00:00
I05875,U0978,C067,quiz_passed,0.634,0.52,0.663,2027-01-03T12:00:00
I05876,U0978,C092,quiz_passed,0.877,1.0,0.83,2027-01-03T14:00:00
I05877,U0978,C096,quiz_passed,0.858,1.0,0.762,2027-01-03T16:00:00
I05878,U0978,C028,quiz_passed,0.906,1.0,0.825,2027-01-03T18:00:00
I05879,U0979,C095,viewed,0.167,0.084,,2027-01-03T20:00:00
I05880,U0979,C018,quiz_passed,0.836,1.0,0.663,2027-01-03T22:00:00
I05881,U0979,C043,viewed,0.499,0.62,0.32,2027-01-04T00:00:00
I05882,U0979,C064,viewed,0.162,0.091,,2027-01-04T02:00:00
I05883,U0979,C051,viewed,0.491,0.57,0.384,2027-01-04T04:00:00
I05884,U0979,C025,quiz_passed,0.754,1.0,0.614,2027-01-04T06:00:00
I05885,U0980,C009,completed,0.471,1.0,,2027-01-04T08:00:00
I05886,U0980,C099,completed,0.831,1.0,0.675,2027-01-04T10:00:00
I05887,U0980,C096,completed,0.491,1.0,,2027-01-04T12:00:00
I05888,U0980,C092,completed,0.471,1.0,,2027-01-04T14:00:00
I05889,U0980,C048,completed,0.527,1.0,,2027-01-04T16:00:00
I05890,U0980,C030,completed,0.5,1.0,,2027-01-04T18:00:00
I05891,U0980,C098,completed,0.465,1.0,,2027-01-04T20:00:00
I05892,U0980,C048,quiz_passed,0.877,1.0,0.778,2027-01-04T22:00:00
I05893,U0980,C047,completed,0.511,1.0,,2027-01-05T00:00:00
I05894,U0981,C098,completed,0.761,1.0,0.638,2027-01-05T02:00:00
I05895,U0981,C098,viewed,0.387,0.6,,2027-01-05T04:00:00
I05896,U0981,C006,quiz_passed,0.849,1.0,0.71,2027-01-05T06:00:00
I05897,U0981,C099,viewed,0.34,0.32,0.342,2027-01-05T08:00:00
I05898,U0981,C002,completed,0.49,1.0,,2027-01-05T10:00:00
I05899,U0981,C076,completed,0.576,1.0,,2027-01-05T12:00:00
I05900,U0982,C053,completed,0.774,1.0,0.754,2027-01-05T14:00:00
I05901,U0982,C092,completed,0.843,1.0,0.79,2027-01-05T16:00:00
I05902,U0982,C029,viewed,0.372,0.21,0.533,2027-01-05T18:00:00
I05903,U0982,C030,viewed,0.205,0.042,,2027-01-05T20:00:00
I05904,U0982,C025,quiz_passed,0.8,1.0,0.798,2027-01-05T22:00:00
I05905,U0983,C065,completed,0.559,1.0,,2027-01-06T00:00:00
I05906,U0983,C015,completed,0.468,1.0,,2027-01-06T02:00:00
I05907,U0983,C074,completed,0.554,1.0,,2027-01-06T04:00:00
I05908,U0983,C075,disliked,0.17,0.04,,2027-01-06T06:00:00
I05909,U0983,C071,completed,0.752,1.0,0.576,2027-01-06T08:00:00
I05910,U0983,C050,quiz_passed,0.797,1.0,0.659,2027-01-06T10:00:00
I05911,U0983,C092,completed,0.55,1.0,,2027-01-06T12:00:00
I05912,U0984,C076,disliked,0.249,0.03,0.392,2027-01-06T14:00:00
I05913,U0984,C063,viewed,0.117,0.074,,2027-01-06T16:00:00
I05914,U0984,C075,completed,0.752,1.0,0.559,2027-01-06T18:00:00
I05915,U0984,C048,completed,0.696,1.0,0.581,2027-01-06T20:00:00
I05916,U0985,C057,completed,0.528,1.0,,2027-01-06T22:00:00
I05917,U0985,C006,quiz_passed,0.771,1.0,0.753,2027-01-07T00:00:00
I05918,U0985,C098,viewed,0.455,0.65,0.333,2027-01-07T02:00:00
I05919,U0985,C048,completed,0.543,1.0,,2027-01-07T04:00:00
I05920,U0985,C047,completed,0.553,1.0,,2027-01-07T06:00:00
I05921,U0986,C048,quiz_passed,0.799,1.0,0.842,2027-01-07T08:00:00
I05922,U0986,C099,viewed,0.626,0.65,0.493,2027-01-07T10:00:00
I05923,U0986,C051,completed,0.886,1.0,0.844,2027-01-07T12:00:00
I05924,U0986,C005,completed,0.81,1.0,0.788,2027-01-07T14:00:00
I05925,U0986,C046,quiz_passed,0.759,1.0,0.646,2027-01-07T16:00:00
I05926,U0986,C042,quiz_passed,0.919,1.0,0.882,2027-01-07T18:00:00
I05927,U0986,C028,completed,0.533,1.0,,2027-01-07T20:00:00
I05928,U0987,C030,completed,0.551,1.0,,2027-01-07T22:00:00
I05929,U0987,C051,completed,0.576,1.0,,2027-01-08T00:00:00
I05930,U0987,C044,quiz_passed,0.852,1.0,0.768,2027-01-08T02:00:00
I05931,U0987,C090,quiz_passed,0.89,1.0,0.796,2027-01-08T04:00:00
I05932,U0987,C010,viewed,0.588,0.48,0.587,2027-01-08T06:00:00
I05933,U0988,C096,completed,0.798,1.0,0.75,2027-01-08T08:00:00
I05934,U0988,C017,quiz_passed,0.883,1.0,0.869,2027-01-08T10:00:00
I05935,U0988,C025,completed,0.475,1.0,,2027-01-08T12:00:00
I05936,U0988,C058,quiz_passed,0.898,1.0,0.871,2027-01-08T14:00:00
I05937,U0988,C054,quiz_passed,0.882,1.0,0.853,2027-01-08T16:00:00
I05938,U0989,C016,completed,0.549,1.0,,2027-01-08T18:00:00
I05939,U0989,C073,viewed,0.244,0.082,,2027-01-08T20:00:00
I05940,U0989,C066,disliked,0.329,0.17,0.31,2027-01-08T22:00:00
I05941,U0989,C015,disliked,0.346,0.07,0.409,2027-01-09T00:00:00
I05942,U0989,C001,viewed,0.113,0.089,,2027-01-09T02:00:00
I05943,U0989,C047,completed,0.566,1.0,,2027-01-09T04:00:00
I05944,U0990,C076,viewed,0.289,0.085,,2027-01-09T06:00:00
I05945,U0990,C099,viewed,0.437,0.46,0.203,2027-01-09T08:00:00
I05946,U0990,C099,viewed,0.463,0.53,0.255,2027-01-09T10:00:00
I05947,U0990,C092,completed,0.704,1.0,0.594,2027-01-09T12:00:00
I05948,U0990,C095,completed,0.731,1.0,0.532,2027-01-09T14:00:00
I05949,U0990,C017,completed,0.762,1.0,0.608,2027-01-09T16:00:00
I05950,U0990,C018,quiz_passed,0.818,1.0,0.664,2027-01-09T18:00:00
I05951,U0990,C095,viewed,0.458,0.63,0.243,2027-01-09T20:00:00
I05952,U0990,C042,viewed,0.153,0.04,,2027-01-09T22:00:00
I05953,U0991,C096,viewed,0.191,0.06,,2027-01-10T00:00:00
I05954,U0991,C092,completed,0.5,1.0,,2027-01-10T02:00:00
I05955,U0991,C029,viewed,0.322,0.2,0.379,2027-01-10T04:00:00
I05956,U0991,C072,completed,0.758,1.0,0.635,2027-01-10T06:00:00
I05957,U0991,C057,completed,0.504,1.0,,2027-01-10T08:00:00
I05958,U0991,C017,completed,0.56,1.0,,2027-01-10T10:00:00
I05959,U0991,C006,viewed,0.264,0.48,,2027-01-10T12:00:00
I05960,U0992,C095,viewed,0.376,0.35,0.439,2027-01-10T14:00:00
I05961,U0992,C018,viewed,0.177,0.018,,2027-01-10T16:00:00
I05962,U0992,C067,completed,0.819,1.0,0.766,2027-01-10T18:00:00
I05963,U0992,C058,completed,0.574,1.0,,2027-01-10T20:00:00
I05964,U0992,C048,quiz_passed,0.841,1.0,0.773,2027-01-10T22:00:00
I05965,U0992,C065,quiz_passed,0.861,1.0,0.801,2027-01-11T00:00:00
I05966,U0993,C050,completed,0.911,1.0,0.882,2027-01-11T02:00:00
I05967,U0993,C082,quiz_passed,0.907,1.0,0.82,2027-01-11T04:00:00
I05968,U0993,C045,viewed,0.162,0.091,,2027-01-11T06:00:00
I05969,U0993,C050,quiz_passed,0.582,0.56,0.722,2027-01-11T08:00:00
I05970,U0993,C067,completed,0.507,1.0,,2027-01-11T10:00:00
I05971,U0993,C098,completed,0.468,1.0,,2027-01-11T12:00:00
I05972,U0994,C051,completed,0.561,1.0,,2027-01-11T14:00:00
I05973,U0994,C076,completed,0.782,1.0,0.793,2027-01-11T16:00:00
I05974,U0994,C047,quiz_passed,0.79,1.0,0.778,2027-01-11T18:00:00
I05975,U0994,C081,completed,0.504,1.0,,2027-01-11T20:00:00
I05976,U0994,C071,quiz_passed,0.772,1.0,0.749,2027-01-11T22:00:00
I05977,U0995,C053,completed,0.812,1.0,0.787,2027-01-12T00:00:00
I05978,U0995,C061,quiz_passed,0.861,1.0,0.749,2027-01-12T02:00:00
I05979,U0995,C005,viewed,0.258,0.42,,2027-01-12T04:00:00
I05980,U0995,C015,quiz_passed,0.796,1.0,0.748,2027-01-12T06:00:00
I05981,U0996,C057,quiz_passed,0.752,1.0,0.703,2027-01-12T08:00:00
I05982,U0996,C096,viewed,0.562,0.7,0.309,2027-01-12T10:00:00
I05983,U0996,C099,completed,0.657,1.0,0.407,2027-01-12T12:00:00
I05984,U0996,C073,completed,0.508,1.0,,2027-01-12T14:00:00
I05985,U0996,C042,viewed,0.482,0.65,0.402,2027-01-12T16:00:00
I05986,U0996,C092,completed,0.768,1.0,0.57,2027-01-12T18:00:00
I05987,U0996,C006,quiz_passed,0.822,1.0,0.612,2027-01-12T20:00:00
I05988,U0997,C065,completed,0.486,1.0,,2027-01-12T22:00:00
I05989,U0997,C017,viewed,0.294,0.084,,2027-01-13T00:00:00
I05990,U0997,C057,viewed,0.152,0.015,,2027-01-13T02:00:00
I05991,U0997,C042,completed,0.484,1.0,,2027-01-13T04:00:00
I05992,U0997,C099,quiz_passed,0.803,1.0,0.676,2027-01-13T06:00:00
I05993,U0997,C051,viewed,0.298,0.098,,2027-01-13T08:00:00
I05994,U0998,C092,quiz_passed,0.759,1.0,0.672,2027-01-13T10:00:00
I05995,U0998,C030,completed,0.573,1.0,,2027-01-13T12:00:00
I05996,U0998,C048,completed,0.577,1.0,,2027-01-13T14:00:00
I05997,U0998,C047,completed,0.764,1.0,0.562,2027-01-13T16:00:00
I05998,U0998,C096,viewed,0.216,0.097,,2027-01-13T18:00:00
I05999,U0998,C050,completed,0.731,1.0,0.666,2027-01-13T20:00:00
I06000,U0998,C062,viewed,0.231,0.033,,2027-01-13T22:00:00
I06001,U0998,C066,quiz_passed,0.787,1.0,0.601,2027-01-14T00:00:00
I06002,U0999,C095,completed,0.728,1.0,0.422,2027-01-14T02:00:00
I06003,U0999,C053,completed,0.806,1.0,0.645,2027-01-14T04:00:00
I06004,U0999,C049,quiz_passed,0.806,1.0,0.622,2027-01-14T06:00:00
I06005,U0999,C048,viewed,0.339,0.34,0.314,2027-01-14T08:00:00
I06006,U1000,C050,quiz_passed,0.85,1.0,0.747,2027-01-14T10:00:00
I06007,U1000,C051,completed,0.56,1.0,,2027-01-14T12:00:00
I06008,U1000,C010,completed,0.787,1.0,0.688,2027-01-14T14:00:00
I06009,U1000,C075,quiz_passed,0.784,1.0,0.604,2027-01-14T16:00:00
I06010,U1000,C010,completed,0.505,1.0,,2027-01-14T18:00:00
I06011,U1000,C010,quiz_passed,0.779,1.0,0.687,2027-01-14T20:00:00
I06012,U1000,C081,completed,0.509,1.0,,2027-01-14T22:00:00
I06013,U1000,C048,quiz_passed,0.858,1.0,0.801,2027-01-15T00:00:00
I06014,U1001,C096,completed,0.507,1.0,,2027-01-15T02:00:00
I06015,U1001,C003,quiz_passed,0.839,1.0,0.789,2027-01-15T04:00:00
I06016,U1001,C046,viewed,0.323,0.25,0.231,2027-01-15T06:00:00
I06017,U1001,C046,viewed,0.42,0.63,0.253,2027-01-15T08:00:00
I06018,U1001,C047,completed,0.806,1.0,0.745,2027-01-15T10:00:00
I06019,U1001,C081,viewed,0.112,0.034,,2027-01-15T12:00:00
I06020,U1002,C029,completed,0.787,1.0,0.713,2027-01-15T14:00:00
I06021,U1002,C054,completed,0.836,1.0,0.733,2027-01-15T16:00:00
I06022,U1002,C061,viewed,0.494,0.37,0.55,2027-01-15T18:00:00
I06023,U1002,C075,viewed,0.127,0.016,,2027-01-15T20:00:00
I06024,U1002,C046,viewed,0.151,0.078,,2027-01-15T22:00:00
I06025,U1002,C044,viewed,0.393,0.28,0.446,2027-01-16T00:00:00
I06026,U1003,C098,disliked,0.177,0.0,,2027-01-16T02:00:00
I06027,U1003,C099,viewed,0.227,0.03,,2027-01-16T04:00:00
I06028,U1003,C017,viewed,0.191,0.065,,2027-01-16T06:00:00
I06029,U1003,C051,viewed,0.193,0.01,,2027-01-16T08:00:00
I06030,U1003,C076,viewed,0.115,0.09,,2027-01-16T10:00:00
I06031,U1003,C076,completed,0.501,1.0,,2027-01-16T12:00:00
I06032,U1003,C075,viewed,0.119,0.064,,2027-01-16T14:00:00
I06033,U1003,C051,viewed,0.23,0.3,,2027-01-16T16:00:00
I06034,U1003,C011,quiz_passed,0.75,1.0,0.641,2027-01-16T18:00:00
I06035,U1003,C047,viewed,0.355,0.32,0.346,2027-01-16T20:00:00
I06036,U1004,C002,viewed,0.201,0.045,,2027-01-16T22:00:00
I06037,U1004,C092,viewed,0.218,0.054,,2027-01-17T00:00:00
I06038,U1004,C073,completed,0.699,1.0,0.591,2027-01-17T02:00:00
I06039,U1004,C076,disliked,0.094,0.05,,2027-01-17T04:00:00
I06040,U1004,C057,quiz_passed,0.821,1.0,0.625,2027-01-17T06:00:00
I06041,U1004,C074,completed,0.744,1.0,0.497,2027-01-17T08:00:00
I06042,U1004,C044,viewed,0.206,0.27,,2027-01-17T10:00:00
I06043,U1004,C011,viewed,0.539,0.52,0.406,2027-01-17T12:00:00
I06044,U1004,C096,completed,0.558,1.0,,2027-01-17T14:00:00
I06045,U1004,C064,quiz_passed,0.791,1.0,0.679,2027-01-17T16:00:00
I06046,U1005,C011,quiz_passed,0.832,1.0,0.643,2027-01-17T18:00:00
I06047,U1005,C057,viewed,0.215,0.002,,2027-01-17T20:00:00
I06048,U1005,C099,viewed,0.299,0.055,,2027-01-17T22:00:00
I06049,U1005,C082,viewed,0.147,0.088,,2027-01-18T00:00:00
I06050,U1006,C098,viewed,0.182,0.008,,2027-01-18T02:00:00
I06051,U1006,C082,viewed,0.458,0.3,0.45,2027-01-18T04:00:00
I06052,U1006,C099,viewed,0.149,0.068,,2027-01-18T06:00:00
I06053,U1007,C008,viewed,0.264,0.041,,2027-01-18T08:00:00
I06054,U1007,C051,completed,0.577,1.0,,2027-01-18T10:00:00
I06055,U1007,C044,completed,0.755,1.0,0.548,2027-01-18T12:00:00
I06056,U1007,C006,viewed,0.216,0.34,,2027-01-18T14:00:00
I06057,U1007,C028,viewed,0.285,0.04,,2027-01-18T16:00:00
I06058,U1008,C025,quiz_passed,0.861,1.0,0.886,2027-01-18T18:00:00
I06059,U1008,C018,completed,0.548,1.0,,2027-01-18T20:00:00
I06060,U1008,C057,quiz_passed,0.8,1.0,0.82,2027-01-18T22:00:00
I06061,U1008,C095,viewed,0.104,0.097,,2027-01-19T00:00:00
I06062,U1008,C073,completed,0.564,1.0,,2027-01-19T02:00:00
I06063,U1009,C096,quiz_passed,0.815,1.0,0.602,2027-01-19T04:00:00
I06064,U1009,C061,quiz_passed,0.781,1.0,0.771,2027-01-19T06:00:00
I06065,U1009,C061,completed,0.547,1.0,,2027-01-19T08:00:00
I06066,U1009,C046,viewed,0.38,0.45,0.285,2027-01-19T10:00:00
I06067,U1009,C046,completed,0.496,1.0,,2027-01-19T12:00:00
I06068,U1009,C075,completed,0.472,1.0,,2027-01-19T14:00:00
I06069,U1010,C028,viewed,0.213,0.031,,2027-01-19T16:00:00
I06070,U1010,C096,viewed,0.454,0.7,,2027-01-19T18:00:00
I06071,U1010,C002,completed,0.474,1.0,,2027-01-19T20:00:00
I06072,U1010,C081,viewed,0.229,0.056,,2027-01-19T22:00:00
I06073,U1010,C058,viewed,0.157,0.04,,2027-01-20T00:00:00
I06074,U1011,C011,quiz_passed,0.888,1.0,0.783,2027-01-20T02:00:00
I06075,U1011,C016,completed,0.851,1.0,0.747,2027-01-20T04:00:00
I06076,U1011,C066,disliked,0.35,0.08,0.535,2027-01-20T06:00:00
I06077,U1011,C003,completed,0.791,1.0,0.786,2027-01-20T08:00:00
I06078,U1011,C050,quiz_passed,0.899,1.0,0.811,2027-01-20T10:00:00
I06079,U1011,C088,viewed,0.208,0.061,,2027-01-20T12:00:00
I06080,U1012,C092,completed,0.465,1.0,,2027-01-20T14:00:00
I06081,U1012,C006,quiz_passed,0.785,1.0,0.767,2027-01-20T16:00:00
I06082,U1012,C091,quiz_passed,0.874,1.0,0.801,2027-01-20T18:00:00
I06083,U1012,C046,disliked,0.227,0.12,0.202,2027-01-20T20:00:00
I06084,U1012,C081,viewed,0.166,0.04,,2027-01-20T22:00:00
I06085,U1012,C057,completed,0.481,1.0,,2027-01-21T00:00:00
I06086,U1013,C076,completed,0.551,1.0,,2027-01-21T02:00:00
I06087,U1013,C082,viewed,0.266,0.081,,2027-01-21T04:00:00
I06088,U1013,C064,completed,0.527,1.0,,2027-01-21T06:00:00
I06089,U1013,C018,viewed,0.288,0.01,,2027-01-21T08:00:00
I06090,U1013,C081,completed,0.537,1.0,,2027-01-21T10:00:00
I06091,U1014,C048,completed,0.752,1.0,0.59,2027-01-21T12:00:00
I06092,U1014,C003,completed,0.744,1.0,0.597,2027-01-21T14:00:00
I06093,U1014,C001,viewed,0.308,0.47,,2027-01-21T16:00:00
I06094,U1014,C090,completed,0.717,1.0,0.53,2027-01-21T18:00:00
I06095,U1014,C006,viewed,0.24,0.29,,2027-01-21T20:00:00
I06096,U1015,C017,viewed,0.255,0.48,,2027-01-21T22:00:00
I06097,U1015,C002,quiz_passed,0.747,1.0,0.694,2027-01-22T00:00:00
I06098,U1015,C048,completed,0.697,1.0,0.572,2027-01-22T02:00:00
I06099,U1015,C051,quiz_passed,0.79,1.0,0.662,2027-01-22T04:00:00
I06100,U1015,C016,completed,0.545,1.0,,2027-01-22T06:00:00
I06101,U1015,C045,viewed,0.225,0.096,,2027-01-22T08:00:00
I06102,U1016,C098,completed,0.529,1.0,,2027-01-22T10:00:00
I06103,U1016,C058,disliked,0.333,0.11,0.355,2027-01-22T12:00:00
I06104,U1016,C098,completed,0.569,1.0,,2027-01-22T14:00:00
I06105,U1016,C091,completed,0.77,1.0,0.679,2027-01-22T16:00:00
I06106,U1016,C043,viewed,0.384,0.64,,2027-01-22T18:00:00
I06107,U1016,C029,disliked,0.088,0.05,,2027-01-22T20:00:00
I06108,U1016,C045,viewed,0.278,0.063,,2027-01-22T22:00:00
I06109,U1016,C044,completed,0.577,1.0,,2027-01-23T00:00:00
I06110,U1016,C045,completed,0.479,1.0,,2027-01-23T02:00:00
I06111,U1016,C005,completed,0.731,1.0,0.442,2027-01-23T04:00:00
I06112,U1017,C030,completed,0.738,1.0,0.655,2027-01-23T06:00:00
I06113,U1017,C095,completed,0.682,1.0,0.466,2027-01-23T08:00:00
I06114,U1017,C053,quiz_passed,0.784,1.0,0.63,2027-01-23T10:00:00
I06115,U1017,C042,completed,0.75,1.0,0.599,2027-01-23T12:00:00
I06116,U1018,C061,quiz_passed,0.422,0.11,0.724,2027-01-23T14:00:00
I06117,U1018,C048,completed,0.495,1.0,,2027-01-23T16:00:00
I06118,U1018,C061,completed,0.473,1.0,,2027-01-23T18:00:00
I06119,U1018,C048,completed,0.502,1.0,,2027-01-23T20:00:00
I06120,U1018,C054,quiz_passed,0.87,1.0,0.849,2027-01-23T22:00:00
I06121,U1018,C029,completed,0.901,1.0,0.834,2027-01-24T00:00:00
I06122,U1018,C005,viewed,0.223,0.32,,2027-01-24T02:00:00
I06123,U1019,C095,viewed,0.118,0.077,,2027-01-24T04:00:00
I06124,U1019,C099,viewed,0.467,0.55,0.219,2027-01-24T06:00:00
I06125,U1019,C098,completed,0.694,1.0,0.46,2027-01-24T08:00:00
I06126,U1019,C098,viewed,0.138,0.085,,2027-01-24T10:00:00
I06127,U1020,C082,disliked,0.187,0.07,,2027-01-24T12:00:00
I06128,U1020,C048,completed,0.494,1.0,,2027-01-24T14:00:00
I06129,U1020,C057,completed,0.81,1.0,0.613,2027-01-24T16:00:00
I06130,U1020,C099,viewed,0.291,0.003,,2027-01-24T18:00:00
I06131,U1020,C082,viewed,0.235,0.009,,2027-01-24T20:00:00
I06132,U1020,C030,quiz_passed,0.831,1.0,0.665,2027-01-24T22:00:00
I06133,U1020,C095,viewed,0.355,0.21,0.297,2027-01-25T00:00:00
I06134,U1021,C095,viewed,0.162,0.057,,2027-01-25T02:00:00
I06135,U1021,C042,completed,0.712,1.0,0.588,2027-01-25T04:00:00
I06136,U1021,C073,completed,0.808,1.0,0.586,2027-01-25T06:00:00
I06137,U1022,C001,completed,0.759,1.0,0.728,2027-01-25T08:00:00
I06138,U1022,C076,completed,0.784,1.0,0.716,2027-01-25T10:00:00
I06139,U1022,C074,completed,0.763,1.0,0.611,2027-01-25T12:00:00
I06140,U1022,C046,viewed,0.393,0.42,0.215,2027-01-25T14:00:00
I06141,U1022,C010,viewed,0.261,0.089,,2027-01-25T16:00:00
I06142,U1023,C099,completed,0.731,1.0,0.51,2027-01-25T18:00:00
I06143,U1023,C003,viewed,0.242,0.096,,2027-01-25T20:00:00
I06144,U1023,C099,viewed,0.338,0.25,0.246,2027-01-25T22:00:00
I06145,U1023,C017,completed,0.7,1.0,0.567,2027-01-26T00:00:00
I06146,U1023,C050,completed,0.566,1.0,,2027-01-26T02:00:00
I06147,U1023,C006,viewed,0.191,0.095,,2027-01-26T04:00:00
I06148,U1023,C046,completed,0.462,1.0,,2027-01-26T06:00:00
I06149,U1024,C096,viewed,0.174,0.26,,2027-01-26T08:00:00
I06150,U1024,C073,viewed,0.474,0.51,0.515,2027-01-26T10:00:00
I06151,U1024,C096,completed,0.562,1.0,,2027-01-26T12:00:00
I06152,U1024,C009,quiz_passed,0.788,1.0,0.764,2027-01-26T14:00:00
I06153,U1024,C011,completed,0.493,1.0,,2027-01-26T16:00:00
I06154,U1024,C008,completed,0.489,1.0,,2027-01-26T18:00:00
I06155,U1024,C092,quiz_passed,0.876,1.0,0.798,2027-01-26T20:00:00
I06156,U1025,C092,completed,0.562,1.0,,2027-01-26T22:00:00
I06157,U1025,C096,completed,0.735,1.0,0.488,2027-01-27T00:00:00
I06158,U1025,C035,viewed,0.225,0.021,,2027-01-27T02:00:00
I06159,U1025,C015,completed,0.545,1.0,,2027-01-27T04:00:00
I06160,U1026,C047,quiz_passed,0.852,1.0,0.727,2027-01-27T06:00:00
I06161,U1026,C054,viewed,0.16,0.043,,2027-01-27T08:00:00
I06162,U1026,C095,completed,0.534,1.0,,2027-01-27T10:00:00
I06163,U1026,C092,quiz_passed,0.847,1.0,0.731,2027-01-27T12:00:00
I06164,U1026,C098,viewed,0.192,0.22,,2027-01-27T14:00:00
I06165,U1026,C035,viewed,0.616,0.59,0.569,2027-01-27T16:00:00
I06166,U1027,C016,viewed,0.104,0.021,,2027-01-27T18:00:00
I06167,U1027,C061,quiz_passed,0.802,1.0,0.627,2027-01-27T20:00:00
I06168,U1027,C061,completed,0.57,1.0,,2027-01-27T22:00:00
I06169,U1027,C029,quiz_passed,0.815,1.0,0.645,2027-01-28T00:00:00
I06170,U1027,C066,quiz_passed,0.832,1.0,0.676,2027-01-28T02:00:00
I06171,U1027,C057,viewed,0.339,0.22,0.389,2027-01-28T04:00:00
I06172,U1027,C017,completed,0.506,1.0,,2027-01-28T06:00:00
I06173,U1028,C058,quiz_passed,0.759,1.0,0.625,2027-01-28T08:00:00
I06174,U1028,C098,viewed,0.245,0.41,,2027-01-28T10:00:00
I06175,U1028,C098,completed,0.528,1.0,,2027-01-28T12:00:00
I06176,U1028,C096,completed,0.689,1.0,0.529,2027-01-28T14:00:00
I06177,U1028,C091,disliked,0.345,0.18,0.377,2027-01-28T16:00:00
I06178,U1028,C017,completed,0.538,1.0,,2027-01-28T18:00:00
I06179,U1029,C062,completed,0.811,1.0,0.591,2027-01-28T20:00:00
I06180,U1029,C082,completed,0.578,1.0,,2027-01-28T22:00:00
I06181,U1029,C036,completed,0.715,1.0,0.498,2027-01-29T00:00:00
I06182,U1029,C043,completed,0.496,1.0,,2027-01-29T02:00:00
I06183,U1030,C048,quiz_passed,0.77,1.0,0.615,2027-01-29T04:00:00
I06184,U1030,C095,completed,0.686,1.0,0.519,2027-01-29T06:00:00
I06185,U1030,C098,completed,0.54,1.0,,2027-01-29T08:00:00
I06186,U1030,C095,viewed,0.132,0.083,,2027-01-29T10:00:00
I06187,U1030,C067,completed,0.469,1.0,,2027-01-29T12:00:00
I06188,U1030,C064,completed,0.817,1.0,0.626,2027-01-29T14:00:00
I06189,U1030,C003,completed,0.552,1.0,,2027-01-29T16:00:00
I06190,U1030,C013,viewed,0.106,0.024,,2027-01-29T18:00:00
I06191,U1030,C015,completed,0.497,1.0,,2027-01-29T20:00:00
I06192,U1031,C095,viewed,0.376,0.32,0.281,2027-01-29T22:00:00
I06193,U1031,C025,viewed,0.463,0.54,0.344,2027-01-30T00:00:00
I06194,U1031,C098,viewed,0.261,0.063,,2027-01-30T02:00:00
I06195,U1031,C099,disliked,0.156,0.02,0.211,2027-01-30T04:00:00
I06196,U1031,C096,viewed,0.242,0.085,,2027-01-30T06:00:00
I06197,U1031,C099,viewed,0.414,0.4,0.221,2027-01-30T08:00:00
I06198,U1032,C017,completed,0.482,1.0,,2027-01-30T10:00:00
I06199,U1032,C006,quiz_passed,0.884,1.0,0.797,2027-01-30T12:00:00
I06200,U1032,C048,completed,0.775,1.0,0.719,2027-01-30T14:00:00
I06201,U1032,C017,viewed,0.573,0.65,0.496,2027-01-30T16:00:00
I06202,U1032,C091,completed,0.538,1.0,,2027-01-30T18:00:00
I06203,U1033,C099,viewed,0.347,0.3,0.302,2027-01-30T20:00:00
I06204,U1033,C082,completed,0.847,1.0,0.672,2027-01-30T22:00:00
I06205,U1033,C011,quiz_passed,0.787,1.0,0.681,2027-01-31T00:00:00
I06206,U1033,C047,completed,0.492,1.0,,2027-01-31T02:00:00
I06207,U1033,C098,viewed,0.232,0.02,,2027-01-31T04:00:00
I06208,U1033,C018,viewed,0.188,0.05,,2027-01-31T06:00:00
I06209,U1033,C001,completed,0.578,1.0,,2027-01-31T08:00:00
I06210,U1034,C049,completed,0.526,1.0,,2027-01-31T10:00:00
I06211,U1034,C057,quiz_passed,0.775,1.0,0.776,2027-01-31T12:00:00
I06212,U1034,C073,completed,0.859,1.0,0.794,2027-01-31T14:00:00
I06213,U1034,C095,viewed,0.53,0.65,0.351,2027-01-31T16:00:00
I06214,U1034,C065,quiz_passed,0.789,1.0,0.789,2027-01-31T18:00:00
I06215,U1034,C026,quiz_passed,0.753,1.0,0.617,2027-01-31T20:00:00
I06216,U1034,C067,quiz_passed,0.817,1.0,0.772,2027-01-31T22:00:00
I06217,U1034,C076,quiz_passed,0.768,1.0,0.763,2027-02-01T00:00:00
I06218,U1034,C025,completed,0.555,1.0,,2027-02-01T02:00:00
I06219,U1035,C028,completed,0.546,1.0,,2027-02-01T04:00:00
I06220,U1035,C018,completed,0.856,1.0,0.777,2027-02-01T06:00:00
I06221,U1035,C095,completed,0.719,1.0,0.598,2027-02-01T08:00:00
I06222,U1035,C061,quiz_passed,0.875,1.0,0.754,2027-02-01T10:00:00
I06223,U1035,C090,viewed,0.395,0.22,0.357,2027-02-01T12:00:00
I06224,U1035,C067,completed,0.799,1.0,0.798,2027-02-01T14:00:00
I06225,U1036,C011,quiz_passed,0.85,1.0,0.817,2027-02-01T16:00:00
I06226,U1036,C029,quiz_passed,0.815,1.0,0.872,2027-02-01T18:00:00
I06227,U1036,C001,completed,0.833,1.0,0.869,2027-02-01T20:00:00
I06228,U1036,C001,quiz_passed,0.818,1.0,0.857,2027-02-01T22:00:00
I06229,U1036,C058,completed,0.558,1.0,,2027-02-02T00:00:00
I06230,U1037,C096,viewed,0.25,0.073,,2027-02-02T02:00:00
I06231,U1037,C057,completed,0.54,1.0,,2027-02-02T04:00:00
I06232,U1037,C029,disliked,0.373,0.12,0.422,2027-02-02T06:00:00
I06233,U1037,C017,completed,0.738,1.0,0.581,2027-02-02T08:00:00
I06234,U1037,C067,completed,0.78,1.0,0.579,2027-02-02T10:00:00
I06235,U1037,C002,viewed,0.164,0.049,,2027-02-02T12:00:00
I06236,U1037,C099,viewed,0.332,0.67,,2027-02-02T14:00:00
I06237,U1037,C095,completed,0.636,1.0,0.406,2027-02-02T16:00:00
I06238,U1038,C016,completed,0.505,1.0,,2027-02-02T18:00:00
I06239,U1038,C044,viewed,0.283,0.024,,2027-02-02T20:00:00
I06240,U1038,C061,viewed,0.206,0.0,,2027-02-02T22:00:00
I06241,U1038,C010,viewed,0.283,0.011,,2027-02-03T00:00:00
I06242,U1038,C090,viewed,0.233,0.012,,2027-02-03T02:00:00
I06243,U1038,C025,viewed,0.294,0.32,,2027-02-03T04:00:00
I06244,U1038,C029,viewed,0.261,0.072,,2027-02-03T06:00:00
I06245,U1038,C082,completed,0.468,1.0,,2027-02-03T08:00:00
I06246,U1038,C082,completed,0.461,1.0,,2027-02-03T10:00:00
I06247,U1039,C071,completed,0.489,1.0,,2027-02-03T12:00:00
I06248,U1039,C047,disliked,0.357,0.14,0.338,2027-02-03T14:00:00
I06249,U1039,C095,completed,0.68,1.0,0.435,2027-02-03T16:00:00
I06250,U1039,C075,viewed,0.29,0.28,,2027-02-03T18:00:00
I06251,U1039,C057,completed,0.485,1.0,,2027-02-03T20:00:00
I06252,U1039,C008,viewed,0.248,0.026,,2027-02-03T22:00:00
I06253,U1040,C035,completed,0.523,1.0,,2027-02-04T00:00:00
I06254,U1040,C088,completed,0.566,1.0,,2027-02-04T02:00:00
I06255,U1040,C016,disliked,0.2,0.13,,2027-02-04T04:00:00
I06256,U1040,C030,quiz_passed,0.762,1.0,0.639,2027-02-04T06:00:00
I06257,U1040,C045,viewed,0.235,0.03,,2027-02-04T08:00:00
I06258,U1040,C076,completed,0.528,1.0,,2027-02-04T10:00:00
I06259,U1040,C067,completed,0.797,1.0,0.57,2027-02-04T12:00:00
I06260,U1040,C073,viewed,0.189,0.018,,2027-02-04T14:00:00
I06261,U1040,C065,viewed,0.275,0.081,,2027-02-04T16:00:00
I06262,U1041,C098,viewed,0.252,0.086,,2027-02-04T18:00:00
I06263,U1041,C092,completed,0.489,1.0,,2027-02-04T20:00:00
I06264,U1041,C003,completed,0.568,1.0,,2027-02-04T22:00:00
I06265,U1041,C010,viewed,0.266,0.24,,2027-02-05T00:00:00
I06266,U1041,C044,quiz_passed,0.804,1.0,0.634,2027-02-05T02:00:00
I06267,U1041,C046,completed,0.742,1.0,0.468,2027-02-05T04:00:00
I06268,U1041,C062,viewed,0.521,0.53,0.49,2027-02-05T06:00:00
I06269,U1041,C090,completed,0.793,1.0,0.674,2027-02-05T08:00:00
I06270,U1041,C015,completed,0.55,1.0,,2027-02-05T10:00:00
I06271,U1042,C061,quiz_passed,0.875,1.0,0.837,2027-02-05T12:00:00
I06272,U1042,C046,completed,0.768,1.0,0.585,2027-02-05T14:00:00
I06273,U1042,C046,quiz_passed,0.733,1.0,0.637,2027-02-05T16:00:00
I06274,U1042,C046,completed,0.484,1.0,,2027-02-05T18:00:00
I06275,U1042,C096,quiz_passed,0.741,1.0,0.7,2027-02-05T20:00:00
I06276,U1043,C028,viewed,0.18,0.058,,2027-02-05T22:00:00
I06277,U1043,C017,quiz_passed,0.733,1.0,0.663,2027-02-06T00:00:00
I06278,U1043,C006,completed,0.711,1.0,0.572,2027-02-06T02:00:00
I06279,U1043,C082,completed,0.565,1.0,,2027-02-06T04:00:00
I06280,U1044,C002,completed,0.504,1.0,,2027-02-06T06:00:00
I06281,U1044,C072,completed,0.531,1.0,,2027-02-06T08:00:00
I06282,U1044,C028,quiz_passed,0.853,1.0,0.839,2027-02-06T10:00:00
I06283,U1044,C045,quiz_passed,0.878,1.0,0.791,2027-02-06T12:00:00
I06284,U1045,C098,completed,0.549,1.0,,2027-02-06T14:00:00
I06285,U1045,C096,viewed,0.245,0.39,,2027-02-06T16:00:00
I06286,U1045,C047,completed,0.734,1.0,0.67,2027-02-06T18:00:00
I06287,U1046,C076,completed,0.53,1.0,,2027-02-06T20:00:00
I06288,U1046,C028,completed,0.461,1.0,,2027-02-06T22:00:00
I06289,U1046,C051,quiz_passed,0.824,1.0,0.791,2027-02-07T00:00:00
I06290,U1046,C076,quiz_passed,0.842,1.0,0.727,2027-02-07T02:00:00
I06291,U1046,C005,completed,0.483,1.0,,2027-02-07T04:00:00
I06292,U1046,C046,completed,0.743,1.0,0.454,2027-02-07T06:00:00
I06293,U1046,C046,completed,0.748,1.0,0.496,2027-02-07T08:00:00
I06294,U1046,C064,viewed,0.557,0.57,0.496,2027-02-07T10:00:00
I06295,U1047,C066,completed,0.466,1.0,,2027-02-07T12:00:00
I06296,U1047,C062,quiz_passed,0.563,0.45,0.708,2027-02-07T14:00:00
I06297,U1047,C053,quiz_passed,0.84,1.0,0.817,2027-02-07T16:00:00
I06298,U1047,C018,completed,0.579,1.0,,2027-02-07T18:00:00
I06299,U1048,C050,completed,0.835,1.0,0.788,2027-02-07T20:00:00
I06300,U1048,C063,completed,0.566,1.0,,2027-02-07T22:00:00
I06301,U1048,C098,completed,0.477,1.0,,2027-02-08T00:00:00
I06302,U1048,C058,viewed,0.323,0.54,,2027-02-08T02:00:00
I06303,U1048,C002,quiz_passed,0.837,1.0,0.779,2027-02-08T04:00:00
I06304,U1049,C018,quiz_passed,0.811,1.0,0.82,2027-02-08T06:00:00
I06305,U1049,C096,viewed,0.258,0.38,,2027-02-08T08:00:00
I06306,U1049,C099,completed,0.777,1.0,0.723,2027-02-08T10:00:00
I06307,U1049,C076,completed,0.46,1.0,,2027-02-08T12:00:00
I06308,U1049,C044,completed,0.512,1.0,,2027-02-08T14:00:00
I06309,U1049,C071,quiz_passed,0.882,1.0,0.849,2027-02-08T16:00:00
I06310,U1049,C047,completed,0.527,1.0,,2027-02-08T18:00:00
I06311,U1050,C028,completed,0.736,1.0,0.568,2027-02-08T20:00:00
I06312,U1050,C062,viewed,0.274,0.004,,2027-02-08T22:00:00
I06313,U1050,C029,quiz_passed,0.787,1.0,0.693,2027-02-09T00:00:00
I06314,U1050,C018,viewed,0.248,0.001,,2027-02-09T02:00:00
I06315,U1050,C096,viewed,0.292,0.042,,2027-02-09T04:00:00
I06316,U1051,C098,viewed,0.222,0.31,,2027-02-09T06:00:00
I06317,U1051,C025,completed,0.722,1.0,0.611,2027-02-09T08:00:00
I06318,U1051,C099,disliked,0.3,0.18,0.208,2027-02-09T10:00:00
I06319,U1051,C098,viewed,0.261,0.25,,2027-02-09T12:00:00
I06320,U1051,C095,disliked,0.173,0.04,,2027-02-09T14:00:00
I06321,U1051,C057,quiz_passed,0.782,1.0,0.695,2027-02-09T16:00:00
I06322,U1051,C061,completed,0.57,1.0,,2027-02-09T18:00:00
I06323,U1052,C064,viewed,0.132,0.071,,2027-02-09T20:00:00
I06324,U1052,C057,disliked,0.382,0.19,0.323,2027-02-09T22:00:00
I06325,U1052,C095,viewed,0.163,0.082,,2027-02-10T00:00:00
I06326,U1052,C015,viewed,0.386,0.2,0.35,2027-02-10T02:00:00
I06327,U1052,C005,viewed,0.123,0.024,,2027-02-10T04:00:00
I06328,U1052,C025,quiz_passed,0.808,1.0,0.684,2027-02-10T06:00:00
I06329,U1053,C016,viewed,0.291,0.083,,2027-02-10T08:00:00
I06330,U1053,C047,viewed,0.286,0.063,,2027-02-10T10:00:00
I06331,U1053,C029,viewed,0.229,0.42,,2027-02-10T12:00:00
I06332,U1053,C043,quiz_passed,0.796,1.0,0.651,2027-02-10T14:00:00
I06333,U1053,C010,completed,0.573,1.0,,2027-02-10T16:00:00
I06334,U1053,C006,quiz_passed,0.859,1.0,0.699,2027-02-10T18:00:00
I06335,U1053,C061,completed,0.479,1.0,,2027-02-10T20:00:00
I06336,U1054,C053,completed,0.571,1.0,,2027-02-10T22:00:00
I06337,U1054,C098,completed,0.516,1.0,,2027-02-11T00:00:00
I06338,U1054,C099,viewed,0.29,0.081,,2027-02-11T02:00:00
I06339,U1054,C095,quiz_passed,0.783,1.0,0.748,2027-02-11T04:00:00
I06340,U1054,C065,viewed,0.103,0.078,,2027-02-11T06:00:00
I06341,U1054,C016,completed,0.537,1.0,,2027-02-11T08:00:00
I06342,U1055,C095,disliked,0.373,0.15,0.397,2027-02-11T10:00:00
I06343,U1055,C018,completed,0.844,1.0,0.751,2027-02-11T12:00:00
I06344,U1055,C042,completed,0.478,1.0,,2027-02-11T14:00:00
I06345,U1055,C096,viewed,0.534,0.46,0.446,2027-02-11T16:00:00
I06346,U1055,C095,disliked,0.087,0.05,,2027-02-11T18:00:00
I06347,U1056,C029,completed,0.831,1.0,0.65,2027-02-11T20:00:00
I06348,U1056,C099,viewed,0.2,0.24,,2027-02-11T22:00:00
I06349,U1056,C042,quiz_passed,0.782,1.0,0.686,2027-02-12T00:00:00
I06350,U1056,C030,completed,0.752,1.0,0.581,2027-02-12T02:00:00
I06351,U1056,C048,quiz_passed,0.747,1.0,0.637,2027-02-12T04:00:00
I06352,U1056,C078,viewed,0.241,0.047,,2027-02-12T06:00:00
I06353,U1056,C067,viewed,0.464,0.41,0.326,2027-02-12T08:00:00
I06354,U1056,C054,completed,0.731,1.0,0.578,2027-02-12T10:00:00
I06355,U1056,C050,quiz_passed,0.772,1.0,0.684,2027-02-12T12:00:00
I06356,U1056,C064,completed,0.477,1.0,,2027-02-12T14:00:00
I06357,U1057,C050,viewed,0.407,0.33,0.529,2027-02-12T16:00:00
I06358,U1057,C075,completed,0.507,1.0,,2027-02-12T18:00:00
I06359,U1057,C088,completed,0.864,1.0,0.773,2027-02-12T20:00:00
I06360,U1057,C046,viewed,0.454,0.54,0.23,2027-02-12T22:00:00
I06361,U1057,C074,quiz_passed,0.739,1.0,0.633,2027-02-13T00:00:00
I06362,U1057,C067,quiz_passed,0.86,1.0,0.764,2027-02-13T02:00:00
I06363,U1058,C062,completed,0.576,1.0,,2027-02-13T04:00:00
I06364,U1058,C030,quiz_passed,0.842,1.0,0.803,2027-02-13T06:00:00
I06365,U1058,C069,quiz_passed,0.768,1.0,0.652,2027-02-13T08:00:00
I06366,U1058,C016,completed,0.49,1.0,,2027-02-13T10:00:00
I06367,U1059,C053,completed,0.511,1.0,,2027-02-13T12:00:00
I06368,U1059,C098,viewed,0.17,0.053,,2027-02-13T14:00:00
I06369,U1059,C001,viewed,0.486,0.43,0.359,2027-02-13T16:00:00
I06370,U1059,C017,viewed,0.147,0.09,,2027-02-13T18:00:00
I06371,U1059,C075,viewed,0.27,0.024,,2027-02-13T20:00:00
I06372,U1059,C006,quiz_passed,0.825,1.0,0.677,2027-02-13T22:00:00
I06373,U1060,C096,viewed,0.46,0.63,0.262,2027-02-14T00:00:00
I06374,U1060,C051,completed,0.472,1.0,,2027-02-14T02:00:00
I06375,U1060,C017,completed,0.488,1.0,,2027-02-14T04:00:00
I06376,U1060,C076,viewed,0.196,0.099,,2027-02-14T06:00:00
I06377,U1060,C081,completed,0.743,1.0,0.429,2027-02-14T08:00:00
I06378,U1060,C047,completed,0.768,1.0,0.586,2027-02-14T10:00:00
I06379,U1060,C081,viewed,0.208,0.36,,2027-02-14T12:00:00
I06380,U1061,C076,completed,0.541,1.0,,2027-02-14T14:00:00
I06381,U1061,C003,completed,0.467,1.0,,2027-02-14T16:00:00
I06382,U1061,C006,quiz_passed,0.819,1.0,0.797,2027-02-14T18:00:00
I06383,U1061,C092,completed,0.506,1.0,,2027-02-14T20:00:00
I06384,U1061,C057,quiz_passed,0.791,1.0,0.777,2027-02-14T22:00:00
I06385,U1061,C005,completed,0.754,1.0,0.628,2027-02-15T00:00:00
I06386,U1062,C051,quiz_passed,0.815,1.0,0.795,2027-02-15T02:00:00
I06387,U1062,C071,completed,0.543,1.0,,2027-02-15T04:00:00
I06388,U1062,C025,quiz_passed,0.765,1.0,0.741,2027-02-15T06:00:00
I06389,U1062,C076,quiz_passed,0.848,1.0,0.77,2027-02-15T08:00:00
I06390,U1062,C071,quiz_passed,0.874,1.0,0.811,2027-02-15T10:00:00
I06391,U1062,C053,disliked,0.29,0.04,0.497,2027-02-15T12:00:00
I06392,U1062,C046,disliked,0.223,0.11,,2027-02-15T14:00:00
I06393,U1062,C081,viewed,0.35,0.43,,2027-02-15T16:00:00
I06394,U1063,C092,completed,0.511,1.0,,2027-02-15T18:00:00
I06395,U1063,C067,quiz_passed,0.743,1.0,0.701,2027-02-15T20:00:00
I06396,U1063,C095,viewed,0.428,0.62,,2027-02-15T22:00:00
I06397,U1063,C002,completed,0.523,1.0,,2027-02-16T00:00:00
I06398,U1063,C044,completed,0.741,1.0,0.566,2027-02-16T02:00:00
I06399,U1064,C047,completed,0.517,1.0,,2027-02-16T04:00:00
I06400,U1064,C065,viewed,0.457,0.33,0.368,2027-02-16T06:00:00
I06401,U1064,C098,viewed,0.194,0.017,,2027-02-16T08:00:00
I06402,U1064,C066,completed,0.765,1.0,0.566,2027-02-16T10:00:00
I06403,U1064,C066,quiz_passed,0.805,1.0,0.667,2027-02-16T12:00:00
I06404,U1065,C054,quiz_passed,0.903,1.0,0.849,2027-02-16T14:00:00
I06405,U1065,C082,completed,0.553,1.0,,2027-02-16T16:00:00
I06406,U1065,C073,quiz_passed,0.917,1.0,0.878,2027-02-16T18:00:00
I06407,U1065,C098,viewed,0.222,0.023,,2027-02-16T20:00:00
I06408,U1065,C016,quiz_passed,0.859,1.0,0.834,2027-02-16T22:00:00
I06409,U1066,C047,quiz_passed,0.819,1.0,0.632,2027-02-17T00:00:00
I06410,U1066,C057,viewed,0.428,0.46,0.443,2027-02-17T02:00:00
I06411,U1066,C003,quiz_passed,0.788,1.0,0.602,2027-02-17T04:00:00
I06412,U1066,C073,completed,0.565,1.0,,2027-02-17T06:00:00
I06413,U1067,C050,completed,0.733,1.0,0.634,2027-02-17T08:00:00
I06414,U1067,C001,viewed,0.129,0.044,,2027-02-17T10:00:00
I06415,U1067,C047,viewed,0.49,0.66,0.36,2027-02-17T12:00:00
I06416,U1067,C071,completed,0.573,1.0,,2027-02-17T14:00:00
I06417,U1067,C010,viewed,0.501,0.53,0.3,2027-02-17T16:00:00
I06418,U1067,C081,completed,0.737,1.0,0.532,2027-02-17T18:00:00
I06419,U1067,C075,viewed,0.484,0.52,0.241,2027-02-17T20:00:00
I06420,U1067,C005,completed,0.508,1.0,,2027-02-17T22:00:00
I06421,U1067,C057,viewed,0.205,0.063,,2027-02-18T00:00:00
I06422,U1068,C015,completed,0.843,1.0,0.831,2027-02-18T02:00:00
I06423,U1068,C046,disliked,0.156,0.01,,2027-02-18T04:00:00
I06424,U1068,C090,completed,0.558,1.0,,2027-02-18T06:00:00
I06425,U1068,C046,completed,0.796,1.0,0.639,2027-02-18T08:00:00
I06426,U1068,C075,completed,0.536,1.0,,2027-02-18T10:00:00
I06427,U1068,C050,completed,0.551,1.0,,2027-02-18T12:00:00
I06428,U1069,C095,completed,0.74,1.0,0.564,2027-02-18T14:00:00
I06429,U1069,C015,completed,0.487,1.0,,2027-02-18T16:00:00
I06430,U1069,C010,completed,0.566,1.0,,2027-02-18T18:00:00
I06431,U1070,C067,completed,0.567,1.0,,2027-02-18T20:00:00
I06432,U1070,C096,completed,0.72,1.0,0.411,2027-02-18T22:00:00
I06433,U1070,C006,completed,0.729,1.0,0.576,2027-02-19T00:00:00
I06434,U1070,C047,quiz_passed,0.79,1.0,0.632,2027-02-19T02:00:00
I06435,U1070,C057,viewed,0.479,0.39,0.402,2027-02-19T04:00:00
I06436,U1070,C006,completed,0.5,1.0,,2027-02-19T06:00:00
I06437,U1071,C082,completed,0.9,1.0,0.872,2027-02-19T08:00:00
I06438,U1071,C067,completed,0.489,1.0,,2027-02-19T10:00:00
I06439,U1071,C011,quiz_passed,0.862,1.0,0.864,2027-02-19T12:00:00
I06440,U1071,C096,completed,0.535,1.0,,2027-02-19T14:00:00
I06441,U1071,C054,quiz_passed,0.916,1.0,0.87,2027-02-19T16:00:00
I06442,U1071,C058,completed,0.509,1.0,,2027-02-19T18:00:00
I06443,U1071,C071,quiz_passed,0.895,1.0,0.824,2027-02-19T20:00:00
I06444,U1071,C064,completed,0.883,1.0,0.836,2027-02-19T22:00:00
I06445,U1071,C088,quiz_passed,0.929,1.0,0.875,2027-02-20T00:00:00
I06446,U1072,C096,completed,0.513,1.0,,2027-02-20T02:00:00
I06447,U1072,C067,completed,0.71,1.0,0.581,2027-02-20T04:00:00
I06448,U1072,C066,completed,0.737,1.0,0.583,2027-02-20T06:00:00
I06449,U1072,C076,completed,0.812,1.0,0.608,2027-02-20T08:00:00
I06450,U1072,C073,completed,0.797,1.0,0.599,2027-02-20T10:00:00
I06451,U1072,C029,quiz_passed,0.744,1.0,0.685,2027-02-20T12:00:00
I06452,U1072,C045,completed,0.726,1.0,0.53,2027-02-20T14:00:00
I06453,U1073,C002,viewed,0.197,0.058,,2027-02-20T16:00:00
I06454,U1073,C098,disliked,0.172,0.01,,2027-02-20T18:00:00
I06455,U1073,C082,completed,0.522,1.0,,2027-02-20T20:00:00
I06456,U1073,C018,viewed,0.28,0.07,,2027-02-20T22:00:00
I06457,U1073,C043,viewed,0.45,0.68,,2027-02-21T00:00:00
I06458,U1073,C065,quiz_passed,0.739,1.0,0.672,2027-02-21T02:00:00
I06459,U1073,C018,quiz_passed,0.798,1.0,0.651,2027-02-21T04:00:00
I06460,U1074,C064,completed,0.848,1.0,0.822,2027-02-21T06:00:00
I06461,U1074,C006,quiz_passed,0.898,1.0,0.858,2027-02-21T08:00:00
I06462,U1074,C057,completed,0.577,1.0,,2027-02-21T10:00:00
I06463,U1074,C096,completed,0.552,1.0,,2027-02-21T12:00:00
I06464,U1074,C030,completed,0.568,1.0,,2027-02-21T14:00:00
I06465,U1074,C018,completed,0.491,1.0,,2027-02-21T16:00:00
I06466,U1074,C082,completed,0.55,1.0,,2027-02-21T18:00:00
I06467,U1075,C016,quiz_passed,0.81,1.0,0.86,2027-02-21T20:00:00
I06468,U1075,C075,quiz_passed,0.849,1.0,0.781,2027-02-21T22:00:00
I06469,U1075,C073,completed,0.54,1.0,,2027-02-22T00:00:00
I06470,U1075,C044,viewed,0.414,0.25,0.559,2027-02-22T02:00:00
I06471,U1075,C074,quiz_passed,0.816,1.0,0.721,2027-02-22T04:00:00
I06472,U1075,C017,completed,0.884,1.0,0.816,2027-02-22T06:00:00
I06473,U1075,C095,disliked,0.401,0.06,0.533,2027-02-22T08:00:00
I06474,U1075,C051,completed,0.497,1.0,,2027-02-22T10:00:00
I06475,U1076,C030,completed,0.558,1.0,,2027-02-22T12:00:00
I06476,U1076,C092,quiz_passed,0.821,1.0,0.681,2027-02-22T14:00:00
I06477,U1076,C076,viewed,0.485,0.43,0.532,2027-02-22T16:00:00
I06478,U1076,C049,completed,0.819,1.0,0.774,2027-02-22T18:00:00
I06479,U1076,C072,completed,0.763,1.0,0.712,2027-02-22T20:00:00
I06480,U1076,C048,viewed,0.276,0.072,,2027-02-22T22:00:00
I06481,U1076,C062,completed,0.873,1.0,0.774,2027-02-23T00:00:00
I06482,U1076,C041,completed,0.548,1.0,,2027-02-23T02:00:00
I06483,U1077,C096,viewed,0.273,0.47,,2027-02-23T04:00:00
I06484,U1077,C001,completed,0.79,1.0,0.664,2027-02-23T06:00:00
I06485,U1077,C057,viewed,0.117,0.079,,2027-02-23T08:00:00
I06486,U1077,C061,viewed,0.145,0.21,,2027-02-23T10:00:00
I06487,U1077,C044,completed,0.564,1.0,,2027-02-23T12:00:00
I06488,U1078,C065,disliked,0.29,0.14,0.38,2027-02-23T14:00:00
I06489,U1078,C096,viewed,0.343,0.22,0.29,2027-02-23T16:00:00
I06490,U1078,C099,completed,0.772,1.0,0.534,2027-02-23T18:00:00
I06491,U1078,C071,quiz_passed,0.792,1.0,0.645,2027-02-23T20:00:00
I06492,U1078,C054,completed,0.466,1.0,,2027-02-23T22:00:00
I06493,U1078,C092,viewed,0.327,0.37,,2027-02-24T00:00:00
I06494,U1078,C043,quiz_passed,0.797,1.0,0.696,2027-02-24T02:00:00
I06495,U1078,C075,viewed,0.347,0.38,0.229,2027-02-24T04:00:00
I06496,U1079,C054,quiz_passed,0.857,1.0,0.707,2027-02-24T06:00:00
I06497,U1079,C095,disliked,0.332,0.14,0.339,2027-02-24T08:00:00
I06498,U1079,C099,completed,0.726,1.0,0.585,2027-02-24T10:00:00
I06499,U1079,C053,quiz_passed,0.813,1.0,0.711,2027-02-24T12:00:00
I06500,U1079,C006,completed,0.574,1.0,,2027-02-24T14:00:00
I06501,U1079,C057,viewed,0.238,0.071,,2027-02-24T16:00:00
I06502,U1080,C095,viewed,0.389,0.62,,2027-02-24T18:00:00
I06503,U1080,C043,completed,0.76,1.0,0.573,2027-02-24T20:00:00
I06504,U1080,C025,completed,0.475,1.0,,2027-02-24T22:00:00
I06505,U1080,C061,viewed,0.421,0.5,0.354,2027-02-25T00:00:00
I06506,U1080,C076,completed,0.489,1.0,,2027-02-25T02:00:00
I06507,U1080,C044,viewed,0.283,0.044,,2027-02-25T04:00:00
I06508,U1080,C075,viewed,0.234,0.39,,2027-02-25T06:00:00
I06509,U1080,C095,completed,0.653,1.0,0.468,2027-02-25T08:00:00
I06510,U1080,C054,quiz_passed,0.732,1.0,0.647,2027-02-25T10:00:00
I06511,U1080,C016,completed,0.763,1.0,0.617,2027-02-25T12:00:00
I06512,U1080,C081,viewed,0.394,0.34,0.285,2027-02-25T14:00:00
I06513,U1081,C017,quiz_passed,0.812,1.0,0.636,2027-02-25T16:00:00
I06514,U1081,C096,viewed,0.12,0.037,,2027-02-25T18:00:00
I06515,U1081,C016,quiz_passed,0.746,1.0,0.653,2027-02-25T20:00:00
I06516,U1081,C025,quiz_passed,0.778,1.0,0.638,2027-02-25T22:00:00
I06517,U1081,C003,disliked,0.219,0.0,0.315,2027-02-26T00:00:00
I06518,U1081,C046,viewed,0.216,0.035,,2027-02-26T02:00:00
I06519,U1081,C065,viewed,0.512,0.69,0.422,2027-02-26T04:00:00
I06520,U1082,C018,completed,0.49,1.0,,2027-02-26T06:00:00
I06521,U1082,C098,completed,0.519,1.0,,2027-02-26T08:00:00
I06522,U1082,C057,quiz_passed,0.725,1.0,0.659,2027-02-26T10:00:00
I06523,U1082,C048,quiz_passed,0.801,1.0,0.678,2027-02-26T12:00:00
I06524,U1082,C048,viewed,0.213,0.065,,2027-02-26T14:00:00
I06525,U1082,C057,viewed,0.343,0.23,0.347,2027-02-26T16:00:00
I06526,U1083,C099,completed,0.474,1.0,,2027-02-26T18:00:00
I06527,U1083,C073,viewed,0.273,0.038,,2027-02-26T20:00:00
I06528,U1083,C016,viewed,0.348,0.57,,2027-02-26T22:00:00
I06529,U1083,C005,viewed,0.199,0.001,,2027-02-27T00:00:00
I06530,U1083,C099,completed,0.519,1.0,,2027-02-27T02:00:00
I06531,U1083,C054,viewed,0.373,0.57,,2027-02-27T04:00:00
I06532,U1083,C028,viewed,0.353,0.28,0.422,2027-02-27T06:00:00
I06533,U1084,C091,completed,0.562,1.0,,2027-02-27T08:00:00
I06534,U1084,C025,quiz_passed,0.725,1.0,0.638,2027-02-27T10:00:00
I06535,U1084,C054,completed,0.513,1.0,,2027-02-27T12:00:00
I06536,U1084,C013,disliked,0.243,0.12,0.256,2027-02-27T14:00:00
I06537,U1084,C057,viewed,0.32,0.36,,2027-02-27T16:00:00
I06538,U1084,C091,viewed,0.581,0.67,0.376,2027-02-27T18:00:00
I06539,U1084,C047,completed,0.48,1.0,,2027-02-27T20:00:00
I06540,U1084,C009,viewed,0.575,0.67,0.33,2027-02-27T22:00:00
I06541,U1084,C044,viewed,0.179,0.072,,2027-02-28T00:00:00
I06542,U1084,C028,viewed,0.53,0.54,0.438,2027-02-28T02:00:00
I06543,U1084,C073,completed,0.537,1.0,,2027-02-28T04:00:00
I06544,U1085,C099,completed,0.505,1.0,,2027-02-28T06:00:00
I06545,U1085,C098,quiz_passed,0.784,1.0,0.711,2027-02-28T08:00:00
I06546,U1085,C098,completed,0.574,1.0,,2027-02-28T10:00:00
I06547,U1085,C095,quiz_passed,0.829,1.0,0.782,2027-02-28T12:00:00
I06548,U1085,C082,quiz_passed,0.897,1.0,0.867,2027-02-28T14:00:00
I06549,U1085,C096,completed,0.464,1.0,,2027-02-28T16:00:00
I06550,U1085,C096,completed,0.466,1.0,,2027-02-28T18:00:00
I06551,U1085,C064,completed,0.462,1.0,,2027-02-28T20:00:00
I06552,U1086,C025,completed,0.777,1.0,0.583,2027-02-28T22:00:00
I06553,U1086,C098,completed,0.73,1.0,0.429,2027-03-01T00:00:00
I06554,U1086,C016,viewed,0.271,0.043,,2027-03-01T02:00:00
I06555,U1086,C043,viewed,0.269,0.012,,2027-03-01T04:00:00
I06556,U1086,C062,viewed,0.408,0.39,0.343,2027-03-01T06:00:00
I06557,U1086,C002,completed,0.82,1.0,0.616,2027-03-01T08:00:00
I06558,U1087,C001,quiz_passed,0.832,1.0,0.807,2027-03-01T10:00:00
I06559,U1087,C010,quiz_passed,0.792,1.0,0.612,2027-03-01T12:00:00
I06560,U1087,C081,viewed,0.165,0.075,,2027-03-01T14:00:00
I06561,U1087,C025,viewed,0.153,0.093,,2027-03-01T16:00:00
I06562,U1087,C081,viewed,0.204,0.014,,2027-03-01T18:00:00
I06563,U1087,C046,completed,0.672,1.0,0.441,2027-03-01T20:00:00
I06564,U1087,C065,quiz_passed,0.867,1.0,0.805,2027-03-01T22:00:00
I06565,U1088,C047,viewed,0.183,0.085,,2027-03-02T00:00:00
I06566,U1088,C003,viewed,0.13,0.043,,2027-03-02T02:00:00
I06567,U1088,C043,quiz_passed,0.867,1.0,0.727,2027-03-02T04:00:00
I06568,U1088,C046,completed,0.778,1.0,0.503,2027-03-02T06:00:00
I06569,U1088,C078,quiz_passed,0.818,1.0,0.705,2027-03-02T08:00:00
I06570,U1088,C081,completed,0.559,1.0,,2027-03-02T10:00:00
I06571,U1089,C051,completed,0.568,1.0,,2027-03-02T12:00:00
I06572,U1089,C015,quiz_passed,0.793,1.0,0.696,2027-03-02T14:00:00
I06573,U1089,C074,viewed,0.119,0.067,,2027-03-02T16:00:00
I06574,U1089,C074,viewed,0.317,0.35,0.199,2027-03-02T18:00:00
I06575,U1089,C051,disliked,0.22,0.17,,2027-03-02T20:00:00
I06576,U1089,C002,quiz_passed,0.757,1.0,0.693,2027-03-02T22:00:00
I06577,U1089,C016,completed,0.479,1.0,,2027-03-03T00:00:00
I06578,U1089,C003,completed,0.478,1.0,,2027-03-03T02:00:00
I06579,U1090,C064,completed,0.538,1.0,,2027-03-03T04:00:00
I06580,U1090,C003,disliked,0.269,0.09,0.413,2027-03-03T06:00:00
I06581,U1090,C016,viewed,0.532,0.57,0.349,2027-03-03T08:00:00
I06582,U1090,C074,completed,0.735,1.0,0.521,2027-03-03T10:00:00
I06583,U1091,C006,viewed,0.172,0.012,,2027-03-03T12:00:00
I06584,U1091,C050,viewed,0.442,0.39,0.446,2027-03-03T14:00:00
I06585,U1091,C043,viewed,0.165,0.019,,2027-03-03T16:00:00
I06586,U1091,C045,viewed,0.259,0.061,,2027-03-03T18:00:00
I06587,U1091,C030,viewed,0.428,0.54,0.323,2027-03-03T20:00:00
I06588,U1092,C015,completed,0.474,1.0,,2027-03-03T22:00:00
I06589,U1092,C045,disliked,0.265,0.02,0.271,2027-03-04T00:00:00
I06590,U1092,C025,viewed,0.266,0.066,,2027-03-04T02:00:00
I06591,U1093,C048,quiz_passed,0.827,1.0,0.663,2027-03-04T04:00:00
I06592,U1093,C048,viewed,0.194,0.29,,2027-03-04T06:00:00
I06593,U1093,C096,viewed,0.397,0.28,0.303,2027-03-04T08:00:00
I06594,U1093,C098,viewed,0.277,0.093,,2027-03-04T10:00:00
I06595,U1093,C048,completed,0.462,1.0,,2027-03-04T12:00:00
I06596,U1093,C065,viewed,0.242,0.4,,2027-03-04T14:00:00
I06597,U1093,C098,disliked,0.218,0.17,,2027-03-04T16:00:00
I06598,U1093,C061,quiz_passed,0.739,1.0,0.618,2027-03-04T18:00:00
I06599,U1094,C054,completed,0.563,1.0,,2027-03-04T20:00:00
I06600,U1094,C091,viewed,0.172,0.067,,2027-03-04T22:00:00
I06601,U1094,C091,quiz_passed,0.783,1.0,0.716,2027-03-05T00:00:00
I06602,U1094,C053,completed,0.476,1.0,,2027-03-05T02:00:00
I06603,U1094,C074,completed,0.486,1.0,,2027-03-05T04:00:00
I06604,U1094,C051,completed,0.876,1.0,0.739,2027-03-05T06:00:00
I06605,U1095,C098,viewed,0.171,0.067,,2027-03-05T08:00:00
I06606,U1095,C099,disliked,0.351,0.06,0.385,2027-03-05T10:00:00
I06607,U1095,C054,completed,0.477,1.0,,2027-03-05T12:00:00
I06608,U1095,C002,viewed,0.25,0.063,,2027-03-05T14:00:00
I06609,U1095,C082,completed,0.541,1.0,,2027-03-05T16:00:00
I06610,U1095,C008,quiz_passed,0.845,1.0,0.787,2027-03-05T18:00:00
I06611,U1096,C001,viewed,0.26,0.3,,2027-03-05T20:00:00
I06612,U1096,C072,viewed,0.535,0.52,0.392,2027-03-05T22:00:00
I06613,U1096,C065,viewed,0.491,0.44,0.349,2027-03-06T00:00:00
I06614,U1096,C067,disliked,0.148,0.05,,2027-03-06T02:00:00
I06615,U1096,C074,completed,0.686,1.0,0.505,2027-03-06T04:00:00
I06616,U1096,C042,completed,0.753,1.0,0.698,2027-03-06T06:00:00
I06617,U1096,C043,viewed,0.173,0.092,,2027-03-06T08:00:00
I06618,U1096,C017,completed,0.833,1.0,0.674,2027-03-06T10:00:00
I06619,U1096,C053,viewed,0.237,0.04,,2027-03-06T12:00:00
I06620,U1096,C090,viewed,0.205,0.028,,2027-03-06T14:00:00
I06621,U1097,C003,quiz_passed,0.77,1.0,0.604,2027-03-06T16:00:00
I06622,U1097,C071,quiz_passed,0.738,1.0,0.66,2027-03-06T18:00:00
I06623,U1097,C045,completed,0.714,1.0,0.517,2027-03-06T20:00:00
I06624,U1097,C071,completed,0.791,1.0,0.684,2027-03-06T22:00:00
I06625,U1097,C006,viewed,0.143,0.014,,2027-03-07T00:00:00
I06626,U1098,C073,quiz_passed,0.364,0.02,0.692,2027-03-07T02:00:00
I06627,U1098,C006,quiz_passed,0.837,1.0,0.876,2027-03-07T04:00:00
I06628,U1098,C095,completed,0.567,1.0,,2027-03-07T06:00:00
I06629,U1098,C062,viewed,0.288,0.57,,2027-03-07T08:00:00
I06630,U1098,C082,completed,0.892,1.0,0.822,2027-03-07T10:00:00
I06631,U1099,C047,completed,0.741,1.0,0.583,2027-03-07T12:00:00
I06632,U1099,C043,completed,0.465,1.0,,2027-03-07T14:00:00
I06633,U1099,C075,viewed,0.135,0.041,,2027-03-07T16:00:00
I06634,U1099,C015,viewed,0.235,0.006,,2027-03-07T18:00:00
I06635,U1099,C048,viewed,0.107,0.006,,2027-03-07T20:00:00
I06636,U1100,C096,completed,0.565,1.0,,2027-03-07T22:00:00
I06637,U1100,C042,viewed,0.468,0.37,0.569,2027-03-08T00:00:00
I06638,U1100,C002,completed,0.466,1.0,,2027-03-08T02:00:00
I06639,U1100,C058,viewed,0.129,0.0,,2027-03-08T04:00:00
I06640,U1100,C029,completed,0.527,1.0,,2027-03-08T06:00:00
I06641,U1100,C097,quiz_passed,0.776,1.0,0.702,2027-03-08T08:00:00
I06642,U1101,C071,viewed,0.24,0.065,,2027-03-08T10:00:00
I06643,U1101,C098,viewed,0.217,0.027,,2027-03-08T12:00:00
I06644,U1101,C042,quiz_passed,0.748,1.0,0.605,2027-03-08T14:00:00
I06645,U1101,C053,disliked,0.351,0.17,0.428,2027-03-08T16:00:00
I06646,U1101,C066,viewed,0.476,0.46,0.416,2027-03-08T18:00:00
I06647,U1102,C098,completed,0.706,1.0,0.438,2027-03-08T20:00:00
I06648,U1102,C065,completed,0.788,1.0,0.597,2027-03-08T22:00:00
I06649,U1102,C008,disliked,0.354,0.15,0.319,2027-03-09T00:00:00
I06650,U1102,C065,viewed,0.165,0.006,,2027-03-09T02:00:00
I06651,U1102,C008,quiz_passed,0.797,1.0,0.601,2027-03-09T04:00:00
I06652,U1102,C001,viewed,0.265,0.043,,2027-03-09T06:00:00
I06653,U1103,C096,viewed,0.328,0.54,,2027-03-09T08:00:00
I06654,U1103,C098,completed,0.556,1.0,,2027-03-09T10:00:00
I06655,U1103,C029,quiz_passed,0.901,1.0,0.834,2027-03-09T12:00:00
I06656,U1103,C078,completed,0.541,1.0,,2027-03-09T14:00:00
I06657,U1103,C064,quiz_passed,0.612,0.69,0.686,2027-03-09T16:00:00
I06658,U1104,C058,quiz_passed,0.786,1.0,0.634,2027-03-09T18:00:00
I06659,U1104,C019,completed,0.655,1.0,0.456,2027-03-09T20:00:00
I06660,U1104,C008,viewed,0.266,0.062,,2027-03-09T22:00:00
I06661,U1104,C095,completed,0.681,1.0,0.502,2027-03-10T00:00:00
I06662,U1104,C054,quiz_passed,0.759,1.0,0.671,2027-03-10T02:00:00
I06663,U1104,C099,completed,0.651,1.0,0.465,2027-03-10T04:00:00
I06664,U1104,C043,viewed,0.186,0.069,,2027-03-10T06:00:00
I06665,U1105,C064,completed,0.551,1.0,,2027-03-10T08:00:00
I06666,U1105,C097,viewed,0.279,0.009,,2027-03-10T10:00:00
I06667,U1105,C099,viewed,0.343,0.47,0.23,2027-03-10T12:00:00
I06668,U1105,C062,completed,0.746,1.0,0.582,2027-03-10T14:00:00
I06669,U1105,C072,quiz_passed,0.762,1.0,0.626,2027-03-10T16:00:00
I06670,U1106,C098,completed,0.769,1.0,0.478,2027-03-10T18:00:00
I06671,U1106,C076,disliked,0.236,0.02,0.353,2027-03-10T20:00:00
I06672,U1106,C015,completed,0.845,1.0,0.7,2027-03-10T22:00:00
I06673,U1106,C090,viewed,0.4,0.52,0.228,2027-03-11T00:00:00
I06674,U1106,C058,viewed,0.168,0.089,,2027-03-11T02:00:00
I06675,U1106,C016,completed,0.541,1.0,,2027-03-11T04:00:00
I06676,U1106,C051,quiz_passed,0.798,1.0,0.696,2027-03-11T06:00:00
I06677,U1107,C095,viewed,0.467,0.54,0.28,2027-03-11T08:00:00
I06678,U1107,C099,disliked,0.206,0.04,0.262,2027-03-11T10:00:00
I06679,U1107,C015,completed,0.518,1.0,,2027-03-11T12:00:00
I06680,U1107,C092,disliked,0.16,0.06,,2027-03-11T14:00:00
I06681,U1107,C065,quiz_passed,0.746,1.0,0.635,2027-03-11T16:00:00
I06682,U1108,C098,quiz_passed,0.787,1.0,0.752,2027-03-11T18:00:00
I06683,U1108,C098,quiz_passed,0.869,1.0,0.737,2027-03-11T20:00:00
I06684,U1108,C067,quiz_passed,0.88,1.0,0.862,2027-03-11T22:00:00
I06685,U1108,C048,quiz_passed,0.834,1.0,0.837,2027-03-12T00:00:00
I06686,U1108,C061,quiz_passed,0.925,1.0,0.873,2027-03-12T02:00:00
I06687,U1108,C075,viewed,0.212,0.29,,2027-03-12T04:00:00
I06688,U1109,C076,quiz_passed,0.816,1.0,0.8,2027-03-12T06:00:00
I06689,U1109,C042,completed,0.469,1.0,,2027-03-12T08:00:00
I06690,U1109,C075,completed,0.484,1.0,,2027-03-12T10:00:00
I06691,U1109,C090,viewed,0.348,0.6,,2027-03-12T12:00:00
I06692,U1109,C098,completed,0.717,1.0,0.542,2027-03-12T14:00:00
I06693,U1110,C006,completed,0.821,1.0,0.802,2027-03-12T16:00:00
I06694,U1110,C043,completed,0.874,1.0,0.785,2027-03-12T18:00:00
I06695,U1110,C091,completed,0.473,1.0,,2027-03-12T20:00:00
I06696,U1110,C005,viewed,0.295,0.37,,2027-03-12T22:00:00
I06697,U1110,C082,completed,0.516,1.0,,2027-03-13T00:00:00
I06698,U1111,C097,completed,0.846,1.0,0.784,2027-03-13T02:00:00
I06699,U1111,C098,completed,0.707,1.0,0.592,2027-03-13T04:00:00
I06700,U1111,C003,quiz_passed,0.84,1.0,0.759,2027-03-13T06:00:00
I06701,U1111,C074,disliked,0.336,0.17,0.358,2027-03-13T08:00:00
I06702,U1111,C016,quiz_passed,0.854,1.0,0.791,2027-03-13T10:00:00
I06703,U1111,C054,quiz_passed,0.773,1.0,0.774,2027-03-13T12:00:00
I06704,U1111,C046,completed,0.742,1.0,0.467,2027-03-13T14:00:00
I06705,U1111,C064,quiz_passed,0.758,1.0,0.702,2027-03-13T16:00:00
I06706,U1112,C058,quiz_passed,0.826,1.0,0.798,2027-03-13T18:00:00
I06707,U1112,C009,disliked,0.385,0.16,0.564,2027-03-13T20:00:00
I06708,U1112,C065,quiz_passed,0.86,1.0,0.757,2027-03-13T22:00:00
I06709,U1112,C073,completed,0.818,1.0,0.797,2027-03-14T00:00:00
I06710,U1112,C098,completed,0.537,1.0,,2027-03-14T02:00:00
I06711,U1112,C020,completed,0.718,1.0,0.514,2027-03-14T04:00:00
I06712,U1112,C095,completed,0.74,1.0,0.561,2027-03-14T06:00:00
I06713,U1112,C098,completed,0.81,1.0,0.585,2027-03-14T08:00:00
I06714,U1112,C003,completed,0.473,1.0,,2027-03-14T10:00:00
I06715,U1113,C098,completed,0.505,1.0,,2027-03-14T12:00:00
I06716,U1113,C028,completed,0.47,1.0,,2027-03-14T14:00:00
I06717,U1113,C099,viewed,0.136,0.041,,2027-03-14T16:00:00
I06718,U1113,C076,viewed,0.144,0.002,,2027-03-14T18:00:00
I06719,U1113,C096,completed,0.673,1.0,0.502,2027-03-14T20:00:00
I06720,U1113,C001,completed,0.472,1.0,,2027-03-14T22:00:00
I06721,U1113,C081,viewed,0.28,0.21,0.224,2027-03-15T00:00:00
I06722,U1114,C095,viewed,0.133,0.098,,2027-03-15T02:00:00
I06723,U1114,C082,viewed,0.219,0.064,,2027-03-15T04:00:00
I06724,U1114,C051,completed,0.706,1.0,0.606,2027-03-15T06:00:00
I06725,U1114,C029,completed,0.578,1.0,,2027-03-15T08:00:00
I06726,U1114,C076,viewed,0.421,0.33,0.321,2027-03-15T10:00:00
I06727,U1114,C025,completed,0.528,1.0,,2027-03-15T12:00:00
I06728,U1115,C099,viewed,0.373,0.28,0.306,2027-03-15T14:00:00
I06729,U1115,C049,completed,0.57,1.0,,2027-03-15T16:00:00
I06730,U1115,C058,completed,0.742,1.0,0.56,2027-03-15T18:00:00
I06731,U1115,C033,completed,0.529,1.0,,2027-03-15T20:00:00
I06732,U1115,C009,viewed,0.515,0.62,0.398,2027-03-15T22:00:00
I06733,U1115,C047,completed,0.517,1.0,,2027-03-16T00:00:00
I06734,U1115,C047,completed,0.48,1.0,,2027-03-16T02:00:00
I06735,U1115,C073,completed,0.542,1.0,,2027-03-16T04:00:00
I06736,U1116,C082,quiz_passed,0.817,1.0,0.712,2027-03-16T06:00:00
I06737,U1116,C098,completed,0.533,1.0,,2027-03-16T08:00:00
I06738,U1116,C064,quiz_passed,0.793,1.0,0.805,2027-03-16T10:00:00
I06739,U1116,C095,quiz_passed,0.822,1.0,0.671,2027-03-16T12:00:00
I06740,U1116,C048,quiz_passed,0.886,1.0,0.789,2027-03-16T14:00:00
I06741,U1116,C025,viewed,0.18,0.26,,2027-03-16T16:00:00
I06742,U1116,C011,quiz_passed,0.841,1.0,0.733,2027-03-16T18:00:00
I06743,U1117,C058,completed,0.854,1.0,0.805,2027-03-16T20:00:00
I06744,U1117,C096,viewed,0.332,0.63,,2027-03-16T22:00:00
I06745,U1117,C065,quiz_passed,0.807,1.0,0.823,2027-03-17T00:00:00
I06746,U1117,C098,quiz_passed,0.745,1.0,0.703,2027-03-17T02:00:00
I06747,U1117,C092,completed,0.92,1.0,0.861,2027-03-17T04:00:00
I06748,U1117,C099,quiz_passed,0.797,1.0,0.758,2027-03-17T06:00:00
I06749,U1117,C020,completed,0.734,1.0,0.656,2027-03-17T08:00:00
I06750,U1117,C054,quiz_passed,0.804,1.0,0.811,2027-03-17T10:00:00
I06751,U1117,C047,quiz_passed,0.548,0.32,0.71,2027-03-17T12:00:00
I06752,U1117,C096,viewed,0.51,0.33,0.503,2027-03-17T14:00:00
I06753,U1118,C096,viewed,0.113,0.056,,2027-03-17T16:00:00
I06754,U1118,C006,disliked,0.349,0.19,0.397,2027-03-17T18:00:00
I06755,U1118,C091,completed,0.789,1.0,0.598,2027-03-17T20:00:00
I06756,U1118,C076,disliked,0.327,0.04,0.432,2027-03-17T22:00:00
I06757,U1118,C011,disliked,0.403,0.16,0.409,2027-03-18T00:00:00
I06758,U1118,C063,viewed,0.348,0.21,0.375,2027-03-18T02:00:00
I06759,U1119,C050,completed,0.496,1.0,,2027-03-18T04:00:00
I06760,U1119,C092,completed,0.558,1.0,,2027-03-18T06:00:00
I06761,U1119,C073,completed,0.842,1.0,0.871,2027-03-18T08:00:00
I06762,U1119,C095,disliked,0.383,0.15,0.551,2027-03-18T10:00:00
I06763,U1119,C076,completed,0.799,1.0,0.818,2027-03-18T12:00:00
I06764,U1120,C098,viewed,0.142,0.011,,2027-03-18T14:00:00
I06765,U1120,C076,viewed,0.293,0.061,,2027-03-18T16:00:00
I06766,U1120,C011,completed,0.792,1.0,0.748,2027-03-18T18:00:00
I06767,U1121,C002,quiz_passed,0.858,1.0,0.838,2027-03-18T20:00:00
I06768,U1121,C046,viewed,0.47,0.38,0.401,2027-03-18T22:00:00
I06769,U1121,C073,quiz_passed,0.873,1.0,0.816,2027-03-19T00:00:00
I06770,U1121,C017,completed,0.897,1.0,0.882,2027-03-19T02:00:00
I06771,U1121,C081,completed,0.472,1.0,,2027-03-19T04:00:00
I06772,U1121,C046,quiz_passed,0.747,1.0,0.639,2027-03-19T06:00:00
I06773,U1121,C025,completed,0.486,1.0,,2027-03-19T08:00:00
I06774,U1122,C057,completed,0.477,1.0,,2027-03-19T10:00:00
I06775,U1122,C096,quiz_passed,0.884,1.0,0.789,2027-03-19T12:00:00
I06776,U1122,C057,quiz_passed,0.89,1.0,0.87,2027-03-19T14:00:00
I06777,U1122,C095,viewed,0.315,0.37,,2027-03-19T16:00:00
I06778,U1122,C066,quiz_passed,0.86,1.0,0.844,2027-03-19T18:00:00
I06779,U1122,C099,disliked,0.134,0.02,,2027-03-19T20:00:00
I06780,U1123,C095,viewed,0.17,0.066,,2027-03-19T22:00:00
I06781,U1123,C057,quiz_passed,0.739,1.0,0.691,2027-03-20T00:00:00
I06782,U1123,C096,completed,0.711,1.0,0.469,2027-03-20T02:00:00
I06783,U1124,C002,completed,0.773,1.0,0.653,2027-03-20T04:00:00
I06784,U1124,C066,viewed,0.156,0.004,,2027-03-20T06:00:00
I06785,U1124,C098,viewed,0.262,0.059,,2027-03-20T08:00:00
I06786,U1124,C045,completed,0.673,1.0,0.433,2027-03-20T10:00:00
I06787,U1124,C050,viewed,0.242,0.044,,2027-03-20T12:00:00
I06788,U1124,C001,viewed,0.289,0.007,,2027-03-20T14:00:00
I06789,U1124,C043,viewed,0.276,0.064,,2027-03-20T16:00:00
I06790,U1125,C048,completed,0.864,1.0,0.847,2027-03-20T18:00:00
I06791,U1125,C064,quiz_passed,0.54,0.29,0.694,2027-03-20T20:00:00
I06792,U1125,C098,completed,0.789,1.0,0.737,2027-03-20T22:00:00
I06793,U1125,C067,quiz_passed,0.791,1.0,0.812,2027-03-21T00:00:00
I06794,U1125,C095,viewed,0.58,0.65,0.469,2027-03-21T02:00:00
I06795,U1125,C002,quiz_passed,0.838,1.0,0.84,2027-03-21T04:00:00
I06796,U1125,C046,viewed,0.118,0.099,,2027-03-21T06:00:00
I06797,U1126,C002,quiz_passed,0.815,1.0,0.843,2027-03-21T08:00:00
I06798,U1126,C044,viewed,0.117,0.047,,2027-03-21T10:00:00
I06799,U1126,C076,quiz_passed,0.394,0.19,0.627,2027-03-21T12:00:00
I06800,U1126,C013,completed,0.86,1.0,0.782,2027-03-21T14:00:00
I06801,U1126,C074,completed,0.517,1.0,,2027-03-21T16:00:00
I06802,U1126,C048,completed,0.479,1.0,,2027-03-21T18:00:00
I06803,U1126,C029,quiz_passed,0.513,0.32,0.63,2027-03-21T20:00:00
I06804,U1126,C076,completed,0.515,1.0,,2027-03-21T22:00:00
I06805,U1126,C050,quiz_passed,0.891,1.0,0.828,2027-03-22T00:00:00
I06806,U1127,C067,completed,0.514,1.0,,2027-03-22T02:00:00
I06807,U1127,C008,viewed,0.267,0.002,,2027-03-22T04:00:00
I06808,U1127,C065,viewed,0.208,0.091,,2027-03-22T06:00:00
I06809,U1127,C067,viewed,0.29,0.081,,2027-03-22T08:00:00
I06810,U1127,C051,viewed,0.158,0.044,,2027-03-22T10:00:00
I06811,U1127,C095,viewed,0.236,0.37,,2027-03-22T12:00:00
I06812,U1127,C082,viewed,0.495,0.6,0.407,2027-03-22T14:00:00
I06813,U1128,C099,completed,0.743,1.0,0.412,2027-03-22T16:00:00
I06814,U1128,C057,viewed,0.298,0.028,,2027-03-22T18:00:00
I06815,U1128,C082,viewed,0.293,0.096,,2027-03-22T20:00:00
I06816,U1129,C098,quiz_passed,0.845,1.0,0.67,2027-03-22T22:00:00
I06817,U1129,C073,completed,0.806,1.0,0.744,2027-03-23T00:00:00
I06818,U1129,C015,viewed,0.218,0.032,,2027-03-23T02:00:00
I06819,U1129,C096,completed,0.498,1.0,,2027-03-23T04:00:00
I06820,U1129,C095,completed,0.491,1.0,,2027-03-23T06:00:00
I06821,U1129,C047,completed,0.578,1.0,,2027-03-23T08:00:00
I06822,U1129,C043,completed,0.483,1.0,,2027-03-23T10:00:00
I06823,U1129,C062,quiz_passed,0.823,1.0,0.745,2027-03-23T12:00:00
I06824,U1130,C006,completed,0.527,1.0,,2027-03-23T14:00:00
I06825,U1130,C030,quiz_passed,0.812,1.0,0.757,2027-03-23T16:00:00
I06826,U1130,C098,disliked,0.297,0.02,0.373,2027-03-23T18:00:00
I06827,U1130,C095,viewed,0.504,0.51,0.362,2027-03-23T20:00:00
I06828,U1130,C051,quiz_passed,0.819,1.0,0.755,2027-03-23T22:00:00
I06829,U1130,C044,completed,0.507,1.0,,2027-03-24T00:00:00
I06830,U1130,C005,completed,0.574,1.0,,2027-03-24T02:00:00
I06831,U1130,C046,completed,0.763,1.0,0.508,2027-03-24T04:00:00
I06832,U1130,C044,viewed,0.505,0.61,0.421,2027-03-24T06:00:00
I06833,U1130,C074,completed,0.81,1.0,0.648,2027-03-24T08:00:00
I06834,U1131,C073,quiz_passed,0.904,1.0,0.827,2027-03-24T10:00:00
I06835,U1131,C098,completed,0.803,1.0,0.708,2027-03-24T12:00:00
I06836,U1131,C028,quiz_passed,0.93,1.0,0.88,2027-03-24T14:00:00
I06837,U1131,C030,completed,0.475,1.0,,2027-03-24T16:00:00
I06838,U1131,C050,quiz_passed,0.887,1.0,0.843,2027-03-24T18:00:00
I06839,U1132,C092,completed,0.733,1.0,0.583,2027-03-24T20:00:00
I06840,U1132,C011,quiz_passed,0.821,1.0,0.644,2027-03-24T22:00:00
I06841,U1132,C098,disliked,0.336,0.18,0.243,2027-03-25T00:00:00
I06842,U1132,C061,completed,0.479,1.0,,2027-03-25T02:00:00
I06843,U1132,C042,viewed,0.26,0.079,,2027-03-25T04:00:00
I06844,U1132,C030,viewed,0.481,0.54,0.407,2027-03-25T06:00:00
I06845,U1132,C010,completed,0.707,1.0,0.531,2027-03-25T08:00:00
I06846,U1132,C047,viewed,0.206,0.029,,2027-03-25T10:00:00
I06847,U1132,C064,completed,0.83,1.0,0.65,2027-03-25T12:00:00
I06848,U1133,C003,viewed,0.253,0.036,,2027-03-25T14:00:00
I06849,U1133,C071,quiz_passed,0.907,1.0,0.856,2027-03-25T16:00:00
I06850,U1133,C081,viewed,0.263,0.002,,2027-03-25T18:00:00
I06851,U1134,C002,quiz_passed,0.874,1.0,0.81,2027-03-25T20:00:00
I06852,U1134,C074,disliked,0.331,0.18,0.401,2027-03-25T22:00:00
I06853,U1134,C010,quiz_passed,0.725,1.0,0.631,2027-03-26T00:00:00
I06854,U1134,C011,completed,0.568,1.0,,2027-03-26T02:00:00
I06855,U1134,C029,completed,0.815,1.0,0.747,2027-03-26T04:00:00
I06856,U1135,C053,completed,0.541,1.0,,2027-03-26T06:00:00
I06857,U1135,C098,completed,0.573,1.0,,2027-03-26T08:00:00
I06858,U1135,C028,completed,0.554,1.0,,2027-03-26T10:00:00
I06859,U1135,C096,completed,0.573,1.0,,2027-03-26T12:00:00
I06860,U1135,C017,disliked,0.301,0.07,0.453,2027-03-26T14:00:00
I06861,U1135,C073,completed,0.548,1.0,,2027-03-26T16:00:00
I06862,U1135,C029,completed,0.555,1.0,,2027-03-26T18:00:00
I06863,U1136,C015,completed,0.921,1.0,0.873,2027-03-26T20:00:00
I06864,U1136,C006,completed,0.572,1.0,,2027-03-26T22:00:00
I06865,U1136,C013,quiz_passed,0.826,1.0,0.796,2027-03-27T00:00:00
I06866,U1136,C050,completed,0.834,1.0,0.879,2027-03-27T02:00:00
I06867,U1136,C044,disliked,0.468,0.17,0.564,2027-03-27T04:00:00
I06868,U1136,C045,completed,0.563,1.0,,2027-03-27T06:00:00
I06869,U1136,C005,completed,0.486,1.0,,2027-03-27T08:00:00
I06870,U1136,C030,completed,0.542,1.0,,2027-03-27T10:00:00
I06871,U1136,C006,quiz_passed,0.898,1.0,0.854,2027-03-27T12:00:00
I06872,U1137,C017,disliked,0.307,0.13,0.419,2027-03-27T14:00:00
I06873,U1137,C028,quiz_passed,0.795,1.0,0.674,2027-03-27T16:00:00
I06874,U1137,C099,completed,0.672,1.0,0.406,2027-03-27T18:00:00
I06875,U1137,C006,quiz_passed,0.741,1.0,0.622,2027-03-27T20:00:00
I06876,U1137,C017,viewed,0.417,0.44,0.407,2027-03-27T22:00:00
I06877,U1138,C099,viewed,0.21,0.023,,2027-03-28T00:00:00
I06878,U1138,C043,quiz_passed,0.807,1.0,0.693,2027-03-28T02:00:00
I06879,U1138,C010,viewed,0.156,0.002,,2027-03-28T04:00:00
I06880,U1138,C075,viewed,0.169,0.01,,2027-03-28T06:00:00
I06881,U1138,C005,viewed,0.327,0.26,0.214,2027-03-28T08:00:00
I06882,U1138,C011,completed,0.564,1.0,,2027-03-28T10:00:00
I06883,U1138,C092,viewed,0.188,0.045,,2027-03-28T12:00:00
I06884,U1138,C074,completed,0.751,1.0,0.554,2027-03-28T14:00:00
I06885,U1138,C090,viewed,0.263,0.028,,2027-03-28T16:00:00
I06886,U1139,C082,completed,0.795,1.0,0.73,2027-03-28T18:00:00
I06887,U1139,C095,completed,0.725,1.0,0.574,2027-03-28T20:00:00
I06888,U1139,C030,quiz_passed,0.835,1.0,0.755,2027-03-28T22:00:00
I06889,U1140,C061,disliked,0.318,0.01,0.503,2027-03-29T00:00:00
I06890,U1140,C067,completed,0.544,1.0,,2027-03-29T02:00:00
I06891,U1140,C046,viewed,0.205,0.079,,2027-03-29T04:00:00
I06892,U1140,C057,completed,0.575,1.0,,2027-03-29T06:00:00
I06893,U1140,C064,completed,0.464,1.0,,2027-03-29T08:00:00
I06894,U1140,C050,completed,0.552,1.0,,2027-03-29T10:00:00
I06895,U1140,C042,viewed,0.399,0.68,,2027-03-29T12:00:00
I06896,U1140,C005,viewed,0.246,0.033,,2027-03-29T14:00:00
I06897,U1141,C095,completed,0.552,1.0,,2027-03-29T16:00:00
I06898,U1141,C076,completed,0.909,1.0,0.853,2027-03-29T18:00:00
I06899,U1141,C075,quiz_passed,0.793,1.0,0.771,2027-03-29T20:00:00
I06900,U1141,C013,completed,0.529,1.0,,2027-03-29T22:00:00
I06901,U1142,C015,viewed,0.274,0.016,,2027-03-30T00:00:00
I06902,U1142,C064,completed,0.51,1.0,,2027-03-30T02:00:00
I06903,U1142,C051,completed,0.727,1.0,0.592,2027-03-30T04:00:00
I06904,U1142,C061,completed,0.57,1.0,,2027-03-30T06:00:00
I06905,U1143,C051,quiz_passed,0.772,1.0,0.612,2027-03-30T08:00:00
I06906,U1143,C088,completed,0.748,1.0,0.674,2027-03-30T10:00:00
I06907,U1143,C098,viewed,0.162,0.067,,2027-03-30T12:00:00
I06908,U1143,C071,completed,0.489,1.0,,2027-03-30T14:00:00
I06909,U1143,C043,quiz_passed,0.799,1.0,0.616,2027-03-30T16:00:00
I06910,U1144,C051,viewed,0.468,0.66,0.348,2027-03-30T18:00:00
I06911,U1144,C018,quiz_passed,0.837,1.0,0.669,2027-03-30T20:00:00
I06912,U1144,C099,viewed,0.148,0.016,,2027-03-30T22:00:00
I06913,U1144,C005,completed,0.655,1.0,0.459,2027-03-31T00:00:00
I06914,U1144,C092,disliked,0.165,0.1,,2027-03-31T02:00:00
I06915,U1144,C048,disliked,0.161,0.07,,2027-03-31T04:00:00
I06916,U1144,C005,completed,0.756,1.0,0.53,2027-03-31T06:00:00
I06917,U1145,C003,completed,0.8,1.0,0.743,2027-03-31T08:00:00
I06918,U1145,C046,disliked,0.186,0.11,,2027-03-31T10:00:00
I06919,U1145,C076,completed,0.493,1.0,,2027-03-31T12:00:00
I06920,U1145,C053,completed,0.829,1.0,0.744,2027-03-31T14:00:00
I06921,U1145,C025,completed,0.562,1.0,,2027-03-31T16:00:00
I06922,U1145,C074,completed,0.836,1.0,0.684,2027-03-31T18:00:00
I06923,U1145,C013,completed,0.747,1.0,0.661,2027-03-31T20:00:00
I06924,U1145,C015,completed,0.575,1.0,,2027-03-31T22:00:00
I06925,U1146,C015,quiz_passed,0.81,1.0,0.865,2027-04-01T00:00:00
I06926,U1146,C046,quiz_passed,0.82,1.0,0.622,2027-04-01T02:00:00
I06927,U1146,C001,quiz_passed,0.873,1.0,0.828,2027-04-01T04:00:00
I06928,U1146,C047,completed,0.566,1.0,,2027-04-01T06:00:00
I06929,U1146,C018,viewed,0.249,0.031,,2027-04-01T08:00:00
I06930,U1146,C096,viewed,0.41,0.27,0.553,2027-04-01T10:00:00
I06931,U1146,C030,quiz_passed,0.89,1.0,0.854,2027-04-01T12:00:00
I06932,U1147,C016,completed,0.843,1.0,0.697,2027-04-01T14:00:00
I06933,U1147,C010,completed,0.781,1.0,0.557,2027-04-01T16:00:00
I06934,U1147,C001,viewed,0.238,0.008,,2027-04-01T18:00:00
I06935,U1147,C016,quiz_passed,0.798,1.0,0.691,2027-04-01T20:00:00
I06936,U1147,C071,completed,0.571,1.0,,2027-04-01T22:00:00
I06937,U1148,C067,quiz_passed,0.822,1.0,0.751,2027-04-02T00:00:00
I06938,U1148,C057,completed,0.535,1.0,,2027-04-02T02:00:00
I06939,U1148,C001,completed,0.779,1.0,0.733,2027-04-02T04:00:00
I06940,U1148,C025,completed,0.541,1.0,,2027-04-02T06:00:00
I06941,U1148,C067,completed,0.765,1.0,0.719,2027-04-02T08:00:00
I06942,U1148,C076,quiz_passed,0.841,1.0,0.78,2027-04-02T10:00:00
I06943,U1149,C096,completed,0.504,1.0,,2027-04-02T12:00:00
I06944,U1149,C099,viewed,0.441,0.46,0.267,2027-04-02T14:00:00
I06945,U1149,C078,completed,0.677,1.0,0.528,2027-04-02T16:00:00
I06946,U1150,C096,quiz_passed,0.754,1.0,0.619,2027-04-02T18:00:00
I06947,U1150,C057,disliked,0.398,0.13,0.592,2027-04-02T20:00:00
I06948,U1150,C029,quiz_passed,0.793,1.0,0.804,2027-04-02T22:00:00
I06949,U1150,C016,quiz_passed,0.865,1.0,0.805,2027-04-03T00:00:00
I06950,U1151,C091,viewed,0.251,0.05,,2027-04-03T02:00:00
I06951,U1151,C065,completed,0.482,1.0,,2027-04-03T04:00:00
I06952,U1151,C099,completed,0.76,1.0,0.499,2027-04-03T06:00:00
I06953,U1152,C017,quiz_passed,0.793,1.0,0.782,2027-04-03T08:00:00
I06954,U1152,C091,quiz_passed,0.856,1.0,0.777,2027-04-03T10:00:00
I06955,U1152,C002,completed,0.504,1.0,,2027-04-03T12:00:00
I06956,U1152,C042,completed,0.483,1.0,,2027-04-03T14:00:00
I06957,U1152,C046,viewed,0.51,0.59,0.251,2027-04-03T16:00:00
I06958,U1152,C095,quiz_passed,0.727,1.0,0.657,2027-04-03T18:00:00
I06959,U1153,C043,viewed,0.294,0.39,,2027-04-03T20:00:00
I06960,U1153,C071,quiz_passed,0.869,1.0,0.778,2027-04-03T22:00:00
I06961,U1153,C075,viewed,0.529,0.5,0.395,2027-04-04T00:00:00
I06962,U1153,C046,viewed,0.301,0.45,,2027-04-04T02:00:00
I06963,U1153,C090,disliked,0.229,0.01,0.33,2027-04-04T04:00:00
I06964,U1154,C002,quiz_passed,0.833,1.0,0.738,2027-04-04T06:00:00
I06965,U1154,C082,completed,0.859,1.0,0.765,2027-04-04T08:00:00
I06966,U1154,C061,quiz_passed,0.765,1.0,0.743,2027-04-04T10:00:00
I06967,U1154,C075,completed,0.578,1.0,,2027-04-04T12:00:00
I06968,U1154,C010,quiz_passed,0.817,1.0,0.624,2027-04-04T14:00:00
I06969,U1154,C088,quiz_passed,0.83,1.0,0.759,2027-04-04T16:00:00
I06970,U1155,C092,quiz_passed,0.743,1.0,0.669,2027-04-04T18:00:00
I06971,U1155,C003,quiz_passed,0.757,1.0,0.623,2027-04-04T20:00:00
I06972,U1155,C005,completed,0.512,1.0,,2027-04-04T22:00:00
I06973,U1155,C065,completed,0.559,1.0,,2027-04-05T00:00:00
I06974,U1155,C018,completed,0.707,1.0,0.572,2027-04-05T02:00:00
I06975,U1155,C064,quiz_passed,0.761,1.0,0.604,2027-04-05T04:00:00
I06976,U1156,C073,quiz_passed,0.819,1.0,0.721,2027-04-05T06:00:00
I06977,U1156,C064,quiz_passed,0.873,1.0,0.792,2027-04-05T08:00:00
I06978,U1156,C073,completed,0.524,1.0,,2027-04-05T10:00:00
I06979,U1156,C001,completed,0.471,1.0,,2027-04-05T12:00:00
I06980,U1156,C081,completed,0.744,1.0,0.673,2027-04-05T14:00:00
I06981,U1156,C075,viewed,0.376,0.59,,2027-04-05T16:00:00
I06982,U1156,C075,completed,0.558,1.0,,2027-04-05T18:00:00
I06983,U1157,C073,completed,0.865,1.0,0.876,2027-04-05T20:00:00
I06984,U1157,C057,completed,0.889,1.0,0.878,2027-04-05T22:00:00
I06985,U1157,C051,quiz_passed,0.637,0.63,0.669,2027-04-06T00:00:00
I06986,U1157,C013,completed,0.489,1.0,,2027-04-06T02:00:00
I06987,U1157,C047,completed,0.492,1.0,,2027-04-06T04:00:00
I06988,U1157,C001,completed,0.82,1.0,0.855,2027-04-06T06:00:00
I06989,U1158,C051,quiz_passed,0.771,1.0,0.714,2027-04-06T08:00:00
I06990,U1158,C003,quiz_passed,0.852,1.0,0.727,2027-04-06T10:00:00
I06991,U1158,C073,quiz_passed,0.849,1.0,0.745,2027-04-06T12:00:00
I06992,U1158,C071,quiz_passed,0.848,1.0,0.776,2027-04-06T14:00:00
I06993,U1158,C047,completed,0.52,1.0,,2027-04-06T16:00:00
I06994,U1158,C073,completed,0.471,1.0,,2027-04-06T18:00:00
I06995,U1158,C002,completed,0.557,1.0,,2027-04-06T20:00:00
I06996,U1159,C030,viewed,0.284,0.42,,2027-04-06T22:00:00
I06997,U1159,C092,quiz_passed,0.763,1.0,0.657,2027-04-07T00:00:00
I06998,U1159,C091,quiz_passed,0.725,1.0,0.656,2027-04-07T02:00:00
I06999,U1159,C002,completed,0.769,1.0,0.631,2027-04-07T04:00:00
I07000,U1159,C065,completed,0.539,1.0,,2027-04-07T06:00:00
I07001,U1160,C025,quiz_passed,0.899,1.0,0.797,2027-04-07T08:00:00
I07002,U1160,C050,completed,0.767,1.0,0.712,2027-04-07T10:00:00
I07003,U1160,C090,viewed,0.196,0.0,,2027-04-07T12:00:00
I07004,U1160,C088,viewed,0.495,0.62,0.464,2027-04-07T14:00:00
I07005,U1160,C016,completed,0.834,1.0,0.742,2027-04-07T16:00:00
I07006,U1160,C047,completed,0.55,1.0,,2027-04-07T18:00:00
I07007,U1160,C046,completed,0.481,1.0,,2027-04-07T20:00:00
I07008,U1161,C092,viewed,0.247,0.06,,2027-04-07T22:00:00
I07009,U1161,C091,viewed,0.147,0.081,,2027-04-08T00:00:00
I07010,U1161,C092,viewed,0.193,0.057,,2027-04-08T02:00:00
I07011,U1161,C096,viewed,0.209,0.031,,2027-04-08T04:00:00
I07012,U1161,C003,quiz_passed,0.824,1.0,0.661,2027-04-08T06:00:00
I07013,U1161,C057,viewed,0.251,0.094,,2027-04-08T08:00:00
I07014,U1161,C017,viewed,0.17,0.07,,2027-04-08T10:00:00
I07015,U1162,C062,viewed,0.257,0.31,,2027-04-08T12:00:00
I07016,U1162,C048,disliked,0.408,0.02,0.558,2027-04-08T14:00:00
I07017,U1162,C067,viewed,0.562,0.65,0.537,2027-04-08T16:00:00
I07018,U1162,C097,completed,0.498,1.0,,2027-04-08T18:00:00
I07019,U1162,C097,viewed,0.646,0.68,0.528,2027-04-08T20:00:00
I07020,U1162,C096,disliked,0.327,0.13,0.392,2027-04-08T22:00:00
I07021,U1163,C016,viewed,0.165,0.056,,2027-04-09T00:00:00
I07022,U1163,C029,viewed,0.18,0.24,,2027-04-09T02:00:00
I07023,U1163,C042,quiz_passed,0.738,1.0,0.679,2027-04-09T04:00:00
I07024,U1163,C002,quiz_passed,0.774,1.0,0.698,2027-04-09T06:00:00
I07025,U1163,C002,quiz_passed,0.714,1.0,0.627,2027-04-09T08:00:00
I07026,U1163,C075,completed,0.776,1.0,0.505,2027-04-09T10:00:00
I07027,U1163,C002,completed,0.519,1.0,,2027-04-09T12:00:00
I07028,U1164,C095,completed,0.485,1.0,,2027-04-09T14:00:00
I07029,U1164,C095,viewed,0.4,0.38,0.372,2027-04-09T16:00:00
I07030,U1164,C098,quiz_passed,0.795,1.0,0.6,2027-04-09T18:00:00
I07031,U1164,C062,viewed,0.263,0.33,,2027-04-09T20:00:00
I07032,U1164,C050,quiz_passed,0.776,1.0,0.773,2027-04-09T22:00:00
I07033,U1165,C057,completed,0.488,1.0,,2027-04-10T00:00:00
I07034,U1165,C099,viewed,0.328,0.6,,2027-04-10T02:00:00
I07035,U1165,C088,viewed,0.271,0.089,,2027-04-10T04:00:00
I07036,U1165,C029,completed,0.77,1.0,0.656,2027-04-10T06:00:00
I07037,U1165,C003,completed,0.508,1.0,,2027-04-10T08:00:00
I07038,U1166,C043,viewed,0.114,0.068,,2027-04-10T10:00:00
I07039,U1166,C096,completed,0.549,1.0,,2027-04-10T12:00:00
I07040,U1166,C017,completed,0.786,1.0,0.596,2027-04-10T14:00:00
I07041,U1166,C029,viewed,0.425,0.5,0.324,2027-04-10T16:00:00
I07042,U1166,C043,quiz_passed,0.769,1.0,0.702,2027-04-10T18:00:00
I07043,U1166,C045,viewed,0.496,0.51,0.304,2027-04-10T20:00:00
I07044,U1167,C092,completed,0.853,1.0,0.869,2027-04-10T22:00:00
I07045,U1167,C066,completed,0.55,1.0,,2027-04-11T00:00:00
I07046,U1167,C098,completed,0.502,1.0,,2027-04-11T02:00:00
I07047,U1167,C099,viewed,0.442,0.24,0.587,2027-04-11T04:00:00
I07048,U1167,C042,completed,0.797,1.0,0.829,2027-04-11T06:00:00
I07049,U1167,C098,completed,0.836,1.0,0.747,2027-04-11T08:00:00
I07050,U1167,C002,quiz_passed,0.899,1.0,0.847,2027-04-11T10:00:00
I07051,U1168,C011,viewed,0.224,0.075,,2027-04-11T12:00:00
I07052,U1168,C076,completed,0.808,1.0,0.694,2027-04-11T14:00:00
I07053,U1168,C006,viewed,0.126,0.061,,2027-04-11T16:00:00
I07054,U1168,C010,viewed,0.212,0.089,,2027-04-11T18:00:00
I07055,U1168,C099,viewed,0.229,0.072,,2027-04-11T20:00:00
I07056,U1169,C098,completed,0.553,1.0,,2027-04-11T22:00:00
I07057,U1169,C058,completed,0.477,1.0,,2027-04-12T00:00:00
I07058,U1169,C047,quiz_passed,0.875,1.0,0.79,2027-04-12T02:00:00
I07059,U1169,C092,completed,0.579,1.0,,2027-04-12T04:00:00
I07060,U1169,C020,viewed,0.215,0.037,,2027-04-12T06:00:00
I07061,U1169,C042,completed,0.479,1.0,,2027-04-12T08:00:00
I07062,U1169,C058,quiz_passed,0.774,1.0,0.785,2027-04-12T10:00:00
I07063,U1170,C065,quiz_passed,0.919,1.0,0.874,2027-04-12T12:00:00
I07064,U1170,C098,completed,0.469,1.0,,2027-04-12T14:00:00
I07065,U1170,C058,quiz_passed,0.908,1.0,0.865,2027-04-12T16:00:00
I07066,U1170,C019,quiz_passed,0.87,1.0,0.791,2027-04-12T18:00:00
I07067,U1170,C015,quiz_passed,0.845,1.0,0.883,2027-04-12T20:00:00
I07068,U1170,C043,quiz_passed,0.851,1.0,0.83,2027-04-12T22:00:00
I07069,U1170,C063,completed,0.574,1.0,,2027-04-13T00:00:00
I07070,U1170,C072,completed,0.49,1.0,,2027-04-13T02:00:00
I07071,U1170,C035,quiz_passed,0.897,1.0,0.861,2027-04-13T04:00:00
I07072,U1171,C029,quiz_passed,0.753,1.0,0.609,2027-04-13T06:00:00
I07073,U1171,C099,viewed,0.106,0.099,,2027-04-13T08:00:00
I07074,U1171,C096,completed,0.522,1.0,,2027-04-13T10:00:00
I07075,U1171,C030,quiz_passed,0.794,1.0,0.664,2027-04-13T12:00:00
I07076,U1172,C064,completed,0.577,1.0,,2027-04-13T14:00:00
I07077,U1172,C051,quiz_passed,0.819,1.0,0.638,2027-04-13T16:00:00
I07078,U1172,C090,completed,0.512,1.0,,2027-04-13T18:00:00
I07079,U1172,C058,completed,0.711,1.0,0.622,2027-04-13T20:00:00
I07080,U1172,C099,viewed,0.192,0.2,,2027-04-13T22:00:00
I07081,U1172,C048,completed,0.524,1.0,,2027-04-14T00:00:00
I07082,U1172,C035,viewed,0.329,0.33,0.335,2027-04-14T02:00:00
I07083,U1172,C073,completed,0.484,1.0,,2027-04-14T04:00:00
I07084,U1173,C015,viewed,0.464,0.53,0.414,2027-04-14T06:00:00
I07085,U1173,C081,completed,0.483,1.0,,2027-04-14T08:00:00
I07086,U1174,C057,quiz_passed,0.776,1.0,0.749,2027-04-14T10:00:00
I07087,U1174,C035,completed,0.471,1.0,,2027-04-14T12:00:00
I07088,U1174,C099,quiz_passed,0.779,1.0,0.656,2027-04-14T14:00:00
I07089,U1174,C006,completed,0.874,1.0,0.804,2027-04-14T16:00:00
I07090,U1175,C098,viewed,0.277,0.062,,2027-04-14T18:00:00
I07091,U1175,C029,completed,0.764,1.0,0.6,2027-04-14T20:00:00
I07092,U1175,C061,quiz_passed,0.832,1.0,0.654,2027-04-14T22:00:00
I07093,U1175,C044,completed,0.742,1.0,0.478,2027-04-15T00:00:00
I07094,U1175,C065,completed,0.493,1.0,,2027-04-15T02:00:00
I07095,U1175,C088,completed,0.517,1.0,,2027-04-15T04:00:00
I07096,U1175,C073,quiz_passed,0.84,1.0,0.688,2027-04-15T06:00:00
I07097,U1175,C025,completed,0.523,1.0,,2027-04-15T08:00:00
I07098,U1175,C097,quiz_passed,0.793,1.0,0.651,2027-04-15T10:00:00
I07099,U1176,C053,viewed,0.242,0.082,,2027-04-15T12:00:00
I07100,U1176,C051,completed,0.465,1.0,,2027-04-15T14:00:00
I07101,U1176,C046,viewed,0.198,0.033,,2027-04-15T16:00:00
I07102,U1176,C001,viewed,0.52,0.58,0.355,2027-04-15T18:00:00
I07103,U1176,C046,viewed,0.237,0.098,,2027-04-15T20:00:00
I07104,U1177,C058,quiz_passed,0.826,1.0,0.868,2027-04-15T22:00:00
I07105,U1177,C029,completed,0.519,1.0,,2027-04-16T00:00:00
I07106,U1177,C099,quiz_passed,0.749,1.0,0.693,2027-04-16T02:00:00
I07107,U1177,C099,completed,0.494,1.0,,2027-04-16T04:00:00
I07108,U1178,C061,viewed,0.121,0.003,,2027-04-16T06:00:00
I07109,U1178,C042,completed,0.766,1.0,0.571,2027-04-16T08:00:00
I07110,U1178,C050,quiz_passed,0.746,1.0,0.655,2027-04-16T10:00:00
I07111,U1178,C013,completed,0.66,1.0,0.472,2027-04-16T12:00:00
I07112,U1178,C065,viewed,0.257,0.46,,2027-04-16T14:00:00
I07113,U1178,C061,viewed,0.495,0.58,0.363,2027-04-16T16:00:00
I07114,U1179,C057,completed,0.558,1.0,,2027-04-16T18:00:00
I07115,U1179,C002,completed,0.756,1.0,0.589,2027-04-16T20:00:00
I07116,U1179,C071,completed,0.558,1.0,,2027-04-16T22:00:00
I07117,U1179,C063,viewed,0.236,0.1,,2027-04-17T00:00:00
I07118,U1179,C076,quiz_passed,0.749,1.0,0.697,2027-04-17T02:00:00
I07119,U1179,C050,completed,0.481,1.0,,2027-04-17T04:00:00
I07120,U1179,C048,viewed,0.22,0.29,,2027-04-17T06:00:00
I07121,U1179,C092,completed,0.57,1.0,,2027-04-17T08:00:00
I07122,U1180,C071,completed,0.546,1.0,,2027-04-17T10:00:00
I07123,U1180,C047,quiz_passed,0.738,1.0,0.632,2027-04-17T12:00:00
I07124,U1181,C050,quiz_passed,0.91,1.0,0.87,2027-04-17T14:00:00
I07125,U1181,C071,quiz_passed,0.885,1.0,0.867,2027-04-17T16:00:00
I07126,U1181,C030,completed,0.481,1.0,,2027-04-17T18:00:00
I07127,U1181,C002,completed,0.862,1.0,0.886,2027-04-17T20:00:00
I07128,U1181,C065,completed,0.837,1.0,0.878,2027-04-17T22:00:00
I07129,U1181,C051,completed,0.521,1.0,,2027-04-18T00:00:00
I07130,U1181,C044,quiz_passed,0.877,1.0,0.798,2027-04-18T02:00:00
I07131,U1182,C095,viewed,0.233,0.3,,2027-04-18T04:00:00
I07132,U1182,C099,viewed,0.353,0.31,0.411,2027-04-18T06:00:00
I07133,U1182,C091,viewed,0.384,0.61,,2027-04-18T08:00:00
I07134,U1182,C065,quiz_passed,0.75,1.0,0.707,2027-04-18T10:00:00
I07135,U1182,C048,quiz_passed,0.824,1.0,0.769,2027-04-18T12:00:00
I07136,U1182,C013,viewed,0.175,0.098,,2027-04-18T14:00:00
I07137,U1182,C053,viewed,0.218,0.26,,2027-04-18T16:00:00
I07138,U1182,C018,completed,0.464,1.0,,2027-04-18T18:00:00
I07139,U1182,C046,completed,0.478,1.0,,2027-04-18T20:00:00
I07140,U1183,C047,completed,0.766,1.0,0.58,2027-04-18T22:00:00
I07141,U1183,C067,quiz_passed,0.803,1.0,0.636,2027-04-19T00:00:00
I07142,U1183,C098,viewed,0.376,0.66,,2027-04-19T02:00:00
I07143,U1183,C092,completed,0.762,1.0,0.586,2027-04-19T04:00:00
I07144,U1184,C016,completed,0.571,1.0,,2027-04-19T06:00:00
I07145,U1184,C048,completed,0.537,1.0,,2027-04-19T08:00:00
I07146,U1184,C044,completed,0.539,1.0,,2027-04-19T10:00:00
I07147,U1184,C074,completed,0.483,1.0,,2027-04-19T12:00:00
I07148,U1185,C051,viewed,0.256,0.072,,2027-04-19T14:00:00
I07149,U1185,C095,viewed,0.232,0.03,,2027-04-19T16:00:00
I07150,U1185,C098,completed,0.677,1.0,0.496,2027-04-19T18:00:00
I07151,U1185,C095,viewed,0.197,0.036,,2027-04-19T20:00:00
I07152,U1186,C008,viewed,0.118,0.021,,2027-04-19T22:00:00
I07153,U1186,C099,viewed,0.275,0.043,,2027-04-20T00:00:00
I07154,U1186,C047,quiz_passed,0.833,1.0,0.685,2027-04-20T02:00:00
I07155,U1186,C071,viewed,0.459,0.44,0.441,2027-04-20T04:00:00
I07156,U1187,C088,viewed,0.39,0.37,0.44,2027-04-20T06:00:00
I07157,U1187,C050,quiz_passed,0.761,1.0,0.685,2027-04-20T08:00:00
I07158,U1187,C017,quiz_passed,0.728,1.0,0.647,2027-04-20T10:00:00
I07159,U1187,C029,disliked,0.137,0.07,,2027-04-20T12:00:00
I07160,U1187,C011,viewed,0.435,0.36,0.374,2027-04-20T14:00:00
I07161,U1187,C044,viewed,0.488,0.63,0.263,2027-04-20T16:00:00
I07162,U1188,C006,quiz_passed,0.822,1.0,0.751,2027-04-20T18:00:00
I07163,U1188,C051,viewed,0.395,0.25,0.54,2027-04-20T20:00:00
I07164,U1188,C051,quiz_passed,0.886,1.0,0.808,2027-04-20T22:00:00
I07165,U1188,C092,quiz_passed,0.761,1.0,0.743,2027-04-21T00:00:00
I07166,U1188,C071,completed,0.527,1.0,,2027-04-21T02:00:00
I07167,U1188,C010,disliked,0.316,0.11,0.425,2027-04-21T04:00:00
I07168,U1188,C065,completed,0.518,1.0,,2027-04-21T06:00:00
I07169,U1188,C054,quiz_passed,0.776,1.0,0.706,2027-04-21T08:00:00
I07170,U1189,C072,viewed,0.452,0.51,0.407,2027-04-21T10:00:00
I07171,U1189,C017,disliked,0.119,0.06,,2027-04-21T12:00:00
I07172,U1189,C099,viewed,0.205,0.056,,2027-04-21T14:00:00
I07173,U1189,C017,viewed,0.406,0.47,0.347,2027-04-21T16:00:00
I07174,U1189,C062,completed,0.518,1.0,,2027-04-21T18:00:00
I07175,U1189,C030,completed,0.516,1.0,,2027-04-21T20:00:00
I07176,U1189,C054,viewed,0.279,0.014,,2027-04-21T22:00:00
I07177,U1189,C057,completed,0.498,1.0,,2027-04-22T00:00:00
I07178,U1190,C095,quiz_passed,0.786,1.0,0.61,2027-04-22T02:00:00
I07179,U1190,C051,quiz_passed,0.855,1.0,0.745,2027-04-22T04:00:00
I07180,U1190,C046,viewed,0.2,0.23,,2027-04-22T06:00:00
I07181,U1190,C013,completed,0.513,1.0,,2027-04-22T08:00:00
I07182,U1191,C071,quiz_passed,0.797,1.0,0.682,2027-04-22T10:00:00
I07183,U1191,C071,viewed,0.21,0.21,,2027-04-22T12:00:00
I07184,U1191,C095,viewed,0.139,0.091,,2027-04-22T14:00:00
I07185,U1191,C074,viewed,0.136,0.088,,2027-04-22T16:00:00
I07186,U1191,C074,completed,0.67,1.0,0.439,2027-04-22T18:00:00
I07187,U1191,C048,quiz_passed,0.819,1.0,0.671,2027-04-22T20:00:00
I07188,U1192,C076,viewed,0.178,0.023,,2027-04-22T22:00:00
I07189,U1192,C061,viewed,0.562,0.61,0.385,2027-04-23T00:00:00
I07190,U1192,C064,completed,0.802,1.0,0.588,2027-04-23T02:00:00
I07191,U1192,C016,completed,0.824,1.0,0.646,2027-04-23T04:00:00
I07192,U1192,C053,quiz_passed,0.759,1.0,0.693,2027-04-23T06:00:00
I07193,U1193,C029,completed,0.861,1.0,0.78,2027-04-23T08:00:00
I07194,U1193,C095,completed,0.783,1.0,0.623,2027-04-23T10:00:00
I07195,U1193,C002,quiz_passed,0.848,1.0,0.802,2027-04-23T12:00:00
I07196,U1193,C048,completed,0.792,1.0,0.746,2027-04-23T14:00:00
I07197,U1193,C042,completed,0.491,1.0,,2027-04-23T16:00:00
I07198,U1194,C098,completed,0.468,1.0,,2027-04-23T18:00:00
I07199,U1194,C003,completed,0.548,1.0,,2027-04-23T20:00:00
I07200,U1194,C005,completed,0.483,1.0,,2027-04-23T22:00:00
I07201,U1194,C047,completed,0.468,1.0,,2027-04-24T00:00:00
I07202,U1194,C016,quiz_passed,0.88,1.0,0.829,2027-04-24T02:00:00
I07203,U1194,C002,completed,0.475,1.0,,2027-04-24T04:00:00
I07204,U1194,C091,completed,0.817,1.0,0.837,2027-04-24T06:00:00
I07205,U1194,C062,quiz_passed,0.838,1.0,0.847,2027-04-24T08:00:00
I07206,U1194,C046,completed,0.531,1.0,,2027-04-24T10:00:00
I07207,U1195,C042,quiz_passed,0.796,1.0,0.641,2027-04-24T12:00:00
I07208,U1195,C099,completed,0.462,1.0,,2027-04-24T14:00:00
I07209,U1195,C072,completed,0.522,1.0,,2027-04-24T16:00:00
I07210,U1195,C006,quiz_passed,0.771,1.0,0.639,2027-04-24T18:00:00
I07211,U1195,C001,viewed,0.53,0.59,0.379,2027-04-24T20:00:00
I07212,U1195,C046,viewed,0.287,0.051,,2027-04-24T22:00:00
I07213,U1196,C001,viewed,0.118,0.01,,2027-04-25T00:00:00
I07214,U1196,C002,quiz_passed,0.774,1.0,0.754,2027-04-25T02:00:00
I07215,U1196,C045,quiz_passed,0.714,1.0,0.618,2027-04-25T04:00:00
I07216,U1196,C003,viewed,0.466,0.31,0.574,2027-04-25T06:00:00
I07217,U1196,C010,disliked,0.34,0.13,0.368,2027-04-25T08:00:00
I07218,U1197,C095,disliked,0.336,0.16,0.271,2027-04-25T10:00:00
I07219,U1197,C028,viewed,0.41,0.27,0.367,2027-04-25T12:00:00
I07220,U1197,C048,completed,0.552,1.0,,2027-04-25T14:00:00
I07221,U1197,C029,viewed,0.292,0.5,,2027-04-25T16:00:00
I07222,U1197,C096,disliked,0.303,0.08,0.293,2027-04-25T18:00:00
I07223,U1197,C098,viewed,0.148,0.063,,2027-04-25T20:00:00
I07224,U1197,C092,quiz_passed,0.828,1.0,0.679,2027-04-25T22:00:00
I07225,U1198,C095,completed,0.696,1.0,0.407,2027-04-26T00:00:00
I07226,U1198,C030,completed,0.5,1.0,,2027-04-26T02:00:00
I07227,U1198,C098,completed,0.684,1.0,0.482,2027-04-26T04:00:00
I07228,U1198,C053,completed,0.572,1.0,,2027-04-26T06:00:00
I07229,U1198,C092,disliked,0.149,0.14,,2027-04-26T08:00:00
I07230,U1199,C095,completed,0.497,1.0,,2027-04-26T10:00:00
I07231,U1199,C096,quiz_passed,0.83,1.0,0.75,2027-04-26T12:00:00
I07232,U1199,C099,quiz_passed,0.794,1.0,0.712,2027-04-26T14:00:00
I07233,U1199,C096,quiz_passed,0.809,1.0,0.787,2027-04-26T16:00:00
I07234,U1199,C025,quiz_passed,0.844,1.0,0.844,2027-04-26T18:00:00
I07235,U1199,C015,completed,0.489,1.0,,2027-04-26T20:00:00
I07236,U1199,C053,quiz_passed,0.911,1.0,0.884,2027-04-26T22:00:00
I07237,U1200,C088,quiz_passed,0.816,1.0,0.869,2027-04-27T00:00:00
I07238,U1200,C061,completed,0.55,1.0,,2027-04-27T02:00:00
I07239,U1200,C016,quiz_passed,0.848,1.0,0.867,2027-04-27T04:00:00
I07240,U1200,C050,viewed,0.126,0.089,,2027-04-27T06:00:00
I07241,U1200,C076,viewed,0.178,0.2,,2027-04-27T08:00:00
I07242,U1200,C048,completed,0.5,1.0,,2027-04-27T10:00:00
I07243,U1200,C066,quiz_passed,0.49,0.1,0.705,2027-04-27T12:00:00
I07244,U1200,C076,completed,0.488,1.0,,2027-04-27T14:00:00
I07245,U1201,C057,viewed,0.216,0.024,,2027-04-27T16:00:00
I07246,U1201,C051,quiz_passed,0.86,1.0,0.841,2027-04-27T18:00:00
I07247,U1201,C002,quiz_passed,0.853,1.0,0.825,2027-04-27T20:00:00
I07248,U1202,C016,viewed,0.53,0.49,0.442,2027-04-27T22:00:00
I07249,U1202,C005,viewed,0.218,0.041,,2027-04-28T00:00:00
I07250,U1202,C054,completed,0.505,1.0,,2027-04-28T02:00:00
I07251,U1202,C053,completed,0.726,1.0,0.663,2027-04-28T04:00:00
I07252,U1202,C005,completed,0.769,1.0,0.54,2027-04-28T06:00:00
I07253,U1202,C057,completed,0.506,1.0,,2027-04-28T08:00:00
I07254,U1202,C029,disliked,0.121,0.02,,2027-04-28T10:00:00
I07255,U1203,C061,viewed,0.351,0.25,0.44,2027-04-28T12:00:00
I07256,U1203,C092,viewed,0.207,0.32,,2027-04-28T14:00:00
I07257,U1203,C082,viewed,0.39,0.3,0.425,2027-04-28T16:00:00
I07258,U1203,C050,quiz_passed,0.765,1.0,0.631,2027-04-28T18:00:00
I07259,U1203,C073,completed,0.486,1.0,,2027-04-28T20:00:00
I07260,U1203,C065,completed,0.484,1.0,,2027-04-28T22:00:00
I07261,U1203,C099,completed,0.5,1.0,,2027-04-29T00:00:00
I07262,U1204,C001,completed,0.533,1.0,,2027-04-29T02:00:00
I07263,U1204,C051,quiz_passed,0.755,1.0,0.666,2027-04-29T04:00:00
I07264,U1204,C092,completed,0.555,1.0,,2027-04-29T06:00:00
I07265,U1204,C082,completed,0.78,1.0,0.641,2027-04-29T08:00:00
I07266,U1204,C001,completed,0.765,1.0,0.574,2027-04-29T10:00:00
I07267,U1205,C096,viewed,0.153,0.005,,2027-04-29T12:00:00
I07268,U1205,C064,viewed,0.16,0.004,,2027-04-29T14:00:00
I07269,U1205,C099,viewed,0.325,0.51,,2027-04-29T16:00:00
I07270,U1205,C098,viewed,0.212,0.094,,2027-04-29T18:00:00
I07271,U1206,C035,disliked,0.345,0.1,0.387,2027-04-29T20:00:00
I07272,U1206,C099,viewed,0.272,0.007,,2027-04-29T22:00:00
I07273,U1206,C066,completed,0.519,1.0,,2027-04-30T00:00:00
I07274,U1206,C006,completed,0.493,1.0,,2027-04-30T02:00:00
I07275,U1207,C095,completed,0.753,1.0,0.582,2027-04-30T04:00:00
I07276,U1207,C053,quiz_passed,0.793,1.0,0.759,2027-04-30T06:00:00
I07277,U1207,C054,quiz_passed,0.745,1.0,0.702,2027-04-30T08:00:00
I07278,U1207,C098,quiz_passed,0.812,1.0,0.631,2027-04-30T10:00:00
I07279,U1207,C029,quiz_passed,0.846,1.0,0.784,2027-04-30T12:00:00
I07280,U1207,C016,completed,0.473,1.0,,2027-04-30T14:00:00
I07281,U1208,C002,quiz_passed,0.802,1.0,0.849,2027-04-30T16:00:00
I07282,U1208,C016,completed,0.839,1.0,0.874,2027-04-30T18:00:00
I07283,U1208,C013,completed,0.551,1.0,,2027-04-30T20:00:00
I07284,U1208,C044,viewed,0.278,0.34,,2027-04-30T22:00:00
I07285,U1208,C044,completed,0.865,1.0,0.717,2027-05-01T00:00:00
I07286,U1208,C051,quiz_passed,0.9,1.0,0.839,2027-05-01T02:00:00
I07287,U1208,C010,quiz_passed,0.804,1.0,0.795,2027-05-01T04:00:00
I07288,U1208,C025,completed,0.801,1.0,0.818,2027-05-01T06:00:00
I07289,U1208,C005,completed,0.549,1.0,,2027-05-01T08:00:00
I07290,U1209,C096,completed,0.648,1.0,0.425,2027-05-01T10:00:00
I07291,U1209,C098,viewed,0.352,0.4,0.31,2027-05-01T12:00:00
I07292,U1209,C029,completed,0.474,1.0,,2027-05-01T14:00:00
I07293,U1209,C099,viewed,0.172,0.074,,2027-05-01T16:00:00
I07294,U1209,C072,completed,0.46,1.0,,2027-05-01T18:00:00
I07295,U1209,C029,completed,0.555,1.0,,2027-05-01T20:00:00
I07296,U1210,C076,viewed,0.244,0.025,,2027-05-01T22:00:00
I07297,U1210,C082,viewed,0.167,0.058,,2027-05-02T00:00:00
I07298,U1210,C030,completed,0.56,1.0,,2027-05-02T02:00:00
I07299,U1210,C095,completed,0.494,1.0,,2027-05-02T04:00:00
I07300,U1210,C096,viewed,0.294,0.08,,2027-05-02T06:00:00
I07301,U1211,C091,completed,0.537,1.0,,2027-05-02T08:00:00
I07302,U1211,C046,completed,0.768,1.0,0.512,2027-05-02T10:00:00
I07303,U1211,C044,viewed,0.484,0.39,0.438,2027-05-02T12:00:00
I07304,U1211,C043,completed,0.501,1.0,,2027-05-02T14:00:00
I07305,U1211,C067,viewed,0.311,0.46,,2027-05-02T16:00:00
I07306,U1211,C061,completed,0.561,1.0,,2027-05-02T18:00:00
I07307,U1211,C081,viewed,0.238,0.25,,2027-05-02T20:00:00
I07308,U1212,C098,viewed,0.317,0.63,,2027-05-02T22:00:00
I07309,U1212,C053,completed,0.53,1.0,,2027-05-03T00:00:00
I07310,U1212,C048,disliked,0.226,0.06,0.33,2027-05-03T02:00:00
I07311,U1212,C011,disliked,0.282,0.1,0.334,2027-05-03T04:00:00
I07312,U1212,C048,viewed,0.444,0.42,0.392,2027-05-03T06:00:00
I07313,U1212,C051,completed,0.553,1.0,,2027-05-03T08:00:00
I07314,U1213,C029,completed,0.484,1.0,,2027-05-03T10:00:00
I07315,U1213,C047,completed,0.54,1.0,,2027-05-03T12:00:00
I07316,U1213,C043,quiz_passed,0.738,1.0,0.669,2027-05-03T14:00:00
I07317,U1213,C001,completed,0.492,1.0,,2027-05-03T16:00:00
I07318,U1213,C001,completed,0.498,1.0,,2027-05-03T18:00:00
I07319,U1213,C061,completed,0.771,1.0,0.584,2027-05-03T20:00:00
I07320,U1213,C030,quiz_passed,0.84,1.0,0.688,2027-05-03T22:00:00
I07321,U1214,C095,completed,0.673,1.0,0.5,2027-05-04T00:00:00
I07322,U1214,C095,viewed,0.124,0.086,,2027-05-04T02:00:00
I07323,U1214,C071,viewed,0.248,0.044,,2027-05-04T04:00:00
I07324,U1214,C064,completed,0.738,1.0,0.61,2027-05-04T06:00:00
I07325,U1215,C042,completed,0.77,1.0,0.721,2027-05-04T08:00:00
I07326,U1215,C073,completed,0.517,1.0,,2027-05-04T10:00:00
I07327,U1215,C053,quiz_passed,0.789,1.0,0.764,2027-05-04T12:00:00
I07328,U1215,C096,viewed,0.241,0.043,,2027-05-04T14:00:00
I07329,U1215,C098,completed,0.517,1.0,,2027-05-04T16:00:00
I07330,U1215,C063,completed,0.497,1.0,,2027-05-04T18:00:00
I07331,U1215,C066,quiz_passed,0.77,1.0,0.746,2027-05-04T20:00:00
I07332,U1215,C092,completed,0.829,1.0,0.72,2027-05-04T22:00:00
I07333,U1216,C098,completed,0.747,1.0,0.492,2027-05-05T00:00:00
I07334,U1216,C003,viewed,0.267,0.37,,2027-05-05T02:00:00
I07335,U1216,C016,completed,0.766,1.0,0.58,2027-05-05T04:00:00
I07336,U1217,C097,quiz_passed,0.789,1.0,0.66,2027-05-05T06:00:00
I07337,U1217,C073,quiz_passed,0.801,1.0,0.686,2027-05-05T08:00:00
I07338,U1217,C053,viewed,0.201,0.062,,2027-05-05T10:00:00
I07339,U1217,C082,completed,0.518,1.0,,2027-05-05T12:00:00
I07340,U1217,C028,viewed,0.398,0.3,0.33,2027-05-05T14:00:00
I07341,U1218,C011,quiz_passed,0.805,1.0,0.831,2027-05-05T16:00:00
I07342,U1218,C028,viewed,0.219,0.28,,2027-05-05T18:00:00
I07343,U1218,C049,completed,0.815,1.0,0.841,2027-05-05T20:00:00
I07344,U1218,C061,quiz_passed,0.45,0.14,0.652,2027-05-05T22:00:00
I07345,U1218,C028,completed,0.885,1.0,0.843,2027-05-06T00:00:00
I07346,U1219,C063,viewed,0.255,0.029,,2027-05-06T02:00:00
I07347,U1219,C042,completed,0.573,1.0,,2027-05-06T04:00:00
I07348,U1219,C061,completed,0.565,1.0,,2027-05-06T06:00:00
I07349,U1219,C058,completed,0.808,1.0,0.689,2027-05-06T08:00:00
I07350,U1219,C035,viewed,0.378,0.32,0.419,2027-05-06T10:00:00
I07351,U1219,C085,disliked,0.164,0.1,,2027-05-06T12:00:00
I07352,U1219,C050,viewed,0.427,0.39,0.317,2027-05-06T14:00:00
I07353,U1220,C095,quiz_passed,0.792,1.0,0.62,2027-05-06T16:00:00
I07354,U1220,C088,completed,0.506,1.0,,2027-05-06T18:00:00
I07355,U1220,C082,quiz_passed,0.819,1.0,0.784,2027-05-06T20:00:00
I07356,U1220,C099,completed,0.503,1.0,,2027-05-06T22:00:00
I07357,U1220,C029,quiz_passed,0.861,1.0,0.776,2027-05-07T00:00:00
I07358,U1220,C048,quiz_passed,0.858,1.0,0.772,2027-05-07T02:00:00
I07359,U1220,C079,quiz_passed,0.835,1.0,0.642,2027-05-07T04:00:00
I07360,U1220,C091,quiz_passed,0.802,1.0,0.799,2027-05-07T06:00:00
I07361,U1220,C002,quiz_passed,0.818,1.0,0.797,2027-05-07T08:00:00
I07362,U1221,C096,viewed,0.282,0.057,,2027-05-07T10:00:00
I07363,U1221,C009,viewed,0.553,0.43,0.553,2027-05-07T12:00:00
I07364,U1221,C018,quiz_passed,0.841,1.0,0.719,2027-05-07T14:00:00
I07365,U1221,C003,viewed,0.113,0.023,,2027-05-07T16:00:00
I07366,U1221,C098,quiz_passed,0.738,1.0,0.654,2027-05-07T18:00:00
I07367,U1221,C099,completed,0.49,1.0,,2027-05-07T20:00:00
I07368,U1221,C073,completed,0.472,1.0,,2027-05-07T22:00:00
I07369,U1221,C095,viewed,0.191,0.048,,2027-05-08T00:00:00
I07370,U1221,C092,completed,0.532,1.0,,2027-05-08T02:00:00
I07371,U1222,C065,viewed,0.116,0.014,,2027-05-08T04:00:00
I07372,U1222,C048,quiz_passed,0.759,1.0,0.642,2027-05-08T06:00:00
I07373,U1222,C001,viewed,0.314,0.24,0.313,2027-05-08T08:00:00
I07374,U1222,C099,completed,0.681,1.0,0.433,2027-05-08T10:00:00
I07375,U1222,C010,viewed,0.261,0.08,,2027-05-08T12:00:00
I07376,U1222,C066,quiz_passed,0.832,1.0,0.653,2027-05-08T14:00:00
I07377,U1222,C047,completed,0.749,1.0,0.614,2027-05-08T16:00:00
I07378,U1223,C018,quiz_passed,0.878,1.0,0.849,2027-05-08T18:00:00
I07379,U1223,C096,viewed,0.505,0.45,0.465,2027-05-08T20:00:00
I07380,U1223,C011,completed,0.513,1.0,,2027-05-08T22:00:00
I07381,U1223,C053,quiz_passed,0.86,1.0,0.866,2027-05-09T00:00:00
I07382,U1223,C065,quiz_passed,0.868,1.0,0.875,2027-05-09T02:00:00
I07383,U1223,C096,disliked,0.125,0.06,,2027-05-09T04:00:00
I07384,U1223,C065,viewed,0.239,0.074,,2027-05-09T06:00:00
I07385,U1223,C099,completed,0.543,1.0,,2027-05-09T08:00:00
I07386,U1223,C098,disliked,0.341,0.15,0.463,2027-05-09T10:00:00
I07387,U1224,C088,completed,0.522,1.0,,2027-05-09T12:00:00
I07388,U1224,C095,completed,0.53,1.0,,2027-05-09T14:00:00
I07389,U1224,C099,completed,0.461,1.0,,2027-05-09T16:00:00
I07390,U1224,C057,quiz_passed,0.878,1.0,0.841,2027-05-09T18:00:00
I07391,U1224,C050,quiz_passed,0.909,1.0,0.839,2027-05-09T20:00:00
I07392,U1224,C005,completed,0.889,1.0,0.81,2027-05-09T22:00:00
I07393,U1224,C046,disliked,0.174,0.04,,2027-05-10T00:00:00
I07394,U1224,C061,quiz_passed,0.843,1.0,0.84,2027-05-10T02:00:00
I07395,U1225,C051,completed,0.705,1.0,0.612,2027-05-10T04:00:00
I07396,U1225,C090,viewed,0.107,0.059,,2027-05-10T06:00:00
I07397,U1225,C002,quiz_passed,0.8,1.0,0.617,2027-05-10T08:00:00
I07398,U1225,C067,viewed,0.17,0.029,,2027-05-10T10:00:00
I07399,U1225,C016,completed,0.76,1.0,0.693,2027-05-10T12:00:00
I07400,U1225,C003,completed,0.557,1.0,,2027-05-10T14:00:00
I07401,U1226,C092,quiz_passed,0.815,1.0,0.619,2027-05-10T16:00:00
I07402,U1226,C095,viewed,0.117,0.056,,2027-05-10T18:00:00
I07403,U1226,C028,viewed,0.34,0.68,,2027-05-10T20:00:00
I07404,U1226,C050,completed,0.551,1.0,,2027-05-10T22:00:00
I07405,U1226,C013,completed,0.674,1.0,0.471,2027-05-11T00:00:00
I07406,U1226,C054,quiz_passed,0.761,1.0,0.619,2027-05-11T02:00:00
I07407,U1226,C050,completed,0.516,1.0,,2027-05-11T04:00:00
I07408,U1226,C013,completed,0.564,1.0,,2027-05-11T06:00:00
I07409,U1227,C018,viewed,0.283,0.014,,2027-05-11T08:00:00
I07410,U1227,C066,completed,0.702,1.0,0.593,2027-05-11T10:00:00
I07411,U1227,C048,completed,0.52,1.0,,2027-05-11T12:00:00
I07412,U1227,C082,quiz_passed,0.768,1.0,0.644,2027-05-11T14:00:00
I07413,U1227,C018,completed,0.571,1.0,,2027-05-11T16:00:00
I07414,U1227,C006,completed,0.745,1.0,0.673,2027-05-11T18:00:00
I07415,U1227,C048,quiz_passed,0.786,1.0,0.703,2027-05-11T20:00:00
I07416,U1227,C003,viewed,0.362,0.6,,2027-05-11T22:00:00
I07417,U1227,C017,viewed,0.13,0.04,,2027-05-12T00:00:00
I07418,U1228,C006,viewed,0.447,0.41,0.401,2027-05-12T02:00:00
I07419,U1228,C017,viewed,0.205,0.081,,2027-05-12T04:00:00
I07420,U1228,C048,completed,0.502,1.0,,2027-05-12T06:00:00
I07421,U1228,C099,viewed,0.228,0.094,,2027-05-12T08:00:00
I07422,U1229,C098,viewed,0.256,0.035,,2027-05-12T10:00:00
I07423,U1229,C042,viewed,0.378,0.27,0.33,2027-05-12T12:00:00
I07424,U1229,C071,viewed,0.117,0.084,,2027-05-12T14:00:00
I07425,U1229,C050,completed,0.482,1.0,,2027-05-12T16:00:00
I07426,U1229,C065,completed,0.752,1.0,0.564,2027-05-12T18:00:00
I07427,U1229,C091,quiz_passed,0.748,1.0,0.695,2027-05-12T20:00:00
I07428,U1229,C092,completed,0.777,1.0,0.575,2027-05-12T22:00:00
I07429,U1229,C015,completed,0.748,1.0,0.695,2027-05-13T00:00:00
I07430,U1229,C025,quiz_passed,0.749,1.0,0.677,2027-05-13T02:00:00
I07431,U1230,C071,completed,0.502,1.0,,2027-05-13T04:00:00
I07432,U1230,C047,quiz_passed,0.906,1.0,0.864,2027-05-13T06:00:00
I07433,U1230,C010,completed,0.781,1.0,0.732,2027-05-13T08:00:00
I07434,U1230,C067,viewed,0.203,0.04,,2027-05-13T10:00:00
I07435,U1230,C075,disliked,0.387,0.11,0.54,2027-05-13T12:00:00
I07436,U1231,C098,disliked,0.2,0.14,,2027-05-13T14:00:00
I07437,U1231,C015,completed,0.784,1.0,0.567,2027-05-13T16:00:00
I07438,U1231,C017,viewed,0.348,0.61,,2027-05-13T18:00:00
I07439,U1232,C071,quiz_passed,0.775,1.0,0.624,2027-05-13T20:00:00
I07440,U1232,C015,quiz_passed,0.822,1.0,0.664,2027-05-13T22:00:00
I07441,U1232,C005,viewed,0.344,0.36,0.248,2027-05-14T00:00:00
I07442,U1232,C082,disliked,0.334,0.07,0.392,2027-05-14T02:00:00
I07443,U1232,C091,viewed,0.476,0.42,0.391,2027-05-14T04:00:00
I07444,U1232,C010,disliked,0.356,0.14,0.304,2027-05-14T06:00:00
I07445,U1232,C051,quiz_passed,0.756,1.0,0.642,2027-05-14T08:00:00
I07446,U1232,C042,viewed,0.255,0.25,,2027-05-14T10:00:00
I07447,U1232,C099,viewed,0.13,0.059,,2027-05-14T12:00:00
I07448,U1233,C076,quiz_passed,0.887,1.0,0.839,2027-05-14T14:00:00
I07449,U1233,C013,quiz_passed,0.781,1.0,0.789,2027-05-14T16:00:00
I07450,U1233,C061,completed,0.81,1.0,0.813,2027-05-14T18:00:00
I07451,U1233,C081,completed,0.794,1.0,0.793,2027-05-14T20:00:00
I07452,U1233,C053,quiz_passed,0.84,1.0,0.861,2027-05-14T22:00:00
I07453,U1233,C048,completed,0.467,1.0,,2027-05-15T00:00:00
I07454,U1234,C095,viewed,0.286,0.049,,2027-05-15T02:00:00
I07455,U1234,C096,disliked,0.257,0.07,0.239,2027-05-15T04:00:00
I07456,U1234,C091,completed,0.81,1.0,0.601,2027-05-15T06:00:00
I07457,U1234,C082,quiz_passed,0.819,1.0,0.648,2027-05-15T08:00:00
I07458,U1235,C098,completed,0.475,1.0,,2027-05-15T10:00:00
I07459,U1235,C095,viewed,0.133,0.038,,2027-05-15T12:00:00
I07460,U1235,C098,viewed,0.17,0.033,,2027-05-15T14:00:00
I07461,U1235,C064,completed,0.556,1.0,,2027-05-15T16:00:00
I07462,U1235,C099,completed,0.733,1.0,0.521,2027-05-15T18:00:00
I07463,U1235,C043,completed,0.465,1.0,,2027-05-15T20:00:00
I07464,U1236,C057,viewed,0.135,0.036,,2027-05-15T22:00:00
I07465,U1236,C062,viewed,0.178,0.013,,2027-05-16T00:00:00
I07466,U1236,C051,viewed,0.209,0.012,,2027-05-16T02:00:00
I07467,U1236,C076,completed,0.505,1.0,,2027-05-16T04:00:00
I07468,U1236,C076,viewed,0.153,0.039,,2027-05-16T06:00:00
I07469,U1236,C001,completed,0.558,1.0,,2027-05-16T08:00:00
I07470,U1236,C098,viewed,0.227,0.028,,2027-05-16T10:00:00
I07471,U1237,C064,quiz_passed,0.892,1.0,0.841,2027-05-16T12:00:00
I07472,U1237,C051,completed,0.475,1.0,,2027-05-16T14:00:00
I07473,U1237,C011,completed,0.822,1.0,0.818,2027-05-16T16:00:00
I07474,U1237,C028,viewed,0.253,0.34,,2027-05-16T18:00:00
I07475,U1238,C003,completed,0.892,1.0,0.852,2027-05-16T20:00:00
I07476,U1238,C073,quiz_passed,0.853,1.0,0.825,2027-05-16T22:00:00
I07477,U1238,C091,completed,0.854,1.0,0.868,2027-05-17T00:00:00
I07478,U1238,C090,viewed,0.342,0.6,,2027-05-17T02:00:00
I07479,U1238,C088,completed,0.489,1.0,,2027-05-17T04:00:00
I07480,U1239,C095,completed,0.499,1.0,,2027-05-17T06:00:00
I07481,U1239,C018,quiz_passed,0.734,1.0,0.6,2027-05-17T08:00:00
I07482,U1239,C096,viewed,0.137,0.033,,2027-05-17T10:00:00
I07483,U1239,C067,completed,0.801,1.0,0.571,2027-05-17T12:00:00
I07484,U1239,C072,completed,0.565,1.0,,2027-05-17T14:00:00
I07485,U1239,C018,completed,0.473,1.0,,2027-05-17T16:00:00
I07486,U1239,C011,quiz_passed,0.765,1.0,0.665,2027-05-17T18:00:00
I07487,U1240,C064,quiz_passed,0.872,1.0,0.767,2027-05-17T20:00:00
I07488,U1240,C029,completed,0.573,1.0,,2027-05-17T22:00:00
I07489,U1240,C065,completed,0.511,1.0,,2027-05-18T00:00:00
I07490,U1240,C054,quiz_passed,0.859,1.0,0.723,2027-05-18T02:00:00
I07491,U1240,C047,completed,0.843,1.0,0.72,2027-05-18T04:00:00
I07492,U1240,C002,completed,0.498,1.0,,2027-05-18T06:00:00
I07493,U1240,C046,viewed,0.294,0.044,,2027-05-18T08:00:00
I07494,U1241,C099,completed,0.708,1.0,0.597,2027-05-18T10:00:00
I07495,U1241,C095,completed,0.751,1.0,0.649,2027-05-18T12:00:00
I07496,U1241,C065,quiz_passed,0.805,1.0,0.747,2027-05-18T14:00:00
I07497,U1241,C066,quiz_passed,0.861,1.0,0.777,2027-05-18T16:00:00
I07498,U1241,C028,quiz_passed,0.867,1.0,0.726,2027-05-18T18:00:00
I07499,U1241,C002,quiz_passed,0.823,1.0,0.788,2027-05-18T20:00:00
I07500,U1241,C098,viewed,0.148,0.011,,2027-05-18T22:00:00
I07501,U1242,C053,viewed,0.25,0.012,,2027-05-19T00:00:00
I07502,U1242,C096,completed,0.721,1.0,0.55,2027-05-19T02:00:00
I07503,U1242,C095,completed,0.722,1.0,0.578,2027-05-19T04:00:00
I07504,U1242,C095,viewed,0.328,0.56,,2027-05-19T06:00:00
I07505,U1242,C092,completed,0.574,1.0,,2027-05-19T08:00:00
I07506,U1242,C098,completed,0.555,1.0,,2027-05-19T10:00:00
I07507,U1243,C073,quiz_passed,0.807,1.0,0.649,2027-05-19T12:00:00
I07508,U1243,C066,quiz_passed,0.781,1.0,0.635,2027-05-19T14:00:00
I07509,U1243,C098,completed,0.743,1.0,0.46,2027-05-19T16:00:00
I07510,U1243,C006,viewed,0.481,0.41,0.377,2027-05-19T18:00:00
I07511,U1244,C067,completed,0.474,1.0,,2027-05-19T20:00:00
I07512,U1244,C098,completed,0.52,1.0,,2027-05-19T22:00:00
I07513,U1244,C096,viewed,0.165,0.08,,2027-05-20T00:00:00
I07514,U1244,C029,completed,0.783,1.0,0.648,2027-05-20T02:00:00
I07515,U1244,C067,completed,0.78,1.0,0.634,2027-05-20T04:00:00
I07516,U1244,C018,viewed,0.599,0.67,0.422,2027-05-20T06:00:00
I07517,U1244,C011,viewed,0.384,0.38,0.398,2027-05-20T08:00:00
I07518,U1244,C051,completed,0.814,1.0,0.607,2027-05-20T10:00:00
I07519,U1244,C044,viewed,0.297,0.063,,2027-05-20T12:00:00
I07520,U1245,C001,quiz_passed,0.771,1.0,0.709,2027-05-20T14:00:00
I07521,U1245,C010,quiz_passed,0.814,1.0,0.616,2027-05-20T16:00:00
I07522,U1245,C013,viewed,0.209,0.014,,2027-05-20T18:00:00
I07523,U1245,C082,disliked,0.158,0.03,,2027-05-20T20:00:00
I07524,U1246,C076,viewed,0.567,0.63,0.369,2027-05-20T22:00:00
I07525,U1246,C045,viewed,0.133,0.084,,2027-05-21T00:00:00
I07526,U1246,C005,completed,0.655,1.0,0.435,2027-05-21T02:00:00
I07527,U1246,C074,viewed,0.264,0.078,,2027-05-21T04:00:00
I07528,U1246,C030,completed,0.577,1.0,,2027-05-21T06:00:00
I07529,U1247,C006,completed,0.853,1.0,0.776,2027-05-21T08:00:00
I07530,U1247,C029,viewed,0.189,0.008,,2027-05-21T10:00:00
I07531,U1247,C065,disliked,0.181,0.02,,2027-05-21T12:00:00
I07532,U1247,C054,quiz_passed,0.881,1.0,0.789,2027-05-21T14:00:00
I07533,U1247,C011,quiz_passed,0.783,1.0,0.729,2027-05-21T16:00:00
I07534,U1248,C099,viewed,0.285,0.098,,2027-05-21T18:00:00
I07535,U1248,C072,completed,0.844,1.0,0.709,2027-05-21T20:00:00
I07536,U1248,C096,completed,0.491,1.0,,2027-05-21T22:00:00
I07537,U1248,C098,completed,0.671,1.0,0.451,2027-05-22T00:00:00
I07538,U1248,C095,viewed,0.105,0.066,,2027-05-22T02:00:00
I07539,U1249,C096,completed,0.472,1.0,,2027-05-22T04:00:00
I07540,U1249,C018,completed,0.802,1.0,0.744,2027-05-22T06:00:00
I07541,U1249,C098,viewed,0.311,0.62,,2027-05-22T08:00:00
I07542,U1249,C067,quiz_passed,0.832,1.0,0.794,2027-05-22T10:00:00
I07543,U1249,C029,completed,0.505,1.0,,2027-05-22T12:00:00
I07544,U1250,C099,completed,0.767,1.0,0.53,2027-05-22T14:00:00
I07545,U1250,C095,viewed,0.272,0.084,,2027-05-22T16:00:00
I07546,U1250,C096,viewed,0.199,0.069,,2027-05-22T18:00:00
I07547,U1250,C006,viewed,0.208,0.038,,2027-05-22T20:00:00
I07548,U1251,C035,viewed,0.245,0.017,,2027-05-22T22:00:00
I07549,U1251,C096,disliked,0.232,0.16,,2027-05-23T00:00:00
I07550,U1251,C025,completed,0.475,1.0,,2027-05-23T02:00:00
I07551,U1251,C049,completed,0.77,1.0,0.747,2027-05-23T04:00:00
I07552,U1252,C098,completed,0.654,1.0,0.415,2027-05-23T06:00:00
I07553,U1252,C096,viewed,0.205,0.044,,2027-05-23T08:00:00
I07554,U1252,C011,viewed,0.226,0.061,,2027-05-23T10:00:00
I07555,U1252,C048,completed,0.496,1.0,,2027-05-23T12:00:00
I07556,U1253,C016,completed,0.574,1.0,,2027-05-23T14:00:00
I07557,U1253,C074,viewed,0.448,0.52,0.293,2027-05-23T16:00:00
I07558,U1253,C044,completed,0.791,1.0,0.539,2027-05-23T18:00:00
I07559,U1254,C028,quiz_passed,0.784,1.0,0.689,2027-05-23T20:00:00
I07560,U1254,C058,quiz_passed,0.757,1.0,0.66,2027-05-23T22:00:00
I07561,U1254,C057,completed,0.523,1.0,,2027-05-24T00:00:00
I07562,U1255,C076,quiz_passed,0.843,1.0,0.75,2027-05-24T02:00:00
I07563,U1255,C074,completed,0.7,1.0,0.587,2027-05-24T04:00:00
I07564,U1255,C050,viewed,0.346,0.48,,2027-05-24T06:00:00
I07565,U1256,C017,viewed,0.49,0.45,0.403,2027-05-24T08:00:00
I07566,U1256,C030,viewed,0.351,0.7,,2027-05-24T10:00:00
I07567,U1256,C088,completed,0.489,1.0,,2027-05-24T12:00:00
I07568,U1256,C030,completed,0.567,1.0,,2027-05-24T14:00:00
I07569,U1256,C043,completed,0.525,1.0,,2027-05-24T16:00:00
I07570,U1256,C013,viewed,0.205,0.046,,2027-05-24T18:00:00
I07571,U1257,C017,viewed,0.158,0.019,,2027-05-24T20:00:00
I07572,U1257,C001,viewed,0.207,0.021,,2027-05-24T22:00:00
I07573,U1257,C071,viewed,0.224,0.39,,2027-05-25T00:00:00
I07574,U1257,C001,completed,0.735,1.0,0.635,2027-05-25T02:00:00
I07575,U1257,C035,disliked,0.314,0.01,0.405,2027-05-25T04:00:00
I07576,U1257,C045,viewed,0.265,0.079,,2027-05-25T06:00:00
I07577,U1258,C006,viewed,0.497,0.64,0.451,2027-05-25T08:00:00
I07578,U1258,C096,viewed,0.545,0.61,0.421,2027-05-25T10:00:00
I07579,U1258,C096,completed,0.479,1.0,,2027-05-25T12:00:00
I07580,U1259,C098,quiz_passed,0.812,1.0,0.625,2027-05-25T14:00:00
I07581,U1259,C096,disliked,0.189,0.1,,2027-05-25T16:00:00
I07582,U1259,C072,viewed,0.257,0.056,,2027-05-25T18:00:00
I07583,U1259,C096,completed,0.544,1.0,,2027-05-25T20:00:00
I07584,U1259,C091,viewed,0.127,0.031,,2027-05-25T22:00:00
I07585,U1259,C099,completed,0.754,1.0,0.578,2027-05-26T00:00:00
I07586,U1259,C017,completed,0.559,1.0,,2027-05-26T02:00:00
I07587,U1260,C095,completed,0.735,1.0,0.685,2027-05-26T04:00:00
I07588,U1260,C076,completed,0.867,1.0,0.843,2027-05-26T06:00:00
I07589,U1260,C091,viewed,0.211,0.34,,2027-05-26T08:00:00
I07590,U1260,C046,completed,0.532,1.0,,2027-05-26T10:00:00
I07591,U1260,C002,quiz_passed,0.828,1.0,0.88,2027-05-26T12:00:00
I07592,U1261,C096,disliked,0.22,0.11,0.286,2027-05-26T14:00:00
I07593,U1261,C095,completed,0.503,1.0,,2027-05-26T16:00:00
I07594,U1261,C095,completed,0.555,1.0,,2027-05-26T18:00:00
I07595,U1261,C095,completed,0.644,1.0,0.431,2027-05-26T20:00:00
I07596,U1261,C001,disliked,0.394,0.19,0.351,2027-05-26T22:00:00
I07597,U1261,C042,viewed,0.15,0.084,,2027-05-27T00:00:00
I07598,U1262,C095,completed,0.719,1.0,0.468,2027-05-27T02:00:00
I07599,U1262,C099,completed,0.682,1.0,0.503,2027-05-27T04:00:00
I07600,U1262,C098,viewed,0.253,0.099,,2027-05-27T06:00:00
I07601,U1262,C088,viewed,0.227,0.06,,2027-05-27T08:00:00
I07602,U1262,C003,quiz_passed,0.79,1.0,0.685,2027-05-27T10:00:00
I07603,U1263,C054,viewed,0.209,0.064,,2027-05-27T12:00:00
I07604,U1263,C017,quiz_passed,0.778,1.0,0.623,2027-05-27T14:00:00
I07605,U1263,C047,viewed,0.208,0.33,,2027-05-27T16:00:00
I07606,U1263,C053,completed,0.812,1.0,0.592,2027-05-27T18:00:00
I07607,U1263,C076,viewed,0.549,0.64,0.429,2027-05-27T20:00:00
I07608,U1263,C006,quiz_passed,0.813,1.0,0.613,2027-05-27T22:00:00
I07609,U1263,C065,quiz_passed,0.825,1.0,0.684,2027-05-28T00:00:00
I07610,U1264,C064,quiz_passed,0.866,1.0,0.748,2027-05-28T02:00:00
I07611,U1264,C096,completed,0.701,1.0,0.58,2027-05-28T04:00:00
I07612,U1264,C099,quiz_passed,0.785,1.0,0.678,2027-05-28T06:00:00
I07613,U1264,C003,quiz_passed,0.781,1.0,0.759,2027-05-28T08:00:00
I07614,U1264,C046,disliked,0.211,0.15,,2027-05-28T10:00:00
I07615,U1265,C066,viewed,0.372,0.58,,2027-05-28T12:00:00
I07616,U1265,C043,completed,0.81,1.0,0.664,2027-05-28T14:00:00
I07617,U1265,C063,disliked,0.374,0.14,0.45,2027-05-28T16:00:00
I07618,U1265,C025,quiz_passed,0.727,1.0,0.631,2027-05-28T18:00:00
I07619,U1265,C061,completed,0.743,1.0,0.659,2027-05-28T20:00:00
I07620,U1265,C003,disliked,0.275,0.13,0.348,2027-05-28T22:00:00
I07621,U1265,C002,completed,0.576,1.0,,2027-05-29T00:00:00
I07622,U1265,C061,completed,0.471,1.0,,2027-05-29T02:00:00
I07623,U1265,C050,completed,0.52,1.0,,2027-05-29T04:00:00
I07624,U1266,C003,quiz_passed,0.746,1.0,0.707,2027-05-29T06:00:00
I07625,U1266,C098,completed,0.732,1.0,0.651,2027-05-29T08:00:00
I07626,U1266,C046,completed,0.534,1.0,,2027-05-29T10:00:00
I07627,U1266,C057,quiz_passed,0.812,1.0,0.803,2027-05-29T12:00:00
I07628,U1266,C096,viewed,0.377,0.68,,2027-05-29T14:00:00
I07629,U1267,C095,viewed,0.224,0.004,,2027-05-29T16:00:00
I07630,U1267,C088,completed,0.523,1.0,,2027-05-29T18:00:00
I07631,U1267,C079,viewed,0.276,0.073,,2027-05-29T20:00:00
I07632,U1267,C006,quiz_passed,0.793,1.0,0.651,2027-05-29T22:00:00
I07633,U1267,C051,completed,0.477,1.0,,2027-05-30T00:00:00
I07634,U1267,C048,completed,0.504,1.0,,2027-05-30T02:00:00
I07635,U1268,C096,viewed,0.107,0.007,,2027-05-30T04:00:00
I07636,U1268,C096,completed,0.526,1.0,,2027-05-30T06:00:00
I07637,U1268,C050,viewed,0.463,0.53,0.327,2027-05-30T08:00:00
I07638,U1268,C005,completed,0.73,1.0,0.543,2027-05-30T10:00:00
I07639,U1268,C045,viewed,0.249,0.073,,2027-05-30T12:00:00
I07640,U1268,C028,completed,0.514,1.0,,2027-05-30T14:00:00
I07641,U1268,C057,quiz_passed,0.75,1.0,0.612,2027-05-30T16:00:00
I07642,U1269,C098,viewed,0.289,0.071,,2027-05-30T18:00:00
I07643,U1269,C001,viewed,0.476,0.46,0.339,2027-05-30T20:00:00
I07644,U1269,C095,viewed,0.232,0.055,,2027-05-30T22:00:00
I07645,U1269,C035,completed,0.481,1.0,,2027-05-31T00:00:00
I07646,U1269,C013,completed,0.573,1.0,,2027-05-31T02:00:00
I07647,U1269,C018,viewed,0.272,0.28,,2027-05-31T04:00:00
I07648,U1269,C089,viewed,0.234,0.076,,2027-05-31T06:00:00
I07649,U1270,C072,viewed,0.177,0.094,,2027-05-31T08:00:00
I07650,U1270,C048,viewed,0.538,0.57,0.374,2027-05-31T10:00:00
I07651,U1270,C096,completed,0.706,1.0,0.433,2027-05-31T12:00:00
I07652,U1270,C011,viewed,0.41,0.26,0.347,2027-05-31T14:00:00
I07653,U1270,C047,completed,0.784,1.0,0.585,2027-05-31T16:00:00
I07654,U1270,C058,viewed,0.454,0.46,0.427,2027-05-31T18:00:00
I07655,U1270,C049,quiz_passed,0.829,1.0,0.671,2027-05-31T20:00:00
I07656,U1270,C066,quiz_passed,0.739,1.0,0.669,2027-05-31T22:00:00
I07657,U1270,C080,viewed,0.34,0.55,,2027-06-01T00:00:00
I07658,U1271,C096,disliked,0.192,0.1,0.221,2027-06-01T02:00:00
I07659,U1271,C015,completed,0.73,1.0,0.655,2027-06-01T04:00:00
I07660,U1271,C067,completed,0.561,1.0,,2027-06-01T06:00:00
I07661,U1271,C015,completed,0.818,1.0,0.647,2027-06-01T08:00:00
I07662,U1271,C049,viewed,0.302,0.57,,2027-06-01T10:00:00
I07663,U1271,C078,completed,0.752,1.0,0.578,2027-06-01T12:00:00
I07664,U1271,C013,completed,0.545,1.0,,2027-06-01T14:00:00
I07665,U1271,C099,viewed,0.314,0.22,0.259,2027-06-01T16:00:00
I07666,U1272,C016,completed,0.482,1.0,,2027-06-01T18:00:00
I07667,U1272,C090,viewed,0.189,0.087,,2027-06-01T20:00:00
I07668,U1272,C005,completed,0.759,1.0,0.506,2027-06-01T22:00:00
I07669,U1272,C005,disliked,0.089,0.03,,2027-06-02T00:00:00
I07670,U1273,C091,completed,0.895,1.0,0.832,2027-06-02T02:00:00
I07671,U1273,C002,completed,0.879,1.0,0.876,2027-06-02T04:00:00
I07672,U1273,C064,completed,0.513,1.0,,2027-06-02T06:00:00
I07673,U1273,C050,completed,0.846,1.0,0.869,2027-06-02T08:00:00
I07674,U1274,C096,completed,0.797,1.0,0.64,2027-06-02T10:00:00
I07675,U1274,C095,viewed,0.133,0.082,,2027-06-02T12:00:00
I07676,U1274,C096,completed,0.532,1.0,,2027-06-02T14:00:00
I07677,U1274,C035,completed,0.558,1.0,,2027-06-02T16:00:00
I07678,U1275,C098,viewed,0.267,0.27,,2027-06-02T18:00:00
I07679,U1275,C006,completed,0.564,1.0,,2027-06-02T20:00:00
I07680,U1276,C028,completed,0.495,1.0,,2027-06-02T22:00:00
I07681,U1276,C047,completed,0.523,1.0,,2027-06-03T00:00:00
I07682,U1276,C096,disliked,0.277,0.18,0.282,2027-06-03T02:00:00
I07683,U1276,C096,viewed,0.216,0.003,,2027-06-03T04:00:00
I07684,U1276,C099,viewed,0.128,0.079,,2027-06-03T06:00:00
I07685,U1276,C017,viewed,0.417,0.44,0.389,2027-06-03T08:00:00
I07686,U1276,C061,completed,0.757,1.0,0.681,2027-06-03T10:00:00
I07687,U1276,C051,viewed,0.452,0.56,0.322,2027-06-03T12:00:00
I07688,U1277,C030,quiz_passed,0.828,1.0,0.656,2027-06-03T14:00:00
I07689,U1277,C006,completed,0.494,1.0,,2027-06-03T16:00:00
I07690,U1277,C073,completed,0.469,1.0,,2027-06-03T18:00:00
I07691,U1277,C006,viewed,0.539,0.69,0.4,2027-06-03T20:00:00
I07692,U1277,C092,completed,0.567,1.0,,2027-06-03T22:00:00
I07693,U1278,C065,completed,0.51,1.0,,2027-06-04T00:00:00
I07694,U1278,C035,quiz_passed,0.887,1.0,0.868,2027-06-04T02:00:00
I07695,U1278,C091,completed,0.896,1.0,0.872,2027-06-04T04:00:00
I07696,U1278,C082,quiz_passed,0.679,0.64,0.675,2027-06-04T06:00:00
I07697,U1279,C099,completed,0.745,1.0,0.446,2027-06-04T08:00:00
I07698,U1279,C095,completed,0.471,1.0,,2027-06-04T10:00:00
I07699,U1279,C050,disliked,0.271,0.19,0.315,2027-06-04T12:00:00
I07700,U1279,C053,disliked,0.093,0.01,,2027-06-04T14:00:00
I07701,U1280,C091,quiz_passed,0.774,1.0,0.713,2027-06-04T16:00:00
I07702,U1280,C067,completed,0.782,1.0,0.786,2027-06-04T18:00:00
I07703,U1280,C011,viewed,0.215,0.074,,2027-06-04T20:00:00
I07704,U1280,C005,quiz_passed,0.826,1.0,0.692,2027-06-04T22:00:00
I07705,U1280,C047,completed,0.509,1.0,,2027-06-05T00:00:00
I07706,U1281,C030,viewed,0.116,0.022,,2027-06-05T02:00:00
I07707,U1281,C057,completed,0.471,1.0,,2027-06-05T04:00:00
I07708,U1281,C058,quiz_passed,0.787,1.0,0.657,2027-06-05T06:00:00
I07709,U1281,C098,viewed,0.412,0.55,0.273,2027-06-05T08:00:00
I07710,U1281,C095,viewed,0.27,0.068,,2027-06-05T10:00:00
I07711,U1281,C048,completed,0.471,1.0,,2027-06-05T12:00:00
I07712,U1281,C048,viewed,0.293,0.056,,2027-06-05T14:00:00
I07713,U1282,C043,completed,0.804,1.0,0.757,2027-06-05T16:00:00
I07714,U1282,C091,quiz_passed,0.784,1.0,0.786,2027-06-05T18:00:00
I07715,U1282,C010,completed,0.785,1.0,0.603,2027-06-05T20:00:00
I07716,U1282,C064,completed,0.53,1.0,,2027-06-05T22:00:00
I07717,U1282,C065,viewed,0.288,0.049,,2027-06-06T00:00:00
I07718,U1283,C030,viewed,0.267,0.4,,2027-06-06T02:00:00
I07719,U1283,C057,viewed,0.297,0.51,,2027-06-06T04:00:00
I07720,U1283,C082,completed,0.796,1.0,0.572,2027-06-06T06:00:00
I07721,U1283,C099,viewed,0.423,0.5,0.223,2027-06-06T08:00:00
I07722,U1283,C073,completed,0.507,1.0,,2027-06-06T10:00:00
I07723,U1283,C043,completed,0.555,1.0,,2027-06-06T12:00:00
I07724,U1284,C061,completed,0.769,1.0,0.589,2027-06-06T14:00:00
I07725,U1284,C071,viewed,0.192,0.018,,2027-06-06T16:00:00
I07726,U1284,C074,viewed,0.207,0.053,,2027-06-06T18:00:00
I07727,U1284,C051,viewed,0.326,0.58,,2027-06-06T20:00:00
I07728,U1285,C051,viewed,0.305,0.22,0.321,2027-06-06T22:00:00
I07729,U1285,C096,viewed,0.139,0.048,,2027-06-07T00:00:00
I07730,U1285,C030,viewed,0.127,0.079,,2027-06-07T02:00:00
I07731,U1285,C061,quiz_passed,0.806,1.0,0.685,2027-06-07T04:00:00
I07732,U1285,C048,completed,0.482,1.0,,2027-06-07T06:00:00
I07733,U1286,C042,completed,0.554,1.0,,2027-06-07T08:00:00
I07734,U1286,C063,completed,0.493,1.0,,2027-06-07T10:00:00
I07735,U1287,C047,disliked,0.31,0.07,0.386,2027-06-07T12:00:00
I07736,U1287,C099,viewed,0.33,0.62,,2027-06-07T14:00:00
I07737,U1287,C051,disliked,0.129,0.03,,2027-06-07T16:00:00
I07738,U1287,C082,completed,0.817,1.0,0.594,2027-06-07T18:00:00
I07739,U1288,C018,quiz_passed,0.724,1.0,0.609,2027-06-07T20:00:00
I07740,U1288,C095,completed,0.737,1.0,0.49,2027-06-07T22:00:00
I07741,U1288,C018,completed,0.526,1.0,,2027-06-08T00:00:00
I07742,U1289,C043,completed,0.562,1.0,,2027-06-08T02:00:00
I07743,U1289,C043,quiz_passed,0.717,1.0,0.603,2027-06-08T04:00:00
I07744,U1289,C013,completed,0.524,1.0,,2027-06-08T06:00:00
I07745,U1289,C003,quiz_passed,0.79,1.0,0.681,2027-06-08T08:00:00
I07746,U1289,C082,viewed,0.115,0.062,,2027-06-08T10:00:00
I07747,U1289,C081,viewed,0.19,0.011,,2027-06-08T12:00:00
I07748,U1289,C057,viewed,0.189,0.29,,2027-06-08T14:00:00
I07749,U1290,C018,completed,0.567,1.0,,2027-06-08T16:00:00
I07750,U1290,C099,disliked,0.195,0.13,,2027-06-08T18:00:00
I07751,U1290,C092,viewed,0.45,0.34,0.373,2027-06-08T20:00:00
I07752,U1290,C099,viewed,0.217,0.018,,2027-06-08T22:00:00
I07753,U1290,C092,quiz_passed,0.757,1.0,0.66,2027-06-09T00:00:00
I07754,U1290,C097,viewed,0.181,0.007,,2027-06-09T02:00:00
I07755,U1291,C098,viewed,0.271,0.32,,2027-06-09T04:00:00
I07756,U1291,C098,viewed,0.315,0.43,,2027-06-09T06:00:00
I07757,U1291,C061,viewed,0.14,0.055,,2027-06-09T08:00:00
I07758,U1291,C029,quiz_passed,0.764,1.0,0.651,2027-06-09T10:00:00
I07759,U1291,C099,viewed,0.262,0.017,,2027-06-09T12:00:00
I07760,U1292,C098,completed,0.833,1.0,0.778,2027-06-09T14:00:00
I07761,U1292,C043,completed,0.911,1.0,0.84,2027-06-09T16:00:00
I07762,U1292,C042,quiz_passed,0.812,1.0,0.84,2027-06-09T18:00:00
I07763,U1292,C046,completed,0.541,1.0,,2027-06-09T20:00:00
I07764,U1292,C076,quiz_passed,0.837,1.0,0.842,2027-06-09T22:00:00
I07765,U1292,C015,completed,0.892,1.0,0.875,2027-06-10T00:00:00
I07766,U1293,C001,viewed,0.159,0.04,,2027-06-10T02:00:00
I07767,U1293,C011,disliked,0.127,0.03,,2027-06-10T04:00:00
I07768,U1293,C051,completed,0.504,1.0,,2027-06-10T06:00:00
I07769,U1293,C053,completed,0.491,1.0,,2027-06-10T08:00:00
I07770,U1293,C042,completed,0.496,1.0,,2027-06-10T10:00:00
I07771,U1293,C045,viewed,0.279,0.051,,2027-06-10T12:00:00
I07772,U1293,C081,completed,0.563,1.0,,2027-06-10T14:00:00
I07773,U1293,C002,viewed,0.121,0.079,,2027-06-10T16:00:00
I07774,U1293,C046,viewed,0.251,0.071,,2027-06-10T18:00:00
I07775,U1293,C096,quiz_passed,0.741,1.0,0.665,2027-06-10T20:00:00
I07776,U1294,C096,viewed,0.112,0.013,,2027-06-10T22:00:00
I07777,U1294,C096,completed,0.499,1.0,,2027-06-11T00:00:00
I07778,U1294,C096,completed,0.462,1.0,,2027-06-11T02:00:00
I07779,U1294,C096,quiz_passed,0.763,1.0,0.613,2027-06-11T04:00:00
I07780,U1295,C076,completed,0.76,1.0,0.741,2027-06-11T06:00:00
I07781,U1295,C090,completed,0.804,1.0,0.697,2027-06-11T08:00:00
I07782,U1295,C082,viewed,0.202,0.086,,2027-06-11T10:00:00
I07783,U1295,C076,quiz_passed,0.824,1.0,0.704,2027-06-11T12:00:00
I07784,U1295,C096,viewed,0.487,0.57,0.353,2027-06-11T14:00:00
I07785,U1295,C046,completed,0.681,1.0,0.511,2027-06-11T16:00:00
I07786,U1296,C073,viewed,0.25,0.065,,2027-06-11T18:00:00
I07787,U1296,C016,completed,0.766,1.0,0.586,2027-06-11T20:00:00
I07788,U1296,C097,viewed,0.504,0.56,0.346,2027-06-11T22:00:00
I07789,U1296,C081,completed,0.654,1.0,0.463,2027-06-12T00:00:00
I07790,U1297,C063,quiz_passed,0.799,1.0,0.797,2027-06-12T02:00:00
I07791,U1297,C057,quiz_passed,0.86,1.0,0.877,2027-06-12T04:00:00
I07792,U1297,C054,quiz_passed,0.814,1.0,0.827,2027-06-12T06:00:00
I07793,U1297,C089,quiz_passed,0.758,1.0,0.737,2027-06-12T08:00:00
I07794,U1297,C092,completed,0.917,1.0,0.856,2027-06-12T10:00:00
I07795,U1298,C076,viewed,0.593,0.69,0.524,2027-06-12T12:00:00
I07796,U1298,C001,completed,0.775,1.0,0.716,2027-06-12T14:00:00
I07797,U1298,C054,completed,0.481,1.0,,2027-06-12T16:00:00
I07798,U1298,C046,viewed,0.1,0.042,,2027-06-12T18:00:00
I07799,U1298,C078,viewed,0.533,0.4,0.543,2027-06-12T20:00:00
I07800,U1298,C081,viewed,0.392,0.43,0.363,2027-06-12T22:00:00
I07801,U1298,C028,quiz_passed,0.787,1.0,0.781,2027-06-13T00:00:00
I07802,U1299,C064,completed,0.798,1.0,0.798,2027-06-13T02:00:00
I07803,U1299,C066,completed,0.462,1.0,,2027-06-13T04:00:00
I07804,U1299,C099,completed,0.481,1.0,,2027-06-13T06:00:00
I07805,U1299,C099,viewed,0.44,0.29,0.424,2027-06-13T08:00:00
I07806,U1299,C091,quiz_passed,0.9,1.0,0.8,2027-06-13T10:00:00
I07807,U1299,C088,quiz_passed,0.844,1.0,0.76,2027-06-13T12:00:00
I07808,U1299,C003,completed,0.573,1.0,,2027-06-13T14:00:00
I07809,U1299,C090,viewed,0.274,0.002,,2027-06-13T16:00:00
I07810,U1299,C096,disliked,0.331,0.11,0.321,2027-06-13T18:00:00
I07811,U1299,C095,disliked,0.17,0.16,,2027-06-13T20:00:00
I07812,U1299,C011,completed,0.862,1.0,0.709,2027-06-13T22:00:00
I07813,U1299,C061,viewed,0.237,0.37,,2027-06-14T00:00:00
I07814,U1300,C095,completed,0.724,1.0,0.583,2027-06-14T02:00:00
I07815,U1300,C054,viewed,0.573,0.49,0.579,2027-06-14T04:00:00
I07816,U1300,C095,viewed,0.555,0.65,0.353,2027-06-14T06:00:00
I07817,U1300,C018,viewed,0.183,0.098,,2027-06-14T08:00:00
I07818,U1300,C091,completed,0.876,1.0,0.807,2027-06-14T10:00:00
I07819,U1300,C090,viewed,0.122,0.078,,2027-06-14T12:00:00
I07820,U1300,C047,quiz_passed,0.766,1.0,0.748,2027-06-14T14:00:00
I07821,U1301,C053,completed,0.813,1.0,0.816,2027-06-14T16:00:00
I07822,U1301,C096,viewed,0.119,0.087,,2027-06-14T18:00:00
I07823,U1301,C092,completed,0.541,1.0,,2027-06-14T20:00:00
I07824,U1301,C096,disliked,0.381,0.07,0.578,2027-06-14T22:00:00
I07825,U1301,C092,quiz_passed,0.855,1.0,0.881,2027-06-15T00:00:00
I07826,U1302,C042,quiz_passed,0.889,1.0,0.818,2027-06-15T02:00:00
I07827,U1302,C095,quiz_passed,0.795,1.0,0.703,2027-06-15T04:00:00
I07828,U1302,C053,completed,0.468,1.0,,2027-06-15T06:00:00
I07829,U1302,C051,completed,0.886,1.0,0.862,2027-06-15T08:00:00
I07830,U1302,C071,completed,0.885,1.0,0.851,2027-06-15T10:00:00
I07831,U1302,C046,completed,0.577,1.0,,2027-06-15T12:00:00
I07832,U1303,C096,completed,0.483,1.0,,2027-06-15T14:00:00
I07833,U1303,C098,viewed,0.214,0.042,,2027-06-15T16:00:00
I07834,U1303,C003,quiz_passed,0.869,1.0,0.79,2027-06-15T18:00:00
I07835,U1303,C099,quiz_passed,0.777,1.0,0.668,2027-06-15T20:00:00
I07836,U1304,C003,completed,0.478,1.0,,2027-06-15T22:00:00
I07837,U1304,C018,viewed,0.13,0.063,,2027-06-16T00:00:00
I07838,U1304,C013,viewed,0.138,0.061,,2027-06-16T02:00:00
I07839,U1304,C028,viewed,0.21,0.036,,2027-06-16T04:00:00
I07840,U1304,C090,completed,0.753,1.0,0.504,2027-06-16T06:00:00
I07841,U1304,C045,viewed,0.294,0.076,,2027-06-16T08:00:00
I07842,U1304,C061,viewed,0.439,0.5,0.428,2027-06-16T10:00:00
I07843,U1304,C001,completed,0.524,1.0,,2027-06-16T12:00:00
I07844,U1304,C048,quiz_passed,0.808,1.0,0.61,2027-06-16T14:00:00
I07845,U1305,C057,viewed,0.388,0.3,0.419,2027-06-16T16:00:00
I07846,U1305,C028,viewed,0.368,0.24,0.39,2027-06-16T18:00:00
I07847,U1305,C001,completed,0.578,1.0,,2027-06-16T20:00:00
I07848,U1305,C011,completed,0.779,1.0,0.571,2027-06-16T22:00:00
I07849,U1305,C065,viewed,0.28,0.028,,2027-06-17T00:00:00
I07850,U1305,C030,viewed,0.581,0.69,0.384,2027-06-17T02:00:00
I07851,U1305,C076,viewed,0.179,0.26,,2027-06-17T04:00:00
I07852,U1306,C099,completed,0.464,1.0,,2027-06-17T06:00:00
I07853,U1306,C025,completed,0.852,1.0,0.825,2027-06-17T08:00:00
I07854,U1306,C097,completed,0.47,1.0,,2027-06-17T10:00:00
I07855,U1306,C057,completed,0.49,1.0,,2027-06-17T12:00:00
I07856,U1307,C098,viewed,0.173,0.24,,2027-06-17T14:00:00
I07857,U1307,C025,quiz_passed,0.767,1.0,0.65,2027-06-17T16:00:00
I07858,U1307,C006,completed,0.516,1.0,,2027-06-17T18:00:00
I07859,U1307,C073,viewed,0.312,0.6,,2027-06-17T20:00:00
I07860,U1307,C098,viewed,0.258,0.068,,2027-06-17T22:00:00
I07861,U1307,C006,completed,0.768,1.0,0.593,2027-06-18T00:00:00
I07862,U1307,C065,viewed,0.176,0.023,,2027-06-18T02:00:00
I07863,U1308,C016,viewed,0.278,0.037,,2027-06-18T04:00:00
I07864,U1308,C002,completed,0.739,1.0,0.697,2027-06-18T06:00:00
I07865,U1308,C028,viewed,0.432,0.3,0.345,2027-06-18T08:00:00
I07866,U1308,C097,completed,0.767,1.0,0.543,2027-06-18T10:00:00
I07867,U1308,C005,completed,0.533,1.0,,2027-06-18T12:00:00
I07868,U1309,C016,quiz_passed,0.836,1.0,0.796,2027-06-18T14:00:00
I07869,U1309,C046,completed,0.749,1.0,0.488,2027-06-18T16:00:00
I07870,U1309,C081,completed,0.54,1.0,,2027-06-18T18:00:00
I07871,U1309,C067,quiz_passed,0.803,1.0,0.8,2027-06-18T20:00:00
I07872,U1309,C098,disliked,0.164,0.18,,2027-06-18T22:00:00
I07873,U1309,C005,completed,0.479,1.0,,2027-06-19T00:00:00
I07874,U1310,C051,viewed,0.196,0.26,,2027-06-19T02:00:00
I07875,U1310,C028,viewed,0.551,0.68,0.404,2027-06-19T04:00:00
I07876,U1310,C082,viewed,0.317,0.2,0.41,2027-06-19T06:00:00
I07877,U1310,C051,viewed,0.193,0.069,,2027-06-19T08:00:00
I07878,U1310,C030,viewed,0.126,0.016,,2027-06-19T10:00:00
I07879,U1311,C099,completed,0.678,1.0,0.481,2027-06-19T12:00:00
I07880,U1311,C043,completed,0.468,1.0,,2027-06-19T14:00:00
I07881,U1311,C066,completed,0.534,1.0,,2027-06-19T16:00:00
I07882,U1311,C090,viewed,0.193,0.024,,2027-06-19T18:00:00
I07883,U1311,C009,disliked,0.289,0.11,0.368,2027-06-19T20:00:00
I07884,U1311,C057,completed,0.508,1.0,,2027-06-19T22:00:00
I07885,U1311,C099,viewed,0.232,0.01,,2027-06-20T00:00:00
I07886,U1312,C043,completed,0.573,1.0,,2027-06-20T02:00:00
I07887,U1312,C042,completed,0.504,1.0,,2027-06-20T04:00:00
I07888,U1312,C053,completed,0.504,1.0,,2027-06-20T06:00:00
I07889,U1312,C071,completed,0.483,1.0,,2027-06-20T08:00:00
I07890,U1312,C011,quiz_passed,0.884,1.0,0.83,2027-06-20T10:00:00
I07891,U1312,C008,quiz_passed,0.879,1.0,0.797,2027-06-20T12:00:00
I07892,U1312,C005,quiz_passed,0.784,1.0,0.786,2027-06-20T14:00:00
I07893,U1313,C071,quiz_passed,0.74,1.0,0.692,2027-06-20T16:00:00
I07894,U1313,C015,completed,0.475,1.0,,2027-06-20T18:00:00
I07895,U1313,C090,viewed,0.225,0.057,,2027-06-20T20:00:00
I07896,U1313,C048,viewed,0.173,0.089,,2027-06-20T22:00:00
I07897,U1313,C095,viewed,0.148,0.032,,2027-06-21T00:00:00
I07898,U1313,C066,disliked,0.325,0.07,0.35,2027-06-21T02:00:00
I07899,U1314,C057,quiz_passed,0.807,1.0,0.702,2027-06-21T04:00:00
I07900,U1314,C042,quiz_passed,0.84,1.0,0.767,2027-06-21T06:00:00
I07901,U1314,C099,viewed,0.571,0.65,0.4,2027-06-21T08:00:00
I07902,U1314,C003,disliked,0.36,0.14,0.596,2027-06-21T10:00:00
I07903,U1314,C046,viewed,0.172,0.09,,2027-06-21T12:00:00
I07904,U1315,C088,completed,0.8,1.0,0.556,2027-06-21T14:00:00
I07905,U1315,C091,completed,0.474,1.0,,2027-06-21T16:00:00
I07906,U1315,C035,completed,0.557,1.0,,2027-06-21T18:00:00
I07907,U1315,C042,viewed,0.166,0.044,,2027-06-21T20:00:00
I07908,U1315,C074,viewed,0.351,0.21,0.3,2027-06-21T22:00:00
I07909,U1315,C041,viewed,0.14,0.067,,2027-06-22T00:00:00
I07910,U1316,C095,disliked,0.17,0.11,,2027-06-22T02:00:00
I07911,U1316,C082,quiz_passed,0.859,1.0,0.784,2027-06-22T04:00:00
I07912,U1316,C071,completed,0.465,1.0,,2027-06-22T06:00:00
I07913,U1316,C001,completed,0.521,1.0,,2027-06-22T08:00:00
I07914,U1316,C065,quiz_passed,0.858,1.0,0.795,2027-06-22T10:00:00
I07915,U1317,C095,completed,0.491,1.0,,2027-06-22T12:00:00
I07916,U1317,C082,completed,0.908,1.0,0.823,2027-06-22T14:00:00
I07917,U1317,C064,completed,0.864,1.0,0.832,2027-06-22T16:00:00
I07918,U1317,C098,disliked,0.095,0.06,,2027-06-22T18:00:00
I07919,U1318,C099,completed,0.677,1.0,0.466,2027-06-22T20:00:00
I07920,U1318,C091,completed,0.778,1.0,0.582,2027-06-22T22:00:00
I07921,U1318,C078,viewed,0.278,0.043,,2027-06-23T00:00:00
I07922,U1318,C050,quiz_passed,0.835,1.0,0.681,2027-06-23T02:00:00
I07923,U1318,C051,disliked,0.181,0.18,,2027-06-23T04:00:00
I07924,U1318,C090,viewed,0.449,0.55,0.211,2027-06-23T06:00:00
I07925,U1318,C081,viewed,0.24,0.006,,2027-06-23T08:00:00
I07926,U1319,C035,quiz_passed,0.797,1.0,0.609,2027-06-23T10:00:00
I07927,U1319,C069,viewed,0.122,0.011,,2027-06-23T12:00:00
I07928,U1319,C054,completed,0.752,1.0,0.583,2027-06-23T14:00:00
I07929,U1319,C043,quiz_passed,0.773,1.0,0.616,2027-06-23T16:00:00
I07930,U1319,C071,disliked,0.282,0.11,0.394,2027-06-23T18:00:00
I07931,U1319,C001,viewed,0.102,0.036,,2027-06-23T20:00:00
I07932,U1320,C011,quiz_passed,0.81,1.0,0.643,2027-06-23T22:00:00
I07933,U1320,C095,viewed,0.228,0.064,,2027-06-24T00:00:00
I07934,U1320,C071,completed,0.753,1.0,0.626,2027-06-24T02:00:00
I07935,U1321,C001,viewed,0.392,0.36,0.338,2027-06-24T04:00:00
I07936,U1321,C053,completed,0.527,1.0,,2027-06-24T06:00:00
I07937,U1321,C030,quiz_passed,0.806,1.0,0.637,2027-06-24T08:00:00
I07938,U1322,C076,completed,0.468,1.0,,2027-06-24T10:00:00
I07939,U1322,C071,disliked,0.095,0.02,,2027-06-24T12:00:00
I07940,U1322,C008,disliked,0.158,0.15,,2027-06-24T14:00:00
I07941,U1322,C051,completed,0.558,1.0,,2027-06-24T16:00:00
I07942,U1323,C088,completed,0.475,1.0,,2027-06-24T18:00:00
I07943,U1323,C096,viewed,0.225,0.34,,2027-06-24T20:00:00
I07944,U1323,C099,viewed,0.172,0.044,,2027-06-24T22:00:00
I07945,U1323,C054,quiz_passed,0.718,1.0,0.617,2027-06-25T00:00:00
I07946,U1323,C054,viewed,0.388,0.33,0.336,2027-06-25T02:00:00
I07947,U1323,C095,viewed,0.215,0.003,,2027-06-25T04:00:00
I07948,U1323,C001,quiz_passed,0.713,1.0,0.618,2027-06-25T06:00:00
I07949,U1323,C044,completed,0.519,1.0,,2027-06-25T08:00:00
I07950,U1323,C079,viewed,0.164,0.034,,2027-06-25T10:00:00
I07951,U1324,C091,viewed,0.168,0.084,,2027-06-25T12:00:00
I07952,U1324,C002,completed,0.806,1.0,0.579,2027-06-25T14:00:00
I07953,U1324,C013,viewed,0.123,0.02,,2027-06-25T16:00:00
I07954,U1324,C088,viewed,0.268,0.056,,2027-06-25T18:00:00
I07955,U1324,C003,completed,0.56,1.0,,2027-06-25T20:00:00
I07956,U1324,C076,completed,0.471,1.0,,2027-06-25T22:00:00
I07957,U1324,C065,quiz_passed,0.711,1.0,0.615,2027-06-26T00:00:00
I07958,U1324,C057,completed,0.744,1.0,0.679,2027-06-26T02:00:00
I07959,U1325,C096,viewed,0.288,0.099,,2027-06-26T04:00:00
I07960,U1325,C017,completed,0.75,1.0,0.683,2027-06-26T06:00:00
I07961,U1325,C065,completed,0.526,1.0,,2027-06-26T08:00:00
I07962,U1326,C099,completed,0.848,1.0,0.766,2027-06-26T10:00:00
I07963,U1326,C048,quiz_passed,0.861,1.0,0.872,2027-06-26T12:00:00
I07964,U1326,C076,completed,0.515,1.0,,2027-06-26T14:00:00
I07965,U1326,C054,completed,0.913,1.0,0.845,2027-06-26T16:00:00
I07966,U1326,C098,completed,0.49,1.0,,2027-06-26T18:00:00
I07967,U1326,C046,completed,0.53,1.0,,2027-06-26T20:00:00
I07968,U1326,C096,viewed,0.261,0.061,,2027-06-26T22:00:00
I07969,U1327,C099,viewed,0.286,0.043,,2027-06-27T00:00:00
I07970,U1327,C048,completed,0.533,1.0,,2027-06-27T02:00:00
I07971,U1327,C095,quiz_passed,0.824,1.0,0.744,2027-06-27T04:00:00
I07972,U1327,C043,completed,0.912,1.0,0.878,2027-06-27T06:00:00
I07973,U1328,C098,viewed,0.146,0.032,,2027-06-27T08:00:00
I07974,U1328,C061,completed,0.878,1.0,0.882,2027-06-27T10:00:00
I07975,U1328,C076,quiz_passed,0.829,1.0,0.842,2027-06-27T12:00:00
I07976,U1328,C051,completed,0.868,1.0,0.83,2027-06-27T14:00:00
I07977,U1328,C010,viewed,0.295,0.035,,2027-06-27T16:00:00
I07978,U1328,C046,completed,0.567,1.0,,2027-06-27T18:00:00
I07979,U1328,C013,viewed,0.229,0.065,,2027-06-27T20:00:00
I07980,U1329,C096,viewed,0.372,0.42,0.246,2027-06-27T22:00:00
I07981,U1329,C043,completed,0.504,1.0,,2027-06-28T00:00:00
I07982,U1329,C002,viewed,0.513,0.64,0.335,2027-06-28T02:00:00
I07983,U1329,C057,viewed,0.529,0.65,0.445,2027-06-28T04:00:00
I07984,U1329,C029,completed,0.544,1.0,,2027-06-28T06:00:00
I07985,U1329,C064,quiz_passed,0.822,1.0,0.696,2027-06-28T08:00:00
I07986,U1329,C090,completed,0.694,1.0,0.541,2027-06-28T10:00:00
I07987,U1330,C073,quiz_passed,0.858,1.0,0.831,2027-06-28T12:00:00
I07988,U1330,C017,quiz_passed,0.86,1.0,0.801,2027-06-28T14:00:00
I07989,U1330,C095,completed,0.57,1.0,,2027-06-28T16:00:00
I07990,U1330,C091,quiz_passed,0.808,1.0,0.854,2027-06-28T18:00:00
I07991,U1330,C064,completed,0.553,1.0,,2027-06-28T20:00:00
I07992,U1330,C045,completed,0.847,1.0,0.78,2027-06-28T22:00:00
I07993,U1330,C074,quiz_passed,0.807,1.0,0.752,2027-06-29T00:00:00
I07994,U1331,C047,quiz_passed,0.857,1.0,0.885,2027-06-29T02:00:00
I07995,U1331,C099,viewed,0.373,0.64,,2027-06-29T04:00:00
I07996,U1331,C029,quiz_passed,0.845,1.0,0.841,2027-06-29T06:00:00
I07997,U1331,C096,completed,0.543,1.0,,2027-06-29T08:00:00
I07998,U1331,C092,completed,0.509,1.0,,2027-06-29T10:00:00
I07999,U1331,C029,completed,0.576,1.0,,2027-06-29T12:00:00
I08000,U1331,C003,viewed,0.121,0.062,,2027-06-29T14:00:00
I08001,U1331,C051,quiz_passed,0.904,1.0,0.866,2027-06-29T16:00:00
I08002,U1332,C095,completed,0.713,1.0,0.458,2027-06-29T18:00:00
I08003,U1332,C017,viewed,0.525,0.56,0.31,2027-06-29T20:00:00
I08004,U1332,C063,viewed,0.59,0.62,0.405,2027-06-29T22:00:00
I08005,U1332,C048,completed,0.551,1.0,,2027-06-30T00:00:00
I08006,U1332,C076,completed,0.539,1.0,,2027-06-30T02:00:00
I08007,U1332,C074,viewed,0.444,0.48,0.288,2027-06-30T04:00:00
I08008,U1332,C001,completed,0.783,1.0,0.575,2027-06-30T06:00:00
I08009,U1332,C071,viewed,0.218,0.051,,2027-06-30T08:00:00
I08010,U1333,C095,completed,0.481,1.0,,2027-06-30T10:00:00
I08011,U1333,C098,viewed,0.326,0.64,,2027-06-30T12:00:00
I08012,U1333,C098,completed,0.739,1.0,0.492,2027-06-30T14:00:00
I08013,U1333,C095,completed,0.722,1.0,0.484,2027-06-30T16:00:00
I08014,U1333,C047,completed,0.538,1.0,,2027-06-30T18:00:00
I08015,U1333,C048,disliked,0.176,0.14,,2027-06-30T20:00:00
I08016,U1334,C018,quiz_passed,0.884,1.0,0.81,2027-06-30T22:00:00
I08017,U1334,C096,completed,0.766,1.0,0.632,2027-07-01T00:00:00
I08018,U1334,C096,quiz_passed,0.832,1.0,0.675,2027-07-01T02:00:00
I08019,U1334,C095,viewed,0.235,0.003,,2027-07-01T04:00:00
I08020,U1334,C062,viewed,0.549,0.5,0.532,2027-07-01T06:00:00
I08021,U1335,C057,viewed,0.543,0.55,0.431,2027-07-01T08:00:00
I08022,U1335,C064,viewed,0.392,0.33,0.409,2027-07-01T10:00:00
I08023,U1335,C099,viewed,0.12,0.044,,2027-07-01T12:00:00
I08024,U1335,C011,disliked,0.112,0.04,,2027-07-01T14:00:00
I08025,U1335,C051,completed,0.501,1.0,,2027-07-01T16:00:00
I08026,U1335,C097,completed,0.817,1.0,0.651,2027-07-01T18:00:00
I08027,U1335,C016,quiz_passed,0.762,1.0,0.655,2027-07-01T20:00:00
I08028,U1336,C043,quiz_passed,0.861,1.0,0.79,2027-07-01T22:00:00
I08029,U1336,C048,viewed,0.231,0.34,,2027-07-02T00:00:00
I08030,U1336,C072,completed,0.528,1.0,,2027-07-02T02:00:00
I08031,U1336,C045,completed,0.756,1.0,0.668,2027-07-02T04:00:00
I08032,U1336,C096,completed,0.82,1.0,0.676,2027-07-02T06:00:00
I08033,U1336,C081,completed,0.718,1.0,0.577,2027-07-02T08:00:00
I08034,U1336,C067,quiz_passed,0.872,1.0,0.771,2027-07-02T10:00:00
I08035,U1337,C003,quiz_passed,0.892,1.0,0.824,2027-07-02T12:00:00
I08036,U1337,C049,quiz_passed,0.85,1.0,0.837,2027-07-02T14:00:00
I08037,U1337,C006,completed,0.505,1.0,,2027-07-02T16:00:00
I08038,U1338,C030,viewed,0.275,0.096,,2027-07-02T18:00:00
I08039,U1338,C009,completed,0.792,1.0,0.808,2027-07-02T20:00:00
I08040,U1338,C096,completed,0.75,1.0,0.593,2027-07-02T22:00:00
I08041,U1338,C096,completed,0.746,1.0,0.572,2027-07-03T00:00:00
I08042,U1338,C099,completed,0.54,1.0,,2027-07-03T02:00:00
I08043,U1338,C050,completed,0.478,1.0,,2027-07-03T04:00:00
I08044,U1338,C046,completed,0.749,1.0,0.512,2027-07-03T06:00:00
I08045,U1338,C006,completed,0.483,1.0,,2027-07-03T08:00:00
I08046,U1338,C090,viewed,0.306,0.33,,2027-07-03T10:00:00
I08047,U1339,C028,quiz_passed,0.806,1.0,0.789,2027-07-03T12:00:00
I08048,U1339,C098,viewed,0.214,0.047,,2027-07-03T14:00:00
I08049,U1339,C051,completed,0.789,1.0,0.756,2027-07-03T16:00:00
I08050,U1340,C051,completed,0.514,1.0,,2027-07-03T18:00:00
I08051,U1340,C074,completed,0.476,1.0,,2027-07-03T20:00:00
I08052,U1340,C053,viewed,0.255,0.026,,2027-07-03T22:00:00
I08053,U1340,C064,viewed,0.303,0.43,,2027-07-04T00:00:00
I08054,U1341,C011,completed,0.522,1.0,,2027-07-04T02:00:00
I08055,U1341,C071,quiz_passed,0.859,1.0,0.799,2027-07-04T04:00:00
I08056,U1341,C050,completed,0.533,1.0,,2027-07-04T06:00:00
I08057,U1341,C006,quiz_passed,0.868,1.0,0.754,2027-07-04T08:00:00
I08058,U1341,C081,quiz_passed,0.821,1.0,0.64,2027-07-04T10:00:00
I08059,U1342,C011,completed,0.557,1.0,,2027-07-04T12:00:00
I08060,U1342,C071,viewed,0.14,0.085,,2027-07-04T14:00:00
I08061,U1342,C028,quiz_passed,0.749,1.0,0.689,2027-07-04T16:00:00
I08062,U1342,C065,completed,0.473,1.0,,2027-07-04T18:00:00
I08063,U1342,C063,viewed,0.448,0.38,0.404,2027-07-04T20:00:00
I08064,U1342,C011,quiz_passed,0.776,1.0,0.68,2027-07-04T22:00:00
I08065,U1342,C002,viewed,0.182,0.011,,2027-07-05T00:00:00
I08066,U1342,C062,completed,0.566,1.0,,2027-07-05T02:00:00
I08067,U1342,C051,viewed,0.465,0.63,0.33,2027-07-05T04:00:00
I08068,U1342,C061,quiz_passed,0.817,1.0,0.612,2027-07-05T06:00:00
I08069,U1343,C099,viewed,0.161,0.093,,2027-07-05T08:00:00
I08070,U1343,C062,quiz_passed,0.826,1.0,0.779,2027-07-05T10:00:00
I08071,U1343,C018,quiz_passed,0.808,1.0,0.731,2027-07-05T12:00:00
I08072,U1343,C066,quiz_passed,0.847,1.0,0.801,2027-07-05T14:00:00
I08073,U1343,C011,completed,0.796,1.0,0.735,2027-07-05T16:00:00
I08074,U1343,C061,completed,0.518,1.0,,2027-07-05T18:00:00
I08075,U1344,C098,viewed,0.158,0.087,,2027-07-05T20:00:00
I08076,U1344,C099,disliked,0.3,0.14,0.253,2027-07-05T22:00:00
I08077,U1344,C011,quiz_passed,0.749,1.0,0.607,2027-07-06T00:00:00
I08078,U1344,C098,viewed,0.138,0.037,,2027-07-06T02:00:00
I08079,U1344,C058,viewed,0.231,0.019,,2027-07-06T04:00:00
I08080,U1345,C095,viewed,0.155,0.006,,2027-07-06T06:00:00
I08081,U1345,C098,disliked,0.294,0.02,0.299,2027-07-06T08:00:00
I08082,U1345,C051,quiz_passed,0.723,1.0,0.641,2027-07-06T10:00:00
I08083,U1345,C099,viewed,0.12,0.039,,2027-07-06T12:00:00
I08084,U1345,C075,completed,0.673,1.0,0.473,2027-07-06T14:00:00
I08085,U1345,C001,completed,0.567,1.0,,2027-07-06T16:00:00
I08086,U1345,C076,viewed,0.292,0.057,,2027-07-06T18:00:00
I08087,U1345,C051,completed,0.539,1.0,,2027-07-06T20:00:00
I08088,U1345,C016,viewed,0.211,0.004,,2027-07-06T22:00:00
I08089,U1346,C016,viewed,0.447,0.3,0.446,2027-07-07T00:00:00
I08090,U1346,C050,completed,0.56,1.0,,2027-07-07T02:00:00
I08091,U1346,C042,completed,0.805,1.0,0.596,2027-07-07T04:00:00
I08092,U1346,C029,completed,0.755,1.0,0.597,2027-07-07T06:00:00
I08093,U1346,C099,completed,0.677,1.0,0.414,2027-07-07T08:00:00
I08094,U1346,C043,completed,0.734,1.0,0.643,2027-07-07T10:00:00
I08095,U1347,C065,quiz_passed,0.771,1.0,0.668,2027-07-07T12:00:00
I08096,U1347,C015,quiz_passed,0.772,1.0,0.687,2027-07-07T14:00:00
I08097,U1347,C081,viewed,0.224,0.056,,2027-07-07T16:00:00
I08098,U1347,C013,completed,0.559,1.0,,2027-07-07T18:00:00
I08099,U1347,C010,completed,0.644,1.0,0.42,2027-07-07T20:00:00
I08100,U1347,C067,completed,0.729,1.0,0.583,2027-07-07T22:00:00
I08101,U1347,C064,viewed,0.187,0.27,,2027-07-08T00:00:00
I08102,U1347,C091,viewed,0.16,0.096,,2027-07-08T02:00:00
I08103,U1347,C030,viewed,0.465,0.34,0.441,2027-07-08T04:00:00
I08104,U1347,C062,disliked,0.276,0.14,0.367,2027-07-08T06:00:00
I08105,U1348,C050,viewed,0.217,0.032,,2027-07-08T08:00:00
I08106,U1348,C082,completed,0.474,1.0,,2027-07-08T10:00:00
I08107,U1348,C057,disliked,0.109,0.12,,2027-07-08T12:00:00
I08108,U1348,C016,completed,0.51,1.0,,2027-07-08T14:00:00
I08109,U1348,C008,quiz_passed,0.731,1.0,0.622,2027-07-08T16:00:00
I08110,U1348,C098,viewed,0.339,0.64,,2027-07-08T18:00:00
I08111,U1349,C076,completed,0.545,1.0,,2027-07-08T20:00:00
I08112,U1349,C046,completed,0.668,1.0,0.491,2027-07-08T22:00:00
I08113,U1349,C044,viewed,0.269,0.48,,2027-07-09T00:00:00
I08114,U1349,C071,completed,0.795,1.0,0.711,2027-07-09T02:00:00
I08115,U1350,C058,quiz_passed,0.817,1.0,0.621,2027-07-09T04:00:00
I08116,U1350,C051,viewed,0.285,0.38,,2027-07-09T06:00:00
I08117,U1350,C003,quiz_passed,0.819,1.0,0.621,2027-07-09T08:00:00
I08118,U1350,C017,viewed,0.144,0.087,,2027-07-09T10:00:00
I08119,U1350,C008,completed,0.488,1.0,,2027-07-09T12:00:00
I08120,U1351,C061,completed,0.495,1.0,,2027-07-09T14:00:00
I08121,U1351,C067,completed,0.498,1.0,,2027-07-09T16:00:00
I08122,U1351,C082,viewed,0.169,0.004,,2027-07-09T18:00:00
I08123,U1351,C016,viewed,0.384,0.35,0.432,2027-07-09T20:00:00
I08124,U1351,C044,completed,0.543,1.0,,2027-07-09T22:00:00
I08125,U1352,C096,completed,0.738,1.0,0.682,2027-07-10T00:00:00
I08126,U1352,C048,quiz_passed,0.839,1.0,0.871,2027-07-10T02:00:00
I08127,U1352,C043,completed,0.536,1.0,,2027-07-10T04:00:00
I08128,U1353,C071,completed,0.49,1.0,,2027-07-10T06:00:00
I08129,U1353,C050,quiz_passed,0.844,1.0,0.814,2027-07-10T08:00:00
I08130,U1353,C010,quiz_passed,0.842,1.0,0.766,2027-07-10T10:00:00
I08131,U1353,C065,completed,0.89,1.0,0.861,2027-07-10T12:00:00
I08132,U1353,C075,disliked,0.105,0.09,,2027-07-10T14:00:00
I08133,U1353,C010,completed,0.558,1.0,,2027-07-10T16:00:00
I08134,U1353,C099,completed,0.568,1.0,,2027-07-10T18:00:00
I08135,U1354,C071,quiz_passed,0.775,1.0,0.788,2027-07-10T20:00:00
I08136,U1354,C045,completed,0.501,1.0,,2027-07-10T22:00:00
I08137,U1354,C071,quiz_passed,0.876,1.0,0.791,2027-07-11T00:00:00
I08138,U1355,C053,completed,0.504,1.0,,2027-07-11T02:00:00
I08139,U1355,C099,viewed,0.227,0.2,,2027-07-11T04:00:00
I08140,U1355,C050,quiz_passed,0.729,1.0,0.616,2027-07-11T06:00:00
I08141,U1355,C047,viewed,0.169,0.03,,2027-07-11T08:00:00
I08142,U1355,C073,quiz_passed,0.718,1.0,0.628,2027-07-11T10:00:00
I08143,U1355,C030,completed,0.502,1.0,,2027-07-11T12:00:00
I08144,U1356,C099,quiz_passed,0.826,1.0,0.679,2027-07-11T14:00:00
I08145,U1356,C096,disliked,0.244,0.05,0.403,2027-07-11T16:00:00
I08146,U1357,C098,viewed,0.194,0.2,,2027-07-11T18:00:00
I08147,U1357,C097,completed,0.791,1.0,0.66,2027-07-11T20:00:00
I08148,U1357,C061,viewed,0.358,0.2,0.317,2027-07-11T22:00:00
I08149,U1358,C017,viewed,0.2,0.009,,2027-07-12T00:00:00
I08150,U1358,C016,completed,0.532,1.0,,2027-07-12T02:00:00
I08151,U1358,C065,quiz_passed,0.721,1.0,0.626,2027-07-12T04:00:00
I08152,U1358,C092,viewed,0.399,0.63,,2027-07-12T06:00:00
I08153,U1358,C013,viewed,0.108,0.056,,2027-07-12T08:00:00
I08154,U1358,C045,completed,0.542,1.0,,2027-07-12T10:00:00
I08155,U1359,C073,completed,0.509,1.0,,2027-07-12T12:00:00
I08156,U1359,C076,completed,0.766,1.0,0.574,2027-07-12T14:00:00
I08157,U1359,C013,completed,0.726,1.0,0.548,2027-07-12T16:00:00
I08158,U1359,C011,disliked,0.374,0.18,0.397,2027-07-12T18:00:00
I08159,U1359,C005,viewed,0.107,0.019,,2027-07-12T20:00:00
I08160,U1359,C002,quiz_passed,0.774,1.0,0.639,2027-07-12T22:00:00
I08161,U1359,C009,completed,0.782,1.0,0.584,2027-07-13T00:00:00
I08162,U1359,C063,completed,0.5,1.0,,2027-07-13T02:00:00
I08163,U1360,C096,disliked,0.161,0.14,,2027-07-13T04:00:00
I08164,U1360,C064,viewed,0.425,0.51,0.336,2027-07-13T06:00:00
I08165,U1360,C050,completed,0.524,1.0,,2027-07-13T08:00:00
I08166,U1360,C050,viewed,0.278,0.035,,2027-07-13T10:00:00
I08167,U1360,C015,viewed,0.562,0.68,0.334,2027-07-13T12:00:00
I08168,U1360,C054,disliked,0.303,0.1,0.397,2027-07-13T14:00:00
I08169,U1361,C066,quiz_passed,0.749,1.0,0.674,2027-07-13T16:00:00
I08170,U1361,C098,viewed,0.52,0.62,0.283,2027-07-13T18:00:00
I08171,U1361,C096,completed,0.779,1.0,0.509,2027-07-13T20:00:00
I08172,U1361,C043,completed,0.556,1.0,,2027-07-13T22:00:00
I08173,U1361,C002,viewed,0.395,0.39,0.414,2027-07-14T00:00:00
I08174,U1362,C099,viewed,0.25,0.27,,2027-07-14T02:00:00
I08175,U1362,C088,completed,0.504,1.0,,2027-07-14T04:00:00
I08176,U1362,C089,completed,0.785,1.0,0.657,2027-07-14T06:00:00
I08177,U1362,C001,completed,0.508,1.0,,2027-07-14T08:00:00
I08178,U1362,C009,viewed,0.366,0.65,,2027-07-14T10:00:00
I08179,U1362,C043,quiz_passed,0.859,1.0,0.742,2027-07-14T12:00:00
I08180,U1363,C043,quiz_passed,0.786,1.0,0.79,2027-07-14T14:00:00
I08181,U1363,C016,viewed,0.468,0.28,0.584,2027-07-14T16:00:00
I08182,U1363,C098,viewed,0.49,0.36,0.447,2027-07-14T18:00:00
I08183,U1363,C028,quiz_passed,0.839,1.0,0.805,2027-07-14T20:00:00
I08184,U1363,C067,disliked,0.457,0.12,0.598,2027-07-14T22:00:00
I08185,U1363,C010,disliked,0.302,0.13,0.33,2027-07-15T00:00:00
I08186,U1363,C046,viewed,0.132,0.021,,2027-07-15T02:00:00
I08187,U1364,C066,viewed,0.566,0.63,0.574,2027-07-15T04:00:00
I08188,U1364,C082,quiz_passed,0.839,1.0,0.723,2027-07-15T06:00:00
I08189,U1364,C062,quiz_passed,0.849,1.0,0.723,2027-07-15T08:00:00
I08190,U1364,C054,viewed,0.514,0.49,0.536,2027-07-15T10:00:00
I08191,U1364,C049,completed,0.557,1.0,,2027-07-15T12:00:00
I08192,U1364,C004,viewed,0.199,0.002,,2027-07-15T14:00:00
I08193,U1364,C073,completed,0.532,1.0,,2027-07-15T16:00:00
I08194,U1365,C095,completed,0.714,1.0,0.533,2027-07-15T18:00:00
I08195,U1365,C011,disliked,0.341,0.1,0.389,2027-07-15T20:00:00
I08196,U1365,C092,viewed,0.273,0.45,,2027-07-15T22:00:00
I08197,U1365,C028,viewed,0.243,0.037,,2027-07-16T00:00:00
I08198,U1365,C061,completed,0.564,1.0,,2027-07-16T02:00:00
I08199,U1365,C029,viewed,0.121,0.033,,2027-07-16T04:00:00
I08200,U1365,C001,quiz_passed,0.712,1.0,0.629,2027-07-16T06:00:00
I08201,U1365,C081,viewed,0.259,0.43,,2027-07-16T08:00:00
I08202,U1366,C006,completed,0.853,1.0,0.703,2027-07-16T10:00:00
I08203,U1366,C098,viewed,0.116,0.037,,2027-07-16T12:00:00
I08204,U1366,C063,completed,0.72,1.0,0.548,2027-07-16T14:00:00
I08205,U1366,C091,disliked,0.286,0.09,0.383,2027-07-16T16:00:00
I08206,U1366,C045,viewed,0.177,0.078,,2027-07-16T18:00:00
I08207,U1366,C044,viewed,0.106,0.01,,2027-07-16T20:00:00
I08208,U1366,C098,viewed,0.505,0.65,0.213,2027-07-16T22:00:00
I08209,U1367,C096,completed,0.509,1.0,,2027-07-17T00:00:00
I08210,U1367,C057,completed,0.521,1.0,,2027-07-17T02:00:00
I08211,U1367,C098,disliked,0.271,0.08,0.369,2027-07-17T04:00:00
I08212,U1367,C016,completed,0.474,1.0,,2027-07-17T06:00:00
I08213,U1367,C006,completed,0.527,1.0,,2027-07-17T08:00:00
I08214,U1368,C071,quiz_passed,0.798,1.0,0.832,2027-07-17T10:00:00
I08215,U1368,C005,completed,0.489,1.0,,2027-07-17T12:00:00
I08216,U1368,C018,completed,0.481,1.0,,2027-07-17T14:00:00
I08217,U1368,C013,quiz_passed,0.872,1.0,0.769,2027-07-17T16:00:00
I08218,U1368,C082,quiz_passed,0.911,1.0,0.835,2027-07-17T18:00:00
I08219,U1369,C092,viewed,0.522,0.59,0.336,2027-07-17T20:00:00
I08220,U1369,C096,viewed,0.214,0.077,,2027-07-17T22:00:00
I08221,U1369,C098,viewed,0.274,0.094,,2027-07-18T00:00:00
I08222,U1369,C099,completed,0.769,1.0,0.484,2027-07-18T02:00:00
I08223,U1369,C099,viewed,0.255,0.07,,2027-07-18T04:00:00
I08224,U1369,C042,disliked,0.24,0.03,0.417,2027-07-18T06:00:00
I08225,U1370,C048,quiz_passed,0.762,1.0,0.666,2027-07-18T08:00:00
I08226,U1370,C028,completed,0.795,1.0,0.591,2027-07-18T10:00:00
I08227,U1370,C073,completed,0.542,1.0,,2027-07-18T12:00:00
I08228,U1370,C095,completed,0.477,1.0,,2027-07-18T14:00:00
I08229,U1370,C099,viewed,0.219,0.014,,2027-07-18T16:00:00
I08230,U1370,C099,viewed,0.147,0.057,,2027-07-18T18:00:00
I08231,U1370,C017,completed,0.732,1.0,0.664,2027-07-18T20:00:00
I08232,U1370,C016,completed,0.518,1.0,,2027-07-18T22:00:00
I08233,U1370,C078,completed,0.473,1.0,,2027-07-19T00:00:00
I08234,U1371,C030,completed,0.91,1.0,0.847,2027-07-19T02:00:00
I08235,U1371,C048,quiz_passed,0.375,0.01,0.647,2027-07-19T04:00:00
I08236,U1371,C057,quiz_passed,0.875,1.0,0.843,2027-07-19T06:00:00
I08237,U1371,C067,quiz_passed,0.817,1.0,0.856,2027-07-19T08:00:00
I08238,U1371,C006,quiz_passed,0.848,1.0,0.86,2027-07-19T10:00:00
I08239,U1371,C071,quiz_passed,0.798,1.0,0.838,2027-07-19T12:00:00
I08240,U1372,C042,completed,0.563,1.0,,2027-07-19T14:00:00
I08241,U1372,C048,viewed,0.156,0.002,,2027-07-19T16:00:00
I08242,U1372,C006,completed,0.706,1.0,0.606,2027-07-19T18:00:00
I08243,U1372,C095,viewed,0.449,0.53,0.231,2027-07-19T20:00:00
I08244,U1372,C098,disliked,0.099,0.01,,2027-07-19T22:00:00
I08245,U1372,C096,completed,0.573,1.0,,2027-07-20T00:00:00
I08246,U1372,C001,quiz_passed,0.763,1.0,0.679,2027-07-20T02:00:00
I08247,U1372,C066,completed,0.468,1.0,,2027-07-20T04:00:00
I08248,U1373,C028,quiz_passed,0.8,1.0,0.658,2027-07-20T06:00:00
I08249,U1373,C095,viewed,0.296,0.031,,2027-07-20T08:00:00
I08250,U1373,C096,viewed,0.272,0.07,,2027-07-20T10:00:00
I08251,U1373,C099,completed,0.551,1.0,,2027-07-20T12:00:00
I08252,U1374,C082,quiz_passed,0.809,1.0,0.7,2027-07-20T14:00:00
I08253,U1374,C042,viewed,0.266,0.063,,2027-07-20T16:00:00
I08254,U1374,C091,viewed,0.168,0.003,,2027-07-20T18:00:00
I08255,U1374,C099,viewed,0.276,0.05,,2027-07-20T20:00:00
I08256,U1374,C025,quiz_passed,0.817,1.0,0.679,2027-07-20T22:00:00
I08257,U1375,C098,completed,0.468,1.0,,2027-07-21T00:00:00
I08258,U1375,C001,completed,0.531,1.0,,2027-07-21T02:00:00
I08259,U1375,C005,completed,0.784,1.0,0.555,2027-07-21T04:00:00
I08260,U1375,C016,completed,0.811,1.0,0.68,2027-07-21T06:00:00
I08261,U1376,C095,completed,0.685,1.0,0.423,2027-07-21T08:00:00
I08262,U1376,C095,viewed,0.266,0.052,,2027-07-21T10:00:00
I08263,U1376,C072,completed,0.473,1.0,,2027-07-21T12:00:00
I08264,U1376,C009,completed,0.564,1.0,,2027-07-21T14:00:00
I08265,U1377,C002,completed,0.545,1.0,,2027-07-21T16:00:00
I08266,U1377,C051,disliked,0.176,0.14,,2027-07-21T18:00:00
I08267,U1377,C029,completed,0.547,1.0,,2027-07-21T20:00:00
I08268,U1378,C096,viewed,0.297,0.058,,2027-07-21T22:00:00
I08269,U1378,C042,completed,0.489,1.0,,2027-07-22T00:00:00
I08270,U1378,C011,completed,0.738,1.0,0.66,2027-07-22T02:00:00
I08271,U1378,C065,viewed,0.178,0.046,,2027-07-22T04:00:00
I08272,U1378,C047,completed,0.483,1.0,,2027-07-22T06:00:00
I08273,U1378,C098,viewed,0.139,0.06,,2027-07-22T08:00:00
I08274,U1378,C096,completed,0.733,1.0,0.493,2027-07-22T10:00:00
I08275,U1378,C015,viewed,0.313,0.48,,2027-07-22T12:00:00
I08276,U1378,C017,completed,0.769,1.0,0.571,2027-07-22T14:00:00
I08277,U1378,C016,completed,0.785,1.0,0.697,2027-07-22T16:00:00
I08278,U1379,C030,quiz_passed,0.763,1.0,0.672,2027-07-22T18:00:00
I08279,U1379,C009,quiz_passed,0.729,1.0,0.66,2027-07-22T20:00:00
I08280,U1379,C076,viewed,0.225,0.03,,2027-07-22T22:00:00
I08281,U1379,C091,viewed,0.329,0.49,,2027-07-23T00:00:00
I08282,U1379,C067,viewed,0.213,0.005,,2027-07-23T02:00:00
I08283,U1379,C006,viewed,0.242,0.061,,2027-07-23T04:00:00
I08284,U1379,C067,completed,0.698,1.0,0.585,2027-07-23T06:00:00
I08285,U1379,C005,completed,0.749,1.0,0.509,2027-07-23T08:00:00
I08286,U1379,C010,viewed,0.265,0.042,,2027-07-23T10:00:00
I08287,U1380,C073,completed,0.527,1.0,,2027-07-23T12:00:00
I08288,U1380,C096,viewed,0.185,0.023,,2027-07-23T14:00:00
I08289,U1380,C042,completed,0.798,1.0,0.828,2027-07-23T16:00:00
I08290,U1380,C048,quiz_passed,0.863,1.0,0.837,2027-07-23T18:00:00
I08291,U1381,C015,quiz_passed,0.778,1.0,0.666,2027-07-23T20:00:00
I08292,U1381,C045,viewed,0.199,0.033,,2027-07-23T22:00:00
I08293,U1381,C065,completed,0.784,1.0,0.58,2027-07-24T00:00:00
I08294,U1381,C082,viewed,0.298,0.54,,2027-07-24T02:00:00
I08295,U1381,C013,viewed,0.542,0.65,0.297,2027-07-24T04:00:00
I08296,U1381,C082,completed,0.814,1.0,0.699,2027-07-24T06:00:00
I08297,U1381,C090,disliked,0.308,0.18,0.259,2027-07-24T08:00:00
I08298,U1381,C082,completed,0.544,1.0,,2027-07-24T10:00:00
I08299,U1381,C018,completed,0.808,1.0,0.588,2027-07-24T12:00:00
I08300,U1381,C064,quiz_passed,0.795,1.0,0.683,2027-07-24T14:00:00
I08301,U1381,C076,completed,0.517,1.0,,2027-07-24T16:00:00
I08302,U1381,C051,completed,0.801,1.0,0.574,2027-07-24T18:00:00
I08303,U1382,C018,viewed,0.281,0.003,,2027-07-24T20:00:00
I08304,U1382,C051,completed,0.46,1.0,,2027-07-24T22:00:00
I08305,U1382,C013,viewed,0.454,0.27,0.425,2027-07-25T00:00:00
I08306,U1382,C046,viewed,0.126,0.049,,2027-07-25T02:00:00
I08307,U1382,C044,quiz_passed,0.807,1.0,0.625,2027-07-25T04:00:00
I08308,U1382,C043,completed,0.565,1.0,,2027-07-25T06:00:00
I08309,U1382,C010,completed,0.481,1.0,,2027-07-25T08:00:00
I08310,U1382,C096,completed,0.734,1.0,0.588,2027-07-25T10:00:00
I08311,U1383,C098,completed,0.764,1.0,0.597,2027-07-25T12:00:00
I08312,U1383,C043,completed,0.495,1.0,,2027-07-25T14:00:00
I08313,U1383,C001,completed,0.56,1.0,,2027-07-25T16:00:00
I08314,U1383,C028,disliked,0.335,0.13,0.463,2027-07-25T18:00:00
I08315,U1383,C003,viewed,0.621,0.66,0.454,2027-07-25T20:00:00
I08316,U1383,C050,completed,0.463,1.0,,2027-07-25T22:00:00
I08317,U1384,C092,viewed,0.218,0.019,,2027-07-26T00:00:00
I08318,U1384,C051,completed,0.553,1.0,,2027-07-26T02:00:00
I08319,U1384,C042,completed,0.56,1.0,,2027-07-26T04:00:00
I08320,U1385,C096,viewed,0.166,0.085,,2027-07-26T06:00:00
I08321,U1385,C066,completed,0.813,1.0,0.745,2027-07-26T08:00:00
I08322,U1385,C015,completed,0.757,1.0,0.713,2027-07-26T10:00:00
I08323,U1385,C071,quiz_passed,0.878,1.0,0.76,2027-07-26T12:00:00
I08324,U1385,C046,viewed,0.256,0.055,,2027-07-26T14:00:00
I08325,U1385,C090,viewed,0.239,0.065,,2027-07-26T16:00:00
I08326,U1386,C015,quiz_passed,0.844,1.0,0.72,2027-07-26T18:00:00
I08327,U1386,C003,completed,0.539,1.0,,2027-07-26T20:00:00
I08328,U1386,C097,viewed,0.236,0.007,,2027-07-26T22:00:00
I08329,U1386,C096,completed,0.546,1.0,,2027-07-27T00:00:00
I08330,U1386,C015,completed,0.55,1.0,,2027-07-27T02:00:00
I08331,U1386,C049,completed,0.793,1.0,0.69,2027-07-27T04:00:00
I08332,U1386,C003,disliked,0.421,0.15,0.581,2027-07-27T06:00:00
I08333,U1387,C064,quiz_passed,0.9,1.0,0.812,2027-07-27T08:00:00
I08334,U1387,C071,quiz_passed,0.875,1.0,0.866,2027-07-27T10:00:00
I08335,U1387,C046,completed,0.57,1.0,,2027-07-27T12:00:00
I08336,U1387,C006,completed,0.574,1.0,,2027-07-27T14:00:00
I08337,U1387,C005,quiz_passed,0.891,1.0,0.807,2027-07-27T16:00:00
I08338,U1388,C091,viewed,0.142,0.081,,2027-07-27T18:00:00
I08339,U1388,C053,quiz_passed,0.877,1.0,0.78,2027-07-27T20:00:00
I08340,U1388,C006,completed,0.543,1.0,,2027-07-27T22:00:00
I08341,U1388,C018,completed,0.574,1.0,,2027-07-28T00:00:00
I08342,U1388,C082,completed,0.791,1.0,0.81,2027-07-28T02:00:00
I08343,U1388,C095,completed,0.815,1.0,0.651,2027-07-28T04:00:00
I08344,U1389,C096,completed,0.676,1.0,0.454,2027-07-28T06:00:00
I08345,U1389,C095,viewed,0.427,0.61,0.222,2027-07-28T08:00:00
I08346,U1389,C088,completed,0.558,1.0,,2027-07-28T10:00:00
I08347,U1389,C016,quiz_passed,0.846,1.0,0.67,2027-07-28T12:00:00
I08348,U1389,C053,viewed,0.423,0.39,0.343,2027-07-28T14:00:00
I08349,U1389,C016,completed,0.809,1.0,0.591,2027-07-28T16:00:00
I08350,U1390,C006,completed,0.497,1.0,,2027-07-28T18:00:00
I08351,U1390,C099,completed,0.735,1.0,0.512,2027-07-28T20:00:00
I08352,U1390,C028,completed,0.569,1.0,,2027-07-28T22:00:00
I08353,U1390,C050,viewed,0.581,0.62,0.424,2027-07-29T00:00:00
I08354,U1390,C051,viewed,0.305,0.46,,2027-07-29T02:00:00
I08355,U1390,C011,quiz_passed,0.813,1.0,0.612,2027-07-29T04:00:00
I08356,U1390,C073,quiz_passed,0.832,1.0,0.646,2027-07-29T06:00:00
I08357,U1391,C098,viewed,0.488,0.68,0.24,2027-07-29T08:00:00
I08358,U1391,C096,viewed,0.317,0.31,0.221,2027-07-29T10:00:00
I08359,U1391,C054,quiz_passed,0.726,1.0,0.638,2027-07-29T12:00:00
I08360,U1391,C096,viewed,0.35,0.58,,2027-07-29T14:00:00
I08361,U1391,C028,viewed,0.151,0.008,,2027-07-29T16:00:00
I08362,U1391,C071,viewed,0.148,0.049,,2027-07-29T18:00:00
I08363,U1392,C029,completed,0.463,1.0,,2027-07-29T20:00:00
I08364,U1392,C054,completed,0.82,1.0,0.744,2027-07-29T22:00:00
I08365,U1392,C002,quiz_passed,0.865,1.0,0.81,2027-07-30T00:00:00
I08366,U1392,C067,quiz_passed,0.881,1.0,0.792,2027-07-30T02:00:00
I08367,U1392,C090,quiz_passed,0.825,1.0,0.616,2027-07-30T04:00:00
I08368,U1392,C096,viewed,0.23,0.041,,2027-07-30T06:00:00
I08369,U1393,C091,viewed,0.363,0.38,0.371,2027-07-30T08:00:00
I08370,U1393,C047,viewed,0.347,0.2,0.43,2027-07-30T10:00:00
I08371,U1393,C071,viewed,0.29,0.043,,2027-07-30T12:00:00
I08372,U1393,C045,completed,0.551,1.0,,2027-07-30T14:00:00
I08373,U1393,C071,completed,0.539,1.0,,2027-07-30T16:00:00
I08374,U1393,C092,completed,0.573,1.0,,2027-07-30T18:00:00
I08375,U1393,C001,completed,0.565,1.0,,2027-07-30T20:00:00
I08376,U1394,C003,completed,0.465,1.0,,2027-07-30T22:00:00
I08377,U1394,C091,quiz_passed,0.764,1.0,0.701,2027-07-31T00:00:00
I08378,U1394,C018,completed,0.723,1.0,0.567,2027-07-31T02:00:00
I08379,U1394,C097,quiz_passed,0.746,1.0,0.663,2027-07-31T04:00:00
I08380,U1394,C076,completed,0.578,1.0,,2027-07-31T06:00:00
I08381,U1394,C073,viewed,0.36,0.55,,2027-07-31T08:00:00
I08382,U1394,C073,viewed,0.241,0.45,,2027-07-31T10:00:00
I08383,U1395,C095,completed,0.539,1.0,,2027-07-31T12:00:00
I08384,U1395,C043,completed,0.471,1.0,,2027-07-31T14:00:00
I08385,U1395,C029,viewed,0.247,0.46,,2027-07-31T16:00:00
I08386,U1395,C098,viewed,0.306,0.33,,2027-07-31T18:00:00
I08387,U1396,C096,viewed,0.101,0.04,,2027-07-31T20:00:00
I08388,U1396,C064,completed,0.839,1.0,0.69,2027-07-31T22:00:00
I08389,U1396,C058,completed,0.525,1.0,,2027-08-01T00:00:00
I08390,U1396,C019,viewed,0.125,0.033,,2027-08-01T02:00:00
I08391,U1396,C019,viewed,0.435,0.68,0.203,2027-08-01T04:00:00
I08392,U1397,C076,quiz_passed,0.832,1.0,0.652,2027-08-01T06:00:00
I08393,U1397,C088,completed,0.752,1.0,0.571,2027-08-01T08:00:00
I08394,U1397,C003,disliked,0.292,0.12,0.318,2027-08-01T10:00:00
I08395,U1397,C057,completed,0.565,1.0,,2027-08-01T12:00:00
I08396,U1397,C095,viewed,0.252,0.001,,2027-08-01T14:00:00
I08397,U1397,C057,quiz_passed,0.758,1.0,0.648,2027-08-01T16:00:00
I08398,U1397,C051,viewed,0.265,0.062,,2027-08-01T18:00:00
I08399,U1398,C098,quiz_passed,0.822,1.0,0.661,2027-08-01T20:00:00
I08400,U1398,C063,completed,0.757,1.0,0.741,2027-08-01T22:00:00
I08401,U1398,C092,disliked,0.374,0.1,0.486,2027-08-02T00:00:00
I08402,U1398,C042,completed,0.536,1.0,,2027-08-02T02:00:00
I08403,U1398,C048,quiz_passed,0.801,1.0,0.757,2027-08-02T04:00:00
I08404,U1399,C073,completed,0.574,1.0,,2027-08-02T06:00:00
I08405,U1399,C082,completed,0.544,1.0,,2027-08-02T08:00:00
I08406,U1399,C065,quiz_passed,0.888,1.0,0.843,2027-08-02T10:00:00
I08407,U1399,C096,quiz_passed,0.797,1.0,0.733,2027-08-02T12:00:00
I08408,U1399,C073,completed,0.488,1.0,,2027-08-02T14:00:00
I08409,U1399,C053,quiz_passed,0.851,1.0,0.877,2027-08-02T16:00:00
I08410,U1399,C073,completed,0.523,1.0,,2027-08-02T18:00:00
I08411,U1400,C016,quiz_passed,0.807,1.0,0.78,2027-08-02T20:00:00
I08412,U1400,C002,quiz_passed,0.79,1.0,0.746,2027-08-02T22:00:00
I08413,U1400,C011,quiz_passed,0.839,1.0,0.779,2027-08-03T00:00:00
I08414,U1400,C050,completed,0.51,1.0,,2027-08-03T02:00:00
I08415,U1400,C054,quiz_passed,0.781,1.0,0.775,2027-08-03T04:00:00
I08416,U1401,C099,viewed,0.25,0.034,,2027-08-03T06:00:00
I08417,U1401,C054,completed,0.55,1.0,,2027-08-03T08:00:00
I08418,U1401,C099,disliked,0.273,0.05,0.288,2027-08-03T10:00:00
I08419,U1401,C071,viewed,0.432,0.48,0.373,2027-08-03T12:00:00
I08420,U1401,C044,completed,0.67,1.0,0.462,2027-08-03T14:00:00
I08421,U1401,C003,viewed,0.121,0.075,,2027-08-03T16:00:00
I08422,U1401,C075,completed,0.771,1.0,0.486,2027-08-03T18:00:00
I08423,U1401,C098,viewed,0.267,0.035,,2027-08-03T20:00:00
I08424,U1402,C099,viewed,0.268,0.032,,2027-08-03T22:00:00
I08425,U1402,C066,completed,0.768,1.0,0.562,2027-08-04T00:00:00
I08426,U1402,C091,quiz_passed,0.78,1.0,0.63,2027-08-04T02:00:00
I08427,U1403,C095,viewed,0.162,0.05,,2027-08-04T04:00:00
I08428,U1403,C073,quiz_passed,0.784,1.0,0.637,2027-08-04T06:00:00
I08429,U1403,C061,quiz_passed,0.827,1.0,0.656,2027-08-04T08:00:00
I08430,U1403,C071,viewed,0.24,0.074,,2027-08-04T10:00:00
I08431,U1404,C098,viewed,0.198,0.067,,2027-08-04T12:00:00
I08432,U1404,C054,viewed,0.323,0.28,0.37,2027-08-04T14:00:00
I08433,U1404,C053,quiz_passed,0.735,1.0,0.606,2027-08-04T16:00:00
I08434,U1404,C006,completed,0.744,1.0,0.582,2027-08-04T18:00:00
I08435,U1405,C018,viewed,0.293,0.056,,2027-08-04T20:00:00
I08436,U1405,C096,viewed,0.208,0.028,,2027-08-04T22:00:00
I08437,U1405,C042,quiz_passed,0.792,1.0,0.705,2027-08-05T00:00:00
I08438,U1405,C091,completed,0.834,1.0,0.788,2027-08-05T02:00:00
I08439,U1405,C049,viewed,0.272,0.062,,2027-08-05T04:00:00
I08440,U1405,C046,viewed,0.14,0.063,,2027-08-05T06:00:00
I08441,U1405,C051,quiz_passed,0.822,1.0,0.74,2027-08-05T08:00:00
I08442,U1406,C002,viewed,0.158,0.019,,2027-08-05T10:00:00
I08443,U1406,C025,quiz_passed,0.847,1.0,0.776,2027-08-05T12:00:00
I08444,U1406,C096,viewed,0.467,0.45,0.332,2027-08-05T14:00:00
I08445,U1406,C095,viewed,0.229,0.07,,2027-08-05T16:00:00
I08446,U1406,C015,completed,0.546,1.0,,2027-08-05T18:00:00
I08447,U1406,C018,completed,0.559,1.0,,2027-08-05T20:00:00
I08448,U1406,C074,completed,0.528,1.0,,2027-08-05T22:00:00
I08449,U1407,C064,completed,0.769,1.0,0.656,2027-08-06T00:00:00
I08450,U1407,C003,completed,0.558,1.0,,2027-08-06T02:00:00
I08451,U1407,C009,completed,0.562,1.0,,2027-08-06T04:00:00
I08452,U1407,C002,viewed,0.424,0.62,,2027-08-06T06:00:00
I08453,U1408,C095,completed,0.723,1.0,0.579,2027-08-06T08:00:00
I08454,U1408,C096,disliked,0.149,0.19,,2027-08-06T10:00:00
I08455,U1408,C098,completed,0.551,1.0,,2027-08-06T12:00:00
I08456,U1408,C098,viewed,0.207,0.001,,2027-08-06T14:00:00
I08457,U1408,C003,completed,0.558,1.0,,2027-08-06T16:00:00
I08458,U1408,C030,completed,0.504,1.0,,2027-08-06T18:00:00
I08459,U1408,C025,viewed,0.332,0.51,,2027-08-06T20:00:00
I08460,U1408,C073,completed,0.79,1.0,0.71,2027-08-06T22:00:00
I08461,U1408,C058,quiz_passed,0.835,1.0,0.767,2027-08-07T00:00:00
I08462,U1409,C048,completed,0.492,1.0,,2027-08-07T02:00:00
I08463,U1409,C096,quiz_passed,0.817,1.0,0.729,2027-08-07T04:00:00
I08464,U1409,C066,completed,0.47,1.0,,2027-08-07T06:00:00
I08465,U1409,C048,completed,0.797,1.0,0.811,2027-08-07T08:00:00
I08466,U1410,C096,disliked,0.186,0.1,,2027-08-07T10:00:00
I08467,U1410,C095,viewed,0.387,0.26,0.258,2027-08-07T12:00:00
I08468,U1410,C066,viewed,0.108,0.099,,2027-08-07T14:00:00
I08469,U1410,C095,completed,0.5,1.0,,2027-08-07T16:00:00
I08470,U1410,C015,viewed,0.269,0.063,,2027-08-07T18:00:00
I08471,U1411,C017,completed,0.741,1.0,0.57,2027-08-07T20:00:00
I08472,U1411,C028,completed,0.723,1.0,0.631,2027-08-07T22:00:00
I08473,U1411,C099,disliked,0.311,0.15,0.26,2027-08-08T00:00:00
I08474,U1411,C066,completed,0.717,1.0,0.59,2027-08-08T02:00:00
I08475,U1411,C016,viewed,0.225,0.059,,2027-08-08T04:00:00
I08476,U1411,C096,viewed,0.391,0.5,0.206,2027-08-08T06:00:00
I08477,U1411,C082,disliked,0.311,0.05,0.318,2027-08-08T08:00:00
I08478,U1412,C018,completed,0.461,1.0,,2027-08-08T10:00:00
I08479,U1412,C062,quiz_passed,0.885,1.0,0.875,2027-08-08T12:00:00
I08480,U1412,C043,quiz_passed,0.839,1.0,0.846,2027-08-08T14:00:00
I08481,U1412,C028,quiz_passed,0.826,1.0,0.83,2027-08-08T16:00:00
I08482,U1412,C076,completed,0.509,1.0,,2027-08-08T18:00:00
I08483,U1412,C046,quiz_passed,0.816,1.0,0.612,2027-08-08T20:00:00
I08484,U1412,C049,completed,0.875,1.0,0.831,2027-08-08T22:00:00
I08485,U1413,C009,completed,0.511,1.0,,2027-08-09T00:00:00
I08486,U1413,C095,viewed,0.412,0.36,0.237,2027-08-09T02:00:00
I08487,U1413,C095,viewed,0.497,0.56,0.281,2027-08-09T04:00:00
I08488,U1413,C091,disliked,0.327,0.19,0.341,2027-08-09T06:00:00
I08489,U1413,C082,viewed,0.37,0.49,,2027-08-09T08:00:00
I08490,U1414,C072,completed,0.554,1.0,,2027-08-09T10:00:00
I08491,U1414,C073,completed,0.805,1.0,0.7,2027-08-09T12:00:00
I08492,U1414,C047,quiz_passed,0.821,1.0,0.707,2027-08-09T14:00:00
I08493,U1414,C051,completed,0.559,1.0,,2027-08-09T16:00:00
I08494,U1414,C058,disliked,0.379,0.16,0.356,2027-08-09T18:00:00
I08495,U1414,C001,completed,0.778,1.0,0.647,2027-08-09T20:00:00
I08496,U1415,C051,completed,0.911,1.0,0.885,2027-08-09T22:00:00
I08497,U1415,C025,completed,0.82,1.0,0.839,2027-08-10T00:00:00
I08498,U1415,C074,completed,0.554,1.0,,2027-08-10T02:00:00
I08499,U1415,C005,viewed,0.17,0.019,,2027-08-10T04:00:00
I08500,U1415,C013,viewed,0.222,0.26,,2027-08-10T06:00:00
I08501,U1415,C010,viewed,0.369,0.59,,2027-08-10T08:00:00
I08502,U1415,C011,quiz_passed,0.796,1.0,0.827,2027-08-10T10:00:00
I08503,U1415,C030,quiz_passed,0.907,1.0,0.821,2027-08-10T12:00:00
I08504,U1416,C049,viewed,0.538,0.58,0.378,2027-08-10T14:00:00
I08505,U1416,C080,viewed,0.131,0.093,,2027-08-10T16:00:00
I08506,U1416,C017,completed,0.479,1.0,,2027-08-10T18:00:00
I08507,U1416,C080,viewed,0.188,0.057,,2027-08-10T20:00:00
I08508,U1416,C053,viewed,0.169,0.057,,2027-08-10T22:00:00
I08509,U1416,C082,completed,0.47,1.0,,2027-08-11T00:00:00
I08510,U1416,C076,viewed,0.449,0.35,0.335,2027-08-11T02:00:00
I08511,U1416,C082,viewed,0.113,0.011,,2027-08-11T04:00:00
I08512,U1416,C028,quiz_passed,0.824,1.0,0.664,2027-08-11T06:00:00
I08513,U1416,C062,completed,0.547,1.0,,2027-08-11T08:00:00
I08514,U1417,C047,quiz_passed,0.807,1.0,0.696,2027-08-11T10:00:00
I08515,U1417,C016,completed,0.773,1.0,0.592,2027-08-11T12:00:00
I08516,U1417,C030,quiz_passed,0.825,1.0,0.665,2027-08-11T14:00:00
I08517,U1417,C006,completed,0.514,1.0,,2027-08-11T16:00:00
I08518,U1417,C017,completed,0.711,1.0,0.575,2027-08-11T18:00:00
I08519,U1417,C015,viewed,0.469,0.54,0.39,2027-08-11T20:00:00
I08520,U1418,C095,viewed,0.267,0.029,,2027-08-11T22:00:00
I08521,U1418,C029,quiz_passed,0.752,1.0,0.69,2027-08-12T00:00:00
I08522,U1418,C042,completed,0.802,1.0,0.584,2027-08-12T02:00:00
I08523,U1418,C091,disliked,0.236,0.03,0.36,2027-08-12T04:00:00
I08524,U1418,C042,completed,0.474,1.0,,2027-08-12T06:00:00
I08525,U1418,C030,viewed,0.213,0.096,,2027-08-12T08:00:00
I08526,U1418,C003,completed,0.499,1.0,,2027-08-12T10:00:00
I08527,U1418,C081,viewed,0.14,0.045,,2027-08-12T12:00:00
I08528,U1418,C066,quiz_passed,0.816,1.0,0.66,2027-08-12T14:00:00
I08529,U1419,C099,disliked,0.241,0.18,0.235,2027-08-12T16:00:00
I08530,U1419,C006,quiz_passed,0.777,1.0,0.616,2027-08-12T18:00:00
I08531,U1419,C082,completed,0.774,1.0,0.611,2027-08-12T20:00:00
I08532,U1419,C001,completed,0.547,1.0,,2027-08-12T22:00:00
I08533,U1419,C053,quiz_passed,0.843,1.0,0.664,2027-08-13T00:00:00
I08534,U1419,C064,completed,0.554,1.0,,2027-08-13T02:00:00
I08535,U1420,C071,quiz_passed,0.711,1.0,0.625,2027-08-13T04:00:00
I08536,U1420,C017,quiz_passed,0.76,1.0,0.632,2027-08-13T06:00:00
I08537,U1420,C029,viewed,0.14,0.063,,2027-08-13T08:00:00
I08538,U1420,C067,completed,0.805,1.0,0.62,2027-08-13T10:00:00
I08539,U1421,C018,viewed,0.114,0.02,,2027-08-13T12:00:00
I08540,U1421,C053,completed,0.54,1.0,,2027-08-13T14:00:00
I08541,U1421,C043,viewed,0.527,0.61,0.392,2027-08-13T16:00:00
I08542,U1421,C044,viewed,0.172,0.095,,2027-08-13T18:00:00
I08543,U1421,C082,disliked,0.282,0.07,0.417,2027-08-13T20:00:00
I08544,U1422,C067,quiz_passed,0.822,1.0,0.815,2027-08-13T22:00:00
I08545,U1422,C096,completed,0.827,1.0,0.792,2027-08-14T00:00:00
I08546,U1422,C099,viewed,0.23,0.049,,2027-08-14T02:00:00
I08547,U1422,C098,viewed,0.116,0.069,,2027-08-14T04:00:00
I08548,U1423,C042,completed,0.703,1.0,0.578,2027-08-14T06:00:00
I08549,U1423,C099,completed,0.563,1.0,,2027-08-14T08:00:00
I08550,U1423,C076,completed,0.56,1.0,,2027-08-14T10:00:00
I08551,U1423,C048,viewed,0.404,0.25,0.404,2027-08-14T12:00:00
I08552,U1423,C051,viewed,0.434,0.4,0.444,2027-08-14T14:00:00
I08553,U1424,C006,completed,0.538,1.0,,2027-08-14T16:00:00
I08554,U1424,C009,disliked,0.267,0.14,0.356,2027-08-14T18:00:00
I08555,U1424,C003,completed,0.468,1.0,,2027-08-14T20:00:00
I08556,U1424,C076,completed,0.47,1.0,,2027-08-14T22:00:00
I08557,U1424,C010,disliked,0.175,0.14,,2027-08-15T00:00:00
I08558,U1424,C011,viewed,0.542,0.69,0.444,2027-08-15T02:00:00
I08559,U1424,C015,quiz_passed,0.716,1.0,0.63,2027-08-15T04:00:00
I08560,U1424,C050,viewed,0.295,0.063,,2027-08-15T06:00:00
I08561,U1424,C048,disliked,0.272,0.03,0.435,2027-08-15T08:00:00
I08562,U1424,C010,completed,0.534,1.0,,2027-08-15T10:00:00
I08563,U1425,C097,viewed,0.311,0.61,,2027-08-15T12:00:00
I08564,U1425,C001,completed,0.73,1.0,0.653,2027-08-15T14:00:00
I08565,U1425,C029,quiz_passed,0.762,1.0,0.696,2027-08-15T16:00:00
I08566,U1425,C013,viewed,0.504,0.69,0.199,2027-08-15T18:00:00
I08567,U1425,C046,completed,0.62,1.0,0.298,2027-08-15T20:00:00
I08568,U1425,C074,completed,0.465,1.0,,2027-08-15T22:00:00
I08569,U1425,C006,quiz_passed,0.807,1.0,0.697,2027-08-16T00:00:00
I08570,U1426,C096,viewed,0.107,0.038,,2027-08-16T02:00:00
I08571,U1426,C009,viewed,0.287,0.37,,2027-08-16T04:00:00
I08572,U1426,C030,viewed,0.27,0.39,,2027-08-16T06:00:00
I08573,U1426,C018,quiz_passed,0.719,1.0,0.63,2027-08-16T08:00:00
I08574,U1426,C099,completed,0.526,1.0,,2027-08-16T10:00:00
I08575,U1427,C053,disliked,0.362,0.12,0.416,2027-08-16T12:00:00
I08576,U1427,C096,completed,0.533,1.0,,2027-08-16T14:00:00
I08577,U1427,C099,completed,0.682,1.0,0.412,2027-08-16T16:00:00
I08578,U1427,C095,completed,0.7,1.0,0.523,2027-08-16T18:00:00
I08579,U1428,C097,viewed,0.162,0.24,,2027-08-16T20:00:00
I08580,U1428,C071,viewed,0.325,0.54,,2027-08-16T22:00:00
I08581,U1428,C074,disliked,0.19,0.17,,2027-08-17T00:00:00
I08582,U1428,C002,viewed,0.221,0.04,,2027-08-17T02:00:00
I08583,U1428,C016,completed,0.517,1.0,,2027-08-17T04:00:00
I08584,U1428,C050,completed,0.48,1.0,,2027-08-17T06:00:00
I08585,U1428,C075,completed,0.733,1.0,0.418,2027-08-17T08:00:00
I08586,U1429,C066,viewed,0.434,0.5,0.352,2027-08-17T10:00:00
I08587,U1429,C018,quiz_passed,0.818,1.0,0.653,2027-08-17T12:00:00
I08588,U1429,C078,viewed,0.178,0.26,,2027-08-17T14:00:00
I08589,U1429,C011,disliked,0.206,0.14,,2027-08-17T16:00:00
I08590,U1430,C066,quiz_passed,0.743,1.0,0.686,2027-08-17T18:00:00
I08591,U1430,C017,completed,0.548,1.0,,2027-08-17T20:00:00
I08592,U1430,C015,completed,0.579,1.0,,2027-08-17T22:00:00
I08593,U1430,C075,viewed,0.312,0.42,,2027-08-18T00:00:00
I08594,U1430,C076,viewed,0.238,0.087,,2027-08-18T02:00:00
I08595,U1430,C047,completed,0.749,1.0,0.644,2027-08-18T04:00:00
I08596,U1431,C042,quiz_passed,0.82,1.0,0.73,2027-08-18T06:00:00
I08597,U1431,C015,viewed,0.181,0.07,,2027-08-18T08:00:00
I08598,U1431,C015,completed,0.542,1.0,,2027-08-18T10:00:00
I08599,U1431,C001,viewed,0.252,0.37,,2027-08-18T12:00:00
I08600,U1431,C029,quiz_passed,0.813,1.0,0.754,2027-08-18T14:00:00
I08601,U1432,C099,viewed,0.298,0.0,,2027-08-18T16:00:00
I08602,U1432,C099,viewed,0.174,0.073,,2027-08-18T18:00:00
I08603,U1432,C047,completed,0.497,1.0,,2027-08-18T20:00:00
I08604,U1432,C051,viewed,0.12,0.052,,2027-08-18T22:00:00
I08605,U1433,C001,viewed,0.192,0.052,,2027-08-19T00:00:00
I08606,U1433,C016,completed,0.537,1.0,,2027-08-19T02:00:00
I08607,U1433,C011,completed,0.763,1.0,0.594,2027-08-19T04:00:00
I08608,U1433,C076,viewed,0.321,0.41,,2027-08-19T06:00:00
I08609,U1433,C097,completed,0.471,1.0,,2027-08-19T08:00:00
I08610,U1433,C054,completed,0.465,1.0,,2027-08-19T10:00:00
I08611,U1434,C001,quiz_passed,0.909,1.0,0.869,2027-08-19T12:00:00
I08612,U1434,C044,quiz_passed,0.78,1.0,0.793,2027-08-19T14:00:00
I08613,U1434,C010,completed,0.578,1.0,,2027-08-19T16:00:00
I08614,U1434,C042,completed,0.488,1.0,,2027-08-19T18:00:00
I08615,U1434,C044,completed,0.491,1.0,,2027-08-19T20:00:00
I08616,U1435,C047,disliked,0.167,0.16,,2027-08-19T22:00:00
I08617,U1435,C098,completed,0.827,1.0,0.645,2027-08-20T00:00:00
I08618,U1435,C048,disliked,0.298,0.05,0.472,2027-08-20T02:00:00
I08619,U1435,C057,completed,0.512,1.0,,2027-08-20T04:00:00
I08620,U1435,C095,viewed,0.285,0.001,,2027-08-20T06:00:00
I08621,U1436,C099,completed,0.717,1.0,0.468,2027-08-20T08:00:00
I08622,U1436,C002,viewed,0.221,0.025,,2027-08-20T10:00:00
I08623,U1436,C098,completed,0.731,1.0,0.431,2027-08-20T12:00:00
I08624,U1436,C099,disliked,0.1,0.04,,2027-08-20T14:00:00
I08625,U1436,C063,viewed,0.439,0.68,,2027-08-20T16:00:00
I08626,U1436,C017,disliked,0.285,0.15,0.35,2027-08-20T18:00:00
I08627,U1436,C061,completed,0.549,1.0,,2027-08-20T20:00:00
I08628,U1436,C030,completed,0.792,1.0,0.564,2027-08-20T22:00:00
I08629,U1436,C046,viewed,0.174,0.081,,2027-08-21T00:00:00
I08630,U1437,C095,viewed,0.387,0.54,,2027-08-21T02:00:00
I08631,U1437,C018,quiz_passed,0.775,1.0,0.786,2027-08-21T04:00:00
I08632,U1437,C099,completed,0.739,1.0,0.585,2027-08-21T06:00:00
I08633,U1438,C002,viewed,0.527,0.61,0.367,2027-08-21T08:00:00
I08634,U1438,C074,viewed,0.133,0.028,,2027-08-21T10:00:00
I08635,U1438,C071,viewed,0.136,0.052,,2027-08-21T12:00:00
I08636,U1438,C046,completed,0.474,1.0,,2027-08-21T14:00:00
I08637,U1439,C017,viewed,0.181,0.089,,2027-08-21T16:00:00
I08638,U1439,C062,viewed,0.258,0.4,,2027-08-21T18:00:00
I08639,U1439,C016,quiz_passed,0.763,1.0,0.625,2027-08-21T20:00:00
I08640,U1439,C015,quiz_passed,0.714,1.0,0.605,2027-08-21T22:00:00
I08641,U1439,C018,quiz_passed,0.797,1.0,0.655,2027-08-22T00:00:00
I08642,U1440,C096,completed,0.784,1.0,0.656,2027-08-22T02:00:00
I08643,U1440,C001,viewed,0.338,0.47,,2027-08-22T04:00:00
I08644,U1440,C091,quiz_passed,0.843,1.0,0.727,2027-08-22T06:00:00
I08645,U1440,C095,completed,0.7,1.0,0.543,2027-08-22T08:00:00
I08646,U1440,C015,completed,0.566,1.0,,2027-08-22T10:00:00
I08647,U1441,C098,quiz_passed,0.8,1.0,0.727,2027-08-22T12:00:00
I08648,U1441,C002,quiz_passed,0.884,1.0,0.84,2027-08-22T14:00:00
I08649,U1441,C047,completed,0.468,1.0,,2027-08-22T16:00:00
I08650,U1441,C046,quiz_passed,0.743,1.0,0.637,2027-08-22T18:00:00
I08651,U1441,C081,viewed,0.269,0.32,,2027-08-22T20:00:00
I08652,U1441,C046,quiz_passed,0.712,1.0,0.617,2027-08-22T22:00:00
I08653,U1441,C076,completed,0.544,1.0,,2027-08-23T00:00:00
I08654,U1442,C099,viewed,0.127,0.016,,2027-08-23T02:00:00
I08655,U1442,C062,viewed,0.14,0.085,,2027-08-23T04:00:00
I08656,U1442,C050,quiz_passed,0.778,1.0,0.691,2027-08-23T06:00:00
I08657,U1442,C005,completed,0.757,1.0,0.54,2027-08-23T08:00:00
I08658,U1442,C013,viewed,0.342,0.22,0.293,2027-08-23T10:00:00
I08659,U1442,C029,completed,0.487,1.0,,2027-08-23T12:00:00
I08660,U1442,C092,quiz_passed,0.726,1.0,0.618,2027-08-23T14:00:00
I08661,U1443,C096,completed,0.625,1.0,0.408,2027-08-23T16:00:00
I08662,U1443,C067,viewed,0.447,0.6,0.343,2027-08-23T18:00:00
I08663,U1443,C078,completed,0.468,1.0,,2027-08-23T20:00:00
I08664,U1443,C053,viewed,0.596,0.68,0.44,2027-08-23T22:00:00
I08665,U1443,C051,viewed,0.286,0.056,,2027-08-24T00:00:00
I08666,U1444,C082,quiz_passed,0.713,1.0,0.627,2027-08-24T02:00:00
I08667,U1444,C092,quiz_passed,0.814,1.0,0.685,2027-08-24T04:00:00
I08668,U1444,C091,viewed,0.369,0.38,0.376,2027-08-24T06:00:00
I08669,U1444,C042,quiz_passed,0.733,1.0,0.601,2027-08-24T08:00:00
I08670,U1444,C010,viewed,0.156,0.058,,2027-08-24T10:00:00
I08671,U1444,C045,viewed,0.393,0.37,0.223,2027-08-24T12:00:00
I08672,U1444,C053,completed,0.806,1.0,0.566,2027-08-24T14:00:00
I08673,U1444,C016,disliked,0.351,0.17,0.405,2027-08-24T16:00:00
I08674,U1444,C075,completed,0.526,1.0,,2027-08-24T18:00:00
I08675,U1444,C030,completed,0.542,1.0,,2027-08-24T20:00:00
I08676,U1444,C010,viewed,0.269,0.077,,2027-08-24T22:00:00
I08677,U1445,C058,completed,0.761,1.0,0.743,2027-08-25T00:00:00
I08678,U1445,C098,quiz_passed,0.811,1.0,0.605,2027-08-25T02:00:00
I08679,U1445,C095,quiz_passed,0.772,1.0,0.648,2027-08-25T04:00:00
I08680,U1445,C098,disliked,0.26,0.03,0.408,2027-08-25T06:00:00
I08681,U1445,C019,viewed,0.407,0.29,0.436,2027-08-25T08:00:00
I08682,U1445,C011,completed,0.538,1.0,,2027-08-25T10:00:00
I08683,U1445,C076,viewed,0.182,0.044,,2027-08-25T12:00:00
I08684,U1445,C061,quiz_passed,0.831,1.0,0.76,2027-08-25T14:00:00
I08685,U1445,C003,viewed,0.518,0.61,0.486,2027-08-25T16:00:00
I08686,U1446,C092,viewed,0.107,0.008,,2027-08-25T18:00:00
I08687,U1446,C095,completed,0.75,1.0,0.536,2027-08-25T20:00:00
I08688,U1446,C098,completed,0.52,1.0,,2027-08-25T22:00:00
I08689,U1446,C029,completed,0.525,1.0,,2027-08-26T00:00:00
I08690,U1446,C098,viewed,0.174,0.007,,2027-08-26T02:00:00
I08691,U1447,C092,viewed,0.233,0.31,,2027-08-26T04:00:00
I08692,U1447,C096,disliked,0.248,0.14,0.308,2027-08-26T06:00:00
I08693,U1447,C001,viewed,0.114,0.032,,2027-08-26T08:00:00
I08694,U1447,C076,completed,0.756,1.0,0.671,2027-08-26T10:00:00
I08695,U1447,C016,completed,0.5,1.0,,2027-08-26T12:00:00
I08696,U1448,C017,disliked,0.134,0.15,,2027-08-26T14:00:00
I08697,U1448,C095,viewed,0.498,0.53,0.295,2027-08-26T16:00:00
I08698,U1448,C047,completed,0.554,1.0,,2027-08-26T18:00:00
I08699,U1448,C029,viewed,0.518,0.69,0.356,2027-08-26T20:00:00
I08700,U1448,C095,completed,0.734,1.0,0.51,2027-08-26T22:00:00
I08701,U1448,C065,viewed,0.173,0.069,,2027-08-27T00:00:00
I08702,U1448,C003,viewed,0.212,0.081,,2027-08-27T02:00:00
I08703,U1448,C042,viewed,0.187,0.036,,2027-08-27T04:00:00
I08704,U1449,C098,viewed,0.257,0.006,,2027-08-27T06:00:00
I08705,U1449,C047,completed,0.46,1.0,,2027-08-27T08:00:00
I08706,U1449,C042,completed,0.88,1.0,0.801,2027-08-27T10:00:00
I08707,U1449,C053,quiz_passed,0.796,1.0,0.755,2027-08-27T12:00:00
I08708,U1449,C048,completed,0.557,1.0,,2027-08-27T14:00:00
I08709,U1450,C002,quiz_passed,0.816,1.0,0.82,2027-08-27T16:00:00
I08710,U1450,C053,completed,0.534,1.0,,2027-08-27T18:00:00
I08711,U1450,C098,completed,0.578,1.0,,2027-08-27T20:00:00
I08712,U1450,C073,quiz_passed,0.838,1.0,0.847,2027-08-27T22:00:00
I08713,U1450,C054,completed,0.546,1.0,,2027-08-28T00:00:00
I08714,U1450,C010,completed,0.826,1.0,0.805,2027-08-28T02:00:00
I08715,U1450,C081,viewed,0.111,0.085,,2027-08-28T04:00:00
I08716,U1450,C035,completed,0.514,1.0,,2027-08-28T06:00:00
I08717,U1451,C067,completed,0.553,1.0,,2027-08-28T08:00:00
I08718,U1451,C095,viewed,0.443,0.64,0.294,2027-08-28T10:00:00
I08719,U1451,C025,completed,0.755,1.0,0.658,2027-08-28T12:00:00
I08720,U1451,C076,quiz_passed,0.771,1.0,0.681,2027-08-28T14:00:00
I08721,U1451,C057,quiz_passed,0.749,1.0,0.667,2027-08-28T16:00:00
I08722,U1451,C028,quiz_passed,0.729,1.0,0.622,2027-08-28T18:00:00
I08723,U1452,C065,completed,0.505,1.0,,2027-08-28T20:00:00
I08724,U1452,C043,quiz_passed,0.899,1.0,0.823,2027-08-28T22:00:00
I08725,U1452,C075,completed,0.883,1.0,0.776,2027-08-29T00:00:00
I08726,U1452,C081,quiz_passed,0.882,1.0,0.786,2027-08-29T02:00:00
I08727,U1452,C073,completed,0.464,1.0,,2027-08-29T04:00:00
I08728,U1453,C001,disliked,0.332,0.01,0.553,2027-08-29T06:00:00
I08729,U1453,C048,completed,0.472,1.0,,2027-08-29T08:00:00
I08730,U1453,C090,viewed,0.135,0.045,,2027-08-29T10:00:00
I08731,U1453,C075,quiz_passed,0.727,1.0,0.622,2027-08-29T12:00:00
I08732,U1454,C071,quiz_passed,0.869,1.0,0.789,2027-08-29T14:00:00
I08733,U1454,C044,completed,0.549,1.0,,2027-08-29T16:00:00
I08734,U1454,C046,completed,0.661,1.0,0.423,2027-08-29T18:00:00
I08735,U1454,C096,viewed,0.219,0.008,,2027-08-29T20:00:00
I08736,U1454,C015,quiz_passed,0.815,1.0,0.72,2027-08-29T22:00:00
I08737,U1454,C048,completed,0.535,1.0,,2027-08-30T00:00:00
I08738,U1455,C002,viewed,0.286,0.27,,2027-08-30T02:00:00
I08739,U1455,C047,viewed,0.337,0.47,,2027-08-30T04:00:00
I08740,U1455,C045,completed,0.722,1.0,0.542,2027-08-30T06:00:00
I08741,U1455,C058,completed,0.561,1.0,,2027-08-30T08:00:00
I08742,U1455,C088,completed,0.572,1.0,,2027-08-30T10:00:00
I08743,U1455,C062,completed,0.793,1.0,0.568,2027-08-30T12:00:00
I08744,U1456,C043,quiz_passed,0.761,1.0,0.738,2027-08-30T14:00:00
I08745,U1456,C076,completed,0.509,1.0,,2027-08-30T16:00:00
I08746,U1456,C073,viewed,0.156,0.015,,2027-08-30T18:00:00
I08747,U1456,C011,viewed,0.273,0.32,,2027-08-30T20:00:00
I08748,U1456,C048,quiz_passed,0.858,1.0,0.813,2027-08-30T22:00:00
I08749,U1456,C046,viewed,0.245,0.062,,2027-08-31T00:00:00
I08750,U1456,C081,disliked,0.33,0.17,0.352,2027-08-31T02:00:00
I08751,U1456,C048,completed,0.529,1.0,,2027-08-31T04:00:00
I08752,U1457,C028,viewed,0.263,0.062,,2027-08-31T06:00:00
I08753,U1457,C053,completed,0.761,1.0,0.656,2027-08-31T08:00:00
I08754,U1457,C099,viewed,0.51,0.66,0.24,2027-08-31T10:00:00
I08755,U1457,C050,quiz_passed,0.825,1.0,0.616,2027-08-31T12:00:00
I08756,U1457,C051,quiz_passed,0.822,1.0,0.632,2027-08-31T14:00:00
I08757,U1457,C045,viewed,0.123,0.039,,2027-08-31T16:00:00
I08758,U1457,C049,viewed,0.129,0.013,,2027-08-31T18:00:00
I08759,U1457,C016,completed,0.512,1.0,,2027-08-31T20:00:00
I08760,U1457,C074,completed,0.487,1.0,,2027-08-31T22:00:00
I08761,U1458,C098,disliked,0.289,0.17,0.256,2027-09-01T00:00:00
I08762,U1458,C091,completed,0.49,1.0,,2027-09-01T02:00:00
I08763,U1458,C044,completed,0.52,1.0,,2027-09-01T04:00:00
I08764,U1458,C045,viewed,0.385,0.59,,2027-09-01T06:00:00
I08765,U1458,C042,viewed,0.179,0.29,,2027-09-01T08:00:00
I08766,U1458,C010,viewed,0.286,0.069,,2027-09-01T10:00:00
I08767,U1459,C017,completed,0.466,1.0,,2027-09-01T12:00:00
I08768,U1459,C099,viewed,0.284,0.095,,2027-09-01T14:00:00
I08769,U1459,C095,disliked,0.2,0.1,,2027-09-01T16:00:00
I08770,U1459,C054,quiz_passed,0.794,1.0,0.693,2027-09-01T18:00:00
I08771,U1459,C050,viewed,0.22,0.016,,2027-09-01T20:00:00
I08772,U1459,C092,disliked,0.231,0.13,,2027-09-01T22:00:00
I08773,U1459,C061,viewed,0.26,0.033,,2027-09-02T00:00:00
I08774,U1459,C073,quiz_passed,0.818,1.0,0.668,2027-09-02T02:00:00
I08775,U1459,C098,viewed,0.263,0.024,,2027-09-02T04:00:00
I08776,U1460,C091,completed,0.573,1.0,,2027-09-02T06:00:00
I08777,U1460,C001,completed,0.485,1.0,,2027-09-02T08:00:00
I08778,U1460,C050,quiz_passed,0.82,1.0,0.763,2027-09-02T10:00:00
I08779,U1460,C044,completed,0.479,1.0,,2027-09-02T12:00:00
I08780,U1460,C092,completed,0.504,1.0,,2027-09-02T14:00:00
I08781,U1460,C044,completed,0.848,1.0,0.692,2027-09-02T16:00:00
I08782,U1461,C006,quiz_passed,0.831,1.0,0.758,2027-09-02T18:00:00
I08783,U1461,C016,viewed,0.498,0.51,0.538,2027-09-02T20:00:00
I08784,U1461,C003,completed,0.537,1.0,,2027-09-02T22:00:00
I08785,U1461,C015,viewed,0.62,0.59,0.59,2027-09-03T00:00:00
I08786,U1461,C050,quiz_passed,0.764,1.0,0.703,2027-09-03T02:00:00
I08787,U1461,C090,completed,0.54,1.0,,2027-09-03T04:00:00
I08788,U1461,C046,viewed,0.26,0.09,,2027-09-03T06:00:00
I08789,U1462,C095,completed,0.465,1.0,,2027-09-03T08:00:00
I08790,U1462,C095,viewed,0.33,0.55,,2027-09-03T10:00:00
I08791,U1462,C001,completed,0.485,1.0,,2027-09-03T12:00:00
I08792,U1462,C092,completed,0.542,1.0,,2027-09-03T14:00:00
I08793,U1462,C043,quiz_passed,0.639,0.52,0.704,2027-09-03T16:00:00
I08794,U1462,C002,quiz_passed,0.886,1.0,0.842,2027-09-03T18:00:00
I08795,U1462,C073,completed,0.489,1.0,,2027-09-03T20:00:00
I08796,U1463,C088,viewed,0.49,0.4,0.572,2027-09-03T22:00:00
I08797,U1463,C095,completed,0.527,1.0,,2027-09-04T00:00:00
I08798,U1463,C017,completed,0.48,1.0,,2027-09-04T02:00:00
I08799,U1463,C073,quiz_passed,0.857,1.0,0.745,2027-09-04T04:00:00
I08800,U1463,C061,completed,0.81,1.0,0.759,2027-09-04T06:00:00
I08801,U1463,C047,viewed,0.299,0.072,,2027-09-04T08:00:00
I08802,U1463,C006,completed,0.8,1.0,0.723,2027-09-04T10:00:00
I08803,U1464,C062,quiz_passed,0.862,1.0,0.83,2027-09-04T12:00:00
I08804,U1464,C095,completed,0.826,1.0,0.791,2027-09-04T14:00:00
I08805,U1464,C099,quiz_passed,0.807,1.0,0.754,2027-09-04T16:00:00
I08806,U1464,C004,quiz_passed,0.885,1.0,0.793,2027-09-04T18:00:00
I08807,U1464,C029,quiz_passed,0.892,1.0,0.862,2027-09-04T20:00:00
I08808,U1464,C016,quiz_passed,0.868,1.0,0.855,2027-09-04T22:00:00
I08809,U1464,C016,completed,0.494,1.0,,2027-09-05T00:00:00
I08810,U1464,C061,quiz_passed,0.82,1.0,0.814,2027-09-05T02:00:00
I08811,U1465,C073,completed,0.566,1.0,,2027-09-05T04:00:00
I08812,U1465,C051,viewed,0.332,0.61,,2027-09-05T06:00:00
I08813,U1465,C098,viewed,0.228,0.063,,2027-09-05T08:00:00
I08814,U1465,C035,viewed,0.512,0.52,0.326,2027-09-05T10:00:00
I08815,U1465,C048,disliked,0.26,0.04,0.388,2027-09-05T12:00:00
I08816,U1465,C002,disliked,0.252,0.01,0.352,2027-09-05T14:00:00
I08817,U1465,C075,completed,0.543,1.0,,2027-09-05T16:00:00
I08818,U1466,C091,completed,0.495,1.0,,2027-09-05T18:00:00
I08819,U1466,C016,completed,0.51,1.0,,2027-09-05T20:00:00
I08820,U1466,C091,viewed,0.2,0.087,,2027-09-05T22:00:00
I08821,U1466,C013,completed,0.578,1.0,,2027-09-06T00:00:00
I08822,U1466,C074,completed,0.482,1.0,,2027-09-06T02:00:00
I08823,U1467,C073,completed,0.7,1.0,0.576,2027-09-06T04:00:00
I08824,U1467,C043,completed,0.473,1.0,,2027-09-06T06:00:00
I08825,U1467,C099,viewed,0.288,0.085,,2027-09-06T08:00:00
I08826,U1467,C018,completed,0.514,1.0,,2027-09-06T10:00:00
I08827,U1467,C057,completed,0.827,1.0,0.661,2027-09-06T12:00:00
I08828,U1467,C082,completed,0.503,1.0,,2027-09-06T14:00:00
I08829,U1468,C035,completed,0.816,1.0,0.691,2027-09-06T16:00:00
I08830,U1468,C043,completed,0.548,1.0,,2027-09-06T18:00:00
I08831,U1468,C008,completed,0.535,1.0,,2027-09-06T20:00:00
I08832,U1468,C095,completed,0.776,1.0,0.634,2027-09-06T22:00:00
I08833,U1468,C016,completed,0.804,1.0,0.785,2027-09-07T00:00:00
I08834,U1468,C071,completed,0.843,1.0,0.783,2027-09-07T02:00:00
I08835,U1468,C067,quiz_passed,0.816,1.0,0.758,2027-09-07T04:00:00
I08836,U1468,C011,completed,0.557,1.0,,2027-09-07T06:00:00
I08837,U1468,C085,completed,0.775,1.0,0.566,2027-09-07T08:00:00
I08838,U1469,C095,viewed,0.296,0.013,,2027-09-07T10:00:00
I08839,U1469,C095,completed,0.488,1.0,,2027-09-07T12:00:00
I08840,U1469,C051,completed,0.558,1.0,,2027-09-07T14:00:00
I08841,U1469,C030,viewed,0.281,0.43,,2027-09-07T16:00:00
I08842,U1469,C082,completed,0.501,1.0,,2027-09-07T18:00:00
I08843,U1469,C013,completed,0.58,1.0,,2027-09-07T20:00:00
I08844,U1470,C002,quiz_passed,0.825,1.0,0.657,2027-09-07T22:00:00
I08845,U1470,C044,completed,0.67,1.0,0.476,2027-09-08T00:00:00
I08846,U1470,C030,viewed,0.538,0.56,0.364,2027-09-08T02:00:00
I08847,U1470,C053,completed,0.573,1.0,,2027-09-08T04:00:00
I08848,U1470,C072,completed,0.572,1.0,,2027-09-08T06:00:00
I08849,U1470,C050,completed,0.479,1.0,,2027-09-08T08:00:00
I08850,U1470,C051,disliked,0.257,0.01,0.323,2027-09-08T10:00:00
I08851,U1470,C013,viewed,0.182,0.21,,2027-09-08T12:00:00
I08852,U1471,C030,completed,0.823,1.0,0.663,2027-09-08T14:00:00
I08853,U1471,C096,viewed,0.218,0.058,,2027-09-08T16:00:00
I08854,U1471,C003,completed,0.717,1.0,0.582,2027-09-08T18:00:00
I08855,U1471,C046,viewed,0.198,0.058,,2027-09-08T20:00:00
I08856,U1471,C067,completed,0.697,1.0,0.584,2027-09-08T22:00:00
I08857,U1471,C064,completed,0.731,1.0,0.626,2027-09-09T00:00:00
I08858,U1471,C081,completed,0.559,1.0,,2027-09-09T02:00:00
I08859,U1472,C092,completed,0.467,1.0,,2027-09-09T04:00:00
I08860,U1472,C017,viewed,0.251,0.018,,2027-09-09T06:00:00
I08861,U1472,C099,viewed,0.17,0.026,,2027-09-09T08:00:00
I08862,U1472,C042,completed,0.569,1.0,,2027-09-09T10:00:00
I08863,U1472,C098,viewed,0.105,0.076,,2027-09-09T12:00:00
I08864,U1472,C006,completed,0.529,1.0,,2027-09-09T14:00:00
I08865,U1473,C053,disliked,0.189,0.08,,2027-09-09T16:00:00
I08866,U1473,C099,completed,0.733,1.0,0.616,2027-09-09T18:00:00
I08867,U1473,C098,completed,0.558,1.0,,2027-09-09T20:00:00
I08868,U1473,C095,viewed,0.292,0.55,,2027-09-09T22:00:00
I08869,U1473,C017,quiz_passed,0.827,1.0,0.779,2027-09-10T00:00:00
I08870,U1473,C096,completed,0.551,1.0,,2027-09-10T02:00:00
I08871,U1474,C098,viewed,0.114,0.085,,2027-09-10T04:00:00
I08872,U1474,C018,quiz_passed,0.855,1.0,0.693,2027-09-10T06:00:00
I08873,U1474,C066,completed,0.788,1.0,0.566,2027-09-10T08:00:00
I08874,U1474,C099,viewed,0.112,0.045,,2027-09-10T10:00:00
I08875,U1474,C096,viewed,0.181,0.007,,2027-09-10T12:00:00
I08876,U1475,C071,completed,0.512,1.0,,2027-09-10T14:00:00
I08877,U1475,C057,viewed,0.282,0.039,,2027-09-10T16:00:00
I08878,U1475,C081,viewed,0.115,0.007,,2027-09-10T18:00:00
I08879,U1475,C005,completed,0.525,1.0,,2027-09-10T20:00:00
I08880,U1475,C049,completed,0.566,1.0,,2027-09-10T22:00:00
I08881,U1475,C061,viewed,0.165,0.054,,2027-09-11T00:00:00
I08882,U1476,C099,completed,0.507,1.0,,2027-09-11T02:00:00
I08883,U1476,C009,quiz_passed,0.729,1.0,0.637,2027-09-11T04:00:00
I08884,U1476,C030,completed,0.533,1.0,,2027-09-11T06:00:00
I08885,U1476,C082,completed,0.798,1.0,0.553,2027-09-11T08:00:00
I08886,U1476,C009,completed,0.472,1.0,,2027-09-11T10:00:00
I08887,U1476,C088,viewed,0.107,0.004,,2027-09-11T12:00:00
I08888,U1476,C028,quiz_passed,0.797,1.0,0.64,2027-09-11T14:00:00
I08889,U1476,C062,quiz_passed,0.828,1.0,0.677,2027-09-11T16:00:00
I08890,U1476,C063,quiz_passed,0.733,1.0,0.617,2027-09-11T18:00:00
I08891,U1477,C054,quiz_passed,0.895,1.0,0.885,2027-09-11T20:00:00
I08892,U1477,C042,quiz_passed,0.891,1.0,0.868,2027-09-11T22:00:00
I08893,U1477,C016,quiz_passed,0.903,1.0,0.875,2027-09-12T00:00:00
I08894,U1477,C002,quiz_passed,0.905,1.0,0.853,2027-09-12T02:00:00
I08895,U1477,C081,completed,0.518,1.0,,2027-09-12T04:00:00
I08896,U1477,C046,viewed,0.262,0.055,,2027-09-12T06:00:00
I08897,U1478,C099,viewed,0.297,0.3,0.26,2027-09-12T08:00:00
I08898,U1478,C018,viewed,0.185,0.27,,2027-09-12T10:00:00
I08899,U1478,C009,completed,0.475,1.0,,2027-09-12T12:00:00
I08900,U1478,C018,completed,0.783,1.0,0.644,2027-09-12T14:00:00
I08901,U1478,C003,completed,0.529,1.0,,2027-09-12T16:00:00
I08902,U1479,C061,completed,0.49,1.0,,2027-09-12T18:00:00
I08903,U1479,C058,viewed,0.244,0.43,,2027-09-12T20:00:00
I08904,U1479,C001,viewed,0.469,0.38,0.401,2027-09-12T22:00:00
I08905,U1479,C050,viewed,0.478,0.54,0.358,2027-09-13T00:00:00
I08906,U1479,C081,viewed,0.296,0.042,,2027-09-13T02:00:00
I08907,U1479,C016,viewed,0.201,0.082,,2027-09-13T04:00:00
I08908,U1479,C006,quiz_passed,0.776,1.0,0.634,2027-09-13T06:00:00
I08909,U1479,C013,completed,0.757,1.0,0.491,2027-09-13T08:00:00
I08910,U1479,C045,completed,0.489,1.0,,2027-09-13T10:00:00
I08911,U1480,C082,quiz_passed,0.834,1.0,0.641,2027-09-13T12:00:00
I08912,U1480,C028,disliked,0.299,0.08,0.381,2027-09-13T14:00:00
I08913,U1480,C096,viewed,0.27,0.099,,2027-09-13T16:00:00
I08914,U1480,C053,completed,0.771,1.0,0.585,2027-09-13T18:00:00
I08915,U1481,C071,completed,0.56,1.0,,2027-09-13T20:00:00
I08916,U1481,C002,completed,0.517,1.0,,2027-09-13T22:00:00
I08917,U1481,C075,completed,0.499,1.0,,2027-09-14T00:00:00
I08918,U1481,C092,completed,0.467,1.0,,2027-09-14T02:00:00
I08919,U1481,C046,completed,0.561,1.0,,2027-09-14T04:00:00
I08920,U1481,C002,completed,0.527,1.0,,2027-09-14T06:00:00
I08921,U1481,C074,quiz_passed,0.829,1.0,0.706,2027-09-14T08:00:00
I08922,U1481,C057,quiz_passed,0.907,1.0,0.869,2027-09-14T10:00:00
I08923,U1481,C045,completed,0.579,1.0,,2027-09-14T12:00:00
I08924,U1482,C006,quiz_passed,0.767,1.0,0.621,2027-09-14T14:00:00
I08925,U1482,C048,viewed,0.188,0.094,,2027-09-14T16:00:00
I08926,U1482,C029,viewed,0.587,0.62,0.418,2027-09-14T18:00:00
I08927,U1482,C067,viewed,0.178,0.011,,2027-09-14T20:00:00
I08928,U1482,C043,completed,0.487,1.0,,2027-09-14T22:00:00
I08929,U1482,C016,completed,0.487,1.0,,2027-09-15T00:00:00
I08930,U1482,C099,completed,0.512,1.0,,2027-09-15T02:00:00
I08931,U1483,C099,viewed,0.156,0.071,,2027-09-15T04:00:00
I08932,U1483,C030,completed,0.466,1.0,,2027-09-15T06:00:00
I08933,U1483,C071,completed,0.571,1.0,,2027-09-15T08:00:00
I08934,U1483,C057,completed,0.51,1.0,,2027-09-15T10:00:00
I08935,U1483,C010,quiz_passed,0.848,1.0,0.7,2027-09-15T12:00:00
I08936,U1483,C065,completed,0.472,1.0,,2027-09-15T14:00:00
I08937,U1484,C067,viewed,0.288,0.097,,2027-09-15T16:00:00
I08938,U1484,C017,quiz_passed,0.82,1.0,0.636,2027-09-15T18:00:00
I08939,U1484,C054,disliked,0.263,0.07,0.408,2027-09-15T20:00:00
I08940,U1485,C098,viewed,0.113,0.091,,2027-09-15T22:00:00
I08941,U1485,C062,viewed,0.293,0.077,,2027-09-16T00:00:00
I08942,U1485,C096,viewed,0.198,0.02,,2027-09-16T02:00:00
I08943,U1485,C076,viewed,0.428,0.37,0.311,2027-09-16T04:00:00
I08944,U1485,C015,completed,0.516,1.0,,2027-09-16T06:00:00
I08945,U1486,C095,viewed,0.317,0.52,,2027-09-16T08:00:00
I08946,U1486,C029,viewed,0.226,0.058,,2027-09-16T10:00:00
I08947,U1486,C006,completed,0.715,1.0,0.596,2027-09-16T12:00:00
I08948,U1487,C057,viewed,0.52,0.46,0.507,2027-09-16T14:00:00
I08949,U1487,C043,quiz_passed,0.864,1.0,0.802,2027-09-16T16:00:00
I08950,U1487,C044,completed,0.569,1.0,,2027-09-16T18:00:00
I08951,U1487,C016,completed,0.796,1.0,0.742,2027-09-16T20:00:00
I08952,U1487,C044,viewed,0.189,0.032,,2027-09-16T22:00:00
I08953,U1488,C096,completed,0.462,1.0,,2027-09-17T00:00:00
I08954,U1488,C030,viewed,0.584,0.68,0.369,2027-09-17T02:00:00
I08955,U1488,C029,completed,0.769,1.0,0.574,2027-09-17T04:00:00
I08956,U1488,C066,quiz_passed,0.718,1.0,0.608,2027-09-17T06:00:00
I08957,U1488,C065,viewed,0.204,0.033,,2027-09-17T08:00:00
I08958,U1489,C001,completed,0.518,1.0,,2027-09-17T10:00:00
I08959,U1489,C045,completed,0.732,1.0,0.453,2027-09-17T12:00:00
I08960,U1489,C008,viewed,0.246,0.37,,2027-09-17T14:00:00
I08961,U1489,C062,completed,0.699,1.0,0.55,2027-09-17T16:00:00
I08962,U1489,C076,disliked,0.123,0.14,,2027-09-17T18:00:00
I08963,U1489,C097,completed,0.777,1.0,0.554,2027-09-17T20:00:00
I08964,U1489,C091,quiz_passed,0.812,1.0,0.656,2027-09-17T22:00:00
I08965,U1489,C097,completed,0.515,1.0,,2027-09-18T00:00:00
I08966,U1489,C075,viewed,0.125,0.074,,2027-09-18T02:00:00
I08967,U1489,C092,viewed,0.242,0.005,,2027-09-18T04:00:00
I08968,U1490,C043,viewed,0.19,0.06,,2027-09-18T06:00:00
I08969,U1490,C071,completed,0.794,1.0,0.634,2027-09-18T08:00:00
I08970,U1490,C051,completed,0.474,1.0,,2027-09-18T10:00:00
I08971,U1490,C029,quiz_passed,0.819,1.0,0.63,2027-09-18T12:00:00
I08972,U1490,C063,completed,0.703,1.0,0.546,2027-09-18T14:00:00
I08973,U1490,C003,viewed,0.131,0.045,,2027-09-18T16:00:00
I08974,U1490,C044,disliked,0.127,0.1,,2027-09-18T18:00:00
I08975,U1490,C073,completed,0.518,1.0,,2027-09-18T20:00:00
I08976,U1491,C095,viewed,0.26,0.072,,2027-09-18T22:00:00
I08977,U1491,C003,viewed,0.155,0.005,,2027-09-19T00:00:00
I08978,U1491,C002,quiz_passed,0.789,1.0,0.626,2027-09-19T02:00:00
I08979,U1491,C044,viewed,0.402,0.44,0.284,2027-09-19T04:00:00
I08980,U1491,C065,viewed,0.144,0.096,,2027-09-19T06:00:00
I08981,U1492,C099,completed,0.521,1.0,,2027-09-19T08:00:00
I08982,U1492,C001,completed,0.798,1.0,0.796,2027-09-19T10:00:00
I08983,U1492,C028,completed,0.803,1.0,0.801,2027-09-19T12:00:00
I08984,U1492,C016,completed,0.488,1.0,,2027-09-19T14:00:00
I08985,U1492,C049,completed,0.509,1.0,,2027-09-19T16:00:00
I08986,U1492,C067,quiz_passed,0.833,1.0,0.731,2027-09-19T18:00:00
I08987,U1492,C042,viewed,0.538,0.51,0.489,2027-09-19T20:00:00
I08988,U1492,C002,disliked,0.181,0.13,,2027-09-19T22:00:00
I08989,U1493,C096,completed,0.501,1.0,,2027-09-20T00:00:00
I08990,U1493,C043,completed,0.55,1.0,,2027-09-20T02:00:00
I08991,U1493,C097,quiz_passed,0.819,1.0,0.731,2027-09-20T04:00:00
I08992,U1493,C088,completed,0.542,1.0,,2027-09-20T06:00:00
I08993,U1493,C018,quiz_passed,0.892,1.0,0.785,2027-09-20T08:00:00
I08994,U1494,C071,completed,0.495,1.0,,2027-09-20T10:00:00
I08995,U1494,C045,viewed,0.253,0.082,,2027-09-20T12:00:00
I08996,U1494,C045,viewed,0.332,0.64,,2027-09-20T14:00:00
I08997,U1495,C073,completed,0.556,1.0,,2027-09-20T16:00:00
I08998,U1495,C001,viewed,0.104,0.019,,2027-09-20T18:00:00
I08999,U1495,C030,completed,0.696,1.0,0.561,2027-09-20T20:00:00
I09000,U1495,C009,completed,0.477,1.0,,2027-09-20T22:00:00
I09001,U1496,C073,viewed,0.357,0.21,0.351,2027-09-21T00:00:00
I09002,U1496,C096,completed,0.745,1.0,0.486,2027-09-21T02:00:00
I09003,U1496,C048,disliked,0.256,0.07,0.365,2027-09-21T04:00:00
I09004,U1496,C062,quiz_passed,0.733,1.0,0.658,2027-09-21T06:00:00
I09005,U1496,C064,completed,0.811,1.0,0.627,2027-09-21T08:00:00
I09006,U1496,C058,quiz_passed,0.814,1.0,0.666,2027-09-21T10:00:00
I09007,U1497,C047,completed,0.838,1.0,0.73,2027-09-21T12:00:00
I09008,U1497,C066,viewed,0.54,0.47,0.582,2027-09-21T14:00:00
I09009,U1497,C066,completed,0.469,1.0,,2027-09-21T16:00:00
I09010,U1497,C065,completed,0.549,1.0,,2027-09-21T18:00:00
I09011,U1497,C082,quiz_passed,0.841,1.0,0.772,2027-09-21T20:00:00
I09012,U1497,C065,viewed,0.432,0.38,0.548,2027-09-21T22:00:00
I09013,U1497,C082,completed,0.479,1.0,,2027-09-22T00:00:00
I09014,U1498,C091,completed,0.505,1.0,,2027-09-22T02:00:00
I09015,U1498,C092,quiz_passed,0.807,1.0,0.748,2027-09-22T04:00:00
I09016,U1498,C046,completed,0.717,1.0,0.449,2027-09-22T06:00:00
I09017,U1498,C047,quiz_passed,0.885,1.0,0.811,2027-09-22T08:00:00
I09018,U1498,C005,viewed,0.445,0.29,0.424,2027-09-22T10:00:00
I09019,U1498,C099,completed,0.501,1.0,,2027-09-22T12:00:00
I09020,U1499,C050,completed,0.565,1.0,,2027-09-22T14:00:00
I09021,U1499,C088,completed,0.56,1.0,,2027-09-22T16:00:00
I09022,U1499,C049,viewed,0.343,0.42,,2027-09-22T18:00:00
I09023,U1499,C010,completed,0.717,1.0,0.59,2027-09-22T20:00:00
I09024,U1499,C001,quiz_passed,0.765,1.0,0.725,2027-09-22T22:00:00
I09025,U1499,C013,quiz_passed,0.786,1.0,0.635,2027-09-23T00:00:00
I09026,U1499,C025,completed,0.497,1.0,,2027-09-23T02:00:00
I09027,U1499,C035,viewed,0.481,0.2,0.563,2027-09-23T04:00:00
I09028,U1500,C096,quiz_passed,0.876,1.0,0.761,2027-09-23T06:00:00
I09029,U1500,C018,quiz_passed,0.825,1.0,0.812,2027-09-23T08:00:00
I09030,U1500,C098,viewed,0.483,0.52,0.488,2027-09-23T10:00:00
I09031,U1500,C030,completed,0.569,1.0,,2027-09-23T12:00:00
I09032,U1500,C096,viewed,0.571,0.65,0.481,2027-09-23T14:00:00
I09033,U1501,C091,quiz_passed,0.781,1.0,0.793,2027-09-23T16:00:00
I09034,U1501,C015,quiz_passed,0.853,1.0,0.733,2027-09-23T18:00:00
I09035,U1501,C073,completed,0.547,1.0,,2027-09-23T20:00:00
I09036,U1502,C067,completed,0.868,1.0,0.882,2027-09-23T22:00:00
I09037,U1502,C015,completed,0.55,1.0,,2027-09-24T00:00:00
I09038,U1502,C046,disliked,0.289,0.05,0.418,2027-09-24T02:00:00
I09039,U1502,C046,viewed,0.106,0.013,,2027-09-24T04:00:00
I09040,U1502,C065,completed,0.529,1.0,,2027-09-24T06:00:00
I09041,U1502,C006,completed,0.816,1.0,0.872,2027-09-24T08:00:00
I09042,U1503,C098,viewed,0.284,0.043,,2027-09-24T10:00:00
I09043,U1503,C078,viewed,0.491,0.37,0.458,2027-09-24T12:00:00
I09044,U1503,C035,completed,0.538,1.0,,2027-09-24T14:00:00
I09045,U1503,C025,completed,0.578,1.0,,2027-09-24T16:00:00
I09046,U1503,C036,completed,0.535,1.0,,2027-09-24T18:00:00
I09047,U1504,C096,viewed,0.225,0.028,,2027-09-24T20:00:00
I09048,U1504,C098,completed,0.717,1.0,0.547,2027-09-24T22:00:00
I09049,U1504,C099,viewed,0.24,0.085,,2027-09-25T00:00:00
I09050,U1504,C016,disliked,0.097,0.01,,2027-09-25T02:00:00
I09051,U1504,C046,viewed,0.261,0.064,,2027-09-25T04:00:00
I09052,U1504,C015,completed,0.543,1.0,,2027-09-25T06:00:00
I09053,U1505,C048,completed,0.54,1.0,,2027-09-25T08:00:00
I09054,U1505,C001,quiz_passed,0.877,1.0,0.819,2027-09-25T10:00:00
I09055,U1505,C074,completed,0.491,1.0,,2027-09-25T12:00:00
I09056,U1505,C074,quiz_passed,0.892,1.0,0.802,2027-09-25T14:00:00
I09057,U1505,C065,completed,0.522,1.0,,2027-09-25T16:00:00
I09058,U1505,C017,completed,0.824,1.0,0.882,2027-09-25T18:00:00
I09059,U1505,C011,quiz_passed,0.843,1.0,0.872,2027-09-25T20:00:00
I09060,U1506,C048,completed,0.512,1.0,,2027-09-25T22:00:00
I09061,U1506,C099,viewed,0.331,0.25,0.42,2027-09-26T00:00:00
I09062,U1506,C092,completed,0.528,1.0,,2027-09-26T02:00:00
I09063,U1506,C072,disliked,0.426,0.18,0.498,2027-09-26T04:00:00
I09064,U1506,C095,completed,0.802,1.0,0.579,2027-09-26T06:00:00
I09065,U1506,C015,completed,0.503,1.0,,2027-09-26T08:00:00
I09066,U1507,C096,quiz_passed,0.823,1.0,0.787,2027-09-26T10:00:00
I09067,U1507,C018,completed,0.53,1.0,,2027-09-26T12:00:00
I09068,U1507,C097,completed,0.49,1.0,,2027-09-26T14:00:00
I09069,U1507,C015,completed,0.563,1.0,,2027-09-26T16:00:00
I09070,U1507,C081,quiz_passed,0.879,1.0,0.762,2027-09-26T18:00:00
I09071,U1507,C047,quiz_passed,0.564,0.45,0.699,2027-09-26T20:00:00
I09072,U1507,C010,completed,0.504,1.0,,2027-09-26T22:00:00
I09073,U1508,C057,completed,0.533,1.0,,2027-09-27T00:00:00
I09074,U1508,C092,quiz_passed,0.873,1.0,0.783,2027-09-27T02:00:00
I09075,U1508,C064,quiz_passed,0.826,1.0,0.79,2027-09-27T04:00:00
I09076,U1508,C091,completed,0.574,1.0,,2027-09-27T06:00:00
I09077,U1508,C071,quiz_passed,0.834,1.0,0.705,2027-09-27T08:00:00
I09078,U1508,C005,completed,0.462,1.0,,2027-09-27T10:00:00
I09079,U1508,C046,completed,0.479,1.0,,2027-09-27T12:00:00
I09080,U1508,C081,completed,0.472,1.0,,2027-09-27T14:00:00
I09081,U1508,C006,completed,0.52,1.0,,2027-09-27T16:00:00
I09082,U1508,C075,viewed,0.151,0.033,,2027-09-27T18:00:00
I09083,U1508,C058,quiz_passed,0.803,1.0,0.776,2027-09-27T20:00:00
I09084,U1509,C029,completed,0.785,1.0,0.598,2027-09-27T22:00:00
I09085,U1509,C053,viewed,0.398,0.35,0.422,2027-09-28T00:00:00
I09086,U1509,C029,completed,0.503,1.0,,2027-09-28T02:00:00
I09087,U1509,C001,viewed,0.194,0.097,,2027-09-28T04:00:00
I09088,U1509,C029,viewed,0.226,0.075,,2027-09-28T06:00:00
I09089,U1509,C095,completed,0.476,1.0,,2027-09-28T08:00:00
I09090,U1510,C030,completed,0.574,1.0,,2027-09-28T10:00:00
I09091,U1510,C096,viewed,0.19,0.22,,2027-09-28T12:00:00
I09092,U1510,C002,completed,0.476,1.0,,2027-09-28T14:00:00
I09093,U1511,C099,viewed,0.201,0.036,,2027-09-28T16:00:00
I09094,U1511,C098,completed,0.751,1.0,0.679,2027-09-28T18:00:00
I09095,U1511,C067,completed,0.527,1.0,,2027-09-28T20:00:00
I09096,U1511,C001,completed,0.484,1.0,,2027-09-28T22:00:00
I09097,U1511,C005,quiz_passed,0.778,1.0,0.651,2027-09-29T00:00:00
I09098,U1512,C099,disliked,0.283,0.16,0.21,2027-09-29T02:00:00
I09099,U1512,C099,completed,0.669,1.0,0.418,2027-09-29T04:00:00
I09100,U1512,C047,completed,0.825,1.0,0.646,2027-09-29T06:00:00
I09101,U1512,C096,completed,0.733,1.0,0.415,2027-09-29T08:00:00
I09102,U1512,C042,completed,0.482,1.0,,2027-09-29T10:00:00
I09103,U1512,C098,completed,0.524,1.0,,2027-09-29T12:00:00
I09104,U1513,C028,quiz_passed,0.82,1.0,0.692,2027-09-29T14:00:00
I09105,U1513,C099,viewed,0.126,0.037,,2027-09-29T16:00:00
I09106,U1513,C091,quiz_passed,0.774,1.0,0.646,2027-09-29T18:00:00
I09107,U1513,C042,completed,0.532,1.0,,2027-09-29T20:00:00
I09108,U1514,C095,quiz_passed,0.799,1.0,0.778,2027-09-29T22:00:00
I09109,U1514,C099,quiz_passed,0.838,1.0,0.686,2027-09-30T00:00:00
I09110,U1514,C016,quiz_passed,0.868,1.0,0.851,2027-09-30T02:00:00
I09111,U1514,C066,completed,0.48,1.0,,2027-09-30T04:00:00
I09112,U1514,C074,completed,0.815,1.0,0.707,2027-09-30T06:00:00
I09113,U1515,C051,quiz_passed,0.795,1.0,0.655,2027-09-30T08:00:00
I09114,U1515,C073,completed,0.494,1.0,,2027-09-30T10:00:00
I09115,U1515,C001,completed,0.74,1.0,0.581,2027-09-30T12:00:00
I09116,U1515,C045,completed,0.704,1.0,0.438,2027-09-30T14:00:00
I09117,U1516,C057,completed,0.79,1.0,0.587,2027-09-30T16:00:00
I09118,U1516,C029,completed,0.497,1.0,,2027-09-30T18:00:00
I09119,U1516,C048,viewed,0.268,0.094,,2027-09-30T20:00:00
I09120,U1516,C091,quiz_passed,0.78,1.0,0.668,2027-09-30T22:00:00
I09121,U1516,C088,completed,0.777,1.0,0.547,2027-10-01T00:00:00
I09122,U1516,C090,completed,0.553,1.0,,2027-10-01T02:00:00
I09123,U1516,C057,completed,0.554,1.0,,2027-10-01T04:00:00
I09124,U1517,C099,completed,0.565,1.0,,2027-10-01T06:00:00
I09125,U1517,C016,completed,0.765,1.0,0.635,2027-10-01T08:00:00
I09126,U1517,C025,viewed,0.214,0.033,,2027-10-01T10:00:00
I09127,U1517,C013,viewed,0.149,0.013,,2027-10-01T12:00:00
I09128,U1517,C075,viewed,0.309,0.44,,2027-10-01T14:00:00
I09129,U1517,C071,viewed,0.225,0.015,,2027-10-01T16:00:00
I09130,U1517,C048,viewed,0.521,0.51,0.415,2027-10-01T18:00:00
I09131,U1517,C051,completed,0.529,1.0,,2027-10-01T20:00:00
I09132,U1518,C096,completed,0.501,1.0,,2027-10-01T22:00:00
I09133,U1518,C098,viewed,0.131,0.003,,2027-10-02T00:00:00
I09134,U1518,C067,viewed,0.142,0.049,,2027-10-02T02:00:00
I09135,U1518,C098,completed,0.561,1.0,,2027-10-02T04:00:00
I09136,U1518,C099,viewed,0.302,0.27,0.227,2027-10-02T06:00:00
I09137,U1518,C099,completed,0.693,1.0,0.52,2027-10-02T08:00:00
I09138,U1518,C095,viewed,0.264,0.048,,2027-10-02T10:00:00
I09139,U1519,C098,viewed,0.124,0.045,,2027-10-02T12:00:00
I09140,U1519,C071,completed,0.484,1.0,,2027-10-02T14:00:00
I09141,U1519,C003,completed,0.836,1.0,0.67,2027-10-02T16:00:00
I09142,U1519,C002,completed,0.463,1.0,,2027-10-02T18:00:00
I09143,U1520,C073,completed,0.566,1.0,,2027-10-02T20:00:00
I09144,U1520,C096,viewed,0.415,0.32,0.284,2027-10-02T22:00:00
I09145,U1520,C096,completed,0.686,1.0,0.463,2027-10-03T00:00:00
I09146,U1520,C017,disliked,0.274,0.16,0.32,2027-10-03T02:00:00
I09147,U1520,C017,viewed,0.178,0.068,,2027-10-03T04:00:00
I09148,U1520,C011,viewed,0.273,0.033,,2027-10-03T06:00:00
I09149,U1521,C092,completed,0.522,1.0,,2027-10-03T08:00:00
I09150,U1521,C002,completed,0.561,1.0,,2027-10-03T10:00:00
I09151,U1521,C074,completed,0.532,1.0,,2027-10-03T12:00:00
I09152,U1521,C067,completed,0.844,1.0,0.882,2027-10-03T14:00:00
I09153,U1521,C045,completed,0.547,1.0,,2027-10-03T16:00:00
I09154,U1521,C045,viewed,0.52,0.47,0.596,2027-10-03T18:00:00
I09155,U1522,C096,completed,0.476,1.0,,2027-10-03T20:00:00
I09156,U1522,C003,completed,0.852,1.0,0.838,2027-10-03T22:00:00
I09157,U1522,C076,completed,0.493,1.0,,2027-10-04T00:00:00
I09158,U1522,C018,quiz_passed,0.638,0.56,0.613,2027-10-04T02:00:00
I09159,U1522,C082,completed,0.889,1.0,0.875,2027-10-04T04:00:00
I09160,U1523,C053,completed,0.77,1.0,0.592,2027-10-04T06:00:00
I09161,U1523,C065,completed,0.83,1.0,0.682,2027-10-04T08:00:00
I09162,U1523,C067,viewed,0.429,0.33,0.406,2027-10-04T10:00:00
I09163,U1523,C096,viewed,0.233,0.035,,2027-10-04T12:00:00
I09164,U1523,C016,quiz_passed,0.776,1.0,0.64,2027-10-04T14:00:00
I09165,U1523,C071,viewed,0.223,0.22,,2027-10-04T16:00:00
I09166,U1523,C006,completed,0.802,1.0,0.573,2027-10-04T18:00:00
I09167,U1523,C090,completed,0.652,1.0,0.416,2027-10-04T20:00:00
I09168,U1523,C053,completed,0.787,1.0,0.568,2027-10-04T22:00:00
I09169,U1523,C050,quiz_passed,0.734,1.0,0.61,2027-10-05T00:00:00
I09170,U1524,C028,viewed,0.562,0.66,0.458,2027-10-05T02:00:00
I09171,U1524,C098,completed,0.494,1.0,,2027-10-05T04:00:00
I09172,U1524,C099,viewed,0.268,0.05,,2027-10-05T06:00:00
I09173,U1524,C002,completed,0.502,1.0,,2027-10-05T08:00:00
I09174,U1524,C067,quiz_passed,0.812,1.0,0.792,2027-10-05T10:00:00
I09175,U1524,C067,viewed,0.17,0.039,,2027-10-05T12:00:00
I09176,U1524,C046,viewed,0.146,0.1,,2027-10-05T14:00:00
I09177,U1524,C016,quiz_passed,0.885,1.0,0.806,2027-10-05T16:00:00
I09178,U1524,C051,quiz_passed,0.806,1.0,0.726,2027-10-05T18:00:00
I09179,U1525,C092,completed,0.516,1.0,,2027-10-05T20:00:00
I09180,U1525,C002,completed,0.542,1.0,,2027-10-05T22:00:00
I09181,U1525,C092,viewed,0.157,0.01,,2027-10-06T00:00:00
I09182,U1525,C017,viewed,0.489,0.53,0.485,2027-10-06T02:00:00
I09183,U1525,C061,disliked,0.398,0.07,0.526,2027-10-06T04:00:00
I09184,U1526,C011,quiz_passed,0.831,1.0,0.775,2027-10-06T06:00:00
I09185,U1526,C071,viewed,0.274,0.43,,2027-10-06T08:00:00
I09186,U1526,C002,completed,0.5,1.0,,2027-10-06T10:00:00
I09187,U1526,C046,completed,0.727,1.0,0.551,2027-10-06T12:00:00
I09188,U1526,C092,completed,0.509,1.0,,2027-10-06T14:00:00
I09189,U1527,C066,completed,0.576,1.0,,2027-10-06T16:00:00
I09190,U1527,C066,completed,0.548,1.0,,2027-10-06T18:00:00
I09191,U1527,C017,viewed,0.189,0.072,,2027-10-06T20:00:00
I09192,U1527,C098,completed,0.566,1.0,,2027-10-06T22:00:00
I09193,U1527,C003,completed,0.53,1.0,,2027-10-07T00:00:00
I09194,U1527,C096,quiz_passed,0.855,1.0,0.739,2027-10-07T02:00:00
I09195,U1528,C001,quiz_passed,0.866,1.0,0.824,2027-10-07T04:00:00
I09196,U1528,C066,viewed,0.156,0.055,,2027-10-07T06:00:00
I09197,U1528,C044,completed,0.78,1.0,0.713,2027-10-07T08:00:00
I09198,U1528,C076,completed,0.562,1.0,,2027-10-07T10:00:00
I09199,U1528,C018,completed,0.563,1.0,,2027-10-07T12:00:00
I09200,U1528,C045,quiz_passed,0.818,1.0,0.722,2027-10-07T14:00:00
I09201,U1528,C025,completed,0.907,1.0,0.834,2027-10-07T16:00:00
I09202,U1528,C044,completed,0.566,1.0,,2027-10-07T18:00:00
I09203,U1529,C099,viewed,0.168,0.027,,2027-10-07T20:00:00
I09204,U1529,C048,completed,0.522,1.0,,2027-10-07T22:00:00
I09205,U1529,C092,quiz_passed,0.768,1.0,0.643,2027-10-08T00:00:00
I09206,U1529,C028,viewed,0.174,0.066,,2027-10-08T02:00:00
I09207,U1530,C095,completed,0.644,1.0,0.402,2027-10-08T04:00:00
I09208,U1530,C063,completed,0.479,1.0,,2027-10-08T06:00:00
I09209,U1530,C028,completed,0.463,1.0,,2027-10-08T08:00:00
I09210,U1530,C099,completed,0.73,1.0,0.429,2027-10-08T10:00:00
I09211,U1530,C067,quiz_passed,0.827,1.0,0.67,2027-10-08T12:00:00
I09212,U1531,C053,completed,0.736,1.0,0.57,2027-10-08T14:00:00
I09213,U1531,C096,viewed,0.283,0.029,,2027-10-08T16:00:00
I09214,U1531,C051,viewed,0.11,0.002,,2027-10-08T18:00:00
I09215,U1531,C095,viewed,0.181,0.093,,2027-10-08T20:00:00
I09216,U1531,C015,completed,0.55,1.0,,2027-10-08T22:00:00
I09217,U1531,C029,viewed,0.423,0.24,0.38,2027-10-09T00:00:00
I09218,U1532,C099,completed,0.744,1.0,0.493,2027-10-09T02:00:00
I09219,U1532,C096,viewed,0.295,0.37,,2027-10-09T04:00:00
I09220,U1532,C076,completed,0.494,1.0,,2027-10-09T06:00:00
I09221,U1532,C050,viewed,0.236,0.037,,2027-10-09T08:00:00
I09222,U1532,C048,completed,0.777,1.0,0.677,2027-10-09T10:00:00
I09223,U1532,C078,viewed,0.15,0.042,,2027-10-09T12:00:00
I09224,U1532,C091,disliked,0.27,0.1,0.388,2027-10-09T14:00:00
I09225,U1533,C030,quiz_passed,0.757,1.0,0.688,2027-10-09T16:00:00
I09226,U1533,C054,disliked,0.277,0.09,0.449,2027-10-09T18:00:00
I09227,U1533,C042,quiz_passed,0.807,1.0,0.637,2027-10-09T20:00:00
I09228,U1533,C099,viewed,0.263,0.003,,2027-10-09T22:00:00
I09229,U1533,C099,disliked,0.277,0.19,0.298,2027-10-10T00:00:00
I09230,U1533,C096,disliked,0.353,0.19,0.248,2027-10-10T02:00:00
I09231,U1533,C057,quiz_passed,0.742,1.0,0.682,2027-10-10T04:00:00
I09232,U1533,C099,viewed,0.197,0.026,,2027-10-10T06:00:00
I09233,U1534,C065,viewed,0.581,0.7,0.471,2027-10-10T08:00:00
I09234,U1534,C002,quiz_passed,0.796,1.0,0.788,2027-10-10T10:00:00
I09235,U1534,C030,quiz_passed,0.851,1.0,0.789,2027-10-10T12:00:00
I09236,U1534,C061,disliked,0.395,0.16,0.563,2027-10-10T14:00:00
I09237,U1534,C053,quiz_passed,0.873,1.0,0.777,2027-10-10T16:00:00
I09238,U1534,C088,completed,0.484,1.0,,2027-10-10T18:00:00
I09239,U1535,C073,completed,0.852,1.0,0.696,2027-10-10T20:00:00
I09240,U1535,C047,completed,0.569,1.0,,2027-10-10T22:00:00
I09241,U1535,C099,disliked,0.194,0.15,,2027-10-11T00:00:00
I09242,U1535,C095,completed,0.704,1.0,0.52,2027-10-11T02:00:00
I09243,U1535,C048,viewed,0.465,0.29,0.44,2027-10-11T04:00:00
I09244,U1535,C099,viewed,0.272,0.024,,2027-10-11T06:00:00
I09245,U1535,C006,completed,0.802,1.0,0.571,2027-10-11T08:00:00
I09246,U1535,C065,completed,0.848,1.0,0.698,2027-10-11T10:00:00
I09247,U1535,C028,quiz_passed,0.851,1.0,0.696,2027-10-11T12:00:00
I09248,U1535,C028,viewed,0.108,0.048,,2027-10-11T14:00:00
I09249,U1536,C076,quiz_passed,0.83,1.0,0.695,2027-10-11T16:00:00
I09250,U1536,C054,completed,0.517,1.0,,2027-10-11T18:00:00
I09251,U1536,C048,completed,0.789,1.0,0.678,2027-10-11T20:00:00
I09252,U1536,C082,viewed,0.459,0.55,0.362,2027-10-11T22:00:00
I09253,U1536,C028,viewed,0.113,0.017,,2027-10-12T00:00:00
I09254,U1537,C057,viewed,0.248,0.073,,2027-10-12T02:00:00
I09255,U1537,C006,completed,0.793,1.0,0.621,2027-10-12T04:00:00
I09256,U1537,C066,viewed,0.292,0.47,,2027-10-12T06:00:00
I09257,U1537,C017,quiz_passed,0.81,1.0,0.618,2027-10-12T08:00:00
I09258,U1537,C099,viewed,0.264,0.47,,2027-10-12T10:00:00
I09259,U1537,C053,completed,0.705,1.0,0.563,2027-10-12T12:00:00
I09260,U1538,C099,completed,0.793,1.0,0.541,2027-10-12T14:00:00
I09261,U1538,C017,completed,0.83,1.0,0.749,2027-10-12T16:00:00
I09262,U1538,C018,quiz_passed,0.814,1.0,0.785,2027-10-12T18:00:00
I09263,U1539,C043,completed,0.559,1.0,,2027-10-12T20:00:00
I09264,U1539,C016,completed,0.829,1.0,0.868,2027-10-12T22:00:00
I09265,U1539,C018,completed,0.509,1.0,,2027-10-13T00:00:00
I09266,U1540,C098,viewed,0.308,0.48,,2027-10-13T02:00:00
I09267,U1540,C096,viewed,0.463,0.41,0.304,2027-10-13T04:00:00
I09268,U1540,C017,completed,0.519,1.0,,2027-10-13T06:00:00
I09269,U1540,C042,completed,0.513,1.0,,2027-10-13T08:00:00
I09270,U1540,C001,viewed,0.355,0.2,0.35,2027-10-13T10:00:00
I09271,U1540,C044,disliked,0.204,0.15,,2027-10-13T12:00:00
I09272,U1540,C008,viewed,0.248,0.026,,2027-10-13T14:00:00
I09273,U1541,C061,viewed,0.17,0.088,,2027-10-13T16:00:00
I09274,U1541,C096,quiz_passed,0.773,1.0,0.659,2027-10-13T18:00:00
I09275,U1541,C042,completed,0.787,1.0,0.73,2027-10-13T20:00:00
I09276,U1542,C091,completed,0.504,1.0,,2027-10-13T22:00:00
I09277,U1542,C002,completed,0.533,1.0,,2027-10-14T00:00:00
I09278,U1542,C006,viewed,0.454,0.55,0.423,2027-10-14T02:00:00
I09279,U1542,C073,viewed,0.514,0.58,0.339,2027-10-14T04:00:00
I09280,U1542,C051,completed,0.559,1.0,,2027-10-14T06:00:00
I09281,U1542,C095,completed,0.651,1.0,0.414,2027-10-14T08:00:00
I09282,U1543,C096,quiz_passed,0.842,1.0,0.76,2027-10-14T10:00:00
I09283,U1543,C095,completed,0.556,1.0,,2027-10-14T12:00:00
I09284,U1543,C035,completed,0.506,1.0,,2027-10-14T14:00:00
I09285,U1543,C051,completed,0.565,1.0,,2027-10-14T16:00:00
I09286,U1543,C066,completed,0.483,1.0,,2027-10-14T18:00:00
I09287,U1543,C057,completed,0.86,1.0,0.887,2027-10-14T20:00:00
I09288,U1543,C050,completed,0.535,1.0,,2027-10-14T22:00:00
I09289,U1543,C090,completed,0.846,1.0,0.806,2027-10-15T00:00:00
I09290,U1544,C003,disliked,0.274,0.07,0.334,2027-10-15T02:00:00
I09291,U1544,C029,quiz_passed,0.816,1.0,0.601,2027-10-15T04:00:00
I09292,U1544,C048,viewed,0.455,0.5,0.396,2027-10-15T06:00:00
I09293,U1544,C082,viewed,0.102,0.052,,2027-10-15T08:00:00
I09294,U1544,C053,completed,0.575,1.0,,2027-10-15T10:00:00
I09295,U1545,C030,completed,0.538,1.0,,2027-10-15T12:00:00
I09296,U1545,C016,completed,0.489,1.0,,2027-10-15T14:00:00
I09297,U1545,C011,completed,0.508,1.0,,2027-10-15T16:00:00
I09298,U1545,C081,quiz_passed,0.805,1.0,0.77,2027-10-15T18:00:00
I09299,U1545,C029,completed,0.475,1.0,,2027-10-15T20:00:00
I09300,U1545,C013,completed,0.477,1.0,,2027-10-15T22:00:00
I09301,U1545,C046,viewed,0.278,0.087,,2027-10-16T00:00:00
I09302,U1545,C016,quiz_passed,0.853,1.0,0.823,2027-10-16T02:00:00
I09303,U1545,C081,completed,0.545,1.0,,2027-10-16T04:00:00
I09304,U1546,C099,completed,0.734,1.0,0.478,2027-10-16T06:00:00
I09305,U1546,C002,completed,0.797,1.0,0.582,2027-10-16T08:00:00
I09306,U1546,C067,completed,0.815,1.0,0.688,2027-10-16T10:00:00
I09307,U1546,C066,completed,0.521,1.0,,2027-10-16T12:00:00
I09308,U1546,C090,viewed,0.256,0.45,,2027-10-16T14:00:00
I09309,U1546,C061,quiz_passed,0.829,1.0,0.665,2027-10-16T16:00:00
I09310,U1546,C013,completed,0.65,1.0,0.422,2027-10-16T18:00:00
I09311,U1547,C030,disliked,0.186,0.17,,2027-10-16T20:00:00
I09312,U1547,C098,quiz_passed,0.767,1.0,0.634,2027-10-16T22:00:00
I09313,U1547,C057,viewed,0.231,0.038,,2027-10-17T00:00:00
I09314,U1547,C099,completed,0.549,1.0,,2027-10-17T02:00:00
I09315,U1547,C054,quiz_passed,0.791,1.0,0.723,2027-10-17T04:00:00
I09316,U1547,C016,quiz_passed,0.798,1.0,0.731,2027-10-17T06:00:00
I09317,U1547,C046,completed,0.471,1.0,,2027-10-17T08:00:00
I09318,U1547,C058,quiz_passed,0.769,1.0,0.679,2027-10-17T10:00:00
I09319,U1547,C045,completed,0.577,1.0,,2027-10-17T12:00:00
I09320,U1547,C082,viewed,0.416,0.65,,2027-10-17T14:00:00
I09321,U1548,C017,disliked,0.251,0.07,0.367,2027-10-17T16:00:00
I09322,U1548,C042,completed,0.476,1.0,,2027-10-17T18:00:00
I09323,U1548,C050,quiz_passed,0.749,1.0,0.694,2027-10-17T20:00:00
I09324,U1548,C043,completed,0.508,1.0,,2027-10-17T22:00:00
I09325,U1548,C042,completed,0.55,1.0,,2027-10-18T00:00:00
I09326,U1548,C047,completed,0.741,1.0,0.576,2027-10-18T02:00:00
I09327,U1548,C045,completed,0.467,1.0,,2027-10-18T04:00:00
I09328,U1548,C047,viewed,0.104,0.038,,2027-10-18T06:00:00
I09329,U1548,C010,completed,0.464,1.0,,2027-10-18T08:00:00
I09330,U1548,C049,viewed,0.2,0.095,,2027-10-18T10:00:00
I09331,U1548,C048,completed,0.802,1.0,0.7,2027-10-18T12:00:00
I09332,U1548,C044,completed,0.482,1.0,,2027-10-18T14:00:00
I09333,U1549,C096,viewed,0.209,0.012,,2027-10-18T16:00:00
I09334,U1549,C057,completed,0.478,1.0,,2027-10-18T18:00:00
I09335,U1549,C098,viewed,0.328,0.66,,2027-10-18T20:00:00
I09336,U1549,C011,completed,0.513,1.0,,2027-10-18T22:00:00
I09337,U1549,C096,completed,0.678,1.0,0.4,2027-10-19T00:00:00
I09338,U1550,C091,quiz_passed,0.864,1.0,0.715,2027-10-19T02:00:00
I09339,U1550,C002,viewed,0.378,0.6,,2027-10-19T04:00:00
I09340,U1550,C053,completed,0.556,1.0,,2027-10-19T06:00:00
I09341,U1550,C090,viewed,0.348,0.58,,2027-10-19T08:00:00
I09342,U1550,C028,quiz_passed,0.862,1.0,0.756,2027-10-19T10:00:00
I09343,U1550,C051,disliked,0.364,0.01,0.522,2027-10-19T12:00:00
I09344,U1550,C044,completed,0.751,1.0,0.582,2027-10-19T14:00:00
I09345,U1551,C099,quiz_passed,0.771,1.0,0.629,2027-10-19T16:00:00
I09346,U1551,C067,quiz_passed,0.78,1.0,0.757,2027-10-19T18:00:00
I09347,U1551,C099,quiz_passed,0.751,1.0,0.647,2027-10-19T20:00:00
I09348,U1551,C098,viewed,0.12,0.087,,2027-10-19T22:00:00
I09349,U1551,C003,completed,0.83,1.0,0.717,2027-10-20T00:00:00
I09350,U1552,C099,disliked,0.286,0.16,0.205,2027-10-20T02:00:00
I09351,U1552,C035,disliked,0.308,0.05,0.331,2027-10-20T04:00:00
I09352,U1552,C066,viewed,0.227,0.076,,2027-10-20T06:00:00
I09353,U1552,C092,completed,0.776,1.0,0.655,2027-10-20T08:00:00
I09354,U1552,C051,quiz_passed,0.821,1.0,0.694,2027-10-20T10:00:00
I09355,U1552,C092,viewed,0.112,0.039,,2027-10-20T12:00:00
I09356,U1552,C015,viewed,0.532,0.51,0.439,2027-10-20T14:00:00
I09357,U1553,C042,completed,0.761,1.0,0.598,2027-10-20T16:00:00
I09358,U1553,C050,completed,0.691,1.0,0.574,2027-10-20T18:00:00
I09359,U1553,C001,completed,0.49,1.0,,2027-10-20T20:00:00
I09360,U1553,C028,completed,0.717,1.0,0.598,2027-10-20T22:00:00
I09361,U1554,C009,viewed,0.272,0.037,,2027-10-21T00:00:00
I09362,U1554,C051,completed,0.552,1.0,,2027-10-21T02:00:00
I09363,U1554,C005,completed,0.671,1.0,0.449,2027-10-21T04:00:00
I09364,U1555,C066,quiz_passed,0.797,1.0,0.8,2027-10-21T06:00:00
I09365,U1555,C054,completed,0.784,1.0,0.744,2027-10-21T08:00:00
I09366,U1555,C053,viewed,0.525,0.43,0.587,2027-10-21T10:00:00
I09367,U1555,C011,quiz_passed,0.788,1.0,0.74,2027-10-21T12:00:00
I09368,U1555,C011,completed,0.492,1.0,,2027-10-21T14:00:00
I09369,U1555,C009,completed,0.549,1.0,,2027-10-21T16:00:00
I09370,U1555,C099,viewed,0.23,0.094,,2027-10-21T18:00:00
I09371,U1555,C048,completed,0.867,1.0,0.817,2027-10-21T20:00:00
I09372,U1555,C092,completed,0.858,1.0,0.728,2027-10-21T22:00:00
I09373,U1556,C098,quiz_passed,0.857,1.0,0.702,2027-10-22T00:00:00
I09374,U1556,C048,completed,0.829,1.0,0.853,2027-10-22T02:00:00
I09375,U1556,C096,viewed,0.29,0.093,,2027-10-22T04:00:00
I09376,U1556,C058,completed,0.51,1.0,,2027-10-22T06:00:00
I09377,U1556,C029,completed,0.859,1.0,0.858,2027-10-22T08:00:00
I09378,U1557,C015,completed,0.804,1.0,0.774,2027-10-22T10:00:00
I09379,U1557,C090,viewed,0.533,0.7,0.317,2027-10-22T12:00:00
I09380,U1557,C090,quiz_passed,0.767,1.0,0.654,2027-10-22T14:00:00
I09381,U1557,C076,quiz_passed,0.835,1.0,0.782,2027-10-22T16:00:00
I09382,U1557,C076,viewed,0.602,0.53,0.545,2027-10-22T18:00:00
I09383,U1558,C001,viewed,0.139,0.089,,2027-10-22T20:00:00
I09384,U1558,C042,completed,0.524,1.0,,2027-10-22T22:00:00
I09385,U1558,C099,completed,0.774,1.0,0.504,2027-10-23T00:00:00
I09386,U1558,C047,completed,0.767,1.0,0.592,2027-10-23T02:00:00
I09387,U1558,C071,completed,0.514,1.0,,2027-10-23T04:00:00
I09388,U1558,C050,quiz_passed,0.847,1.0,0.7,2027-10-23T06:00:00
I09389,U1559,C095,completed,0.773,1.0,0.527,2027-10-23T08:00:00
I09390,U1559,C025,viewed,0.426,0.55,0.348,2027-10-23T10:00:00
I09391,U1559,C048,viewed,0.287,0.017,,2027-10-23T12:00:00
I09392,U1559,C082,completed,0.51,1.0,,2027-10-23T14:00:00
I09393,U1559,C082,viewed,0.331,0.54,,2027-10-23T16:00:00
I09394,U1559,C025,viewed,0.372,0.63,,2027-10-23T18:00:00
I09395,U1559,C025,completed,0.772,1.0,0.581,2027-10-23T20:00:00
I09396,U1559,C002,completed,0.496,1.0,,2027-10-23T22:00:00
I09397,U1560,C096,viewed,0.242,0.009,,2027-10-24T00:00:00
I09398,U1560,C098,completed,0.693,1.0,0.516,2027-10-24T02:00:00
I09399,U1560,C099,completed,0.724,1.0,0.402,2027-10-24T04:00:00
I09400,U1560,C064,disliked,0.339,0.02,0.38,2027-10-24T06:00:00
I09401,U1560,C003,completed,0.755,1.0,0.577,2027-10-24T08:00:00
I09402,U1560,C081,viewed,0.42,0.47,0.288,2027-10-24T10:00:00
I09403,U1560,C010,disliked,0.275,0.08,0.229,2027-10-24T12:00:00
I09404,U1561,C047,completed,0.465,1.0,,2027-10-24T14:00:00
I09405,U1561,C025,quiz_passed,0.827,1.0,0.755,2027-10-24T16:00:00
I09406,U1561,C042,quiz_passed,0.789,1.0,0.703,2027-10-24T18:00:00
I09407,U1561,C095,viewed,0.244,0.015,,2027-10-24T20:00:00
I09408,U1561,C095,completed,0.791,1.0,0.587,2027-10-24T22:00:00
I09409,U1561,C095,completed,0.552,1.0,,2027-10-25T00:00:00
I09410,U1561,C092,completed,0.548,1.0,,2027-10-25T02:00:00
I09411,U1562,C042,completed,0.757,1.0,0.598,2027-10-25T04:00:00
I09412,U1562,C053,viewed,0.288,0.01,,2027-10-25T06:00:00
I09413,U1562,C099,viewed,0.218,0.054,,2027-10-25T08:00:00
I09414,U1562,C001,quiz_passed,0.753,1.0,0.672,2027-10-25T10:00:00
I09415,U1562,C053,disliked,0.154,0.11,,2027-10-25T12:00:00
I09416,U1562,C045,completed,0.75,1.0,0.519,2027-10-25T14:00:00
I09417,U1563,C003,completed,0.503,1.0,,2027-10-25T16:00:00
I09418,U1563,C053,quiz_passed,0.809,1.0,0.735,2027-10-25T18:00:00
I09419,U1563,C006,completed,0.486,1.0,,2027-10-25T20:00:00
I09420,U1563,C028,quiz_passed,0.786,1.0,0.713,2027-10-25T22:00:00
I09421,U1563,C054,disliked,0.367,0.02,0.469,2027-10-26T00:00:00
I09422,U1563,C006,completed,0.555,1.0,,2027-10-26T02:00:00
I09423,U1563,C047,viewed,0.349,0.58,,2027-10-26T04:00:00
I09424,U1564,C030,completed,0.843,1.0,0.68,2027-10-26T06:00:00
I09425,U1564,C099,viewed,0.285,0.37,,2027-10-26T08:00:00
I09426,U1564,C076,completed,0.461,1.0,,2027-10-26T10:00:00
I09427,U1564,C018,completed,0.83,1.0,0.635,2027-10-26T12:00:00
I09428,U1564,C017,viewed,0.466,0.4,0.37,2027-10-26T14:00:00
I09429,U1564,C047,viewed,0.283,0.34,,2027-10-26T16:00:00
I09430,U1564,C066,completed,0.505,1.0,,2027-10-26T18:00:00
I09431,U1565,C057,quiz_passed,0.844,1.0,0.772,2027-10-26T20:00:00
I09432,U1565,C067,quiz_passed,0.808,1.0,0.786,2027-10-26T22:00:00
I09433,U1565,C057,completed,0.463,1.0,,2027-10-27T00:00:00
I09434,U1565,C029,completed,0.521,1.0,,2027-10-27T02:00:00
I09435,U1565,C095,completed,0.78,1.0,0.558,2027-10-27T04:00:00
I09436,U1565,C003,completed,0.523,1.0,,2027-10-27T06:00:00
I09437,U1565,C017,quiz_passed,0.817,1.0,0.755,2027-10-27T08:00:00
I09438,U1565,C001,quiz_passed,0.819,1.0,0.715,2027-10-27T10:00:00
I09439,U1565,C013,viewed,0.339,0.25,0.335,2027-10-27T12:00:00
I09440,U1566,C066,completed,0.804,1.0,0.818,2027-10-27T14:00:00
I09441,U1566,C099,quiz_passed,0.831,1.0,0.705,2027-10-27T16:00:00
I09442,U1566,C091,quiz_passed,0.867,1.0,0.851,2027-10-27T18:00:00
I09443,U1566,C002,completed,0.52,1.0,,2027-10-27T20:00:00
I09444,U1566,C046,disliked,0.282,0.03,0.391,2027-10-27T22:00:00
I09445,U1566,C050,completed,0.467,1.0,,2027-10-28T00:00:00
I09446,U1567,C095,completed,0.51,1.0,,2027-10-28T02:00:00
I09447,U1567,C015,completed,0.506,1.0,,2027-10-28T04:00:00
I09448,U1567,C066,viewed,0.121,0.062,,2027-10-28T06:00:00
I09449,U1567,C044,quiz_passed,0.874,1.0,0.798,2027-10-28T08:00:00
I09450,U1567,C010,viewed,0.548,0.54,0.593,2027-10-28T10:00:00
I09451,U1567,C009,quiz_passed,0.826,1.0,0.854,2027-10-28T12:00:00
I09452,U1567,C090,quiz_passed,0.859,1.0,0.722,2027-10-28T14:00:00
I09453,U1568,C017,viewed,0.186,0.064,,2027-10-28T16:00:00
I09454,U1568,C028,quiz_passed,0.77,1.0,0.603,2027-10-28T18:00:00
I09455,U1569,C098,completed,0.783,1.0,0.566,2027-10-28T20:00:00
I09456,U1569,C049,completed,0.564,1.0,,2027-10-28T22:00:00
I09457,U1569,C066,quiz_passed,0.84,1.0,0.739,2027-10-29T00:00:00
I09458,U1569,C071,quiz_passed,0.777,1.0,0.712,2027-10-29T02:00:00
I09459,U1569,C064,quiz_passed,0.866,1.0,0.798,2027-10-29T04:00:00
I09460,U1569,C025,quiz_passed,0.842,1.0,0.761,2027-10-29T06:00:00
I09461,U1570,C030,completed,0.47,1.0,,2027-10-29T08:00:00
I09462,U1570,C091,viewed,0.161,0.007,,2027-10-29T10:00:00
I09463,U1570,C096,viewed,0.339,0.25,0.239,2027-10-29T12:00:00
I09464,U1570,C048,viewed,0.105,0.054,,2027-10-29T14:00:00
I09465,U1570,C095,viewed,0.19,0.091,,2027-10-29T16:00:00
I09466,U1571,C092,quiz_passed,0.783,1.0,0.626,2027-10-29T18:00:00
I09467,U1571,C002,quiz_passed,0.799,1.0,0.619,2027-10-29T20:00:00
I09468,U1571,C090,completed,0.705,1.0,0.467,2027-10-29T22:00:00
I09469,U1571,C006,quiz_passed,0.834,1.0,0.674,2027-10-30T00:00:00
I09470,U1571,C047,completed,0.802,1.0,0.58,2027-10-30T02:00:00
I09471,U1571,C092,completed,0.819,1.0,0.611,2027-10-30T04:00:00
I09472,U1571,C099,viewed,0.212,0.051,,2027-10-30T06:00:00
I09473,U1571,C051,quiz_passed,0.787,1.0,0.654,2027-10-30T08:00:00
I09474,U1572,C099,completed,0.471,1.0,,2027-10-30T10:00:00
I09475,U1572,C011,viewed,0.291,0.015,,2027-10-30T12:00:00
I09476,U1572,C002,quiz_passed,0.74,1.0,0.607,2027-10-30T14:00:00
I09477,U1572,C010,disliked,0.13,0.13,,2027-10-30T16:00:00
I09478,U1573,C095,viewed,0.143,0.003,,2027-10-30T18:00:00
I09479,U1573,C095,viewed,0.411,0.53,0.24,2027-10-30T20:00:00
I09480,U1573,C025,viewed,0.513,0.54,0.345,2027-10-30T22:00:00
I09481,U1573,C047,completed,0.752,1.0,0.689,2027-10-31T00:00:00
I09482,U1573,C042,viewed,0.156,0.087,,2027-10-31T02:00:00
I09483,U1573,C008,viewed,0.462,0.63,0.373,2027-10-31T04:00:00
I09484,U1574,C011,quiz_passed,0.819,1.0,0.759,2027-10-31T06:00:00
I09485,U1574,C095,quiz_passed,0.744,1.0,0.635,2027-10-31T08:00:00
I09486,U1574,C095,viewed,0.483,0.43,0.412,2027-10-31T10:00:00
I09487,U1574,C099,viewed,0.305,0.51,,2027-10-31T12:00:00
I09488,U1574,C002,quiz_passed,0.812,1.0,0.768,2027-10-31T14:00:00
I09489,U1575,C061,quiz_passed,0.819,1.0,0.691,2027-10-31T16:00:00
I09490,U1575,C025,viewed,0.194,0.25,,2027-10-31T18:00:00
I09491,U1575,C030,completed,0.568,1.0,,2027-10-31T20:00:00
I09492,U1575,C098,viewed,0.105,0.087,,2027-10-31T22:00:00
I09493,U1575,C053,completed,0.464,1.0,,2027-11-01T00:00:00
I09494,U1576,C098,quiz_passed,0.752,1.0,0.626,2027-11-01T02:00:00
I09495,U1576,C076,completed,0.466,1.0,,2027-11-01T04:00:00
I09496,U1576,C029,completed,0.56,1.0,,2027-11-01T06:00:00
I09497,U1576,C075,completed,0.768,1.0,0.69,2027-11-01T08:00:00
I09498,U1576,C028,completed,0.762,1.0,0.746,2027-11-01T10:00:00
I09499,U1576,C074,viewed,0.241,0.013,,2027-11-01T12:00:00
I09500,U1576,C003,viewed,0.368,0.55,,2027-11-01T14:00:00
I09501,U1576,C082,completed,0.48,1.0,,2027-11-01T16:00:00
I09502,U1576,C064,completed,0.761,1.0,0.713,2027-11-01T18:00:00
I09503,U1577,C030,completed,0.858,1.0,0.758,2027-11-01T20:00:00
I09504,U1577,C099,quiz_passed,0.753,1.0,0.602,2027-11-01T22:00:00
I09505,U1577,C065,quiz_passed,0.793,1.0,0.749,2027-11-02T00:00:00
I09506,U1577,C095,completed,0.515,1.0,,2027-11-02T02:00:00
I09507,U1577,C015,viewed,0.147,0.014,,2027-11-02T04:00:00
I09508,U1578,C049,viewed,0.345,0.45,,2027-11-02T06:00:00
I09509,U1578,C006,viewed,0.118,0.034,,2027-11-02T08:00:00
I09510,U1578,C011,completed,0.557,1.0,,2027-11-02T10:00:00
I09511,U1578,C078,quiz_passed,0.799,1.0,0.763,2027-11-02T12:00:00
I09512,U1578,C035,completed,0.845,1.0,0.817,2027-11-02T14:00:00
I09513,U1578,C026,quiz_passed,0.791,1.0,0.676,2027-11-02T16:00:00
I09514,U1579,C028,viewed,0.272,0.045,,2027-11-02T18:00:00
I09515,U1579,C015,quiz_passed,0.762,1.0,0.632,2027-11-02T20:00:00
I09516,U1579,C054,completed,0.848,1.0,0.698,2027-11-02T22:00:00
I09517,U1579,C018,completed,0.746,1.0,0.688,2027-11-03T00:00:00
I09518,U1579,C076,quiz_passed,0.803,1.0,0.627,2027-11-03T02:00:00
I09519,U1580,C042,completed,0.564,1.0,,2027-11-03T04:00:00
I09520,U1580,C092,completed,0.471,1.0,,2027-11-03T06:00:00
I09521,U1580,C082,quiz_passed,0.814,1.0,0.611,2027-11-03T08:00:00
I09522,U1580,C011,quiz_passed,0.788,1.0,0.692,2027-11-03T10:00:00
I09523,U1581,C073,quiz_passed,0.751,1.0,0.694,2027-11-03T12:00:00
I09524,U1581,C099,completed,0.701,1.0,0.471,2027-11-03T14:00:00
I09525,U1581,C035,completed,0.509,1.0,,2027-11-03T16:00:00
I09526,U1581,C095,viewed,0.25,0.0,,2027-11-03T18:00:00
I09527,U1582,C098,viewed,0.174,0.09,,2027-11-03T20:00:00
I09528,U1582,C091,viewed,0.221,0.056,,2027-11-03T22:00:00
I09529,U1582,C053,viewed,0.152,0.03,,2027-11-04T00:00:00
I09530,U1582,C057,disliked,0.204,0.16,,2027-11-04T02:00:00
I09531,U1583,C098,completed,0.7,1.0,0.437,2027-11-04T04:00:00
I09532,U1583,C098,completed,0.738,1.0,0.403,2027-11-04T06:00:00
I09533,U1583,C091,completed,0.571,1.0,,2027-11-04T08:00:00
I09534,U1583,C091,completed,0.506,1.0,,2027-11-04T10:00:00
I09535,U1583,C002,completed,0.781,1.0,0.574,2027-11-04T12:00:00
I09536,U1583,C076,viewed,0.471,0.47,0.416,2027-11-04T14:00:00
I09537,U1583,C030,viewed,0.592,0.64,0.444,2027-11-04T16:00:00
I09538,U1583,C067,viewed,0.268,0.51,,2027-11-04T18:00:00
I09539,U1584,C054,completed,0.832,1.0,0.722,2027-11-04T20:00:00
I09540,U1584,C099,completed,0.716,1.0,0.614,2027-11-04T22:00:00
I09541,U1584,C096,viewed,0.454,0.53,0.417,2027-11-05T00:00:00
I09542,U1584,C028,completed,0.461,1.0,,2027-11-05T02:00:00
I09543,U1584,C082,completed,0.58,1.0,,2027-11-05T04:00:00
I09544,U1584,C011,completed,0.566,1.0,,2027-11-05T06:00:00
I09545,U1584,C061,quiz_passed,0.799,1.0,0.811,2027-11-05T08:00:00
I09546,U1584,C005,completed,0.499,1.0,,2027-11-05T10:00:00
I09547,U1584,C095,viewed,0.108,0.09,,2027-11-05T12:00:00
I09548,U1585,C009,completed,0.549,1.0,,2027-11-05T14:00:00
I09549,U1585,C067,viewed,0.278,0.31,,2027-11-05T16:00:00
I09550,U1585,C065,completed,0.797,1.0,0.789,2027-11-05T18:00:00
I09551,U1585,C099,quiz_passed,0.763,1.0,0.621,2027-11-05T20:00:00
I09552,U1585,C098,viewed,0.422,0.67,,2027-11-05T22:00:00
I09553,U1585,C072,completed,0.523,1.0,,2027-11-06T00:00:00
I09554,U1586,C065,completed,0.487,1.0,,2027-11-06T02:00:00
I09555,U1586,C095,viewed,0.301,0.21,0.286,2027-11-06T04:00:00
I09556,U1586,C017,completed,0.769,1.0,0.655,2027-11-06T06:00:00
I09557,U1586,C053,viewed,0.22,0.049,,2027-11-06T08:00:00
I09558,U1586,C025,quiz_passed,0.827,1.0,0.694,2027-11-06T10:00:00
I09559,U1586,C095,viewed,0.296,0.54,,2027-11-06T12:00:00
I09560,U1587,C095,viewed,0.121,0.086,,2027-11-06T14:00:00
I09561,U1587,C054,completed,0.497,1.0,,2027-11-06T16:00:00
I09562,U1587,C095,viewed,0.221,0.008,,2027-11-06T18:00:00
I09563,U1587,C053,quiz_passed,0.729,1.0,0.627,2027-11-06T20:00:00
I09564,U1587,C063,viewed,0.472,0.34,0.434,2027-11-06T22:00:00
I09565,U1587,C095,disliked,0.289,0.13,0.3,2027-11-07T00:00:00
I09566,U1588,C001,viewed,0.346,0.5,,2027-11-07T02:00:00
I09567,U1588,C042,completed,0.797,1.0,0.719,2027-11-07T04:00:00
I09568,U1588,C071,quiz_passed,0.901,1.0,0.808,2027-11-07T06:00:00
I09569,U1588,C030,viewed,0.376,0.49,,2027-11-07T08:00:00
I09570,U1588,C005,completed,0.575,1.0,,2027-11-07T10:00:00
I09571,U1588,C013,completed,0.568,1.0,,2027-11-07T12:00:00
I09572,U1589,C066,completed,0.549,1.0,,2027-11-07T14:00:00
I09573,U1589,C096,quiz_passed,0.835,1.0,0.665,2027-11-07T16:00:00
I09574,U1589,C095,viewed,0.128,0.008,,2027-11-07T18:00:00
I09575,U1589,C073,quiz_passed,0.848,1.0,0.759,2027-11-07T20:00:00
I09576,U1590,C098,completed,0.504,1.0,,2027-11-07T22:00:00
I09577,U1590,C025,viewed,0.425,0.23,0.418,2027-11-08T00:00:00
I09578,U1590,C096,viewed,0.361,0.62,,2027-11-08T02:00:00
I09579,U1590,C065,quiz_passed,0.747,1.0,0.655,2027-11-08T04:00:00
I09580,U1590,C096,viewed,0.236,0.018,,2027-11-08T06:00:00
I09581,U1590,C050,completed,0.463,1.0,,2027-11-08T08:00:00
I09582,U1591,C073,viewed,0.211,0.084,,2027-11-08T10:00:00
I09583,U1591,C099,completed,0.73,1.0,0.433,2027-11-08T12:00:00
I09584,U1591,C082,completed,0.734,1.0,0.579,2027-11-08T14:00:00
I09585,U1591,C096,viewed,0.275,0.047,,2027-11-08T16:00:00
I09586,U1591,C082,completed,0.501,1.0,,2027-11-08T18:00:00
I09587,U1592,C091,completed,0.781,1.0,0.599,2027-11-08T20:00:00
I09588,U1592,C074,disliked,0.186,0.05,,2027-11-08T22:00:00
I09589,U1592,C076,completed,0.708,1.0,0.578,2027-11-09T00:00:00
I09590,U1592,C035,viewed,0.534,0.7,0.341,2027-11-09T02:00:00
I09591,U1593,C062,viewed,0.366,0.49,,2027-11-09T04:00:00
I09592,U1593,C053,quiz_passed,0.928,1.0,0.884,2027-11-09T06:00:00
I09593,U1593,C069,viewed,0.23,0.043,,2027-11-09T08:00:00
I09594,U1593,C091,completed,0.516,1.0,,2027-11-09T10:00:00
I09595,U1593,C013,completed,0.525,1.0,,2027-11-09T12:00:00
I09596,U1593,C085,quiz_passed,0.795,1.0,0.713,2027-11-09T14:00:00
I09597,U1593,C054,viewed,0.406,0.57,,2027-11-09T16:00:00
I09598,U1593,C049,completed,0.91,1.0,0.877,2027-11-09T18:00:00
I09599,U1593,C085,completed,0.788,1.0,0.729,2027-11-09T20:00:00
I09600,U1594,C099,viewed,0.174,0.09,,2027-11-09T22:00:00
I09601,U1594,C095,disliked,0.268,0.1,0.217,2027-11-10T00:00:00
I09602,U1595,C054,quiz_passed,0.865,1.0,0.879,2027-11-10T02:00:00
I09603,U1595,C048,quiz_passed,0.507,0.26,0.681,2027-11-10T04:00:00
I09604,U1595,C096,completed,0.561,1.0,,2027-11-10T06:00:00
I09605,U1595,C057,quiz_passed,0.889,1.0,0.842,2027-11-10T08:00:00
I09606,U1595,C099,completed,0.517,1.0,,2027-11-10T10:00:00
I09607,U1596,C001,viewed,0.129,0.053,,2027-11-10T12:00:00
I09608,U1596,C095,viewed,0.271,0.44,,2027-11-10T14:00:00
I09609,U1596,C011,completed,0.491,1.0,,2027-11-10T16:00:00
I09610,U1596,C098,completed,0.775,1.0,0.594,2027-11-10T18:00:00
I09611,U1596,C098,quiz_passed,0.717,1.0,0.623,2027-11-10T20:00:00
I09612,U1596,C095,completed,0.531,1.0,,2027-11-10T22:00:00
I09613,U1597,C053,quiz_passed,0.903,1.0,0.858,2027-11-11T00:00:00
I09614,U1597,C065,completed,0.565,1.0,,2027-11-11T02:00:00
I09615,U1597,C095,completed,0.467,1.0,,2027-11-11T04:00:00
I09616,U1597,C057,quiz_passed,0.856,1.0,0.877,2027-11-11T06:00:00
I09617,U1598,C006,viewed,0.205,0.073,,2027-11-11T08:00:00
I09618,U1598,C095,viewed,0.405,0.33,0.443,2027-11-11T10:00:00
I09619,U1598,C065,completed,0.783,1.0,0.77,2027-11-11T12:00:00
I09620,U1598,C016,completed,0.524,1.0,,2027-11-11T14:00:00
I09621,U1598,C035,completed,0.467,1.0,,2027-11-11T16:00:00
I09622,U1599,C067,completed,0.779,1.0,0.671,2027-11-11T18:00:00
I09623,U1599,C047,viewed,0.277,0.029,,2027-11-11T20:00:00
I09624,U1599,C006,completed,0.822,1.0,0.644,2027-11-11T22:00:00
I09625,U1599,C001,completed,0.802,1.0,0.588,2027-11-12T00:00:00
I09626,U1599,C053,quiz_passed,0.728,1.0,0.647,2027-11-12T02:00:00
I09627,U1599,C074,disliked,0.285,0.18,0.277,2027-11-12T04:00:00
I09628,U1600,C071,viewed,0.264,0.072,,2027-11-12T06:00:00
I09629,U1600,C047,completed,0.469,1.0,,2027-11-12T08:00:00
I09630,U1600,C099,completed,0.549,1.0,,2027-11-12T10:00:00
I09631,U1600,C030,completed,0.897,1.0,0.804,2027-11-12T12:00:00
I09632,U1600,C099,viewed,0.17,0.091,,2027-11-12T14:00:00
I09633,U1600,C050,viewed,0.516,0.59,0.518,2027-11-12T16:00:00
I09634,U1600,C017,quiz_passed,0.841,1.0,0.73,2027-11-12T18:00:00
I09635,U1600,C047,viewed,0.18,0.032,,2027-11-12T20:00:00
I09636,U1601,C098,viewed,0.335,0.46,0.221,2027-11-12T22:00:00
I09637,U1601,C095,completed,0.55,1.0,,2027-11-13T00:00:00
I09638,U1601,C043,completed,0.738,1.0,0.695,2027-11-13T02:00:00
I09639,U1601,C050,completed,0.76,1.0,0.597,2027-11-13T04:00:00
I09640,U1601,C078,viewed,0.29,0.44,,2027-11-13T06:00:00
I09641,U1601,C074,completed,0.57,1.0,,2027-11-13T08:00:00
I09642,U1602,C028,completed,0.808,1.0,0.594,2027-11-13T10:00:00
I09643,U1602,C048,viewed,0.359,0.45,,2027-11-13T12:00:00
I09644,U1602,C003,viewed,0.135,0.037,,2027-11-13T14:00:00
I09645,U1602,C001,quiz_passed,0.771,1.0,0.676,2027-11-13T16:00:00
I09646,U1602,C065,completed,0.836,1.0,0.691,2027-11-13T18:00:00
I09647,U1603,C030,quiz_passed,0.795,1.0,0.755,2027-11-13T20:00:00
I09648,U1603,C042,quiz_passed,0.786,1.0,0.737,2027-11-13T22:00:00
I09649,U1603,C071,completed,0.463,1.0,,2027-11-14T00:00:00
I09650,U1603,C082,quiz_passed,0.825,1.0,0.741,2027-11-14T02:00:00
I09651,U1603,C058,completed,0.579,1.0,,2027-11-14T04:00:00
I09652,U1603,C042,completed,0.83,1.0,0.748,2027-11-14T06:00:00
I09653,U1603,C073,disliked,0.229,0.13,,2027-11-14T08:00:00
I09654,U1603,C051,quiz_passed,0.854,1.0,0.778,2027-11-14T10:00:00
I09655,U1603,C046,viewed,0.293,0.013,,2027-11-14T12:00:00
I09656,U1603,C030,quiz_passed,0.846,1.0,0.77,2027-11-14T14:00:00
I09657,U1604,C063,quiz_passed,0.822,1.0,0.667,2027-11-14T16:00:00
I09658,U1604,C089,completed,0.777,1.0,0.503,2027-11-14T18:00:00
I09659,U1604,C018,completed,0.757,1.0,0.691,2027-11-14T20:00:00
I09660,U1604,C099,completed,0.767,1.0,0.532,2027-11-14T22:00:00
I09661,U1604,C099,completed,0.703,1.0,0.473,2027-11-15T00:00:00
I09662,U1604,C047,viewed,0.295,0.072,,2027-11-15T02:00:00
I09663,U1604,C041,completed,0.736,1.0,0.476,2027-11-15T04:00:00
I09664,U1605,C099,viewed,0.29,0.54,,2027-11-15T06:00:00
I09665,U1605,C076,quiz_passed,0.744,1.0,0.697,2027-11-15T08:00:00
I09666,U1606,C009,completed,0.547,1.0,,2027-11-15T10:00:00
I09667,U1606,C049,quiz_passed,0.704,1.0,0.606,2027-11-15T12:00:00
I09668,U1606,C067,viewed,0.259,0.095,,2027-11-15T14:00:00
I09669,U1606,C026,viewed,0.272,0.5,,2027-11-15T16:00:00
I09670,U1606,C064,completed,0.468,1.0,,2027-11-15T18:00:00
I09671,U1607,C071,viewed,0.194,0.23,,2027-11-15T20:00:00
I09672,U1607,C091,viewed,0.272,0.08,,2027-11-15T22:00:00
I09673,U1607,C081,completed,0.671,1.0,0.419,2027-11-16T00:00:00
I09674,U1607,C063,disliked,0.12,0.08,,2027-11-16T02:00:00
I09675,U1607,C002,completed,0.5,1.0,,2027-11-16T04:00:00
I09676,U1607,C043,completed,0.841,1.0,0.694,2027-11-16T06:00:00
I09677,U1607,C092,viewed,0.181,0.06,,2027-11-16T08:00:00
I09678,U1608,C053,completed,0.803,1.0,0.616,2027-11-16T10:00:00
I09679,U1608,C096,completed,0.546,1.0,,2027-11-16T12:00:00
I09680,U1608,C096,completed,0.757,1.0,0.503,2027-11-16T14:00:00
I09681,U1608,C098,viewed,0.21,0.33,,2027-11-16T16:00:00
I09682,U1609,C096,completed,0.724,1.0,0.45,2027-11-16T18:00:00
I09683,U1609,C099,completed,0.648,1.0,0.455,2027-11-16T20:00:00
I09684,U1610,C095,viewed,0.148,0.028,,2027-11-16T22:00:00
I09685,U1610,C048,completed,0.521,1.0,,2027-11-17T00:00:00
I09686,U1610,C098,viewed,0.288,0.016,,2027-11-17T02:00:00
I09687,U1610,C096,completed,0.471,1.0,,2027-11-17T04:00:00
I09688,U1610,C025,viewed,0.311,0.57,,2027-11-17T06:00:00
I09689,U1611,C051,completed,0.795,1.0,0.663,2027-11-17T08:00:00
I09690,U1611,C044,completed,0.696,1.0,0.513,2027-11-17T10:00:00
I09691,U1611,C053,completed,0.496,1.0,,2027-11-17T12:00:00
I09692,U1611,C006,completed,0.693,1.0,0.579,2027-11-17T14:00:00
I09693,U1611,C047,completed,0.808,1.0,0.649,2027-11-17T16:00:00
I09694,U1612,C066,viewed,0.594,0.63,0.46,2027-11-17T18:00:00
I09695,U1612,C015,quiz_passed,0.851,1.0,0.802,2027-11-17T20:00:00
I09696,U1612,C010,quiz_passed,0.756,1.0,0.621,2027-11-17T22:00:00
I09697,U1612,C074,viewed,0.479,0.36,0.42,2027-11-18T00:00:00
I09698,U1612,C088,viewed,0.52,0.54,0.527,2027-11-18T02:00:00
I09699,U1612,C010,completed,0.488,1.0,,2027-11-18T04:00:00
I09700,U1612,C043,completed,0.772,1.0,0.707,2027-11-18T06:00:00
I09701,U1613,C018,completed,0.857,1.0,0.707,2027-11-18T08:00:00
I09702,U1613,C006,quiz_passed,0.826,1.0,0.725,2027-11-18T10:00:00
I09703,U1613,C092,disliked,0.342,0.16,0.517,2027-11-18T12:00:00
I09704,U1613,C003,completed,0.493,1.0,,2027-11-18T14:00:00
I09705,U1613,C067,completed,0.561,1.0,,2027-11-18T16:00:00
I09706,U1613,C010,viewed,0.153,0.027,,2027-11-18T18:00:00
I09707,U1613,C067,viewed,0.557,0.56,0.571,2027-11-18T20:00:00
I09708,U1613,C090,viewed,0.13,0.079,,2027-11-18T22:00:00
I09709,U1613,C057,completed,0.763,1.0,0.712,2027-11-19T00:00:00
I09710,U1613,C049,viewed,0.178,0.022,,2027-11-19T02:00:00
I09711,U1614,C096,completed,0.789,1.0,0.634,2027-11-19T04:00:00
I09712,U1614,C071,completed,0.563,1.0,,2027-11-19T06:00:00
I09713,U1614,C010,viewed,0.437,0.67,,2027-11-19T08:00:00
I09714,U1614,C067,viewed,0.583,0.58,0.538,2027-11-19T10:00:00
I09715,U1614,C046,viewed,0.237,0.007,,2027-11-19T12:00:00
I09716,U1614,C013,viewed,0.245,0.012,,2027-11-19T14:00:00
I09717,U1614,C064,quiz_passed,0.865,1.0,0.765,2027-11-19T16:00:00
I09718,U1614,C048,quiz_passed,0.831,1.0,0.766,2027-11-19T18:00:00
I09719,U1615,C043,completed,0.472,1.0,,2027-11-19T20:00:00
I09720,U1615,C046,viewed,0.168,0.046,,2027-11-19T22:00:00
I09721,U1615,C001,quiz_passed,0.865,1.0,0.768,2027-11-20T00:00:00
I09722,U1615,C010,quiz_passed,0.777,1.0,0.69,2027-11-20T02:00:00
I09723,U1615,C015,completed,0.509,1.0,,2027-11-20T04:00:00
I09724,U1615,C095,quiz_passed,0.738,1.0,0.671,2027-11-20T06:00:00
I09725,U1616,C066,completed,0.477,1.0,,2027-11-20T08:00:00
I09726,U1616,C066,completed,0.48,1.0,,2027-11-20T10:00:00
I09727,U1616,C095,viewed,0.114,0.054,,2027-11-20T12:00:00
I09728,U1616,C009,completed,0.488,1.0,,2027-11-20T14:00:00
I09729,U1617,C002,disliked,0.175,0.0,,2027-11-20T16:00:00
I09730,U1617,C008,quiz_passed,0.825,1.0,0.883,2027-11-20T18:00:00
I09731,U1617,C071,completed,0.886,1.0,0.844,2027-11-20T20:00:00
I09732,U1617,C006,quiz_passed,0.826,1.0,0.842,2027-11-20T22:00:00
I09733,U1617,C095,quiz_passed,0.801,1.0,0.765,2027-11-21T00:00:00
I09734,U1617,C090,quiz_passed,0.876,1.0,0.809,2027-11-21T02:00:00
I09735,U1617,C096,viewed,0.483,0.21,0.563,2027-11-21T04:00:00
I09736,U1618,C096,completed,0.79,1.0,0.619,2027-11-21T06:00:00
I09737,U1618,C082,viewed,0.35,0.58,,2027-11-21T08:00:00
I09738,U1618,C043,quiz_passed,0.837,1.0,0.72,2027-11-21T10:00:00
I09739,U1618,C076,completed,0.776,1.0,0.753,2027-11-21T12:00:00
I09740,U1618,C003,quiz_passed,0.866,1.0,0.793,2027-11-21T14:00:00
I09741,U1618,C030,completed,0.85,1.0,0.75,2027-11-21T16:00:00
I09742,U1618,C050,completed,0.536,1.0,,2027-11-21T18:00:00
I09743,U1619,C048,completed,0.794,1.0,0.675,2027-11-21T20:00:00
I09744,U1619,C073,completed,0.543,1.0,,2027-11-21T22:00:00
I09745,U1619,C025,quiz_passed,0.828,1.0,0.641,2027-11-22T00:00:00
I09746,U1620,C076,completed,0.498,1.0,,2027-11-22T02:00:00
I09747,U1620,C048,completed,0.836,1.0,0.884,2027-11-22T04:00:00
I09748,U1620,C043,completed,0.524,1.0,,2027-11-22T06:00:00
I09749,U1620,C044,completed,0.57,1.0,,2027-11-22T08:00:00
I09750,U1620,C046,quiz_passed,0.774,1.0,0.648,2027-11-22T10:00:00
I09751,U1620,C071,completed,0.484,1.0,,2027-11-22T12:00:00
I09752,U1620,C042,completed,0.5,1.0,,2027-11-22T14:00:00
I09753,U1620,C092,completed,0.529,1.0,,2027-11-22T16:00:00
I09754,U1620,C046,quiz_passed,0.791,1.0,0.66,2027-11-22T18:00:00
I09755,U1621,C017,viewed,0.552,0.55,0.422,2027-11-22T20:00:00
I09756,U1621,C076,completed,0.799,1.0,0.598,2027-11-22T22:00:00
I09757,U1621,C074,viewed,0.272,0.21,0.227,2027-11-23T00:00:00
I09758,U1621,C074,viewed,0.278,0.41,,2027-11-23T02:00:00
I09759,U1621,C044,viewed,0.103,0.064,,2027-11-23T04:00:00
I09760,U1621,C003,completed,0.486,1.0,,2027-11-23T06:00:00
I09761,U1621,C058,viewed,0.199,0.29,,2027-11-23T08:00:00
I09762,U1621,C018,completed,0.775,1.0,0.662,2027-11-23T10:00:00
I09763,U1622,C029,completed,0.554,1.0,,2027-11-23T12:00:00
I09764,U1622,C043,quiz_passed,0.771,1.0,0.689,2027-11-23T14:00:00
I09765,U1622,C030,completed,0.701,1.0,0.58,2027-11-23T16:00:00
I09766,U1622,C015,quiz_passed,0.743,1.0,0.677,2027-11-23T18:00:00
I09767,U1623,C098,viewed,0.188,0.01,,2027-11-23T20:00:00
I09768,U1623,C002,completed,0.838,1.0,0.655,2027-11-23T22:00:00
I09769,U1623,C045,completed,0.766,1.0,0.539,2027-11-24T00:00:00
I09770,U1623,C016,quiz_passed,0.793,1.0,0.614,2027-11-24T02:00:00
I09771,U1624,C042,quiz_passed,0.782,1.0,0.643,2027-11-24T04:00:00
I09772,U1624,C057,completed,0.738,1.0,0.583,2027-11-24T06:00:00
I09773,U1624,C030,quiz_passed,0.729,1.0,0.665,2027-11-24T08:00:00
I09774,U1624,C048,quiz_passed,0.829,1.0,0.689,2027-11-24T10:00:00
I09775,U1624,C073,viewed,0.388,0.23,0.435,2027-11-24T12:00:00
I09776,U1625,C098,viewed,0.356,0.51,,2027-11-24T14:00:00
I09777,U1625,C099,completed,0.525,1.0,,2027-11-24T16:00:00
I09778,U1625,C095,viewed,0.322,0.45,,2027-11-24T18:00:00
I09779,U1625,C049,disliked,0.261,0.06,0.349,2027-11-24T20:00:00
I09780,U1625,C066,quiz_passed,0.785,1.0,0.648,2027-11-24T22:00:00
I09781,U1626,C064,quiz_passed,0.845,1.0,0.777,2027-11-25T00:00:00
I09782,U1626,C098,viewed,0.291,0.052,,2027-11-25T02:00:00
I09783,U1626,C017,completed,0.842,1.0,0.807,2027-11-25T04:00:00
I09784,U1626,C071,completed,0.488,1.0,,2027-11-25T06:00:00
I09785,U1626,C061,quiz_passed,0.818,1.0,0.807,2027-11-25T08:00:00
I09786,U1626,C013,completed,0.564,1.0,,2027-11-25T10:00:00
I09787,U1626,C091,completed,0.473,1.0,,2027-11-25T12:00:00
I09788,U1626,C003,viewed,0.593,0.6,0.457,2027-11-25T14:00:00
I09789,U1626,C046,viewed,0.244,0.034,,2027-11-25T16:00:00
I09790,U1627,C092,viewed,0.229,0.082,,2027-11-25T18:00:00
I09791,U1627,C099,viewed,0.332,0.27,0.288,2027-11-25T20:00:00
I09792,U1627,C067,completed,0.814,1.0,0.679,2027-11-25T22:00:00
I09793,U1627,C095,completed,0.666,1.0,0.515,2027-11-26T00:00:00
I09794,U1627,C066,completed,0.717,1.0,0.614,2027-11-26T02:00:00
I09795,U1627,C015,quiz_passed,0.766,1.0,0.642,2027-11-26T04:00:00
I09796,U1627,C025,completed,0.492,1.0,,2027-11-26T06:00:00
I09797,U1627,C017,viewed,0.493,0.44,0.362,2027-11-26T08:00:00
I09798,U1628,C063,completed,0.478,1.0,,2027-11-26T10:00:00
I09799,U1628,C025,completed,0.487,1.0,,2027-11-26T12:00:00
I09800,U1628,C064,completed,0.578,1.0,,2027-11-26T14:00:00
I09801,U1628,C048,completed,0.849,1.0,0.688,2027-11-26T16:00:00
I09802,U1628,C099,viewed,0.292,0.052,,2027-11-26T18:00:00
I09803,U1628,C099,viewed,0.438,0.42,0.284,2027-11-26T20:00:00
I09804,U1628,C048,quiz_passed,0.75,1.0,0.645,2027-11-26T22:00:00
I09805,U1628,C089,completed,0.556,1.0,,2027-11-27T00:00:00
I09806,U1628,C017,quiz_passed,0.751,1.0,0.622,2027-11-27T02:00:00
I09807,U1629,C098,completed,0.719,1.0,0.404,2027-11-27T04:00:00
I09808,U1629,C042,viewed,0.424,0.45,0.38,2027-11-27T06:00:00
I09809,U1629,C066,completed,0.772,1.0,0.587,2027-11-27T08:00:00
I09810,U1629,C018,viewed,0.166,0.022,,2027-11-27T10:00:00
I09811,U1629,C051,viewed,0.116,0.061,,2027-11-27T12:00:00
I09812,U1629,C042,completed,0.561,1.0,,2027-11-27T14:00:00
I09813,U1629,C066,completed,0.557,1.0,,2027-11-27T16:00:00
I09814,U1630,C098,viewed,0.145,0.054,,2027-11-27T18:00:00
I09815,U1630,C091,quiz_passed,0.794,1.0,0.717,2027-11-27T20:00:00
I09816,U1630,C044,completed,0.549,1.0,,2027-11-27T22:00:00
I09817,U1630,C008,completed,0.837,1.0,0.789,2027-11-28T00:00:00
I09818,U1630,C048,viewed,0.317,0.38,,2027-11-28T02:00:00
I09819,U1630,C046,viewed,0.485,0.7,0.232,2027-11-28T04:00:00
I09820,U1631,C099,viewed,0.271,0.077,,2027-11-28T06:00:00
I09821,U1631,C011,completed,0.532,1.0,,2027-11-28T08:00:00
I09822,U1631,C096,completed,0.801,1.0,0.566,2027-11-28T10:00:00
I09823,U1631,C098,viewed,0.383,0.34,0.312,2027-11-28T12:00:00
I09824,U1631,C098,viewed,0.137,0.095,,2027-11-28T14:00:00
I09825,U1632,C017,quiz_passed,0.764,1.0,0.731,2027-11-28T16:00:00
I09826,U1632,C011,completed,0.538,1.0,,2027-11-28T18:00:00
I09827,U1632,C099,disliked,0.358,0.02,0.429,2027-11-28T20:00:00
I09828,U1632,C050,completed,0.859,1.0,0.723,2027-11-28T22:00:00
I09829,U1633,C082,completed,0.55,1.0,,2027-11-29T00:00:00
I09830,U1633,C054,disliked,0.177,0.09,,2027-11-29T02:00:00
I09831,U1633,C098,completed,0.7,1.0,0.497,2027-11-29T04:00:00
I09832,U1633,C096,viewed,0.282,0.047,,2027-11-29T06:00:00
I09833,U1633,C035,disliked,0.309,0.06,0.423,2027-11-29T08:00:00
I09834,U1633,C006,quiz_passed,0.801,1.0,0.702,2027-11-29T10:00:00
I09835,U1633,C053,completed,0.461,1.0,,2027-11-29T12:00:00
I09836,U1633,C048,viewed,0.248,0.011,,2027-11-29T14:00:00
I09837,U1633,C051,viewed,0.145,0.095,,2027-11-29T16:00:00
I09838,U1634,C011,completed,0.487,1.0,,2027-11-29T18:00:00
I09839,U1634,C098,disliked,0.296,0.12,0.217,2027-11-29T20:00:00
I09840,U1634,C096,completed,0.722,1.0,0.444,2027-11-29T22:00:00
I09841,U1634,C030,viewed,0.529,0.54,0.382,2027-11-30T00:00:00
I09842,U1634,C096,viewed,0.225,0.058,,2027-11-30T02:00:00
I09843,U1635,C095,viewed,0.391,0.36,0.351,2027-11-30T04:00:00
I09844,U1635,C053,completed,0.541,1.0,,2027-11-30T06:00:00
I09845,U1635,C047,viewed,0.348,0.53,,2027-11-30T08:00:00
I09846,U1635,C035,completed,0.477,1.0,,2027-11-30T10:00:00
I09847,U1636,C047,completed,0.506,1.0,,2027-11-30T12:00:00
I09848,U1636,C099,completed,0.733,1.0,0.582,2027-11-30T14:00:00
I09849,U1636,C095,quiz_passed,0.791,1.0,0.639,2027-11-30T16:00:00
I09850,U1636,C095,completed,0.575,1.0,,2027-11-30T18:00:00
I09851,U1636,C048,completed,0.868,1.0,0.785,2027-11-30T20:00:00
I09852,U1636,C002,completed,0.532,1.0,,2027-11-30T22:00:00
I09853,U1636,C075,quiz_passed,0.755,1.0,0.679,2027-12-01T00:00:00
I09854,U1636,C063,quiz_passed,0.842,1.0,0.755,2027-12-01T02:00:00
I09855,U1637,C096,viewed,0.168,0.07,,2027-12-01T04:00:00
I09856,U1637,C001,completed,0.573,1.0,,2027-12-01T06:00:00
I09857,U1637,C018,quiz_passed,0.778,1.0,0.742,2027-12-01T08:00:00
I09858,U1637,C003,completed,0.497,1.0,,2027-12-01T10:00:00
I09859,U1637,C048,quiz_passed,0.867,1.0,0.796,2027-12-01T12:00:00
I09860,U1638,C064,quiz_passed,0.838,1.0,0.81,2027-12-01T14:00:00
I09861,U1638,C028,completed,0.922,1.0,0.882,2027-12-01T16:00:00
I09862,U1638,C003,quiz_passed,0.831,1.0,0.88,2027-12-01T18:00:00
I09863,U1638,C030,quiz_passed,0.828,1.0,0.876,2027-12-01T20:00:00
I09864,U1639,C076,completed,0.565,1.0,,2027-12-01T22:00:00
I09865,U1639,C057,quiz_passed,0.771,1.0,0.686,2027-12-02T00:00:00
I09866,U1639,C071,quiz_passed,0.831,1.0,0.661,2027-12-02T02:00:00
I09867,U1639,C096,viewed,0.275,0.095,,2027-12-02T04:00:00
I09868,U1639,C051,viewed,0.127,0.051,,2027-12-02T06:00:00
I09869,U1640,C064,completed,0.892,1.0,0.879,2027-12-02T08:00:00
I09870,U1640,C099,completed,0.828,1.0,0.79,2027-12-02T10:00:00
I09871,U1640,C054,quiz_passed,0.887,1.0,0.881,2027-12-02T12:00:00
I09872,U1641,C016,completed,0.548,1.0,,2027-12-02T14:00:00
I09873,U1641,C097,completed,0.761,1.0,0.751,2027-12-02T16:00:00
I09874,U1641,C090,viewed,0.209,0.064,,2027-12-02T18:00:00
I09875,U1641,C028,viewed,0.416,0.59,,2027-12-02T20:00:00
I09876,U1641,C047,quiz_passed,0.866,1.0,0.773,2027-12-02T22:00:00
I09877,U1641,C064,completed,0.567,1.0,,2027-12-03T00:00:00
I09878,U1642,C095,viewed,0.23,0.087,,2027-12-03T02:00:00
I09879,U1642,C002,viewed,0.292,0.0,,2027-12-03T04:00:00
I09880,U1643,C073,disliked,0.158,0.19,,2027-12-03T06:00:00
I09881,U1643,C050,completed,0.517,1.0,,2027-12-03T08:00:00
I09882,U1643,C064,completed,0.844,1.0,0.768,2027-12-03T10:00:00
I09883,U1643,C074,completed,0.569,1.0,,2027-12-03T12:00:00
I09884,U1643,C046,viewed,0.204,0.059,,2027-12-03T14:00:00
I09885,U1643,C065,viewed,0.435,0.35,0.468,2027-12-03T16:00:00
I09886,U1643,C066,quiz_passed,0.85,1.0,0.715,2027-12-03T18:00:00
I09887,U1643,C018,viewed,0.282,0.097,,2027-12-03T20:00:00
I09888,U1643,C003,quiz_passed,0.818,1.0,0.804,2027-12-03T22:00:00
I09889,U1644,C073,completed,0.528,1.0,,2027-12-04T00:00:00
I09890,U1644,C047,viewed,0.542,0.7,0.425,2027-12-04T02:00:00
I09891,U1644,C098,completed,0.732,1.0,0.45,2027-12-04T04:00:00
I09892,U1644,C025,completed,0.49,1.0,,2027-12-04T06:00:00
I09893,U1644,C098,completed,0.74,1.0,0.508,2027-12-04T08:00:00
I09894,U1644,C051,completed,0.72,1.0,0.612,2027-12-04T10:00:00
I09895,U1645,C099,completed,0.533,1.0,,2027-12-04T12:00:00
I09896,U1645,C061,completed,0.51,1.0,,2027-12-04T14:00:00
I09897,U1645,C030,completed,0.497,1.0,,2027-12-04T16:00:00
I09898,U1645,C090,completed,0.482,1.0,,2027-12-04T18:00:00
I09899,U1645,C044,viewed,0.152,0.001,,2027-12-04T20:00:00
I09900,U1645,C013,completed,0.814,1.0,0.598,2027-12-04T22:00:00
I09901,U1645,C082,completed,0.763,1.0,0.741,2027-12-05T00:00:00
I09902,U1645,C047,completed,0.516,1.0,,2027-12-05T02:00:00
I09903,U1645,C066,completed,0.562,1.0,,2027-12-05T04:00:00
I09904,U1645,C057,completed,0.489,1.0,,2027-12-05T06:00:00
I09905,U1645,C075,completed,0.501,1.0,,2027-12-05T08:00:00
I09906,U1646,C047,quiz_passed,0.803,1.0,0.739,2027-12-05T10:00:00
I09907,U1646,C065,viewed,0.124,0.011,,2027-12-05T12:00:00
I09908,U1646,C095,viewed,0.197,0.092,,2027-12-05T14:00:00
I09909,U1646,C098,quiz_passed,0.813,1.0,0.68,2027-12-05T16:00:00
I09910,U1646,C063,quiz_passed,0.816,1.0,0.817,2027-12-05T18:00:00
I09911,U1647,C099,completed,0.692,1.0,0.553,2027-12-05T20:00:00
I09912,U1647,C092,viewed,0.311,0.58,,2027-12-05T22:00:00
I09913,U1647,C061,completed,0.483,1.0,,2027-12-06T00:00:00
I09914,U1647,C062,quiz_passed,0.775,1.0,0.697,2027-12-06T02:00:00
I09915,U1647,C081,viewed,0.24,0.025,,2027-12-06T04:00:00
I09916,U1647,C003,quiz_passed,0.855,1.0,0.807,2027-12-06T06:00:00
I09917,U1647,C082,viewed,0.492,0.58,0.494,2027-12-06T08:00:00
I09918,U1648,C098,completed,0.578,1.0,,2027-12-06T10:00:00
I09919,U1648,C095,quiz_passed,0.796,1.0,0.617,2027-12-06T12:00:00
I09920,U1648,C095,viewed,0.129,0.072,,2027-12-06T14:00:00
I09921,U1648,C048,viewed,0.177,0.026,,2027-12-06T16:00:00
I09922,U1649,C057,completed,0.784,1.0,0.719,2027-12-06T18:00:00
I09923,U1649,C076,viewed,0.241,0.056,,2027-12-06T20:00:00
I09924,U1649,C073,completed,0.858,1.0,0.766,2027-12-06T22:00:00
I09925,U1649,C006,viewed,0.465,0.43,0.533,2027-12-07T00:00:00
I09926,U1649,C098,viewed,0.208,0.003,,2027-12-07T02:00:00
I09927,U1650,C017,quiz_passed,0.707,1.0,0.61,2027-12-07T04:00:00
I09928,U1650,C063,disliked,0.173,0.19,,2027-12-07T06:00:00
I09929,U1650,C017,viewed,0.364,0.22,0.354,2027-12-07T08:00:00
I09930,U1650,C073,completed,0.552,1.0,,2027-12-07T10:00:00
I09931,U1650,C066,quiz_passed,0.75,1.0,0.661,2027-12-07T12:00:00
I09932,U1651,C002,quiz_passed,0.808,1.0,0.689,2027-12-07T14:00:00
I09933,U1651,C071,quiz_passed,0.784,1.0,0.621,2027-12-07T16:00:00
I09934,U1651,C061,completed,0.749,1.0,0.637,2027-12-07T18:00:00
I09935,U1652,C050,quiz_passed,0.817,1.0,0.603,2027-12-07T20:00:00
I09936,U1652,C065,viewed,0.226,0.051,,2027-12-07T22:00:00
I09937,U1652,C018,quiz_passed,0.797,1.0,0.619,2027-12-08T00:00:00
I09938,U1652,C050,completed,0.497,1.0,,2027-12-08T02:00:00
I09939,U1652,C067,viewed,0.4,0.24,0.441,2027-12-08T04:00:00
I09940,U1652,C071,completed,0.731,1.0,0.675,2027-12-08T06:00:00
I09941,U1652,C025,viewed,0.114,0.0,,2027-12-08T08:00:00
I09942,U1652,C001,completed,0.577,1.0,,2027-12-08T10:00:00
I09943,U1653,C008,viewed,0.521,0.54,0.399,2027-12-08T12:00:00
I09944,U1653,C042,viewed,0.412,0.23,0.395,2027-12-08T14:00:00
I09945,U1653,C009,quiz_passed,0.716,1.0,0.602,2027-12-08T16:00:00
I09946,U1653,C098,viewed,0.27,0.29,,2027-12-08T18:00:00
I09947,U1653,C096,completed,0.787,1.0,0.518,2027-12-08T20:00:00
I09948,U1653,C096,viewed,0.151,0.09,,2027-12-08T22:00:00
I09949,U1653,C001,viewed,0.146,0.064,,2027-12-09T00:00:00
I09950,U1653,C048,quiz_passed,0.792,1.0,0.698,2027-12-09T02:00:00
I09951,U1653,C099,completed,0.577,1.0,,2027-12-09T04:00:00
I09952,U1653,C048,viewed,0.142,0.053,,2027-12-09T06:00:00
I09953,U1654,C051,quiz_passed,0.842,1.0,0.7,2027-12-09T08:00:00
I09954,U1654,C050,completed,0.701,1.0,0.598,2027-12-09T10:00:00
I09955,U1654,C006,viewed,0.409,0.22,0.422,2027-12-09T12:00:00
I09956,U1654,C005,viewed,0.277,0.099,,2027-12-09T14:00:00
I09957,U1654,C028,completed,0.761,1.0,0.656,2027-12-09T16:00:00
I09958,U1654,C062,completed,0.523,1.0,,2027-12-09T18:00:00
I09959,U1654,C046,viewed,0.3,0.042,,2027-12-09T20:00:00
I09960,U1654,C081,completed,0.733,1.0,0.473,2027-12-09T22:00:00
I09961,U1654,C046,viewed,0.172,0.048,,2027-12-10T00:00:00
I09962,U1655,C064,completed,0.83,1.0,0.715,2027-12-10T02:00:00
I09963,U1655,C011,quiz_passed,0.838,1.0,0.809,2027-12-10T04:00:00
I09964,U1655,C098,completed,0.484,1.0,,2027-12-10T06:00:00
I09965,U1655,C064,completed,0.474,1.0,,2027-12-10T08:00:00
I09966,U1655,C015,viewed,0.283,0.024,,2027-12-10T10:00:00
I09967,U1655,C050,quiz_passed,0.794,1.0,0.788,2027-12-10T12:00:00
I09968,U1655,C095,viewed,0.136,0.052,,2027-12-10T14:00:00
I09969,U1655,C030,completed,0.855,1.0,0.769,2027-12-10T16:00:00
I09970,U1655,C092,completed,0.567,1.0,,2027-12-10T18:00:00
I09971,U1656,C096,viewed,0.128,0.041,,2027-12-10T20:00:00
I09972,U1656,C025,quiz_passed,0.814,1.0,0.721,2027-12-10T22:00:00
I09973,U1656,C047,quiz_passed,0.853,1.0,0.776,2027-12-11T00:00:00
I09974,U1656,C018,completed,0.549,1.0,,2027-12-11T02:00:00
I09975,U1657,C006,quiz_passed,0.809,1.0,0.62,2027-12-11T04:00:00
I09976,U1657,C047,completed,0.487,1.0,,2027-12-11T06:00:00
I09977,U1657,C092,viewed,0.362,0.38,0.32,2027-12-11T08:00:00
I09978,U1657,C001,completed,0.832,1.0,0.673,2027-12-11T10:00:00
I09979,U1657,C001,completed,0.719,1.0,0.599,2027-12-11T12:00:00
I09980,U1657,C075,completed,0.74,1.0,0.452,2027-12-11T14:00:00
I09981,U1657,C054,completed,0.721,1.0,0.583,2027-12-11T16:00:00
I09982,U1657,C025,disliked,0.304,0.15,0.353,2027-12-11T18:00:00
I09983,U1657,C044,completed,0.707,1.0,0.496,2027-12-11T20:00:00
I09984,U1658,C048,completed,0.466,1.0,,2027-12-11T22:00:00
I09985,U1658,C028,completed,0.533,1.0,,2027-12-12T00:00:00
I09986,U1658,C025,quiz_passed,0.807,1.0,0.751,2027-12-12T02:00:00
I09987,U1658,C011,quiz_passed,0.784,1.0,0.706,2027-12-12T04:00:00
I09988,U1658,C091,completed,0.551,1.0,,2027-12-12T06:00:00
I09989,U1658,C054,viewed,0.529,0.53,0.573,2027-12-12T08:00:00
I09990,U1658,C081,completed,0.51,1.0,,2027-12-12T10:00:00
I09991,U1658,C067,completed,0.55,1.0,,2027-12-12T12:00:00
I09992,U1659,C076,quiz_passed,0.839,1.0,0.683,2027-12-12T14:00:00
I09993,U1659,C008,completed,0.562,1.0,,2027-12-12T16:00:00
I09994,U1659,C002,quiz_passed,0.747,1.0,0.645,2027-12-12T18:00:00
I09995,U1659,C018,viewed,0.251,0.088,,2027-12-12T20:00:00
I09996,U1659,C063,viewed,0.487,0.39,0.389,2027-12-12T22:00:00
I09997,U1660,C099,completed,0.468,1.0,,2027-12-13T00:00:00
I09998,U1660,C066,completed,0.813,1.0,0.853,2027-12-13T02:00:00
I09999,U1660,C015,viewed,0.226,0.22,,2027-12-13T04:00:00
I10000,U1660,C078,quiz_passed,0.815,1.0,0.839,2027-12-13T06:00:00
I10001,U1660,C044,quiz_passed,0.841,1.0,0.778,2027-12-13T08:00:00
I10002,U1660,C064,completed,0.505,1.0,,2027-12-13T10:00:00
I10003,U1661,C099,completed,0.557,1.0,,2027-12-13T12:00:00
I10004,U1661,C098,viewed,0.393,0.41,0.374,2027-12-13T14:00:00
I10005,U1661,C099,viewed,0.292,0.35,,2027-12-13T16:00:00
I10006,U1661,C030,completed,0.774,1.0,0.736,2027-12-13T18:00:00
I10007,U1661,C030,quiz_passed,0.867,1.0,0.806,2027-12-13T20:00:00
I10008,U1662,C001,quiz_passed,0.785,1.0,0.663,2027-12-13T22:00:00
I10009,U1662,C065,viewed,0.143,0.072,,2027-12-14T00:00:00
I10010,U1662,C095,viewed,0.111,0.076,,2027-12-14T02:00:00
I10011,U1662,C081,completed,0.579,1.0,,2027-12-14T04:00:00
I10012,U1662,C042,completed,0.521,1.0,,2027-12-14T06:00:00
I10013,U1663,C098,quiz_passed,0.817,1.0,0.651,2027-12-14T08:00:00
I10014,U1663,C048,viewed,0.126,0.021,,2027-12-14T10:00:00
I10015,U1663,C095,viewed,0.218,0.098,,2027-12-14T12:00:00
I10016,U1663,C091,completed,0.493,1.0,,2027-12-14T14:00:00
I10017,U1663,C061,quiz_passed,0.875,1.0,0.771,2027-12-14T16:00:00
I10018,U1664,C067,completed,0.543,1.0,,2027-12-14T18:00:00
I10019,U1664,C053,completed,0.771,1.0,0.572,2027-12-14T20:00:00
I10020,U1664,C098,viewed,0.206,0.055,,2027-12-14T22:00:00
I10021,U1664,C006,quiz_passed,0.777,1.0,0.656,2027-12-15T00:00:00
I10022,U1664,C043,completed,0.497,1.0,,2027-12-15T02:00:00
I10023,U1664,C091,completed,0.542,1.0,,2027-12-15T04:00:00
I10024,U1664,C054,viewed,0.253,0.037,,2027-12-15T06:00:00
I10025,U1664,C095,completed,0.652,1.0,0.407,2027-12-15T08:00:00
I10026,U1664,C016,completed,0.52,1.0,,2027-12-15T10:00:00
I10027,U1664,C051,viewed,0.184,0.22,,2027-12-15T12:00:00
I10028,U1664,C067,viewed,0.216,0.0,,2027-12-15T14:00:00
I10029,U1664,C030,completed,0.576,1.0,,2027-12-15T16:00:00
I10030,U1665,C088,completed,0.479,1.0,,2027-12-15T18:00:00
I10031,U1665,C016,completed,0.814,1.0,0.728,2027-12-15T20:00:00
I10032,U1665,C001,viewed,0.268,0.44,,2027-12-15T22:00:00
I10033,U1665,C013,disliked,0.283,0.16,0.324,2027-12-16T00:00:00
I10034,U1665,C025,completed,0.462,1.0,,2027-12-16T02:00:00
I10035,U1665,C003,viewed,0.175,0.028,,2027-12-16T04:00:00
I10036,U1666,C096,completed,0.812,1.0,0.596,2027-12-16T06:00:00
I10037,U1666,C098,viewed,0.213,0.012,,2027-12-16T08:00:00
I10038,U1666,C066,quiz_passed,0.843,1.0,0.704,2027-12-16T10:00:00
I10039,U1666,C017,completed,0.85,1.0,0.807,2027-12-16T12:00:00
I10040,U1667,C048,viewed,0.192,0.077,,2027-12-16T14:00:00
I10041,U1667,C047,completed,0.505,1.0,,2027-12-16T16:00:00
I10042,U1667,C030,completed,0.558,1.0,,2027-12-16T18:00:00
I10043,U1667,C091,completed,0.475,1.0,,2027-12-16T20:00:00
I10044,U1667,C091,viewed,0.56,0.61,0.574,2027-12-16T22:00:00
I10045,U1668,C003,quiz_passed,0.793,1.0,0.781,2027-12-17T00:00:00
I10046,U1668,C047,quiz_passed,0.856,1.0,0.784,2027-12-17T02:00:00
I10047,U1668,C067,viewed,0.374,0.68,,2027-12-17T04:00:00
I10048,U1668,C006,completed,0.523,1.0,,2027-12-17T06:00:00
I10049,U1668,C076,completed,0.482,1.0,,2027-12-17T08:00:00
I10050,U1668,C067,quiz_passed,0.863,1.0,0.734,2027-12-17T10:00:00
I10051,U1669,C095,completed,0.572,1.0,,2027-12-17T12:00:00
I10052,U1669,C065,completed,0.473,1.0,,2027-12-17T14:00:00
I10053,U1669,C028,completed,0.48,1.0,,2027-12-17T16:00:00
I10054,U1669,C029,viewed,0.571,0.64,0.339,2027-12-17T18:00:00
I10055,U1669,C001,viewed,0.492,0.56,0.379,2027-12-17T20:00:00
I10056,U1670,C016,quiz_passed,0.787,1.0,0.672,2027-12-17T22:00:00
I10057,U1670,C099,viewed,0.416,0.35,0.247,2027-12-18T00:00:00
I10058,U1670,C092,completed,0.579,1.0,,2027-12-18T02:00:00
I10059,U1671,C064,completed,0.55,1.0,,2027-12-18T04:00:00
I10060,U1671,C057,quiz_passed,0.845,1.0,0.701,2027-12-18T06:00:00
I10061,U1671,C043,completed,0.752,1.0,0.593,2027-12-18T08:00:00
I10062,U1672,C029,completed,0.538,1.0,,2027-12-18T10:00:00
I10063,U1672,C018,quiz_passed,0.739,1.0,0.601,2027-12-18T12:00:00
I10064,U1673,C061,quiz_passed,0.785,1.0,0.777,2027-12-18T14:00:00
I10065,U1673,C063,quiz_passed,0.81,1.0,0.757,2027-12-18T16:00:00
I10066,U1673,C058,completed,0.484,1.0,,2027-12-18T18:00:00
I10067,U1673,C010,viewed,0.202,0.24,,2027-12-18T20:00:00
I10068,U1673,C064,completed,0.471,1.0,,2027-12-18T22:00:00
I10069,U1673,C017,disliked,0.243,0.19,,2027-12-19T00:00:00
I10070,U1673,C064,viewed,0.452,0.3,0.496,2027-12-19T02:00:00
I10071,U1674,C011,completed,0.528,1.0,,2027-12-19T04:00:00
I10072,U1674,C053,completed,0.484,1.0,,2027-12-19T06:00:00
I10073,U1674,C095,viewed,0.416,0.49,0.317,2027-12-19T08:00:00
I10074,U1674,C015,quiz_passed,0.797,1.0,0.799,2027-12-19T10:00:00
I10075,U1675,C008,completed,0.83,1.0,0.789,2027-12-19T12:00:00
I10076,U1675,C058,quiz_passed,0.843,1.0,0.719,2027-12-19T14:00:00
I10077,U1675,C073,quiz_passed,0.83,1.0,0.806,2027-12-19T16:00:00
I10078,U1675,C048,completed,0.788,1.0,0.817,2027-12-19T18:00:00
I10079,U1675,C061,completed,0.524,1.0,,2027-12-19T20:00:00
I10080,U1675,C020,viewed,0.276,0.26,,2027-12-19T22:00:00
I10081,U1675,C010,completed,0.752,1.0,0.597,2027-12-20T00:00:00
I10082,U1675,C028,viewed,0.197,0.26,,2027-12-20T02:00:00
I10083,U1676,C042,completed,0.509,1.0,,2027-12-20T04:00:00
I10084,U1676,C009,completed,0.539,1.0,,2027-12-20T06:00:00
I10085,U1676,C028,viewed,0.28,0.047,,2027-12-20T08:00:00
I10086,U1676,C002,viewed,0.525,0.67,0.474,2027-12-20T10:00:00
I10087,U1676,C078,completed,0.518,1.0,,2027-12-20T12:00:00
I10088,U1676,C013,viewed,0.436,0.69,,2027-12-20T14:00:00
I10089,U1676,C010,quiz_passed,0.744,1.0,0.622,2027-12-20T16:00:00
I10090,U1676,C013,completed,0.821,1.0,0.657,2027-12-20T18:00:00
I10091,U1677,C092,completed,0.811,1.0,0.702,2027-12-20T20:00:00
I10092,U1677,C099,viewed,0.183,0.063,,2027-12-20T22:00:00
I10093,U1677,C016,quiz_passed,0.83,1.0,0.79,2027-12-21T00:00:00
I10094,U1677,C051,viewed,0.285,0.013,,2027-12-21T02:00:00
I10095,U1677,C063,completed,0.831,1.0,0.723,2027-12-21T04:00:00
I10096,U1677,C042,quiz_passed,0.785,1.0,0.767,2027-12-21T06:00:00
I10097,U1677,C045,completed,0.703,1.0,0.596,2027-12-21T08:00:00
I10098,U1678,C092,completed,0.782,1.0,0.782,2027-12-21T10:00:00
I10099,U1678,C002,completed,0.562,1.0,,2027-12-21T12:00:00
I10100,U1678,C025,completed,0.487,1.0,,2027-12-21T14:00:00
I10101,U1678,C058,quiz_passed,0.843,1.0,0.761,2027-12-21T16:00:00
I10102,U1679,C025,completed,0.51,1.0,,2027-12-21T18:00:00
I10103,U1679,C067,quiz_passed,0.881,1.0,0.805,2027-12-21T20:00:00
I10104,U1679,C050,completed,0.476,1.0,,2027-12-21T22:00:00
I10105,U1679,C065,completed,0.848,1.0,0.727,2027-12-22T00:00:00
I10106,U1679,C043,viewed,0.347,0.57,,2027-12-22T02:00:00
I10107,U1680,C098,viewed,0.115,0.045,,2027-12-22T04:00:00
I10108,U1680,C015,completed,0.51,1.0,,2027-12-22T06:00:00
I10109,U1680,C066,disliked,0.357,0.19,0.346,2027-12-22T08:00:00
I10110,U1680,C008,quiz_passed,0.777,1.0,0.664,2027-12-22T10:00:00
I10111,U1680,C064,viewed,0.181,0.028,,2027-12-22T12:00:00
I10112,U1681,C006,completed,0.481,1.0,,2027-12-22T14:00:00
I10113,U1681,C082,viewed,0.337,0.51,,2027-12-22T16:00:00
I10114,U1681,C095,viewed,0.148,0.059,,2027-12-22T18:00:00
I10115,U1681,C017,completed,0.49,1.0,,2027-12-22T20:00:00
I10116,U1681,C092,viewed,0.334,0.46,,2027-12-22T22:00:00
I10117,U1681,C076,completed,0.471,1.0,,2027-12-23T00:00:00
I10118,U1682,C095,viewed,0.2,0.059,,2027-12-23T02:00:00
I10119,U1682,C099,completed,0.685,1.0,0.42,2027-12-23T04:00:00
I10120,U1682,C003,completed,0.505,1.0,,2027-12-23T06:00:00
I10121,U1682,C010,disliked,0.2,0.12,0.225,2027-12-23T08:00:00
I10122,U1683,C096,completed,0.465,1.0,,2027-12-23T10:00:00
I10123,U1683,C057,viewed,0.19,0.096,,2027-12-23T12:00:00
I10124,U1683,C006,quiz_passed,0.818,1.0,0.816,2027-12-23T14:00:00
I10125,U1684,C098,completed,0.483,1.0,,2027-12-23T16:00:00
I10126,U1684,C029,completed,0.782,1.0,0.653,2027-12-23T18:00:00
I10127,U1684,C002,viewed,0.216,0.048,,2027-12-23T20:00:00
I10128,U1684,C057,completed,0.576,1.0,,2027-12-23T22:00:00
I10129,U1684,C011,quiz_passed,0.784,1.0,0.622,2027-12-24T00:00:00
I10130,U1685,C018,completed,0.563,1.0,,2027-12-24T02:00:00
I10131,U1685,C002,viewed,0.134,0.023,,2027-12-24T04:00:00
I10132,U1685,C071,completed,0.466,1.0,,2027-12-24T06:00:00
I10133,U1685,C065,quiz_passed,0.817,1.0,0.675,2027-12-24T08:00:00
I10134,U1685,C051,disliked,0.328,0.09,0.372,2027-12-24T10:00:00
I10135,U1686,C092,completed,0.579,1.0,,2027-12-24T12:00:00
I10136,U1686,C095,viewed,0.109,0.03,,2027-12-24T14:00:00
I10137,U1686,C099,viewed,0.133,0.02,,2027-12-24T16:00:00
I10138,U1686,C098,completed,0.765,1.0,0.467,2027-12-24T18:00:00
I10139,U1686,C058,viewed,0.232,0.29,,2027-12-24T20:00:00
I10140,U1686,C029,disliked,0.267,0.09,0.325,2027-12-24T22:00:00
I10141,U1686,C065,quiz_passed,0.79,1.0,0.693,2027-12-25T00:00:00
I10142,U1686,C095,completed,0.767,1.0,0.513,2027-12-25T02:00:00
I10143,U1686,C025,viewed,0.119,0.057,,2027-12-25T04:00:00
I10144,U1687,C097,quiz_passed,0.859,1.0,0.752,2027-12-25T06:00:00
I10145,U1687,C006,quiz_passed,0.818,1.0,0.742,2027-12-25T08:00:00
I10146,U1687,C098,viewed,0.191,0.053,,2027-12-25T10:00:00
I10147,U1687,C017,completed,0.462,1.0,,2027-12-25T12:00:00
I10148,U1687,C061,viewed,0.263,0.3,,2027-12-25T14:00:00
I10149,U1687,C025,completed,0.486,1.0,,2027-12-25T16:00:00
I10150,U1688,C082,quiz_passed,0.8,1.0,0.76,2027-12-25T18:00:00
I10151,U1688,C096,viewed,0.278,0.29,,2027-12-25T20:00:00
I10152,U1688,C025,completed,0.778,1.0,0.682,2027-12-25T22:00:00
I10153,U1689,C095,viewed,0.195,0.031,,2027-12-26T00:00:00
I10154,U1689,C095,completed,0.547,1.0,,2027-12-26T02:00:00
I10155,U1689,C098,completed,0.496,1.0,,2027-12-26T04:00:00
I10156,U1689,C001,quiz_passed,0.786,1.0,0.811,2027-12-26T06:00:00
I10157,U1689,C028,completed,0.776,1.0,0.738,2027-12-26T08:00:00
I10158,U1689,C029,completed,0.549,1.0,,2027-12-26T10:00:00
I10159,U1689,C071,viewed,0.294,0.3,,2027-12-26T12:00:00
I10160,U1690,C053,completed,0.751,1.0,0.63,2027-12-26T14:00:00
I10161,U1690,C061,quiz_passed,0.723,1.0,0.618,2027-12-26T16:00:00
I10162,U1690,C018,quiz_passed,0.721,1.0,0.653,2027-12-26T18:00:00
I10163,U1690,C082,completed,0.717,1.0,0.613,2027-12-26T20:00:00
I10164,U1691,C078,viewed,0.495,0.4,0.568,2027-12-26T22:00:00
I10165,U1691,C076,completed,0.572,1.0,,2027-12-27T00:00:00
I10166,U1691,C057,quiz_passed,0.859,1.0,0.808,2027-12-27T02:00:00
I10167,U1692,C011,completed,0.713,1.0,0.567,2027-12-27T04:00:00
I10168,U1692,C095,viewed,0.219,0.04,,2027-12-27T06:00:00
I10169,U1692,C048,viewed,0.446,0.43,0.363,2027-12-27T08:00:00
I10170,U1692,C051,viewed,0.281,0.013,,2027-12-27T10:00:00
I10171,U1692,C047,quiz_passed,0.758,1.0,0.648,2027-12-27T12:00:00
I10172,U1692,C071,completed,0.713,1.0,0.597,2027-12-27T14:00:00
I10173,U1693,C018,completed,0.914,1.0,0.836,2027-12-27T16:00:00
I10174,U1693,C043,quiz_passed,0.495,0.26,0.716,2027-12-27T18:00:00
I10175,U1693,C099,quiz_passed,0.789,1.0,0.733,2027-12-27T20:00:00
I10176,U1694,C082,disliked,0.128,0.11,,2027-12-27T22:00:00
I10177,U1694,C095,completed,0.787,1.0,0.669,2027-12-28T00:00:00
I10178,U1695,C028,viewed,0.279,0.07,,2027-12-28T02:00:00
I10179,U1695,C078,viewed,0.277,0.047,,2027-12-28T04:00:00
I10180,U1695,C071,completed,0.567,1.0,,2027-12-28T06:00:00
I10181,U1695,C091,completed,0.51,1.0,,2027-12-28T08:00:00
I10182,U1695,C045,viewed,0.216,0.099,,2027-12-28T10:00:00
I10183,U1695,C009,completed,0.555,1.0,,2027-12-28T12:00:00
I10184,U1695,C003,quiz_passed,0.786,1.0,0.668,2027-12-28T14:00:00
I10185,U1695,C009,completed,0.503,1.0,,2027-12-28T16:00:00
I10186,U1696,C053,quiz_passed,0.878,1.0,0.847,2027-12-28T18:00:00
I10187,U1696,C050,completed,0.565,1.0,,2027-12-28T20:00:00
I10188,U1696,C099,completed,0.461,1.0,,2027-12-28T22:00:00
I10189,U1697,C098,viewed,0.274,0.042,,2027-12-29T00:00:00
I10190,U1697,C098,viewed,0.289,0.048,,2027-12-29T02:00:00
I10191,U1697,C042,quiz_passed,0.727,1.0,0.649,2027-12-29T04:00:00
I10192,U1697,C096,viewed,0.194,0.03,,2027-12-29T06:00:00
I10193,U1697,C096,viewed,0.278,0.033,,2027-12-29T08:00:00
I10194,U1697,C003,viewed,0.405,0.24,0.409,2027-12-29T10:00:00
I10195,U1697,C082,viewed,0.168,0.059,,2027-12-29T12:00:00
I10196,U1697,C051,completed,0.559,1.0,,2027-12-29T14:00:00
I10197,U1697,C063,viewed,0.112,0.053,,2027-12-29T16:00:00
I10198,U1697,C088,quiz_passed,0.759,1.0,0.606,2027-12-29T18:00:00
I10199,U1697,C018,viewed,0.269,0.44,,2027-12-29T20:00:00
I10200,U1698,C097,viewed,0.543,0.61,0.556,2027-12-29T22:00:00
I10201,U1698,C095,viewed,0.195,0.078,,2027-12-30T00:00:00
I10202,U1698,C001,completed,0.463,1.0,,2027-12-30T02:00:00
I10203,U1698,C028,completed,0.795,1.0,0.78,2027-12-30T04:00:00
I10204,U1698,C076,quiz_passed,0.864,1.0,0.755,2027-12-30T06:00:00
I10205,U1699,C025,completed,0.479,1.0,,2027-12-30T08:00:00
I10206,U1699,C098,completed,0.65,1.0,0.449,2027-12-30T10:00:00
I10207,U1700,C071,quiz_passed,0.881,1.0,0.88,2027-12-30T12:00:00
I10208,U1700,C050,quiz_passed,0.813,1.0,0.869,2027-12-30T14:00:00
I10209,U1700,C053,completed,0.532,1.0,,2027-12-30T16:00:00
I10210,U1700,C017,completed,0.512,1.0,,2027-12-30T18:00:00
I10211,U1700,C099,viewed,0.105,0.071,,2027-12-30T20:00:00
I10212,U1700,C015,completed,0.573,1.0,,2027-12-30T22:00:00
I10213,U1700,C001,quiz_passed,0.845,1.0,0.858,2027-12-31T00:00:00
I10214,U1700,C074,viewed,0.223,0.053,,2027-12-31T02:00:00
I10215,U1700,C097,viewed,0.17,0.21,,2027-12-31T04:00:00
I10216,U1700,C081,completed,0.834,1.0,0.786,2027-12-31T06:00:00
I10217,U1701,C051,quiz_passed,0.771,1.0,0.669,2027-12-31T08:00:00
I10218,U1701,C050,viewed,0.163,0.034,,2027-12-31T10:00:00
I10219,U1701,C050,completed,0.761,1.0,0.577,2027-12-31T12:00:00
I10220,U1701,C076,quiz_passed,0.834,1.0,0.657,2027-12-31T14:00:00
I10221,U1701,C091,completed,0.517,1.0,,2027-12-31T16:00:00
I10222,U1702,C001,viewed,0.364,0.5,,2027-12-31T18:00:00
I10223,U1702,C082,quiz_passed,0.823,1.0,0.671,2027-12-31T20:00:00
I10224,U1702,C018,quiz_passed,0.779,1.0,0.629,2027-12-31T22:00:00
I10225,U1702,C016,viewed,0.319,0.57,,2028-01-01T00:00:00
I10226,U1702,C015,viewed,0.224,0.004,,2028-01-01T02:00:00
I10227,U1703,C054,quiz_passed,0.84,1.0,0.806,2028-01-01T04:00:00
I10228,U1703,C048,quiz_passed,0.77,1.0,0.762,2028-01-01T06:00:00
I10229,U1703,C096,completed,0.468,1.0,,2028-01-01T08:00:00
I10230,U1703,C096,completed,0.567,1.0,,2028-01-01T10:00:00
I10231,U1703,C063,quiz_passed,0.835,1.0,0.729,2028-01-01T12:00:00
I10232,U1703,C071,viewed,0.131,0.098,,2028-01-01T14:00:00
I10233,U1703,C073,quiz_passed,0.863,1.0,0.776,2028-01-01T16:00:00
I10234,U1704,C095,viewed,0.226,0.043,,2028-01-01T18:00:00
I10235,U1704,C011,completed,0.472,1.0,,2028-01-01T20:00:00
I10236,U1704,C006,viewed,0.416,0.3,0.387,2028-01-01T22:00:00
I10237,U1704,C017,completed,0.578,1.0,,2028-01-02T00:00:00
I10238,U1704,C048,completed,0.493,1.0,,2028-01-02T02:00:00
I10239,U1705,C011,viewed,0.204,0.032,,2028-01-02T04:00:00
I10240,U1705,C002,completed,0.709,1.0,0.568,2028-01-02T06:00:00
I10241,U1705,C051,viewed,0.253,0.04,,2028-01-02T08:00:00
I10242,U1706,C030,viewed,0.214,0.083,,2028-01-02T10:00:00
I10243,U1706,C009,quiz_passed,0.808,1.0,0.607,2028-01-02T12:00:00
I10244,U1706,C095,viewed,0.146,0.006,,2028-01-02T14:00:00
I10245,U1707,C098,completed,0.467,1.0,,2028-01-02T16:00:00
I10246,U1707,C066,quiz_passed,0.827,1.0,0.67,2028-01-02T18:00:00
I10247,U1707,C098,completed,0.475,1.0,,2028-01-02T20:00:00
I10248,U1708,C095,completed,0.761,1.0,0.607,2028-01-02T22:00:00
I10249,U1708,C091,quiz_passed,0.8,1.0,0.773,2028-01-03T00:00:00
I10250,U1708,C046,completed,0.739,1.0,0.474,2028-01-03T02:00:00
I10251,U1708,C035,quiz_passed,0.844,1.0,0.783,2028-01-03T04:00:00
I10252,U1708,C064,completed,0.48,1.0,,2028-01-03T06:00:00
I10253,U1708,C006,quiz_passed,0.777,1.0,0.706,2028-01-03T08:00:00
I10254,U1708,C081,disliked,0.138,0.01,,2028-01-03T10:00:00
I10255,U1709,C099,disliked,0.192,0.1,,2028-01-03T12:00:00
I10256,U1709,C001,completed,0.82,1.0,0.689,2028-01-03T14:00:00
I10257,U1709,C054,quiz_passed,0.757,1.0,0.628,2028-01-03T16:00:00
I10258,U1709,C066,completed,0.818,1.0,0.692,2028-01-03T18:00:00
I10259,U1709,C076,completed,0.536,1.0,,2028-01-03T20:00:00
I10260,U1710,C073,completed,0.539,1.0,,2028-01-03T22:00:00
I10261,U1710,C098,viewed,0.181,0.063,,2028-01-04T00:00:00
I10262,U1710,C095,completed,0.785,1.0,0.791,2028-01-04T02:00:00
I10263,U1711,C067,completed,0.736,1.0,0.58,2028-01-04T04:00:00
I10264,U1711,C088,completed,0.751,1.0,0.565,2028-01-04T06:00:00
I10265,U1711,C067,viewed,0.221,0.023,,2028-01-04T08:00:00
I10266,U1711,C053,completed,0.722,1.0,0.57,2028-01-04T10:00:00
I10267,U1711,C095,viewed,0.291,0.0,,2028-01-04T12:00:00
I10268,U1712,C003,quiz_passed,0.813,1.0,0.877,2028-01-04T14:00:00
I10269,U1712,C016,quiz_passed,0.876,1.0,0.848,2028-01-04T16:00:00
I10270,U1712,C088,quiz_passed,0.873,1.0,0.843,2028-01-04T18:00:00
I10271,U1712,C048,completed,0.579,1.0,,2028-01-04T20:00:00
I10272,U1712,C090,viewed,0.355,0.63,,2028-01-04T22:00:00
I10273,U1713,C091,completed,0.553,1.0,,2028-01-05T00:00:00
I10274,U1713,C057,viewed,0.425,0.66,,2028-01-05T02:00:00
I10275,U1713,C046,viewed,0.29,0.078,,2028-01-05T04:00:00
I10276,U1713,C015,disliked,0.322,0.12,0.319,2028-01-05T06:00:00
I10277,U1714,C029,quiz_passed,0.838,1.0,0.76,2028-01-05T08:00:00
I10278,U1714,C008,viewed,0.273,0.41,,2028-01-05T10:00:00
I10279,U1714,C099,viewed,0.237,0.088,,2028-01-05T12:00:00
I10280,U1714,C092,completed,0.803,1.0,0.743,2028-01-05T14:00:00
I10281,U1714,C061,completed,0.462,1.0,,2028-01-05T16:00:00
I10282,U1715,C008,completed,0.47,1.0,,2028-01-05T18:00:00
I10283,U1715,C057,quiz_passed,0.904,1.0,0.841,2028-01-05T20:00:00
I10284,U1715,C051,quiz_passed,0.862,1.0,0.838,2028-01-05T22:00:00
I10285,U1716,C098,completed,0.672,1.0,0.448,2028-01-06T00:00:00
I10286,U1716,C066,completed,0.812,1.0,0.69,2028-01-06T02:00:00
I10287,U1716,C096,viewed,0.179,0.08,,2028-01-06T04:00:00
I10288,U1716,C095,disliked,0.139,0.13,,2028-01-06T06:00:00
I10289,U1716,C057,viewed,0.266,0.021,,2028-01-06T08:00:00
I10290,U1717,C047,completed,0.56,1.0,,2028-01-06T10:00:00
I10291,U1717,C088,quiz_passed,0.793,1.0,0.802,2028-01-06T12:00:00
I10292,U1717,C088,completed,0.515,1.0,,2028-01-06T14:00:00
I10293,U1717,C011,completed,0.477,1.0,,2028-01-06T16:00:00
I10294,U1718,C098,disliked,0.302,0.08,0.28,2028-01-06T18:00:00
I10295,U1718,C030,quiz_passed,0.734,1.0,0.669,2028-01-06T20:00:00
I10296,U1718,C001,completed,0.825,1.0,0.638,2028-01-06T22:00:00
I10297,U1718,C001,viewed,0.445,0.58,0.313,2028-01-07T00:00:00
I10298,U1718,C051,completed,0.567,1.0,,2028-01-07T02:00:00
I10299,U1718,C064,completed,0.703,1.0,0.561,2028-01-07T04:00:00
I10300,U1719,C030,completed,0.502,1.0,,2028-01-07T06:00:00
I10301,U1719,C095,completed,0.564,1.0,,2028-01-07T08:00:00
I10302,U1719,C095,viewed,0.333,0.4,0.206,2028-01-07T10:00:00
I10303,U1719,C048,completed,0.801,1.0,0.588,2028-01-07T12:00:00
I10304,U1719,C099,viewed,0.448,0.6,0.252,2028-01-07T14:00:00
I10305,U1719,C096,completed,0.759,1.0,0.466,2028-01-07T16:00:00
I10306,U1720,C071,completed,0.464,1.0,,2028-01-07T18:00:00
I10307,U1720,C057,completed,0.556,1.0,,2028-01-07T20:00:00
I10308,U1720,C045,completed,0.519,1.0,,2028-01-07T22:00:00
I10309,U1720,C065,disliked,0.2,0.13,,2028-01-08T00:00:00
I10310,U1720,C011,viewed,0.129,0.099,,2028-01-08T02:00:00
I10311,U1721,C016,completed,0.868,1.0,0.734,2028-01-08T04:00:00
I10312,U1721,C028,completed,0.833,1.0,0.754,2028-01-08T06:00:00
I10313,U1721,C046,viewed,0.402,0.43,0.268,2028-01-08T08:00:00
I10314,U1721,C099,viewed,0.241,0.037,,2028-01-08T10:00:00
I10315,U1721,C010,disliked,0.155,0.02,,2028-01-08T12:00:00
I10316,U1721,C076,completed,0.81,1.0,0.795,2028-01-08T14:00:00
I10317,U1721,C065,completed,0.566,1.0,,2028-01-08T16:00:00
I10318,U1721,C010,completed,0.743,1.0,0.684,2028-01-08T18:00:00
I10319,U1721,C002,viewed,0.22,0.003,,2028-01-08T20:00:00
I10320,U1721,C081,completed,0.785,1.0,0.569,2028-01-08T22:00:00
I10321,U1721,C091,completed,0.508,1.0,,2028-01-09T00:00:00
I10322,U1722,C057,quiz_passed,0.755,1.0,0.681,2028-01-09T02:00:00
I10323,U1722,C095,viewed,0.258,0.22,0.205,2028-01-09T04:00:00
I10324,U1722,C008,viewed,0.248,0.31,,2028-01-09T06:00:00
I10325,U1722,C092,quiz_passed,0.818,1.0,0.636,2028-01-09T08:00:00
I10326,U1722,C029,viewed,0.155,0.053,,2028-01-09T10:00:00
I10327,U1722,C098,completed,0.696,1.0,0.523,2028-01-09T12:00:00
I10328,U1722,C051,completed,0.795,1.0,0.586,2028-01-09T14:00:00
I10329,U1722,C028,viewed,0.37,0.54,,2028-01-09T16:00:00
I10330,U1722,C067,quiz_passed,0.779,1.0,0.619,2028-01-09T18:00:00
I10331,U1722,C043,completed,0.485,1.0,,2028-01-09T20:00:00
I10332,U1722,C009,completed,0.462,1.0,,2028-01-09T22:00:00
I10333,U1723,C057,completed,0.526,1.0,,2028-01-10T00:00:00
I10334,U1723,C006,quiz_passed,0.788,1.0,0.615,2028-01-10T02:00:00
I10335,U1723,C097,viewed,0.113,0.048,,2028-01-10T04:00:00
I10336,U1724,C095,viewed,0.2,0.26,,2028-01-10T06:00:00
I10337,U1724,C043,quiz_passed,0.8,1.0,0.663,2028-01-10T08:00:00
I10338,U1724,C050,completed,0.499,1.0,,2028-01-10T10:00:00
I10339,U1725,C095,viewed,0.27,0.32,,2028-01-10T12:00:00
I10340,U1725,C098,completed,0.719,1.0,0.461,2028-01-10T14:00:00
I10341,U1725,C064,viewed,0.236,0.04,,2028-01-10T16:00:00
I10342,U1725,C099,completed,0.482,1.0,,2028-01-10T18:00:00
I10343,U1725,C035,completed,0.494,1.0,,2028-01-10T20:00:00
I10344,U1725,C066,completed,0.737,1.0,0.617,2028-01-10T22:00:00
I10345,U1725,C078,completed,0.521,1.0,,2028-01-11T00:00:00
I10346,U1725,C051,viewed,0.283,0.084,,2028-01-11T02:00:00
I10347,U1726,C065,completed,0.47,1.0,,2028-01-11T04:00:00
I10348,U1726,C061,quiz_passed,0.428,0.15,0.676,2028-01-11T06:00:00
I10349,U1726,C082,completed,0.799,1.0,0.812,2028-01-11T08:00:00
I10350,U1726,C005,completed,0.478,1.0,,2028-01-11T10:00:00
I10351,U1726,C064,completed,0.472,1.0,,2028-01-11T12:00:00
I10352,U1727,C097,disliked,0.359,0.14,0.4,2028-01-11T14:00:00
I10353,U1727,C061,disliked,0.371,0.09,0.398,2028-01-11T16:00:00
I10354,U1727,C057,completed,0.479,1.0,,2028-01-11T18:00:00
I10355,U1728,C095,disliked,0.349,0.16,0.308,2028-01-11T20:00:00
I10356,U1728,C029,quiz_passed,0.753,1.0,0.612,2028-01-11T22:00:00
I10357,U1728,C018,viewed,0.36,0.4,0.313,2028-01-12T00:00:00
I10358,U1728,C053,completed,0.542,1.0,,2028-01-12T02:00:00
I10359,U1728,C029,completed,0.775,1.0,0.617,2028-01-12T04:00:00
I10360,U1728,C030,viewed,0.186,0.24,,2028-01-12T06:00:00
I10361,U1728,C048,completed,0.504,1.0,,2028-01-12T08:00:00
I10362,U1729,C088,quiz_passed,0.786,1.0,0.647,2028-01-12T10:00:00
I10363,U1729,C071,completed,0.468,1.0,,2028-01-12T12:00:00
I10364,U1729,C047,quiz_passed,0.733,1.0,0.648,2028-01-12T14:00:00
I10365,U1729,C013,completed,0.682,1.0,0.505,2028-01-12T16:00:00
I10366,U1729,C064,completed,0.551,1.0,,2028-01-12T18:00:00
I10367,U1729,C051,completed,0.538,1.0,,2028-01-12T20:00:00
I10368,U1730,C057,viewed,0.366,0.29,0.346,2028-01-12T22:00:00
I10369,U1730,C043,quiz_passed,0.821,1.0,0.632,2028-01-13T00:00:00
I10370,U1730,C088,viewed,0.185,0.008,,2028-01-13T02:00:00
I10371,U1730,C088,quiz_passed,0.826,1.0,0.686,2028-01-13T04:00:00
I10372,U1730,C049,quiz_passed,0.731,1.0,0.648,2028-01-13T06:00:00
I10373,U1730,C053,quiz_passed,0.824,1.0,0.624,2028-01-13T08:00:00
I10374,U1730,C025,completed,0.525,1.0,,2028-01-13T10:00:00
I10375,U1731,C096,viewed,0.121,0.016,,2028-01-13T12:00:00
I10376,U1731,C095,completed,0.694,1.0,0.478,2028-01-13T14:00:00
I10377,U1731,C098,viewed,0.296,0.001,,2028-01-13T16:00:00
I10378,U1731,C050,completed,0.5,1.0,,2028-01-13T18:00:00
I10379,U1731,C045,completed,0.701,1.0,0.424,2028-01-13T20:00:00
I10380,U1732,C099,viewed,0.156,0.005,,2028-01-13T22:00:00
I10381,U1732,C064,viewed,0.266,0.34,,2028-01-14T00:00:00
I10382,U1732,C043,viewed,0.314,0.38,,2028-01-14T02:00:00
I10383,U1732,C062,completed,0.46,1.0,,2028-01-14T04:00:00
I10384,U1732,C049,completed,0.537,1.0,,2028-01-14T06:00:00
I10385,U1732,C018,quiz_passed,0.762,1.0,0.676,2028-01-14T08:00:00
I10386,U1732,C071,viewed,0.156,0.031,,2028-01-14T10:00:00
I10387,U1732,C048,viewed,0.539,0.67,0.34,2028-01-14T12:00:00
I10388,U1732,C045,completed,0.579,1.0,,2028-01-14T14:00:00
I10389,U1733,C092,viewed,0.389,0.29,0.322,2028-01-14T16:00:00
I10390,U1733,C098,viewed,0.28,0.018,,2028-01-14T18:00:00
I10391,U1733,C015,completed,0.475,1.0,,2028-01-14T20:00:00
I10392,U1733,C097,disliked,0.281,0.0,0.444,2028-01-14T22:00:00
I10393,U1733,C016,completed,0.523,1.0,,2028-01-15T00:00:00
I10394,U1733,C015,completed,0.561,1.0,,2028-01-15T02:00:00
I10395,U1733,C051,quiz_passed,0.821,1.0,0.649,2028-01-15T04:00:00
I10396,U1733,C088,completed,0.796,1.0,0.556,2028-01-15T06:00:00
I10397,U1733,C018,quiz_passed,0.826,1.0,0.68,2028-01-15T08:00:00
I10398,U1733,C053,viewed,0.248,0.003,,2028-01-15T10:00:00
I10399,U1734,C095,viewed,0.473,0.33,0.442,2028-01-15T12:00:00
I10400,U1734,C048,completed,0.879,1.0,0.777,2028-01-15T14:00:00
I10401,U1734,C099,viewed,0.52,0.56,0.383,2028-01-15T16:00:00
I10402,U1734,C011,quiz_passed,0.764,1.0,0.725,2028-01-15T18:00:00
I10403,U1734,C025,quiz_passed,0.857,1.0,0.749,2028-01-15T20:00:00
I10404,U1734,C098,viewed,0.1,0.013,,2028-01-15T22:00:00
I10405,U1734,C057,viewed,0.599,0.56,0.506,2028-01-16T00:00:00
I10406,U1735,C029,viewed,0.256,0.46,,2028-01-16T02:00:00
I10407,U1735,C066,viewed,0.26,0.038,,2028-01-16T04:00:00
I10408,U1735,C098,completed,0.643,1.0,0.423,2028-01-16T06:00:00
I10409,U1735,C073,completed,0.732,1.0,0.569,2028-01-16T08:00:00
I10410,U1735,C030,viewed,0.223,0.21,,2028-01-16T10:00:00
I10411,U1735,C028,completed,0.553,1.0,,2028-01-16T12:00:00
I10412,U1735,C066,viewed,0.183,0.06,,2028-01-16T14:00:00
I10413,U1736,C095,completed,0.473,1.0,,2028-01-16T16:00:00
I10414,U1736,C028,viewed,0.23,0.07,,2028-01-16T18:00:00
I10415,U1736,C018,quiz_passed,0.815,1.0,0.768,2028-01-16T20:00:00
I10416,U1736,C006,completed,0.485,1.0,,2028-01-16T22:00:00
I10417,U1736,C061,quiz_passed,0.784,1.0,0.79,2028-01-17T00:00:00
I10418,U1736,C006,viewed,0.474,0.51,0.516,2028-01-17T02:00:00
I10419,U1736,C002,viewed,0.453,0.43,0.482,2028-01-17T04:00:00
I10420,U1736,C091,viewed,0.119,0.023,,2028-01-17T06:00:00
I10421,U1737,C058,viewed,0.476,0.34,0.403,2028-01-17T08:00:00
I10422,U1737,C098,viewed,0.42,0.45,0.307,2028-01-17T10:00:00
I10423,U1737,C030,completed,0.56,1.0,,2028-01-17T12:00:00
I10424,U1737,C099,disliked,0.285,0.03,0.255,2028-01-17T14:00:00
I10425,U1737,C030,viewed,0.335,0.54,,2028-01-17T16:00:00
I10426,U1737,C019,completed,0.679,1.0,0.457,2028-01-17T18:00:00
I10427,U1737,C019,completed,0.529,1.0,,2028-01-17T20:00:00
I10428,U1737,C063,viewed,0.269,0.001,,2028-01-17T22:00:00
I10429,U1737,C047,completed,0.743,1.0,0.607,2028-01-18T00:00:00
I10430,U1738,C082,completed,0.803,1.0,0.574,2028-01-18T02:00:00
I10431,U1738,C067,completed,0.758,1.0,0.66,2028-01-18T04:00:00
I10432,U1738,C092,viewed,0.403,0.66,,2028-01-18T06:00:00
I10433,U1738,C048,quiz_passed,0.812,1.0,0.633,2028-01-18T08:00:00
I10434,U1739,C043,disliked,0.097,0.07,,2028-01-18T10:00:00
I10435,U1739,C013,disliked,0.286,0.15,0.223,2028-01-18T12:00:00
I10436,U1739,C006,completed,0.806,1.0,0.674,2028-01-18T14:00:00
I10437,U1739,C045,viewed,0.105,0.054,,2028-01-18T16:00:00
I10438,U1739,C009,completed,0.822,1.0,0.633,2028-01-18T18:00:00
I10439,U1739,C001,completed,0.555,1.0,,2028-01-18T20:00:00
I10440,U1740,C064,disliked,0.318,0.02,0.584,2028-01-18T22:00:00
I10441,U1740,C006,quiz_passed,0.766,1.0,0.759,2028-01-19T00:00:00
I10442,U1740,C067,quiz_passed,0.782,1.0,0.712,2028-01-19T02:00:00
I10443,U1740,C002,quiz_passed,0.818,1.0,0.746,2028-01-19T04:00:00
I10444,U1740,C030,quiz_passed,0.84,1.0,0.743,2028-01-19T06:00:00
I10445,U1740,C015,completed,0.497,1.0,,2028-01-19T08:00:00
I10446,U1740,C048,completed,0.515,1.0,,2028-01-19T10:00:00
I10447,U1740,C028,viewed,0.236,0.3,,2028-01-19T12:00:00
I10448,U1741,C099,disliked,0.256,0.17,0.299,2028-01-19T14:00:00
I10449,U1741,C017,viewed,0.495,0.68,0.352,2028-01-19T16:00:00
I10450,U1741,C095,completed,0.519,1.0,,2028-01-19T18:00:00
I10451,U1741,C061,quiz_passed,0.746,1.0,0.61,2028-01-19T20:00:00
I10452,U1742,C091,completed,0.85,1.0,0.86,2028-01-19T22:00:00
I10453,U1742,C074,completed,0.572,1.0,,2028-01-20T00:00:00
I10454,U1742,C074,quiz_passed,0.783,1.0,0.714,2028-01-20T02:00:00
I10455,U1742,C042,quiz_passed,0.834,1.0,0.86,2028-01-20T04:00:00
I10456,U1743,C096,completed,0.773,1.0,0.535,2028-01-20T06:00:00
I10457,U1743,C095,viewed,0.512,0.67,0.299,2028-01-20T08:00:00
I10458,U1743,C017,quiz_passed,0.791,1.0,0.625,2028-01-20T10:00:00
I10459,U1743,C057,completed,0.504,1.0,,2028-01-20T12:00:00
I10460,U1743,C035,completed,0.82,1.0,0.655,2028-01-20T14:00:00
I10461,U1744,C099,viewed,0.467,0.58,0.284,2028-01-20T16:00:00
I10462,U1744,C096,disliked,0.309,0.1,0.257,2028-01-20T18:00:00
I10463,U1744,C050,disliked,0.274,0.11,0.338,2028-01-20T20:00:00
I10464,U1744,C075,viewed,0.411,0.45,0.273,2028-01-20T22:00:00
I10465,U1744,C090,completed,0.576,1.0,,2028-01-21T00:00:00
I10466,U1744,C017,quiz_passed,0.837,1.0,0.698,2028-01-21T02:00:00
I10467,U1744,C013,viewed,0.549,0.64,0.284,2028-01-21T04:00:00
I10468,U1744,C051,viewed,0.565,0.65,0.363,2028-01-21T06:00:00
I10469,U1744,C045,completed,0.742,1.0,0.546,2028-01-21T08:00:00
I10470,U1745,C096,viewed,0.246,0.005,,2028-01-21T10:00:00
I10471,U1745,C016,completed,0.79,1.0,0.594,2028-01-21T12:00:00
I10472,U1745,C010,viewed,0.262,0.43,,2028-01-21T14:00:00
I10473,U1745,C048,viewed,0.162,0.069,,2028-01-21T16:00:00
I10474,U1745,C005,completed,0.464,1.0,,2028-01-21T18:00:00
I10475,U1745,C054,disliked,0.306,0.14,0.328,2028-01-21T20:00:00
I10476,U1745,C057,completed,0.785,1.0,0.571,2028-01-21T22:00:00
I10477,U1745,C048,completed,0.55,1.0,,2028-01-22T00:00:00
I10478,U1745,C074,viewed,0.186,0.009,,2028-01-22T02:00:00
I10479,U1746,C096,viewed,0.126,0.064,,2028-01-22T04:00:00
I10480,U1746,C092,viewed,0.413,0.31,0.369,2028-01-22T06:00:00
I10481,U1746,C096,viewed,0.264,0.094,,2028-01-22T08:00:00
I10482,U1746,C053,completed,0.819,1.0,0.697,2028-01-22T10:00:00
I10483,U1746,C064,quiz_passed,0.736,1.0,0.685,2028-01-22T12:00:00
I10484,U1747,C003,completed,0.578,1.0,,2028-01-22T14:00:00
I10485,U1747,C045,completed,0.676,1.0,0.435,2028-01-22T16:00:00
I10486,U1747,C016,completed,0.474,1.0,,2028-01-22T18:00:00
I10487,U1747,C066,quiz_passed,0.776,1.0,0.664,2028-01-22T20:00:00
I10488,U1748,C098,quiz_passed,0.826,1.0,0.654,2028-01-22T22:00:00
I10489,U1748,C030,completed,0.856,1.0,0.705,2028-01-23T00:00:00
I10490,U1748,C071,completed,0.532,1.0,,2028-01-23T02:00:00
I10491,U1748,C066,quiz_passed,0.775,1.0,0.761,2028-01-23T04:00:00
I10492,U1748,C065,completed,0.49,1.0,,2028-01-23T06:00:00
I10493,U1749,C054,completed,0.796,1.0,0.565,2028-01-23T08:00:00
I10494,U1749,C067,completed,0.526,1.0,,2028-01-23T10:00:00
I10495,U1749,C095,viewed,0.334,0.4,,2028-01-23T12:00:00
I10496,U1750,C098,viewed,0.118,0.074,,2028-01-23T14:00:00
I10497,U1750,C003,completed,0.469,1.0,,2028-01-23T16:00:00
I10498,U1750,C081,viewed,0.211,0.065,,2028-01-23T18:00:00
I10499,U1751,C067,completed,0.507,1.0,,2028-01-23T20:00:00
I10500,U1751,C003,disliked,0.279,0.03,0.402,2028-01-23T22:00:00
I10501,U1751,C057,viewed,0.502,0.46,0.432,2028-01-24T00:00:00
I10502,U1751,C029,completed,0.745,1.0,0.599,2028-01-24T02:00:00
I10503,U1751,C081,viewed,0.139,0.024,,2028-01-24T04:00:00
I10504,U1751,C081,completed,0.466,1.0,,2028-01-24T06:00:00
I10505,U1751,C044,viewed,0.282,0.034,,2028-01-24T08:00:00
I10506,U1752,C092,quiz_passed,0.839,1.0,0.686,2028-01-24T10:00:00
I10507,U1752,C095,completed,0.682,1.0,0.502,2028-01-24T12:00:00
I10508,U1752,C099,completed,0.685,1.0,0.417,2028-01-24T14:00:00
I10509,U1752,C035,viewed,0.299,0.074,,2028-01-24T16:00:00
I10510,U1752,C064,quiz_passed,0.813,1.0,0.632,2028-01-24T18:00:00
I10511,U1753,C043,completed,0.485,1.0,,2028-01-24T20:00:00
I10512,U1753,C075,viewed,0.213,0.014,,2028-01-24T22:00:00
I10513,U1753,C044,completed,0.499,1.0,,2028-01-25T00:00:00
I10514,U1753,C075,viewed,0.473,0.54,0.262,2028-01-25T02:00:00
I10515,U1754,C001,completed,0.809,1.0,0.578,2028-01-25T04:00:00
I10516,U1754,C011,viewed,0.228,0.35,,2028-01-25T06:00:00
I10517,U1754,C081,viewed,0.258,0.041,,2028-01-25T08:00:00
I10518,U1754,C071,viewed,0.201,0.026,,2028-01-25T10:00:00
I10519,U1754,C015,viewed,0.261,0.28,,2028-01-25T12:00:00
I10520,U1755,C002,completed,0.789,1.0,0.749,2028-01-25T14:00:00
I10521,U1755,C074,viewed,0.139,0.063,,2028-01-25T16:00:00
I10522,U1755,C043,completed,0.568,1.0,,2028-01-25T18:00:00
I10523,U1756,C071,viewed,0.163,0.01,,2028-01-25T20:00:00
I10524,U1756,C095,completed,0.748,1.0,0.537,2028-01-25T22:00:00
I10525,U1757,C096,quiz_passed,0.775,1.0,0.7,2028-01-26T00:00:00
I10526,U1757,C064,quiz_passed,0.908,1.0,0.873,2028-01-26T02:00:00
I10527,U1757,C071,completed,0.46,1.0,,2028-01-26T04:00:00
I10528,U1757,C006,completed,0.832,1.0,0.809,2028-01-26T06:00:00
I10529,U1757,C050,completed,0.503,1.0,,2028-01-26T08:00:00
I10530,U1757,C003,completed,0.556,1.0,,2028-01-26T10:00:00
I10531,U1757,C097,completed,0.493,1.0,,2028-01-26T12:00:00
I10532,U1757,C088,completed,0.486,1.0,,2028-01-26T14:00:00
I10533,U1757,C061,completed,0.851,1.0,0.864,2028-01-26T16:00:00
I10534,U1757,C006,quiz_passed,0.828,1.0,0.846,2028-01-26T18:00:00
I10535,U1758,C098,viewed,0.475,0.27,0.478,2028-01-26T20:00:00
I10536,U1758,C025,quiz_passed,0.543,0.27,0.722,2028-01-26T22:00:00
I10537,U1758,C095,viewed,0.282,0.042,,2028-01-27T00:00:00
I10538,U1758,C099,completed,0.831,1.0,0.763,2028-01-27T02:00:00
I10539,U1758,C095,quiz_passed,0.866,1.0,0.764,2028-01-27T04:00:00
I10540,U1758,C053,completed,0.497,1.0,,2028-01-27T06:00:00
I10541,U1758,C028,completed,0.537,1.0,,2028-01-27T08:00:00
I10542,U1759,C042,completed,0.569,1.0,,2028-01-27T10:00:00
I10543,U1759,C028,viewed,0.276,0.27,,2028-01-27T12:00:00
I10544,U1759,C002,disliked,0.455,0.14,0.552,2028-01-27T14:00:00
I10545,U1759,C090,completed,0.461,1.0,,2028-01-27T16:00:00
I10546,U1759,C015,viewed,0.589,0.61,0.482,2028-01-27T18:00:00
I10547,U1760,C073,completed,0.568,1.0,,2028-01-27T20:00:00
I10548,U1760,C048,completed,0.808,1.0,0.726,2028-01-27T22:00:00
I10549,U1760,C096,viewed,0.591,0.7,0.342,2028-01-28T00:00:00
I10550,U1760,C098,quiz_passed,0.812,1.0,0.615,2028-01-28T02:00:00
I10551,U1760,C099,viewed,0.281,0.001,,2028-01-28T04:00:00
I10552,U1760,C099,viewed,0.286,0.046,,2028-01-28T06:00:00
I10553,U1760,C006,quiz_passed,0.828,1.0,0.719,2028-01-28T08:00:00
I10554,U1760,C099,viewed,0.297,0.064,,2028-01-28T10:00:00
I10555,U1761,C067,quiz_passed,0.863,1.0,0.874,2028-01-28T12:00:00
I10556,U1761,C003,completed,0.523,1.0,,2028-01-28T14:00:00
I10557,U1761,C043,completed,0.857,1.0,0.869,2028-01-28T16:00:00
I10558,U1761,C075,completed,0.535,1.0,,2028-01-28T18:00:00
I10559,U1762,C064,completed,0.886,1.0,0.793,2028-01-28T20:00:00
I10560,U1762,C018,viewed,0.466,0.26,0.512,2028-01-28T22:00:00
I10561,U1762,C066,quiz_passed,0.79,1.0,0.705,2028-01-29T00:00:00
I10562,U1762,C095,viewed,0.131,0.1,,2028-01-29T02:00:00
I10563,U1762,C051,disliked,0.437,0.16,0.577,2028-01-29T04:00:00
I10564,U1762,C074,viewed,0.226,0.079,,2028-01-29T06:00:00
I10565,U1763,C057,completed,0.839,1.0,0.881,2028-01-29T08:00:00
I10566,U1763,C098,quiz_passed,0.81,1.0,0.74,2028-01-29T10:00:00
I10567,U1763,C098,completed,0.538,1.0,,2028-01-29T12:00:00
I10568,U1764,C049,viewed,0.515,0.57,0.311,2028-01-29T14:00:00
I10569,U1764,C092,completed,0.749,1.0,0.578,2028-01-29T16:00:00
I10570,U1764,C026,viewed,0.165,0.047,,2028-01-29T18:00:00
I10571,U1764,C008,quiz_passed,0.817,1.0,0.678,2028-01-29T20:00:00
I10572,U1765,C030,viewed,0.129,0.012,,2028-01-29T22:00:00
I10573,U1765,C050,completed,0.763,1.0,0.607,2028-01-30T00:00:00
I10574,U1765,C051,viewed,0.459,0.54,0.343,2028-01-30T02:00:00
I10575,U1765,C047,completed,0.471,1.0,,2028-01-30T04:00:00
I10576,U1765,C048,completed,0.495,1.0,,2028-01-30T06:00:00
I10577,U1766,C095,completed,0.727,1.0,0.454,2028-01-30T08:00:00
I10578,U1766,C096,viewed,0.469,0.69,0.244,2028-01-30T10:00:00
I10579,U1766,C076,completed,0.557,1.0,,2028-01-30T12:00:00
I10580,U1766,C066,viewed,0.252,0.014,,2028-01-30T14:00:00
I10581,U1766,C064,viewed,0.156,0.066,,2028-01-30T16:00:00
I10582,U1766,C029,quiz_passed,0.712,1.0,0.614,2028-01-30T18:00:00
I10583,U1767,C099,quiz_passed,0.741,1.0,0.613,2028-01-30T20:00:00
I10584,U1767,C099,completed,0.74,1.0,0.555,2028-01-30T22:00:00
I10585,U1767,C072,completed,0.526,1.0,,2028-01-31T00:00:00
I10586,U1767,C065,completed,0.559,1.0,,2028-01-31T02:00:00
I10587,U1767,C099,completed,0.567,1.0,,2028-01-31T04:00:00
I10588,U1768,C011,completed,0.513,1.0,,2028-01-31T06:00:00
I10589,U1768,C095,viewed,0.153,0.097,,2028-01-31T08:00:00
I10590,U1768,C061,viewed,0.172,0.013,,2028-01-31T10:00:00
I10591,U1768,C099,completed,0.569,1.0,,2028-01-31T12:00:00
I10592,U1768,C009,completed,0.782,1.0,0.658,2028-01-31T14:00:00
I10593,U1768,C017,completed,0.795,1.0,0.566,2028-01-31T16:00:00
I10594,U1768,C043,quiz_passed,0.771,1.0,0.657,2028-01-31T18:00:00
I10595,U1768,C066,completed,0.709,1.0,0.585,2028-01-31T20:00:00
I10596,U1768,C045,viewed,0.287,0.09,,2028-01-31T22:00:00
I10597,U1769,C054,viewed,0.354,0.26,0.355,2028-02-01T00:00:00
I10598,U1769,C029,completed,0.462,1.0,,2028-02-01T02:00:00
I10599,U1769,C096,viewed,0.354,0.28,0.288,2028-02-01T04:00:00
I10600,U1769,C095,viewed,0.117,0.071,,2028-02-01T06:00:00
I10601,U1770,C015,disliked,0.213,0.05,0.323,2028-02-01T08:00:00
I10602,U1770,C016,completed,0.544,1.0,,2028-02-01T10:00:00
I10603,U1770,C062,quiz_passed,0.77,1.0,0.603,2028-02-01T12:00:00
I10604,U1770,C098,disliked,0.22,0.12,,2028-02-01T14:00:00
I10605,U1770,C073,completed,0.492,1.0,,2028-02-01T16:00:00
I10606,U1771,C073,quiz_passed,0.815,1.0,0.826,2028-02-01T18:00:00
I10607,U1771,C062,viewed,0.21,0.006,,2028-02-01T20:00:00
I10608,U1771,C064,quiz_passed,0.814,1.0,0.881,2028-02-01T22:00:00
I10609,U1771,C054,quiz_passed,0.899,1.0,0.854,2028-02-02T00:00:00
I10610,U1771,C003,completed,0.494,1.0,,2028-02-02T02:00:00
I10611,U1772,C098,viewed,0.157,0.043,,2028-02-02T04:00:00
I10612,U1772,C096,viewed,0.537,0.62,0.446,2028-02-02T06:00:00
I10613,U1772,C025,quiz_passed,0.861,1.0,0.77,2028-02-02T08:00:00
I10614,U1772,C096,completed,0.54,1.0,,2028-02-02T10:00:00
I10615,U1772,C003,quiz_passed,0.8,1.0,0.739,2028-02-02T12:00:00
I10616,U1773,C043,completed,0.561,1.0,,2028-02-02T14:00:00
I10617,U1773,C075,completed,0.805,1.0,0.747,2028-02-02T16:00:00
I10618,U1773,C049,completed,0.515,1.0,,2028-02-02T18:00:00
I10619,U1773,C046,disliked,0.235,0.19,,2028-02-02T20:00:00
I10620,U1773,C030,quiz_passed,0.914,1.0,0.84,2028-02-02T22:00:00
I10621,U1773,C045,viewed,0.206,0.003,,2028-02-03T00:00:00
I10622,U1774,C050,quiz_passed,0.763,1.0,0.652,2028-02-03T02:00:00
I10623,U1774,C081,completed,0.681,1.0,0.524,2028-02-03T04:00:00
I10624,U1774,C075,viewed,0.108,0.089,,2028-02-03T06:00:00
I10625,U1774,C047,quiz_passed,0.724,1.0,0.602,2028-02-03T08:00:00
I10626,U1774,C005,completed,0.497,1.0,,2028-02-03T10:00:00
I10627,U1774,C095,viewed,0.271,0.007,,2028-02-03T12:00:00
I10628,U1774,C016,viewed,0.428,0.53,0.322,2028-02-03T14:00:00
I10629,U1775,C088,completed,0.534,1.0,,2028-02-03T16:00:00
I10630,U1775,C064,quiz_passed,0.841,1.0,0.801,2028-02-03T18:00:00
I10631,U1775,C095,viewed,0.171,0.27,,2028-02-03T20:00:00
I10632,U1775,C018,viewed,0.575,0.56,0.581,2028-02-03T22:00:00
I10633,U1775,C099,quiz_passed,0.76,1.0,0.639,2028-02-04T00:00:00
I10634,U1776,C016,quiz_passed,0.839,1.0,0.872,2028-02-04T02:00:00
I10635,U1776,C045,quiz_passed,0.825,1.0,0.768,2028-02-04T04:00:00
I10636,U1776,C088,completed,0.577,1.0,,2028-02-04T06:00:00
I10637,U1776,C066,quiz_passed,0.905,1.0,0.816,2028-02-04T08:00:00
I10638,U1776,C090,completed,0.564,1.0,,2028-02-04T10:00:00
I10639,U1776,C061,completed,0.487,1.0,,2028-02-04T12:00:00
I10640,U1776,C076,quiz_passed,0.827,1.0,0.851,2028-02-04T14:00:00
I10641,U1777,C018,viewed,0.183,0.27,,2028-02-04T16:00:00
I10642,U1777,C042,disliked,0.403,0.18,0.512,2028-02-04T18:00:00
I10643,U1777,C016,disliked,0.224,0.17,,2028-02-04T20:00:00
I10644,U1777,C051,viewed,0.202,0.021,,2028-02-04T22:00:00
I10645,U1777,C016,quiz_passed,0.786,1.0,0.801,2028-02-05T00:00:00
I10646,U1778,C001,viewed,0.169,0.02,,2028-02-05T02:00:00
I10647,U1778,C095,viewed,0.293,0.3,0.226,2028-02-05T04:00:00
I10648,U1778,C073,viewed,0.142,0.034,,2028-02-05T06:00:00
I10649,U1778,C030,completed,0.754,1.0,0.65,2028-02-05T08:00:00
I10650,U1778,C099,viewed,0.277,0.21,0.301,2028-02-05T10:00:00
I10651,U1778,C043,viewed,0.442,0.44,0.429,2028-02-05T12:00:00
I10652,U1779,C065,completed,0.818,1.0,0.6,2028-02-05T14:00:00
I10653,U1779,C011,quiz_passed,0.718,1.0,0.619,2028-02-05T16:00:00
I10654,U1779,C096,viewed,0.102,0.028,,2028-02-05T18:00:00
I10655,U1779,C067,viewed,0.118,0.08,,2028-02-05T20:00:00
I10656,U1779,C050,disliked,0.31,0.1,0.367,2028-02-05T22:00:00
I10657,U1779,C096,completed,0.721,1.0,0.502,2028-02-06T00:00:00
I10658,U1779,C048,completed,0.568,1.0,,2028-02-06T02:00:00
I10659,U1780,C047,completed,0.555,1.0,,2028-02-06T04:00:00
I10660,U1780,C011,completed,0.462,1.0,,2028-02-06T06:00:00
I10661,U1780,C017,completed,0.564,1.0,,2028-02-06T08:00:00
I10662,U1780,C006,completed,0.489,1.0,,2028-02-06T10:00:00
I10663,U1781,C096,completed,0.667,1.0,0.482,2028-02-06T12:00:00
I10664,U1781,C009,completed,0.487,1.0,,2028-02-06T14:00:00
I10665,U1781,C008,completed,0.551,1.0,,2028-02-06T16:00:00
I10666,U1781,C017,completed,0.757,1.0,0.571,2028-02-06T18:00:00
I10667,U1782,C042,quiz_passed,0.794,1.0,0.637,2028-02-06T20:00:00
I10668,U1782,C096,viewed,0.291,0.43,,2028-02-06T22:00:00
I10669,U1782,C096,completed,0.664,1.0,0.436,2028-02-07T00:00:00
I10670,U1782,C051,completed,0.47,1.0,,2028-02-07T02:00:00
I10671,U1782,C016,completed,0.753,1.0,0.636,2028-02-07T04:00:00
I10672,U1782,C072,viewed,0.148,0.096,,2028-02-07T06:00:00
I10673,U1782,C016,completed,0.486,1.0,,2028-02-07T08:00:00
I10674,U1782,C081,completed,0.523,1.0,,2028-02-07T10:00:00
I10675,U1783,C098,viewed,0.406,0.33,0.27,2028-02-07T12:00:00
I10676,U1783,C066,completed,0.513,1.0,,2028-02-07T14:00:00
I10677,U1783,C053,viewed,0.351,0.69,,2028-02-07T16:00:00
I10678,U1783,C091,quiz_passed,0.829,1.0,0.623,2028-02-07T18:00:00
I10679,U1783,C071,completed,0.744,1.0,0.569,2028-02-07T20:00:00
I10680,U1783,C044,viewed,0.275,0.5,,2028-02-07T22:00:00
I10681,U1783,C044,disliked,0.285,0.19,0.246,2028-02-08T00:00:00
I10682,U1784,C043,completed,0.818,1.0,0.69,2028-02-08T02:00:00
I10683,U1784,C013,viewed,0.257,0.49,,2028-02-08T04:00:00
I10684,U1784,C075,disliked,0.299,0.06,0.286,2028-02-08T06:00:00
I10685,U1784,C090,completed,0.693,1.0,0.513,2028-02-08T08:00:00
I10686,U1785,C043,completed,0.529,1.0,,2028-02-08T10:00:00
I10687,U1785,C082,viewed,0.268,0.053,,2028-02-08T12:00:00
I10688,U1785,C071,viewed,0.392,0.28,0.399,2028-02-08T14:00:00
I10689,U1785,C011,viewed,0.154,0.031,,2028-02-08T16:00:00
I10690,U1786,C001,quiz_passed,0.795,1.0,0.684,2028-02-08T18:00:00
I10691,U1786,C025,viewed,0.357,0.21,0.323,2028-02-08T20:00:00
I10692,U1786,C053,completed,0.578,1.0,,2028-02-08T22:00:00
I10693,U1786,C016,viewed,0.375,0.51,,2028-02-09T00:00:00
I10694,U1787,C096,completed,0.676,1.0,0.445,2028-02-09T02:00:00
I10695,U1787,C035,viewed,0.361,0.37,0.337,2028-02-09T04:00:00
I10696,U1787,C001,viewed,0.173,0.23,,2028-02-09T06:00:00
I10697,U1787,C088,viewed,0.229,0.3,,2028-02-09T08:00:00
I10698,U1787,C054,completed,0.549,1.0,,2028-02-09T10:00:00
I10699,U1787,C081,viewed,0.15,0.059,,2028-02-09T12:00:00
I10700,U1787,C002,disliked,0.287,0.12,0.331,2028-02-09T14:00:00
I10701,U1788,C042,viewed,0.249,0.012,,2028-02-09T16:00:00
I10702,U1788,C096,completed,0.566,1.0,,2028-02-09T18:00:00
I10703,U1788,C082,viewed,0.154,0.001,,2028-02-09T20:00:00
I10704,U1788,C096,completed,0.479,1.0,,2028-02-09T22:00:00
I10705,U1788,C099,completed,0.802,1.0,0.66,2028-02-10T00:00:00
I10706,U1788,C011,quiz_passed,0.804,1.0,0.717,2028-02-10T02:00:00
I10707,U1789,C042,viewed,0.334,0.6,,2028-02-10T04:00:00
I10708,U1789,C018,viewed,0.374,0.24,0.434,2028-02-10T06:00:00
I10709,U1789,C098,viewed,0.152,0.061,,2028-02-10T08:00:00
I10710,U1789,C016,quiz_passed,0.809,1.0,0.63,2028-02-10T10:00:00
I10711,U1789,C006,completed,0.788,1.0,0.575,2028-02-10T12:00:00
I10712,U1789,C015,completed,0.509,1.0,,2028-02-10T14:00:00
I10713,U1790,C066,completed,0.8,1.0,0.625,2028-02-10T16:00:00
I10714,U1790,C092,disliked,0.12,0.13,,2028-02-10T18:00:00
I10715,U1790,C003,completed,0.541,1.0,,2028-02-10T20:00:00
I10716,U1790,C010,viewed,0.293,0.099,,2028-02-10T22:00:00
I10717,U1790,C044,completed,0.652,1.0,0.459,2028-02-11T00:00:00
I10718,U1790,C097,viewed,0.196,0.089,,2028-02-11T02:00:00
I10719,U1791,C096,viewed,0.362,0.4,0.297,2028-02-11T04:00:00
I10720,U1791,C030,viewed,0.435,0.64,,2028-02-11T06:00:00
I10721,U1791,C098,completed,0.694,1.0,0.432,2028-02-11T08:00:00
I10722,U1791,C042,completed,0.783,1.0,0.576,2028-02-11T10:00:00
I10723,U1791,C016,viewed,0.519,0.57,0.331,2028-02-11T12:00:00
I10724,U1791,C082,viewed,0.149,0.092,,2028-02-11T14:00:00
I10725,U1792,C095,viewed,0.195,0.042,,2028-02-11T16:00:00
I10726,U1792,C002,viewed,0.314,0.39,,2028-02-11T18:00:00
I10727,U1792,C075,completed,0.666,1.0,0.495,2028-02-11T20:00:00
I10728,U1792,C044,viewed,0.27,0.047,,2028-02-11T22:00:00
I10729,U1792,C013,completed,0.74,1.0,0.489,2028-02-12T00:00:00
I10730,U1792,C001,quiz_passed,0.789,1.0,0.616,2028-02-12T02:00:00
I10731,U1792,C082,viewed,0.427,0.41,0.365,2028-02-12T04:00:00
I10732,U1793,C095,completed,0.541,1.0,,2028-02-12T06:00:00
I10733,U1793,C008,viewed,0.15,0.069,,2028-02-12T08:00:00
I10734,U1793,C057,disliked,0.348,0.1,0.369,2028-02-12T10:00:00
I10735,U1793,C096,completed,0.474,1.0,,2028-02-12T12:00:00
I10736,U1793,C095,viewed,0.296,0.092,,2028-02-12T14:00:00
I10737,U1793,C095,completed,0.721,1.0,0.435,2028-02-12T16:00:00
I10738,U1794,C050,completed,0.85,1.0,0.829,2028-02-12T18:00:00
I10739,U1794,C045,completed,0.492,1.0,,2028-02-12T20:00:00
I10740,U1794,C092,quiz_passed,0.824,1.0,0.861,2028-02-12T22:00:00
I10741,U1794,C043,completed,0.528,1.0,,2028-02-13T00:00:00
I10742,U1795,C098,completed,0.544,1.0,,2028-02-13T02:00:00
I10743,U1795,C043,viewed,0.367,0.58,,2028-02-13T04:00:00
I10744,U1795,C013,disliked,0.321,0.12,0.316,2028-02-13T06:00:00
I10745,U1795,C011,quiz_passed,0.807,1.0,0.772,2028-02-13T08:00:00
I10746,U1795,C001,quiz_passed,0.872,1.0,0.752,2028-02-13T10:00:00
I10747,U1795,C071,quiz_passed,0.852,1.0,0.81,2028-02-13T12:00:00
I10748,U1796,C095,viewed,0.166,0.048,,2028-02-13T14:00:00
I10749,U1796,C099,disliked,0.176,0.04,0.225,2028-02-13T16:00:00
I10750,U1796,C095,viewed,0.491,0.51,0.291,2028-02-13T18:00:00
I10751,U1796,C099,completed,0.686,1.0,0.393,2028-02-13T20:00:00
I10752,U1796,C076,viewed,0.2,0.084,,2028-02-13T22:00:00
I10753,U1796,C098,viewed,0.53,0.68,0.273,2028-02-14T00:00:00
I10754,U1797,C092,completed,0.577,1.0,,2028-02-14T02:00:00
I10755,U1797,C047,quiz_passed,0.928,1.0,0.874,2028-02-14T04:00:00
I10756,U1797,C096,viewed,0.225,0.015,,2028-02-14T06:00:00
I10757,U1797,C050,quiz_passed,0.925,1.0,0.875,2028-02-14T08:00:00
I10758,U1798,C015,completed,0.474,1.0,,2028-02-14T10:00:00
I10759,U1798,C046,completed,0.494,1.0,,2028-02-14T12:00:00
I10760,U1798,C002,completed,0.469,1.0,,2028-02-14T14:00:00
I10761,U1798,C097,quiz_passed,0.401,0.1,0.71,2028-02-14T16:00:00
I10762,U1798,C008,completed,0.546,1.0,,2028-02-14T18:00:00
I10763,U1798,C046,quiz_passed,0.776,1.0,0.604,2028-02-14T20:00:00
I10764,U1798,C081,completed,0.461,1.0,,2028-02-14T22:00:00
I10765,U1799,C003,completed,0.511,1.0,,2028-02-15T00:00:00
I10766,U1799,C025,viewed,0.353,0.67,,2028-02-15T02:00:00
I10767,U1799,C005,viewed,0.342,0.49,,2028-02-15T04:00:00
I10768,U1799,C011,completed,0.552,1.0,,2028-02-15T06:00:00
I10769,U1799,C057,completed,0.493,1.0,,2028-02-15T08:00:00
I10770,U1799,C075,viewed,0.133,0.033,,2028-02-15T10:00:00
I10771,U1799,C045,completed,0.516,1.0,,2028-02-15T12:00:00
I10772,U1800,C091,viewed,0.218,0.052,,2028-02-15T14:00:00
I10773,U1800,C001,quiz_passed,0.843,1.0,0.692,2028-02-15T16:00:00
I10774,U1800,C064,completed,0.729,1.0,0.611,2028-02-15T18:00:00
I10775,U1800,C088,disliked,0.362,0.19,0.346,2028-02-15T20:00:00
I10776,U1800,C092,viewed,0.229,0.3,,2028-02-15T22:00:00
I10777,U1800,C025,completed,0.761,1.0,0.568,2028-02-16T00:00:00
I10778,U1800,C099,completed,0.681,1.0,0.538,2028-02-16T02:00:00
I10779,U1800,C081,completed,0.554,1.0,,2028-02-16T04:00:00
I10780,U1800,C096,viewed,0.445,0.47,0.198,2028-02-16T06:00:00
I10781,U1801,C096,completed,0.779,1.0,0.557,2028-02-16T08:00:00
I10782,U1801,C017,quiz_passed,0.778,1.0,0.716,2028-02-16T10:00:00
I10783,U1801,C099,quiz_passed,0.731,1.0,0.633,2028-02-16T12:00:00
I10784,U1801,C015,completed,0.874,1.0,0.771,2028-02-16T14:00:00
I10785,U1801,C018,viewed,0.56,0.7,0.505,2028-02-16T16:00:00
I10786,U1802,C025,completed,0.51,1.0,,2028-02-16T18:00:00
I10787,U1802,C047,viewed,0.13,0.059,,2028-02-16T20:00:00
I10788,U1802,C095,viewed,0.399,0.68,,2028-02-16T22:00:00
I10789,U1802,C092,completed,0.541,1.0,,2028-02-17T00:00:00
I10790,U1802,C016,viewed,0.168,0.026,,2028-02-17T02:00:00
I10791,U1803,C057,completed,0.564,1.0,,2028-02-17T04:00:00
I10792,U1803,C095,completed,0.537,1.0,,2028-02-17T06:00:00
I10793,U1803,C042,viewed,0.361,0.48,,2028-02-17T08:00:00
I10794,U1803,C054,viewed,0.145,0.098,,2028-02-17T10:00:00
I10795,U1804,C097,viewed,0.242,0.081,,2028-02-17T12:00:00
I10796,U1804,C071,completed,0.782,1.0,0.698,2028-02-17T14:00:00
I10797,U1804,C006,completed,0.567,1.0,,2028-02-17T16:00:00
I10798,U1804,C001,completed,0.474,1.0,,2028-02-17T18:00:00
I10799,U1805,C096,viewed,0.219,0.23,,2028-02-17T20:00:00
I10800,U1805,C097,viewed,0.203,0.1,,2028-02-17T22:00:00
I10801,U1805,C098,completed,0.697,1.0,0.557,2028-02-18T00:00:00
I10802,U1805,C099,viewed,0.117,0.082,,2028-02-18T02:00:00
I10803,U1805,C003,disliked,0.335,0.03,0.576,2028-02-18T04:00:00
I10804,U1805,C003,completed,0.524,1.0,,2028-02-18T06:00:00
I10805,U1806,C051,completed,0.464,1.0,,2028-02-18T08:00:00
I10806,U1806,C011,viewed,0.201,0.029,,2028-02-18T10:00:00
I10807,U1806,C048,viewed,0.196,0.094,,2028-02-18T12:00:00
I10808,U1806,C042,completed,0.689,1.0,0.56,2028-02-18T14:00:00
I10809,U1806,C090,completed,0.718,1.0,0.548,2028-02-18T16:00:00
I10810,U1806,C002,completed,0.534,1.0,,2028-02-18T18:00:00
I10811,U1806,C013,disliked,0.169,0.03,,2028-02-18T20:00:00
I10812,U1807,C095,viewed,0.166,0.007,,2028-02-18T22:00:00
I10813,U1807,C015,quiz_passed,0.613,0.62,0.688,2028-02-19T00:00:00
I10814,U1807,C090,completed,0.818,1.0,0.776,2028-02-19T02:00:00
I10815,U1807,C075,completed,0.567,1.0,,2028-02-19T04:00:00
I10816,U1807,C081,completed,0.547,1.0,,2028-02-19T06:00:00
I10817,U1807,C074,viewed,0.389,0.24,0.54,2028-02-19T08:00:00
I10818,U1808,C054,viewed,0.391,0.29,0.401,2028-02-19T10:00:00
I10819,U1808,C057,viewed,0.238,0.065,,2028-02-19T12:00:00
I10820,U1808,C095,viewed,0.104,0.086,,2028-02-19T14:00:00
I10821,U1809,C064,viewed,0.172,0.063,,2028-02-19T16:00:00
I10822,U1809,C091,completed,0.504,1.0,,2028-02-19T18:00:00
I10823,U1809,C075,quiz_passed,0.786,1.0,0.652,2028-02-19T20:00:00
I10824,U1809,C071,quiz_passed,0.871,1.0,0.782,2028-02-19T22:00:00
I10825,U1809,C046,disliked,0.126,0.05,,2028-02-20T00:00:00
I10826,U1809,C001,viewed,0.136,0.081,,2028-02-20T02:00:00
I10827,U1809,C028,viewed,0.293,0.072,,2028-02-20T04:00:00
I10828,U1810,C029,viewed,0.401,0.43,0.396,2028-02-20T06:00:00
I10829,U1810,C095,completed,0.718,1.0,0.53,2028-02-20T08:00:00
I10830,U1810,C003,completed,0.832,1.0,0.696,2028-02-20T10:00:00
I10831,U1810,C044,completed,0.516,1.0,,2028-02-20T12:00:00
I10832,U1810,C081,completed,0.678,1.0,0.503,2028-02-20T14:00:00
I10833,U1810,C003,quiz_passed,0.836,1.0,0.645,2028-02-20T16:00:00
I10834,U1810,C074,viewed,0.233,0.062,,2028-02-20T18:00:00
I10835,U1810,C044,viewed,0.156,0.008,,2028-02-20T20:00:00
I10836,U1810,C067,viewed,0.28,0.2,0.344,2028-02-20T22:00:00
I10837,U1810,C043,completed,0.496,1.0,,2028-02-21T00:00:00
I10838,U1811,C096,viewed,0.212,0.22,,2028-02-21T02:00:00
I10839,U1811,C096,completed,0.527,1.0,,2028-02-21T04:00:00
I10840,U1811,C099,completed,0.648,1.0,0.46,2028-02-21T06:00:00
I10841,U1811,C092,disliked,0.133,0.12,,2028-02-21T08:00:00
I10842,U1811,C096,disliked,0.24,0.01,0.24,2028-02-21T10:00:00
I10843,U1811,C061,completed,0.491,1.0,,2028-02-21T12:00:00
I10844,U1811,C082,quiz_passed,0.782,1.0,0.64,2028-02-21T14:00:00
I10845,U1811,C064,disliked,0.199,0.07,,2028-02-21T16:00:00
I10846,U1812,C092,completed,0.811,1.0,0.587,2028-02-21T18:00:00
I10847,U1812,C065,disliked,0.285,0.04,0.43,2028-02-21T20:00:00
I10848,U1812,C098,completed,0.54,1.0,,2028-02-21T22:00:00
I10849,U1812,C064,completed,0.542,1.0,,2028-02-22T00:00:00
I10850,U1813,C096,viewed,0.534,0.68,0.339,2028-02-22T02:00:00
I10851,U1813,C091,completed,0.796,1.0,0.716,2028-02-22T04:00:00
I10852,U1813,C029,viewed,0.478,0.32,0.452,2028-02-22T06:00:00
I10853,U1813,C017,viewed,0.181,0.041,,2028-02-22T08:00:00
I10854,U1813,C006,completed,0.796,1.0,0.809,2028-02-22T10:00:00
I10855,U1813,C045,viewed,0.196,0.002,,2028-02-22T12:00:00
I10856,U1814,C006,quiz_passed,0.875,1.0,0.862,2028-02-22T14:00:00
I10857,U1814,C001,quiz_passed,0.876,1.0,0.819,2028-02-22T16:00:00
I10858,U1814,C073,quiz_passed,0.821,1.0,0.884,2028-02-22T18:00:00
I10859,U1814,C001,viewed,0.277,0.052,,2028-02-22T20:00:00
I10860,U1814,C051,quiz_passed,0.906,1.0,0.825,2028-02-22T22:00:00
I10861,U1814,C042,completed,0.464,1.0,,2028-02-23T00:00:00
I10862,U1814,C082,completed,0.818,1.0,0.841,2028-02-23T02:00:00
I10863,U1815,C053,quiz_passed,0.851,1.0,0.828,2028-02-23T04:00:00
I10864,U1815,C057,quiz_passed,0.82,1.0,0.843,2028-02-23T06:00:00
I10865,U1815,C095,quiz_passed,0.774,1.0,0.722,2028-02-23T08:00:00
I10866,U1816,C048,quiz_passed,0.812,1.0,0.632,2028-02-23T10:00:00
I10867,U1816,C098,viewed,0.334,0.64,,2028-02-23T12:00:00
I10868,U1816,C042,quiz_passed,0.791,1.0,0.663,2028-02-23T14:00:00
I10869,U1816,C095,viewed,0.282,0.015,,2028-02-23T16:00:00
I10870,U1816,C099,completed,0.579,1.0,,2028-02-23T18:00:00
I10871,U1816,C016,viewed,0.179,0.039,,2028-02-23T20:00:00
I10872,U1816,C098,viewed,0.264,0.27,0.237,2028-02-23T22:00:00
I10873,U1816,C098,completed,0.575,1.0,,2028-02-24T00:00:00
I10874,U1816,C053,viewed,0.158,0.006,,2028-02-24T02:00:00
I10875,U1817,C015,viewed,0.291,0.36,,2028-02-24T04:00:00
I10876,U1817,C073,quiz_passed,0.801,1.0,0.622,2028-02-24T06:00:00
I10877,U1817,C092,quiz_passed,0.811,1.0,0.69,2028-02-24T08:00:00
I10878,U1817,C006,completed,0.478,1.0,,2028-02-24T10:00:00
I10879,U1817,C001,completed,0.55,1.0,,2028-02-24T12:00:00
I10880,U1817,C071,completed,0.52,1.0,,2028-02-24T14:00:00
I10881,U1817,C067,viewed,0.396,0.2,0.441,2028-02-24T16:00:00
I10882,U1817,C065,viewed,0.367,0.54,,2028-02-24T18:00:00
I10883,U1818,C095,viewed,0.273,0.067,,2028-02-24T20:00:00
I10884,U1818,C057,completed,0.541,1.0,,2028-02-24T22:00:00
I10885,U1818,C011,completed,0.708,1.0,0.57,2028-02-25T00:00:00
I10886,U1818,C098,completed,0.474,1.0,,2028-02-25T02:00:00
I10887,U1818,C053,completed,0.738,1.0,0.597,2028-02-25T04:00:00
I10888,U1818,C088,completed,0.515,1.0,,2028-02-25T06:00:00
I10889,U1818,C062,quiz_passed,0.779,1.0,0.634,2028-02-25T08:00:00
I10890,U1818,C028,viewed,0.101,0.092,,2028-02-25T10:00:00
I10891,U1818,C099,completed,0.569,1.0,,2028-02-25T12:00:00
I10892,U1818,C011,viewed,0.494,0.41,0.428,2028-02-25T14:00:00
I10893,U1819,C096,viewed,0.24,0.26,,2028-02-25T16:00:00
I10894,U1819,C099,viewed,0.282,0.007,,2028-02-25T18:00:00
I10895,U1819,C065,completed,0.833,1.0,0.811,2028-02-25T20:00:00
I10896,U1819,C048,quiz_passed,0.876,1.0,0.85,2028-02-25T22:00:00
I10897,U1819,C098,viewed,0.18,0.059,,2028-02-26T00:00:00
I10898,U1820,C030,quiz_passed,0.769,1.0,0.648,2028-02-26T02:00:00
I10899,U1820,C096,disliked,0.181,0.06,,2028-02-26T04:00:00
I10900,U1820,C096,completed,0.71,1.0,0.447,2028-02-26T06:00:00
I10901,U1820,C063,completed,0.521,1.0,,2028-02-26T08:00:00
I10902,U1820,C079,viewed,0.219,0.054,,2028-02-26T10:00:00
I10903,U1820,C015,completed,0.567,1.0,,2028-02-26T12:00:00
I10904,U1820,C051,completed,0.543,1.0,,2028-02-26T14:00:00
I10905,U1821,C002,completed,0.498,1.0,,2028-02-26T16:00:00
I10906,U1821,C074,completed,0.559,1.0,,2028-02-26T18:00:00
I10907,U1821,C090,viewed,0.212,0.32,,2028-02-26T20:00:00
I10908,U1821,C011,viewed,0.109,0.012,,2028-02-26T22:00:00
I10909,U1821,C046,viewed,0.154,0.062,,2028-02-27T00:00:00
I10910,U1821,C047,completed,0.569,1.0,,2028-02-27T02:00:00
I10911,U1822,C082,quiz_passed,0.704,1.0,0.602,2028-02-27T04:00:00
I10912,U1822,C050,completed,0.78,1.0,0.676,2028-02-27T06:00:00
I10913,U1822,C030,quiz_passed,0.741,1.0,0.67,2028-02-27T08:00:00
I10914,U1822,C042,quiz_passed,0.796,1.0,0.615,2028-02-27T10:00:00
I10915,U1822,C051,quiz_passed,0.739,1.0,0.634,2028-02-27T12:00:00
I10916,U1823,C018,completed,0.469,1.0,,2028-02-27T14:00:00
I10917,U1823,C058,quiz_passed,0.778,1.0,0.704,2028-02-27T16:00:00
I10918,U1823,C020,viewed,0.475,0.66,0.238,2028-02-27T18:00:00
I10919,U1823,C003,completed,0.546,1.0,,2028-02-27T20:00:00
I10920,U1823,C081,quiz_passed,0.789,1.0,0.695,2028-02-27T22:00:00
I10921,U1823,C018,completed,0.873,1.0,0.766,2028-02-28T00:00:00
I10922,U1823,C096,viewed,0.316,0.2,0.387,2028-02-28T02:00:00
I10923,U1824,C099,viewed,0.121,0.031,,2028-02-28T04:00:00
I10924,U1824,C097,viewed,0.298,0.019,,2028-02-28T06:00:00
I10925,U1824,C006,completed,0.815,1.0,0.596,2028-02-28T08:00:00
I10926,U1824,C099,completed,0.667,1.0,0.452,2028-02-28T10:00:00
I10927,U1824,C025,completed,0.799,1.0,0.572,2028-02-28T12:00:00
I10928,U1825,C098,completed,0.46,1.0,,2028-02-28T14:00:00
I10929,U1825,C011,quiz_passed,0.796,1.0,0.834,2028-02-28T16:00:00
I10930,U1825,C050,quiz_passed,0.892,1.0,0.852,2028-02-28T18:00:00
I10931,U1825,C046,quiz_passed,0.749,1.0,0.646,2028-02-28T20:00:00
I10932,U1825,C042,completed,0.558,1.0,,2028-02-28T22:00:00
I10933,U1825,C075,quiz_passed,0.812,1.0,0.789,2028-02-29T00:00:00
I10934,U1825,C011,completed,0.546,1.0,,2028-02-29T02:00:00
I10935,U1825,C044,quiz_passed,0.876,1.0,0.751,2028-02-29T04:00:00
I10936,U1825,C090,completed,0.557,1.0,,2028-02-29T06:00:00
I10937,U1825,C074,completed,0.504,1.0,,2028-02-29T08:00:00
I10938,U1825,C010,quiz_passed,0.852,1.0,0.798,2028-02-29T10:00:00
I10939,U1826,C064,completed,0.768,1.0,0.696,2028-02-29T12:00:00
I10940,U1826,C098,viewed,0.451,0.65,0.256,2028-02-29T14:00:00
I10941,U1826,C092,quiz_passed,0.825,1.0,0.681,2028-02-29T16:00:00
I10942,U1826,C065,completed,0.522,1.0,,2028-02-29T18:00:00
I10943,U1826,C091,viewed,0.106,0.04,,2028-02-29T20:00:00
I10944,U1827,C064,completed,0.473,1.0,,2028-02-29T22:00:00
I10945,U1827,C029,viewed,0.101,0.02,,2028-03-01T00:00:00
I10946,U1827,C091,quiz_passed,0.777,1.0,0.647,2028-03-01T02:00:00
I10947,U1827,C002,completed,0.49,1.0,,2028-03-01T04:00:00
I10948,U1827,C011,viewed,0.596,0.65,0.399,2028-03-01T06:00:00
I10949,U1827,C065,viewed,0.146,0.006,,2028-03-01T08:00:00
I10950,U1827,C071,completed,0.512,1.0,,2028-03-01T10:00:00
I10951,U1828,C003,quiz_passed,0.838,1.0,0.728,2028-03-01T12:00:00
I10952,U1828,C006,completed,0.523,1.0,,2028-03-01T14:00:00
I10953,U1828,C054,quiz_passed,0.815,1.0,0.756,2028-03-01T16:00:00
I10954,U1828,C050,completed,0.546,1.0,,2028-03-01T18:00:00
I10955,U1829,C099,viewed,0.432,0.64,,2028-03-01T20:00:00
I10956,U1829,C076,completed,0.749,1.0,0.586,2028-03-01T22:00:00
I10957,U1829,C082,viewed,0.19,0.26,,2028-03-02T00:00:00
I10958,U1829,C042,viewed,0.251,0.051,,2028-03-02T02:00:00
I10959,U1829,C067,quiz_passed,0.794,1.0,0.647,2028-03-02T04:00:00
I10960,U1829,C006,completed,0.479,1.0,,2028-03-02T06:00:00
I10961,U1830,C054,completed,0.501,1.0,,2028-03-02T08:00:00
I10962,U1830,C099,completed,0.548,1.0,,2028-03-02T10:00:00
I10963,U1830,C017,quiz_passed,0.841,1.0,0.872,2028-03-02T12:00:00
I10964,U1830,C001,completed,0.461,1.0,,2028-03-02T14:00:00
I10965,U1830,C046,viewed,0.26,0.005,,2028-03-02T16:00:00
I10966,U1830,C082,quiz_passed,0.848,1.0,0.842,2028-03-02T18:00:00
I10967,U1831,C016,completed,0.504,1.0,,2028-03-02T20:00:00
I10968,U1831,C017,quiz_passed,0.801,1.0,0.83,2028-03-02T22:00:00
I10969,U1831,C073,viewed,0.25,0.036,,2028-03-03T00:00:00
I10970,U1831,C029,completed,0.556,1.0,,2028-03-03T02:00:00
I10971,U1831,C096,quiz_passed,0.79,1.0,0.727,2028-03-03T04:00:00
I10972,U1832,C065,viewed,0.224,0.08,,2028-03-03T06:00:00
I10973,U1832,C064,viewed,0.295,0.032,,2028-03-03T08:00:00
I10974,U1832,C071,viewed,0.171,0.076,,2028-03-03T10:00:00
I10975,U1832,C054,completed,0.502,1.0,,2028-03-03T12:00:00
I10976,U1832,C053,completed,0.55,1.0,,2028-03-03T14:00:00
I10977,U1832,C065,completed,0.754,1.0,0.589,2028-03-03T16:00:00
I10978,U1832,C016,completed,0.486,1.0,,2028-03-03T18:00:00
I10979,U1832,C088,viewed,0.301,0.37,,2028-03-03T20:00:00
I10980,U1833,C099,completed,0.762,1.0,0.484,2028-03-03T22:00:00
I10981,U1833,C057,completed,0.747,1.0,0.709,2028-03-04T00:00:00
I10982,U1833,C042,completed,0.764,1.0,0.586,2028-03-04T02:00:00
I10983,U1834,C073,quiz_passed,0.835,1.0,0.769,2028-03-04T04:00:00
I10984,U1834,C096,viewed,0.249,0.074,,2028-03-04T06:00:00
I10985,U1834,C073,quiz_passed,0.789,1.0,0.797,2028-03-04T08:00:00
I10986,U1834,C073,completed,0.769,1.0,0.746,2028-03-04T10:00:00
I10987,U1834,C096,disliked,0.294,0.01,0.341,2028-03-04T12:00:00
I10988,U1835,C047,completed,0.567,1.0,,2028-03-04T14:00:00
I10989,U1835,C095,viewed,0.248,0.32,,2028-03-04T16:00:00
I10990,U1835,C011,completed,0.867,1.0,0.787,2028-03-04T18:00:00
I10991,U1835,C095,viewed,0.14,0.025,,2028-03-04T20:00:00
I10992,U1835,C095,completed,0.576,1.0,,2028-03-04T22:00:00
I10993,U1835,C050,completed,0.562,1.0,,2028-03-05T00:00:00
I10994,U1835,C081,viewed,0.149,0.033,,2028-03-05T02:00:00
I10995,U1835,C066,viewed,0.444,0.36,0.541,2028-03-05T04:00:00
I10996,U1836,C030,completed,0.463,1.0,,2028-03-05T06:00:00
I10997,U1836,C065,completed,0.501,1.0,,2028-03-05T08:00:00
I10998,U1836,C073,disliked,0.133,0.02,,2028-03-05T10:00:00
I10999,U1836,C029,viewed,0.36,0.62,,2028-03-05T12:00:00
I11000,U1836,C001,completed,0.815,1.0,0.703,2028-03-05T14:00:00
I11001,U1836,C015,viewed,0.362,0.21,0.518,2028-03-05T16:00:00
I11002,U1836,C047,completed,0.482,1.0,,2028-03-05T18:00:00
I11003,U1836,C006,completed,0.826,1.0,0.735,2028-03-05T20:00:00
I11004,U1837,C001,quiz_passed,0.819,1.0,0.758,2028-03-05T22:00:00
I11005,U1837,C065,completed,0.487,1.0,,2028-03-06T00:00:00
I11006,U1837,C074,completed,0.769,1.0,0.625,2028-03-06T02:00:00
I11007,U1837,C017,completed,0.48,1.0,,2028-03-06T04:00:00
I11008,U1837,C029,completed,0.771,1.0,0.735,2028-03-06T06:00:00
I11009,U1838,C073,disliked,0.315,0.14,0.376,2028-03-06T08:00:00
I11010,U1838,C095,viewed,0.206,0.32,,2028-03-06T10:00:00
I11011,U1838,C067,completed,0.527,1.0,,2028-03-06T12:00:00
I11012,U1838,C099,completed,0.668,1.0,0.447,2028-03-06T14:00:00
I11013,U1838,C028,quiz_passed,0.751,1.0,0.678,2028-03-06T16:00:00
I11014,U1838,C018,viewed,0.18,0.025,,2028-03-06T18:00:00
I11015,U1839,C025,viewed,0.175,0.056,,2028-03-06T20:00:00
I11016,U1839,C058,viewed,0.217,0.064,,2028-03-06T22:00:00
I11017,U1839,C098,completed,0.484,1.0,,2028-03-07T00:00:00
I11018,U1840,C048,viewed,0.262,0.023,,2028-03-07T02:00:00
I11019,U1840,C099,viewed,0.299,0.064,,2028-03-07T04:00:00
I11020,U1840,C064,completed,0.805,1.0,0.585,2028-03-07T06:00:00
I11021,U1840,C066,completed,0.768,1.0,0.596,2028-03-07T08:00:00
I11022,U1840,C095,completed,0.551,1.0,,2028-03-07T10:00:00
I11023,U1840,C029,completed,0.536,1.0,,2028-03-07T12:00:00
I11024,U1840,C095,completed,0.71,1.0,0.457,2028-03-07T14:00:00
I11025,U1840,C095,disliked,0.203,0.03,0.225,2028-03-07T16:00:00
I11026,U1840,C047,viewed,0.276,0.036,,2028-03-07T18:00:00
I11027,U1841,C065,quiz_passed,0.832,1.0,0.63,2028-03-07T20:00:00
I11028,U1841,C017,quiz_passed,0.757,1.0,0.687,2028-03-07T22:00:00
I11029,U1841,C095,viewed,0.272,0.054,,2028-03-08T00:00:00
I11030,U1841,C073,completed,0.554,1.0,,2028-03-08T02:00:00
I11031,U1841,C043,quiz_passed,0.794,1.0,0.618,2028-03-08T04:00:00
I11032,U1841,C074,disliked,0.19,0.03,0.217,2028-03-08T06:00:00
I11033,U1841,C045,viewed,0.346,0.63,,2028-03-08T08:00:00
I11034,U1841,C002,completed,0.489,1.0,,2028-03-08T10:00:00
I11035,U1841,C013,viewed,0.462,0.67,0.288,2028-03-08T12:00:00
I11036,U1842,C006,quiz_passed,0.821,1.0,0.768,2028-03-08T14:00:00
I11037,U1842,C050,completed,0.761,1.0,0.703,2028-03-08T16:00:00
I11038,U1842,C072,quiz_passed,0.837,1.0,0.728,2028-03-08T18:00:00
I11039,U1842,C061,viewed,0.242,0.28,,2028-03-08T20:00:00
I11040,U1842,C075,viewed,0.291,0.009,,2028-03-08T22:00:00
I11041,U1843,C016,completed,0.506,1.0,,2028-03-09T00:00:00
I11042,U1843,C045,viewed,0.221,0.085,,2028-03-09T02:00:00
I11043,U1843,C075,completed,0.545,1.0,,2028-03-09T04:00:00
I11044,U1843,C010,quiz_passed,0.831,1.0,0.655,2028-03-09T06:00:00
I11045,U1843,C001,completed,0.476,1.0,,2028-03-09T08:00:00
I11046,U1843,C096,viewed,0.277,0.093,,2028-03-09T10:00:00
I11047,U1843,C045,completed,0.519,1.0,,2028-03-09T12:00:00
I11048,U1844,C042,completed,0.464,1.0,,2028-03-09T14:00:00
I11049,U1844,C097,completed,0.518,1.0,,2028-03-09T16:00:00
I11050,U1844,C088,completed,0.751,1.0,0.575,2028-03-09T18:00:00
I11051,U1844,C089,completed,0.699,1.0,0.404,2028-03-09T20:00:00
I11052,U1844,C047,completed,0.467,1.0,,2028-03-09T22:00:00
I11053,U1845,C098,viewed,0.15,0.065,,2028-03-10T00:00:00
I11054,U1845,C073,quiz_passed,0.766,1.0,0.71,2028-03-10T02:00:00
I11055,U1845,C099,quiz_passed,0.836,1.0,0.642,2028-03-10T04:00:00
I11056,U1845,C099,completed,0.553,1.0,,2028-03-10T06:00:00
I11057,U1845,C095,completed,0.695,1.0,0.562,2028-03-10T08:00:00
I11058,U1845,C065,quiz_passed,0.814,1.0,0.793,2028-03-10T10:00:00
I11059,U1846,C096,completed,0.555,1.0,,2028-03-10T12:00:00
I11060,U1846,C076,quiz_passed,0.829,1.0,0.749,2028-03-10T14:00:00
I11061,U1846,C015,viewed,0.287,0.56,,2028-03-10T16:00:00
I11062,U1846,C081,completed,0.764,1.0,0.579,2028-03-10T18:00:00
I11063,U1847,C001,quiz_passed,0.831,1.0,0.762,2028-03-10T20:00:00
I11064,U1847,C042,completed,0.576,1.0,,2028-03-10T22:00:00
I11065,U1847,C030,completed,0.473,1.0,,2028-03-11T00:00:00
I11066,U1847,C010,completed,0.467,1.0,,2028-03-11T02:00:00
I11067,U1847,C076,viewed,0.181,0.039,,2028-03-11T04:00:00
I11068,U1847,C045,completed,0.716,1.0,0.629,2028-03-11T06:00:00
I11069,U1847,C099,completed,0.811,1.0,0.65,2028-03-11T08:00:00
I11070,U1847,C057,quiz_passed,0.761,1.0,0.73,2028-03-11T10:00:00
I11071,U1848,C082,completed,0.472,1.0,,2028-03-11T12:00:00
I11072,U1848,C098,quiz_passed,0.782,1.0,0.637,2028-03-11T14:00:00
I11073,U1848,C092,quiz_passed,0.766,1.0,0.703,2028-03-11T16:00:00
I11074,U1848,C029,quiz_passed,0.879,1.0,0.761,2028-03-11T18:00:00
I11075,U1848,C008,quiz_passed,0.86,1.0,0.735,2028-03-11T20:00:00
I11076,U1849,C066,quiz_passed,0.806,1.0,0.629,2028-03-11T22:00:00
I11077,U1849,C099,viewed,0.159,0.028,,2028-03-12T00:00:00
I11078,U1849,C002,completed,0.8,1.0,0.578,2028-03-12T02:00:00
I11079,U1849,C095,viewed,0.23,0.028,,2028-03-12T04:00:00
I11080,U1849,C005,completed,0.533,1.0,,2028-03-12T06:00:00
I11081,U1850,C092,completed,0.517,1.0,,2028-03-12T08:00:00
I11082,U1850,C095,completed,0.705,1.0,0.445,2028-03-12T10:00:00
I11083,U1850,C098,viewed,0.292,0.053,,2028-03-12T12:00:00
I11084,U1850,C096,completed,0.559,1.0,,2028-03-12T14:00:00
I11085,U1850,C073,quiz_passed,0.784,1.0,0.671,2028-03-12T16:00:00
I11086,U1850,C098,viewed,0.154,0.062,,2028-03-12T18:00:00
I11087,U1850,C029,completed,0.779,1.0,0.627,2028-03-12T20:00:00
I11088,U1851,C096,viewed,0.41,0.48,0.264,2028-03-12T22:00:00
I11089,U1851,C095,viewed,0.227,0.033,,2028-03-13T00:00:00
I11090,U1851,C071,completed,0.553,1.0,,2028-03-13T02:00:00
I11091,U1851,C065,viewed,0.123,0.06,,2028-03-13T04:00:00
I11092,U1851,C045,viewed,0.285,0.06,,2028-03-13T06:00:00
I11093,U1851,C030,viewed,0.263,0.094,,2028-03-13T08:00:00
I11094,U1851,C029,completed,0.835,1.0,0.652,2028-03-13T10:00:00
I11095,U1851,C095,completed,0.484,1.0,,2028-03-13T12:00:00
I11096,U1852,C049,completed,0.829,1.0,0.75,2028-03-13T14:00:00
I11097,U1852,C065,completed,0.874,1.0,0.756,2028-03-13T16:00:00
I11098,U1852,C098,completed,0.499,1.0,,2028-03-13T18:00:00
I11099,U1852,C097,completed,0.514,1.0,,2028-03-13T20:00:00
I11100,U1852,C043,quiz_passed,0.852,1.0,0.746,2028-03-13T22:00:00
I11101,U1853,C043,quiz_passed,0.851,1.0,0.859,2028-03-14T00:00:00
I11102,U1853,C075,completed,0.528,1.0,,2028-03-14T02:00:00
I11103,U1853,C057,quiz_passed,0.844,1.0,0.854,2028-03-14T04:00:00
I11104,U1854,C076,quiz_passed,0.754,1.0,0.685,2028-03-14T06:00:00
I11105,U1854,C082,quiz_passed,0.832,1.0,0.633,2028-03-14T08:00:00
I11106,U1854,C006,viewed,0.12,0.086,,2028-03-14T10:00:00
I11107,U1854,C011,quiz_passed,0.812,1.0,0.641,2028-03-14T12:00:00
I11108,U1854,C043,completed,0.809,1.0,0.593,2028-03-14T14:00:00
I11109,U1855,C096,completed,0.744,1.0,0.583,2028-03-14T16:00:00
I11110,U1855,C096,completed,0.535,1.0,,2028-03-14T18:00:00
I11111,U1855,C025,viewed,0.556,0.42,0.537,2028-03-14T20:00:00
I11112,U1855,C099,completed,0.695,1.0,0.55,2028-03-14T22:00:00
I11113,U1855,C099,viewed,0.177,0.085,,2028-03-15T00:00:00
I11114,U1855,C050,completed,0.876,1.0,0.792,2028-03-15T02:00:00
I11115,U1856,C017,viewed,0.155,0.063,,2028-03-15T04:00:00
I11116,U1856,C099,viewed,0.375,0.4,0.226,2028-03-15T06:00:00
I11117,U1856,C061,completed,0.473,1.0,,2028-03-15T08:00:00
I11118,U1856,C001,completed,0.734,1.0,0.591,2028-03-15T10:00:00
I11119,U1856,C082,completed,0.53,1.0,,2028-03-15T12:00:00
I11120,U1857,C018,viewed,0.125,0.007,,2028-03-15T14:00:00
I11121,U1857,C098,viewed,0.256,0.018,,2028-03-15T16:00:00
I11122,U1857,C018,quiz_passed,0.803,1.0,0.798,2028-03-15T18:00:00
I11123,U1857,C001,viewed,0.267,0.012,,2028-03-15T20:00:00
I11124,U1858,C018,completed,0.815,1.0,0.654,2028-03-15T22:00:00
I11125,U1858,C051,quiz_passed,0.84,1.0,0.65,2028-03-16T00:00:00
I11126,U1858,C092,disliked,0.315,0.06,0.357,2028-03-16T02:00:00
I11127,U1858,C047,completed,0.539,1.0,,2028-03-16T04:00:00
I11128,U1858,C090,completed,0.696,1.0,0.449,2028-03-16T06:00:00
I11129,U1858,C065,completed,0.478,1.0,,2028-03-16T08:00:00
I11130,U1858,C001,completed,0.525,1.0,,2028-03-16T10:00:00
I11131,U1858,C081,completed,0.771,1.0,0.518,2028-03-16T12:00:00
I11132,U1859,C066,quiz_passed,0.783,1.0,0.796,2028-03-16T14:00:00
I11133,U1859,C053,completed,0.488,1.0,,2028-03-16T16:00:00
I11134,U1859,C050,quiz_passed,0.763,1.0,0.727,2028-03-16T18:00:00
I11135,U1859,C030,completed,0.535,1.0,,2028-03-16T20:00:00
I11136,U1859,C057,completed,0.507,1.0,,2028-03-16T22:00:00
I11137,U1859,C065,completed,0.525,1.0,,2028-03-17T00:00:00
I11138,U1860,C057,completed,0.89,1.0,0.843,2028-03-17T02:00:00
I11139,U1860,C095,quiz_passed,0.825,1.0,0.735,2028-03-17T04:00:00
I11140,U1860,C050,quiz_passed,0.345,0.09,0.603,2028-03-17T06:00:00
I11141,U1860,C075,completed,0.538,1.0,,2028-03-17T08:00:00
I11142,U1860,C090,quiz_passed,0.812,1.0,0.747,2028-03-17T10:00:00
I11143,U1860,C015,completed,0.875,1.0,0.878,2028-03-17T12:00:00
I11144,U1860,C028,quiz_passed,0.521,0.37,0.705,2028-03-17T14:00:00
I11145,U1860,C046,viewed,0.122,0.023,,2028-03-17T16:00:00
I11146,U1861,C002,quiz_passed,0.773,1.0,0.664,2028-03-17T18:00:00
I11147,U1861,C098,viewed,0.322,0.59,,2028-03-17T20:00:00
I11148,U1861,C045,completed,0.468,1.0,,2028-03-17T22:00:00
I11149,U1861,C061,completed,0.481,1.0,,2028-03-18T00:00:00
I11150,U1861,C098,completed,0.689,1.0,0.412,2028-03-18T02:00:00
I11151,U1861,C099,disliked,0.097,0.04,,2028-03-18T04:00:00
I11152,U1861,C096,completed,0.701,1.0,0.431,2028-03-18T06:00:00
I11153,U1862,C098,viewed,0.269,0.035,,2028-03-18T08:00:00
I11154,U1862,C048,quiz_passed,0.852,1.0,0.759,2028-03-18T10:00:00
I11155,U1862,C098,disliked,0.112,0.12,,2028-03-18T12:00:00
I11156,U1862,C001,quiz_passed,0.877,1.0,0.77,2028-03-18T14:00:00
I11157,U1862,C028,completed,0.531,1.0,,2028-03-18T16:00:00
I11158,U1862,C044,viewed,0.418,0.52,0.334,2028-03-18T18:00:00
I11159,U1863,C042,viewed,0.422,0.45,0.317,2028-03-18T20:00:00
I11160,U1863,C051,completed,0.712,1.0,0.569,2028-03-18T22:00:00
I11161,U1863,C092,completed,0.807,1.0,0.63,2028-03-19T00:00:00
I11162,U1863,C074,completed,0.484,1.0,,2028-03-19T02:00:00
I11163,U1863,C090,completed,0.698,1.0,0.562,2028-03-19T04:00:00
I11164,U1863,C074,viewed,0.208,0.034,,2028-03-19T06:00:00
I11165,U1863,C075,completed,0.739,1.0,0.526,2028-03-19T08:00:00
I11166,U1863,C025,completed,0.766,1.0,0.649,2028-03-19T10:00:00
I11167,U1863,C090,viewed,0.19,0.03,,2028-03-19T12:00:00
I11168,U1864,C015,completed,0.554,1.0,,2028-03-19T14:00:00
I11169,U1864,C013,disliked,0.254,0.13,0.283,2028-03-19T16:00:00
I11170,U1864,C011,completed,0.823,1.0,0.645,2028-03-19T18:00:00
I11171,U1864,C016,completed,0.701,1.0,0.598,2028-03-19T20:00:00
I11172,U1864,C048,viewed,0.379,0.31,0.346,2028-03-19T22:00:00
I11173,U1865,C047,completed,0.742,1.0,0.65,2028-03-20T00:00:00
I11174,U1865,C099,viewed,0.417,0.44,0.305,2028-03-20T02:00:00
I11175,U1865,C011,quiz_passed,0.757,1.0,0.675,2028-03-20T04:00:00
I11176,U1865,C091,completed,0.533,1.0,,2028-03-20T06:00:00
I11177,U1865,C001,completed,0.522,1.0,,2028-03-20T08:00:00
I11178,U1866,C016,quiz_passed,0.777,1.0,0.677,2028-03-20T10:00:00
I11179,U1866,C044,disliked,0.225,0.02,0.26,2028-03-20T12:00:00
I11180,U1866,C008,viewed,0.361,0.28,0.324,2028-03-20T14:00:00
I11181,U1866,C053,quiz_passed,0.826,1.0,0.696,2028-03-20T16:00:00
I11182,U1867,C015,completed,0.809,1.0,0.81,2028-03-20T18:00:00
I11183,U1867,C091,quiz_passed,0.837,1.0,0.783,2028-03-20T20:00:00
I11184,U1867,C001,quiz_passed,0.798,1.0,0.726,2028-03-20T22:00:00
I11185,U1867,C066,completed,0.778,1.0,0.706,2028-03-21T00:00:00
I11186,U1867,C046,viewed,0.21,0.004,,2028-03-21T02:00:00
I11187,U1868,C098,viewed,0.331,0.35,0.318,2028-03-21T04:00:00
I11188,U1868,C028,completed,0.547,1.0,,2028-03-21T06:00:00
I11189,U1868,C073,quiz_passed,0.878,1.0,0.783,2028-03-21T08:00:00
I11190,U1868,C002,quiz_passed,0.899,1.0,0.802,2028-03-21T10:00:00
I11191,U1868,C047,completed,0.503,1.0,,2028-03-21T12:00:00
I11192,U1868,C066,completed,0.484,1.0,,2028-03-21T14:00:00
I11193,U1868,C074,completed,0.504,1.0,,2028-03-21T16:00:00
I11194,U1868,C010,disliked,0.123,0.03,,2028-03-21T18:00:00
I11195,U1869,C028,viewed,0.549,0.57,0.436,2028-03-21T20:00:00
I11196,U1869,C009,viewed,0.431,0.48,0.336,2028-03-21T22:00:00
I11197,U1869,C096,viewed,0.368,0.57,,2028-03-22T00:00:00
I11198,U1869,C098,completed,0.645,1.0,0.41,2028-03-22T02:00:00
I11199,U1870,C015,viewed,0.186,0.096,,2028-03-22T04:00:00
I11200,U1870,C048,quiz_passed,0.757,1.0,0.658,2028-03-22T06:00:00
I11201,U1870,C006,quiz_passed,0.833,1.0,0.658,2028-03-22T08:00:00
I11202,U1870,C050,viewed,0.397,0.29,0.314,2028-03-22T10:00:00
I11203,U1871,C088,quiz_passed,0.856,1.0,0.878,2028-03-22T12:00:00
I11204,U1871,C043,completed,0.508,1.0,,2028-03-22T14:00:00
I11205,U1871,C017,quiz_passed,0.86,1.0,0.879,2028-03-22T16:00:00
I11206,U1871,C046,completed,0.496,1.0,,2028-03-22T18:00:00
I11207,U1871,C074,quiz_passed,0.8,1.0,0.749,2028-03-22T20:00:00
I11208,U1871,C013,completed,0.833,1.0,0.761,2028-03-22T22:00:00
I11209,U1871,C098,quiz_passed,0.83,1.0,0.703,2028-03-23T00:00:00
I11210,U1872,C051,viewed,0.197,0.089,,2028-03-23T02:00:00
I11211,U1872,C076,quiz_passed,0.736,1.0,0.677,2028-03-23T04:00:00
I11212,U1872,C013,viewed,0.251,0.088,,2028-03-23T06:00:00
I11213,U1872,C071,viewed,0.226,0.029,,2028-03-23T08:00:00
I11214,U1872,C044,completed,0.778,1.0,0.511,2028-03-23T10:00:00
I11215,U1872,C074,viewed,0.386,0.58,0.213,2028-03-23T12:00:00
I11216,U1872,C051,completed,0.557,1.0,,2028-03-23T14:00:00
I11217,U1872,C030,quiz_passed,0.742,1.0,0.644,2028-03-23T16:00:00
I11218,U1872,C018,completed,0.508,1.0,,2028-03-23T18:00:00
I11219,U1873,C095,completed,0.574,1.0,,2028-03-23T20:00:00
I11220,U1873,C092,viewed,0.135,0.001,,2028-03-23T22:00:00
I11221,U1873,C001,quiz_passed,0.761,1.0,0.731,2028-03-24T00:00:00
I11222,U1873,C046,viewed,0.137,0.064,,2028-03-24T02:00:00
I11223,U1873,C016,completed,0.504,1.0,,2028-03-24T04:00:00
I11224,U1873,C081,completed,0.52,1.0,,2028-03-24T06:00:00
I11225,U1873,C010,completed,0.496,1.0,,2028-03-24T08:00:00
I11226,U1873,C047,completed,0.558,1.0,,2028-03-24T10:00:00
I11227,U1873,C067,quiz_passed,0.786,1.0,0.729,2028-03-24T12:00:00
I11228,U1873,C071,completed,0.52,1.0,,2028-03-24T14:00:00
I11229,U1873,C010,completed,0.715,1.0,0.588,2028-03-24T16:00:00
I11230,U1873,C045,completed,0.797,1.0,0.673,2028-03-24T18:00:00
I11231,U1874,C095,completed,0.753,1.0,0.558,2028-03-24T20:00:00
I11232,U1874,C096,completed,0.79,1.0,0.564,2028-03-24T22:00:00
I11233,U1874,C050,disliked,0.19,0.1,,2028-03-25T00:00:00
I11234,U1874,C002,completed,0.784,1.0,0.782,2028-03-25T02:00:00
I11235,U1874,C073,disliked,0.186,0.08,,2028-03-25T04:00:00
I11236,U1874,C053,completed,0.548,1.0,,2028-03-25T06:00:00
I11237,U1875,C018,completed,0.802,1.0,0.587,2028-03-25T08:00:00
I11238,U1875,C076,completed,0.547,1.0,,2028-03-25T10:00:00
I11239,U1875,C018,quiz_passed,0.764,1.0,0.651,2028-03-25T12:00:00
I11240,U1875,C062,quiz_passed,0.792,1.0,0.678,2028-03-25T14:00:00
I11241,U1875,C085,viewed,0.281,0.01,,2028-03-25T16:00:00
I11242,U1875,C069,disliked,0.331,0.12,0.28,2028-03-25T18:00:00
I11243,U1875,C049,viewed,0.144,0.091,,2028-03-25T20:00:00
I11244,U1875,C099,viewed,0.199,0.21,,2028-03-25T22:00:00
I11245,U1875,C047,disliked,0.114,0.03,,2028-03-26T00:00:00
I11246,U1876,C098,completed,0.524,1.0,,2028-03-26T02:00:00
I11247,U1876,C001,completed,0.58,1.0,,2028-03-26T04:00:00
I11248,U1876,C047,quiz_passed,0.848,1.0,0.877,2028-03-26T06:00:00
I11249,U1876,C088,quiz_passed,0.412,0.14,0.631,2028-03-26T08:00:00
I11250,U1877,C099,completed,0.767,1.0,0.485,2028-03-26T10:00:00
I11251,U1877,C099,viewed,0.448,0.66,0.289,2028-03-26T12:00:00
I11252,U1877,C098,viewed,0.171,0.066,,2028-03-26T14:00:00
I11253,U1877,C042,completed,0.757,1.0,0.595,2028-03-26T16:00:00
I11254,U1878,C095,completed,0.551,1.0,,2028-03-26T18:00:00
I11255,U1878,C016,disliked,0.128,0.1,,2028-03-26T20:00:00
I11256,U1878,C030,quiz_passed,0.741,1.0,0.641,2028-03-26T22:00:00
I11257,U1878,C058,viewed,0.521,0.67,0.313,2028-03-27T00:00:00
I11258,U1878,C073,viewed,0.36,0.7,,2028-03-27T02:00:00
I11259,U1879,C043,completed,0.806,1.0,0.836,2028-03-27T04:00:00
I11260,U1879,C046,completed,0.573,1.0,,2028-03-27T06:00:00
I11261,U1879,C015,completed,0.577,1.0,,2028-03-27T08:00:00
I11262,U1879,C096,quiz_passed,0.788,1.0,0.789,2028-03-27T10:00:00
I11263,U1879,C006,viewed,0.35,0.53,,2028-03-27T12:00:00
I11264,U1879,C042,quiz_passed,0.844,1.0,0.874,2028-03-27T14:00:00
I11265,U1879,C005,quiz_passed,0.796,1.0,0.765,2028-03-27T16:00:00
I11266,U1880,C058,completed,0.502,1.0,,2028-03-27T18:00:00
I11267,U1880,C028,quiz_passed,0.803,1.0,0.817,2028-03-27T20:00:00
I11268,U1880,C043,quiz_passed,0.841,1.0,0.878,2028-03-27T22:00:00
I11269,U1880,C081,quiz_passed,0.808,1.0,0.73,2028-03-28T00:00:00
I11270,U1880,C016,completed,0.489,1.0,,2028-03-28T02:00:00
I11271,U1880,C047,quiz_passed,0.799,1.0,0.835,2028-03-28T04:00:00
I11272,U1881,C082,quiz_passed,0.765,1.0,0.648,2028-03-28T06:00:00
I11273,U1881,C098,viewed,0.191,0.047,,2028-03-28T08:00:00
I11274,U1881,C091,completed,0.761,1.0,0.629,2028-03-28T10:00:00
I11275,U1881,C090,completed,0.48,1.0,,2028-03-28T12:00:00
I11276,U1881,C067,completed,0.539,1.0,,2028-03-28T14:00:00
I11277,U1881,C082,viewed,0.236,0.091,,2028-03-28T16:00:00
I11278,U1882,C095,viewed,0.252,0.061,,2028-03-28T18:00:00
I11279,U1882,C092,completed,0.796,1.0,0.608,2028-03-28T20:00:00
I11280,U1882,C017,viewed,0.272,0.051,,2028-03-28T22:00:00
I11281,U1882,C099,completed,0.494,1.0,,2028-03-29T00:00:00
I11282,U1882,C099,completed,0.496,1.0,,2028-03-29T02:00:00
I11283,U1883,C095,quiz_passed,0.761,1.0,0.749,2028-03-29T04:00:00
I11284,U1883,C061,quiz_passed,0.864,1.0,0.883,2028-03-29T06:00:00
I11285,U1883,C017,completed,0.827,1.0,0.887,2028-03-29T08:00:00
I11286,U1883,C043,quiz_passed,0.908,1.0,0.838,2028-03-29T10:00:00
I11287,U1883,C028,completed,0.507,1.0,,2028-03-29T12:00:00
I11288,U1883,C042,quiz_passed,0.915,1.0,0.867,2028-03-29T14:00:00
I11289,U1883,C025,completed,0.809,1.0,0.857,2028-03-29T16:00:00
I11290,U1884,C095,viewed,0.142,0.084,,2028-03-29T18:00:00
I11291,U1884,C002,completed,0.868,1.0,0.811,2028-03-29T20:00:00
I11292,U1884,C095,viewed,0.57,0.67,0.352,2028-03-29T22:00:00
I11293,U1885,C050,completed,0.486,1.0,,2028-03-30T00:00:00
I11294,U1885,C099,viewed,0.165,0.022,,2028-03-30T02:00:00
I11295,U1885,C076,disliked,0.376,0.16,0.37,2028-03-30T04:00:00
I11296,U1885,C028,completed,0.506,1.0,,2028-03-30T06:00:00
I11297,U1886,C047,completed,0.743,1.0,0.585,2028-03-30T08:00:00
I11298,U1886,C095,disliked,0.277,0.16,0.306,2028-03-30T10:00:00
I11299,U1886,C029,disliked,0.375,0.18,0.433,2028-03-30T12:00:00
I11300,U1886,C098,viewed,0.211,0.026,,2028-03-30T14:00:00
I11301,U1886,C009,viewed,0.235,0.043,,2028-03-30T16:00:00
I11302,U1886,C064,quiz_passed,0.781,1.0,0.618,2028-03-30T18:00:00
I11303,U1887,C028,completed,0.79,1.0,0.672,2028-03-30T20:00:00
I11304,U1887,C048,completed,0.518,1.0,,2028-03-30T22:00:00
I11305,U1887,C049,completed,0.744,1.0,0.609,2028-03-31T00:00:00
I11306,U1888,C030,completed,0.508,1.0,,2028-03-31T02:00:00
I11307,U1888,C072,quiz_passed,0.744,1.0,0.6,2028-03-31T04:00:00
I11308,U1888,C066,completed,0.58,1.0,,2028-03-31T06:00:00
I11309,U1888,C065,viewed,0.228,0.081,,2028-03-31T08:00:00
I11310,U1888,C082,quiz_passed,0.736,1.0,0.685,2028-03-31T10:00:00
I11311,U1888,C061,viewed,0.129,0.077,,2028-03-31T12:00:00
I11312,U1888,C008,completed,0.47,1.0,,2028-03-31T14:00:00
I11313,U1889,C028,completed,0.515,1.0,,2028-03-31T16:00:00
I11314,U1889,C095,viewed,0.23,0.21,,2028-03-31T18:00:00
I11315,U1889,C099,disliked,0.21,0.03,0.202,2028-03-31T20:00:00
I11316,U1889,C098,completed,0.709,1.0,0.515,2028-03-31T22:00:00
I11317,U1889,C088,quiz_passed,0.722,1.0,0.602,2028-04-01T00:00:00
I11318,U1889,C099,viewed,0.244,0.097,,2028-04-01T02:00:00
I11319,U1889,C016,viewed,0.114,0.058,,2028-04-01T04:00:00
I11320,U1889,C076,viewed,0.28,0.023,,2028-04-01T06:00:00
I11321,U1889,C035,disliked,0.214,0.04,0.319,2028-04-01T08:00:00
I11322,U1890,C062,completed,0.721,1.0,0.588,2028-04-01T10:00:00
I11323,U1890,C069,viewed,0.538,0.68,0.221,2028-04-01T12:00:00
I11324,U1890,C003,quiz_passed,0.747,1.0,0.648,2028-04-01T14:00:00
I11325,U1890,C014,viewed,0.217,0.03,,2028-04-01T16:00:00
I11326,U1890,C065,completed,0.487,1.0,,2028-04-01T18:00:00
I11327,U1890,C001,viewed,0.177,0.036,,2028-04-01T20:00:00
I11328,U1890,C036,viewed,0.221,0.044,,2028-04-01T22:00:00
I11329,U1891,C030,quiz_passed,0.746,1.0,0.638,2028-04-02T00:00:00
I11330,U1891,C099,disliked,0.21,0.09,,2028-04-02T02:00:00
I11331,U1891,C003,quiz_passed,0.817,1.0,0.694,2028-04-02T04:00:00
I11332,U1891,C072,quiz_passed,0.827,1.0,0.687,2028-04-02T06:00:00
I11333,U1892,C098,viewed,0.162,0.027,,2028-04-02T08:00:00
I11334,U1892,C057,viewed,0.185,0.31,,2028-04-02T10:00:00
I11335,U1892,C099,completed,0.674,1.0,0.484,2028-04-02T12:00:00
I11336,U1892,C095,viewed,0.184,0.058,,2028-04-02T14:00:00
I11337,U1893,C006,completed,0.499,1.0,,2028-04-02T16:00:00
I11338,U1893,C006,completed,0.863,1.0,0.792,2028-04-02T18:00:00
I11339,U1893,C096,completed,0.765,1.0,0.671,2028-04-02T20:00:00
I11340,U1893,C028,viewed,0.636,0.55,0.596,2028-04-02T22:00:00
I11341,U1893,C047,completed,0.552,1.0,,2028-04-03T00:00:00
I11342,U1894,C095,completed,0.508,1.0,,2028-04-03T02:00:00
I11343,U1894,C028,completed,0.484,1.0,,2028-04-03T04:00:00
I11344,U1894,C071,viewed,0.211,0.27,,2028-04-03T06:00:00
I11345,U1894,C047,completed,0.547,1.0,,2028-04-03T08:00:00
I11346,U1894,C005,viewed,0.321,0.44,,2028-04-03T10:00:00
I11347,U1894,C010,completed,0.476,1.0,,2028-04-03T12:00:00
I11348,U1895,C029,completed,0.531,1.0,,2028-04-03T14:00:00
I11349,U1895,C047,completed,0.849,1.0,0.878,2028-04-03T16:00:00
I11350,U1895,C003,quiz_passed,0.81,1.0,0.869,2028-04-03T18:00:00
I11351,U1895,C061,viewed,0.134,0.082,,2028-04-03T20:00:00
I11352,U1895,C076,completed,0.898,1.0,0.856,2028-04-03T22:00:00
I11353,U1895,C090,completed,0.514,1.0,,2028-04-04T00:00:00
I11354,U1896,C082,viewed,0.131,0.011,,2028-04-04T02:00:00
I11355,U1896,C028,completed,0.846,1.0,0.675,2028-04-04T04:00:00
I11356,U1896,C053,viewed,0.496,0.46,0.378,2028-04-04T06:00:00
I11357,U1896,C002,viewed,0.116,0.094,,2028-04-04T08:00:00
I11358,U1896,C028,viewed,0.213,0.097,,2028-04-04T10:00:00
I11359,U1896,C063,viewed,0.25,0.022,,2028-04-04T12:00:00
I11360,U1896,C097,completed,0.803,1.0,0.675,2028-04-04T14:00:00
I11361,U1897,C053,completed,0.561,1.0,,2028-04-04T16:00:00
I11362,U1897,C061,viewed,0.128,0.097,,2028-04-04T18:00:00
I11363,U1897,C042,quiz_passed,0.76,1.0,0.652,2028-04-04T20:00:00
I11364,U1897,C054,completed,0.572,1.0,,2028-04-04T22:00:00
I11365,U1897,C082,viewed,0.265,0.1,,2028-04-05T00:00:00
I11366,U1897,C051,viewed,0.398,0.66,,2028-04-05T02:00:00
I11367,U1897,C051,quiz_passed,0.759,1.0,0.63,2028-04-05T04:00:00
I11368,U1898,C095,viewed,0.342,0.21,0.283,2028-04-05T06:00:00
I11369,U1898,C016,quiz_passed,0.834,1.0,0.66,2028-04-05T08:00:00
I11370,U1898,C003,disliked,0.311,0.18,0.35,2028-04-05T10:00:00
I11371,U1898,C016,completed,0.524,1.0,,2028-04-05T12:00:00
I11372,U1898,C009,viewed,0.376,0.29,0.359,2028-04-05T14:00:00
I11373,U1898,C010,viewed,0.439,0.52,0.216,2028-04-05T16:00:00
I11374,U1899,C098,disliked,0.21,0.06,0.272,2028-04-05T18:00:00
I11375,U1899,C001,disliked,0.307,0.12,0.327,2028-04-05T20:00:00
I11376,U1899,C088,completed,0.577,1.0,,2028-04-05T22:00:00
I11377,U1899,C018,completed,0.5,1.0,,2028-04-06T00:00:00
I11378,U1899,C061,viewed,0.186,0.067,,2028-04-06T02:00:00
I11379,U1899,C053,completed,0.703,1.0,0.564,2028-04-06T04:00:00
I11380,U1899,C053,quiz_passed,0.797,1.0,0.692,2028-04-06T06:00:00
I11381,U1900,C082,quiz_passed,0.717,1.0,0.616,2028-04-06T08:00:00
I11382,U1900,C002,disliked,0.33,0.09,0.376,2028-04-06T10:00:00
I11383,U1900,C048,completed,0.579,1.0,,2028-04-06T12:00:00
I11384,U1900,C088,completed,0.57,1.0,,2028-04-06T14:00:00
I11385,U1900,C001,completed,0.832,1.0,0.639,2028-04-06T16:00:00
I11386,U1900,C061,completed,0.462,1.0,,2028-04-06T18:00:00
I11387,U1901,C006,completed,0.464,1.0,,2028-04-06T20:00:00
I11388,U1901,C030,quiz_passed,0.792,1.0,0.763,2028-04-06T22:00:00
I11389,U1901,C067,quiz_passed,0.849,1.0,0.805,2028-04-07T00:00:00
I11390,U1901,C064,completed,0.558,1.0,,2028-04-07T02:00:00
I11391,U1901,C043,completed,0.845,1.0,0.723,2028-04-07T04:00:00
I11392,U1902,C098,viewed,0.103,0.078,,2028-04-07T06:00:00
I11393,U1902,C065,viewed,0.299,0.099,,2028-04-07T08:00:00
I11394,U1902,C066,viewed,0.349,0.26,0.319,2028-04-07T10:00:00
I11395,U1902,C095,viewed,0.193,0.032,,2028-04-07T12:00:00
I11396,U1902,C063,quiz_passed,0.825,1.0,0.668,2028-04-07T14:00:00
I11397,U1902,C050,completed,0.743,1.0,0.58,2028-04-07T16:00:00
I11398,U1902,C044,completed,0.719,1.0,0.431,2028-04-07T18:00:00
I11399,U1902,C014,viewed,0.222,0.053,,2028-04-07T20:00:00
I11400,U1903,C095,completed,0.755,1.0,0.535,2028-04-07T22:00:00
I11401,U1903,C061,disliked,0.078,0.01,,2028-04-08T00:00:00
I11402,U1903,C062,viewed,0.119,0.066,,2028-04-08T02:00:00
I11403,U1903,C025,viewed,0.151,0.006,,2028-04-08T04:00:00
I11404,U1903,C081,viewed,0.201,0.04,,2028-04-08T06:00:00
I11405,U1903,C015,completed,0.478,1.0,,2028-04-08T08:00:00
I11406,U1903,C065,completed,0.785,1.0,0.683,2028-04-08T10:00:00
I11407,U1904,C098,viewed,0.396,0.6,,2028-04-08T12:00:00
I11408,U1904,C065,disliked,0.36,0.16,0.396,2028-04-08T14:00:00
I11409,U1904,C017,completed,0.781,1.0,0.566,2028-04-08T16:00:00
I11410,U1904,C058,quiz_passed,0.788,1.0,0.623,2028-04-08T18:00:00
I11411,U1904,C057,completed,0.547,1.0,,2028-04-08T20:00:00
I11412,U1904,C073,quiz_passed,0.743,1.0,0.648,2028-04-08T22:00:00
I11413,U1904,C082,viewed,0.518,0.69,0.339,2028-04-09T00:00:00
I11414,U1905,C073,completed,0.499,1.0,,2028-04-09T02:00:00
I11415,U1905,C096,completed,0.49,1.0,,2028-04-09T04:00:00
I11416,U1905,C092,disliked,0.138,0.18,,2028-04-09T06:00:00
I11417,U1905,C053,completed,0.816,1.0,0.715,2028-04-09T08:00:00
I11418,U1905,C096,viewed,0.214,0.07,,2028-04-09T10:00:00
I11419,U1905,C096,completed,0.736,1.0,0.599,2028-04-09T12:00:00
I11420,U1905,C049,completed,0.832,1.0,0.717,2028-04-09T14:00:00
I11421,U1905,C080,quiz_passed,0.824,1.0,0.662,2028-04-09T16:00:00
I11422,U1906,C061,completed,0.773,1.0,0.749,2028-04-09T18:00:00
I11423,U1906,C050,completed,0.536,1.0,,2028-04-09T20:00:00
I11424,U1906,C046,viewed,0.187,0.018,,2028-04-09T22:00:00
I11425,U1906,C028,completed,0.821,1.0,0.768,2028-04-10T00:00:00
I11426,U1906,C002,completed,0.772,1.0,0.712,2028-04-10T02:00:00
I11427,U1906,C046,completed,0.564,1.0,,2028-04-10T04:00:00
I11428,U1907,C016,viewed,0.259,0.037,,2028-04-10T06:00:00
I11429,U1907,C073,viewed,0.458,0.5,0.418,2028-04-10T08:00:00
I11430,U1907,C002,disliked,0.328,0.15,0.425,2028-04-10T10:00:00
I11431,U1907,C049,disliked,0.316,0.1,0.374,2028-04-10T12:00:00
I11432,U1907,C011,disliked,0.279,0.12,0.427,2028-04-10T14:00:00
I11433,U1907,C095,disliked,0.32,0.17,0.27,2028-04-10T16:00:00
I11434,U1907,C075,viewed,0.27,0.09,,2028-04-10T18:00:00
I11435,U1907,C010,viewed,0.523,0.63,0.308,2028-04-10T20:00:00
I11436,U1907,C003,completed,0.75,1.0,0.573,2028-04-10T22:00:00
I11437,U1907,C047,disliked,0.254,0.11,0.311,2028-04-11T00:00:00
I11438,U1908,C096,viewed,0.311,0.43,,2028-04-11T02:00:00
I11439,U1908,C050,completed,0.494,1.0,,2028-04-11T04:00:00
I11440,U1908,C028,quiz_passed,0.769,1.0,0.77,2028-04-11T06:00:00
I11441,U1908,C053,viewed,0.236,0.026,,2028-04-11T08:00:00
I11442,U1908,C098,viewed,0.295,0.32,,2028-04-11T10:00:00
I11443,U1908,C096,viewed,0.151,0.012,,2028-04-11T12:00:00
I11444,U1908,C081,quiz_passed,0.718,1.0,0.632,2028-04-11T14:00:00
I11445,U1908,C008,viewed,0.506,0.47,0.454,2028-04-11T16:00:00
I11446,U1909,C099,viewed,0.138,0.028,,2028-04-11T18:00:00
I11447,U1909,C082,quiz_passed,0.872,1.0,0.858,2028-04-11T20:00:00
I11448,U1909,C096,quiz_passed,0.83,1.0,0.689,2028-04-11T22:00:00
I11449,U1909,C099,disliked,0.386,0.1,0.57,2028-04-12T00:00:00
I11450,U1909,C095,quiz_passed,0.763,1.0,0.702,2028-04-12T02:00:00
I11451,U1909,C098,completed,0.784,1.0,0.688,2028-04-12T04:00:00
I11452,U1909,C098,quiz_passed,0.796,1.0,0.697,2028-04-12T06:00:00
I11453,U1909,C001,viewed,0.199,0.091,,2028-04-12T08:00:00
I11454,U1910,C065,disliked,0.337,0.11,0.341,2028-04-12T10:00:00
I11455,U1910,C078,viewed,0.199,0.27,,2028-04-12T12:00:00
I11456,U1910,C016,completed,0.538,1.0,,2028-04-12T14:00:00
I11457,U1910,C057,completed,0.776,1.0,0.584,2028-04-12T16:00:00
I11458,U1910,C006,viewed,0.283,0.53,,2028-04-12T18:00:00
I11459,U1910,C098,viewed,0.336,0.53,,2028-04-12T20:00:00
I11460,U1910,C011,viewed,0.343,0.38,0.313,2028-04-12T22:00:00
I11461,U1911,C096,viewed,0.407,0.28,0.429,2028-04-13T00:00:00
I11462,U1911,C002,completed,0.873,1.0,0.738,2028-04-13T02:00:00
I11463,U1911,C042,viewed,0.275,0.001,,2028-04-13T04:00:00
I11464,U1911,C002,viewed,0.181,0.041,,2028-04-13T06:00:00
I11465,U1911,C082,quiz_passed,0.749,1.0,0.704,2028-04-13T08:00:00
I11466,U1911,C016,completed,0.572,1.0,,2028-04-13T10:00:00
I11467,U1911,C003,completed,0.501,1.0,,2028-04-13T12:00:00
I11468,U1911,C046,viewed,0.141,0.051,,2028-04-13T14:00:00
I11469,U1911,C067,completed,0.475,1.0,,2028-04-13T16:00:00
I11470,U1912,C091,completed,0.497,1.0,,2028-04-13T18:00:00
I11471,U1912,C025,completed,0.502,1.0,,2028-04-13T20:00:00
I11472,U1912,C050,completed,0.462,1.0,,2028-04-13T22:00:00
I11473,U1912,C046,completed,0.482,1.0,,2028-04-14T00:00:00
I11474,U1912,C053,completed,0.522,1.0,,2028-04-14T02:00:00
I11475,U1912,C010,completed,0.774,1.0,0.761,2028-04-14T04:00:00
I11476,U1912,C005,completed,0.468,1.0,,2028-04-14T06:00:00
I11477,U1912,C049,quiz_passed,0.874,1.0,0.874,2028-04-14T08:00:00
I11478,U1912,C010,completed,0.756,1.0,0.731,2028-04-14T10:00:00
I11479,U1913,C035,viewed,0.605,0.64,0.492,2028-04-14T12:00:00
I11480,U1913,C014,completed,0.748,1.0,0.585,2028-04-14T14:00:00
I11481,U1913,C041,completed,0.495,1.0,,2028-04-14T16:00:00
I11482,U1913,C062,completed,0.786,1.0,0.744,2028-04-14T18:00:00
I11483,U1914,C047,viewed,0.228,0.061,,2028-04-14T20:00:00
I11484,U1914,C035,completed,0.785,1.0,0.677,2028-04-14T22:00:00
I11485,U1914,C009,viewed,0.258,0.085,,2028-04-15T00:00:00
I11486,U1914,C089,viewed,0.428,0.37,0.307,2028-04-15T02:00:00
I11487,U1914,C064,quiz_passed,0.818,1.0,0.668,2028-04-15T04:00:00
I11488,U1914,C037,viewed,0.243,0.077,,2028-04-15T06:00:00
I11489,U1914,C065,completed,0.784,1.0,0.685,2028-04-15T08:00:00
I11490,U1914,C050,viewed,0.194,0.038,,2028-04-15T10:00:00
I11491,U1915,C096,completed,0.727,1.0,0.506,2028-04-15T12:00:00
I11492,U1915,C025,viewed,0.278,0.27,,2028-04-15T14:00:00
I11493,U1915,C001,viewed,0.526,0.64,0.362,2028-04-15T16:00:00
I11494,U1916,C003,quiz_passed,0.659,0.6,0.6,2028-04-15T18:00:00
I11495,U1916,C045,quiz_passed,0.857,1.0,0.74,2028-04-15T20:00:00
I11496,U1916,C091,quiz_passed,0.824,1.0,0.881,2028-04-15T22:00:00
I11497,U1916,C061,quiz_passed,0.868,1.0,0.818,2028-04-16T00:00:00
I11498,U1916,C045,completed,0.46,1.0,,2028-04-16T02:00:00
I11499,U1916,C076,completed,0.556,1.0,,2028-04-16T04:00:00
I11500,U1916,C047,viewed,0.447,0.68,,2028-04-16T06:00:00
