,C001,C002,C003,C004,C005,C006,C007,C008,C009,C010,C011,C012,C013,C014,C015,C016,C017,C018,C019,C020,C021,C022,C023,C024,C025,C026,C027,C028,C029,C030,C031,C032,C033,C034,C035,C036,C037,C038,C039,C040,C041,C042,C043,C044,C045,C046,C047,C048,C049,C050,C051,C052,C053,C054,C055,C056,C057,C058,C059,C060,C061,C062,C063,C064,C065,C066,C067,C068,C069,C070,C071,C072,C073,C074,C075,C076,C077,C078,C079,C080,C081,C082,C083,C084,C085,C086,C087,C088,C089,C090,C091,C092,C093,C094,C095,C096,C097,C098,C099
U0001,0.45018289947682083,0.3497040482369855,0.31760035959917765,0.41615866456938083,0.30282358330815806,0.3010368288371841,0.32606655996772554,0.479918066355007,0.5280621025461874,0.3581776995756576,0.39209873862002736,0.3639729047460361,0.3604133938375022,0.4616845208717475,0.44639863927808177,0.20362762809139268,0.38832812353266133,0.35129209582772025,0.4190343911484505,0.38968660014583256,0.3687580616026073,0.3639729047460361,0.3639729047460361,0.18693740697456024,0.3986887864518543,0.40099634877843227,0.3639729047460361,0.47838680750175056,0.3238464550461547,0.48145912278977154,0.3441954274565606,0.3394102705999894,0.37466430819818886,0.3441954274565606,0.47763461816908787,0.4579582672280741,0.45888620559571236,0.45410104873914114,0.45410104873914114,0.45410104873914114,0.45856677026945014,0.4201783818743706,0.4493497372897626,0.34364170646879966,0.3541355913116319,0.36956637276498944,0.38821910307782237,0.36241121906977786,0.42827841341022327,0.37723523975929274,0.42159568004881476,0.3687580616026073,0.44490454218829545,0.4593823093412274,0.45410104873914114,0.45410104873914114,0.3902846950849181,0.4507749927717081,0.18693740697456024,0.3687580616026073,0.3545844034236001,0.435833459704127,0.43596884547861703,0.36985822196762586,0.40407889640859374,0.45045854043632433,0.38845792488470576,0.4243044158672573,0.41543961075538877,0.4161947039608306,0.44648707028433965,0.571011360060629,0.44054253720066594,0.4222926728119736,0.4155428415655239,0.38865363918024065,0.3441954274565606,0.5649134452469831,0.422321997881681,0.356777832056098,0.3772141871600018,0.3573783614830305,0.4195192590106861,0.3687580616026073,0.3956757555244666,0.41140954710425937,0.41140954710425937,0.48945431987031274,0.4700791833592968,0.33793984880452127,0.4226257750253097,0.3662079205335548,0.4622107606455679,0.4622107606455679,0.12879409578517148,0.25004972774302264,0.2196990600483528,0.29830907912251187,0.12624741124901195
U0002,0.4565624448726101,0.5764119301602313,0.5572872732186077,0.4756115874716287,0.39557909472022357,0.24821976866950818,0.38230346185674924,0.5663366209201477,0.5675129225288025,0.4522852107921539,0.5134373760327641,0.42020980663505986,0.4436538160790255,0.5136592738811495,0.39710613331432487,0.25266611534964434,0.4313648287246654,0.44929792908036753,0.4752712930374742,0.4459235020348563,0.424994963491631,0.42020980663505986,0.42020980663505986,0.243174308863584,0.2846900891645495,0.45508905089894375,0.42020980663505986,0.6080887944590606,0.32271505451900984,0.5126290736672254,0.4004323293455843,0.39564717248901315,0.4309012100872126,0.4004323293455843,0.5467281498998598,0.5153996617541216,0.5151231074847361,0.5103379506281649,0.5103379506281649,0.5103379506281649,0.5165095384180729,0.5506935007281508,0.4858010410385926,0.38409634978854634,0.35942352906937425,0.4499815239841436,0.41801370757963274,0.42664669321592624,0.4870430747851736,0.5888114470059068,0.44605216849460383,0.424994963491631,0.5180254144445713,0.5380793008104783,0.5103379506281649,0.5103379506281649,0.5065487531747226,0.5326429043351526,0.243174308863584,0.424994963491631,0.8331420706792891,0.4927396579697856,0.553826883509849,0.5725863355436958,0.580712930274377,0.40209945324805557,0.501082761792879,0.480541317756281,0.4783692155349189,0.4724316058498543,0.5163608794290194,0.6368385636970498,0.45888545447964024,0.47199747925213925,0.5177266628698924,0.4587691388724683,0.4004323293455843,0.6196453182633386,0.4859253883579076,0.411592652966873,0.4771270234178925,0.40005963134854405,0.47575616089970985,0.424994963491631,0.45191265741349035,0.4676464489932831,0.4676464489932831,0.5901185839547868,0.5263160852483205,0.4893345398880678,0.4768646423497612,0.4300229369596827,0.5184476625345916,0.5184476625345916,0.3197641059185955,0.21989449078579906,0.2720445808188374,0.26722764377803254,0.2708461735840857
U0003,0.6222280744605755,0.37079116750216734,0.4634737783166353,0.5225258944722664,0.40014224869763726,0.5260487009524173,0.42731375305970304,0.572007467677083,0.6518726898243137,0.44454823201758686,0.551120157238622,0.46522009783801366,0.47015287629475194,0.5609794942458995,0.6452915914478423,0.23896298517645298,0.5560965034279959,0.5003398138950873,0.520281584240428,0.49093379323781006,0.4700052546945848,0.46522009783801366,0.46522009783801366,0.2881846000665378,0.5981756746926459,0.5075420108590993,0.46522009783801366,0.6478524865395795,0.5229577389465575,0.6160596945704736,0.4454426205485381,0.4406574636919669,0.4759115012901664,0.4454426205485381,0.5606329974360199,0.5578157979982782,0.5601333986876899,0.5553482418311186,0.5553482418311186,0.5553482418311186,0.5592277466281237,0.523039050445878,0.5716265680817092,0.3896768745244823,0.44963737728666014,0.47618216665427776,0.4784017025681233,0.42422433032943846,0.612268966363182,0.48929352560361733,0.5672736006328166,0.4700052546945848,0.5217681212227726,0.5726060898252496,0.5553482418311186,0.5553482418311186,0.7113914593778505,0.5581608630334816,0.2881846000665378,0.4700052546945848,0.47254542358960716,0.5315661321276761,0.5453030183705483,0.4304786574428804,0.5789245585119738,0.5711536303586872,0.5047330322991274,0.5255516089592348,0.5125090515598069,0.5174418970528081,0.5356754754804373,0.6732591750383353,0.4877581809068723,0.5741706475374369,0.5007052405182335,0.5241470503183328,0.4454426205485381,0.705818688016877,0.5269023713249897,0.4608005236706105,0.4532002897920813,0.4752349873742742,0.5207664521026636,0.4700052546945848,0.49692294861644415,0.5126567401962369,0.5126567401962369,0.6040038847936332,0.5713263764512744,0.4451295193290488,0.5677281887255634,0.44211587695953053,0.5634579537375454,0.5634579537375454,0.22273567228840332,0.4454713000759263,0.3399657278582768,0.6777765954257212,0.4957034948393212
U0004,0.35896528623408797,0.6948746855563603,0.5192456402889863,0.47334674665457244,0.405169934209896,0.3470633941432674,0.38230346185674924,0.5921509975641492,0.6257244239022859,0.3635107557130506,0.4063140292749303,0.42020980663505986,0.4320068154161573,0.5212056973778298,0.31790407968666207,0.3782775797238804,0.5331699649047413,0.6372963487784628,0.4752712930374742,0.4459235020348563,0.424994963491631,0.42020980663505986,0.42020980663505986,0.243174308863584,0.4239000865107783,0.45391788182785636,0.42020980663505986,0.6218478357693149,0.14780092078281348,0.44963495500895256,0.4004323293455843,0.39564717248901315,0.4309012100872126,0.4004323293455843,0.6374925761312117,0.5166277217465536,0.5151231074847361,0.5103379506281649,0.5103379506281649,0.5103379506281649,0.5157402208515539,0.618657968036333,0.6461056715625948,0.5196814374336683,0.37784505358476095,0.35393974696301816,0.6509848749657047,0.7547335096848264,0.45877479102048774,0.6462359637208284,0.488260552243189,0.424994963491631,0.5244281773272248,0.5955776281730989,0.5103379506281649,0.5103379506281649,0.3909452197826892,0.503138954780689,0.243174308863584,0.424994963491631,0.4308248305256315,0.5534382354173505,0.5294771923801678,0.6129896500407426,0.4658543723309436,0.41414871969732947,0.5197787236317283,0.480541317756281,0.4728094481128673,0.4724316058498543,0.4745389670479737,0.6661443009665803,0.5737266730105317,0.4269605517227821,0.4707605744198647,0.5183414164304987,0.4004323293455843,0.6081335517929778,0.5071858627785593,0.42414369161140314,0.5024146159639634,0.45230858454261125,0.47575616089970985,0.424994963491631,0.45191265741349035,0.4676464489932831,0.4676464489932831,0.6825165772609053,0.5263160852483205,0.4594940063544722,0.423357994907915,0.5518896008371643,0.5184476625345916,0.5184476625345916,0.6647932335148679,0.7178964439963162,0.29618308158344836,0.30292855175809125,0.21246705154398834
U0005,0.44423527258852014,0.3676920106534904,0.28571188517495727,0.44352575361143354,0.34468593969556915,0.4246478762177606,0.3530408871069688,0.515850622213709,0.5329908241946503,0.430586643775775,0.373064873136103,0.39094723188527936,0.3982403758449493,0.4861264198985474,0.5492216703520018,0.23854409418889838,0.3254387570063511,0.35197624912636494,0.44600871828769373,0.4166609272850758,0.39573238874185057,0.39094723188527936,0.39094723188527936,0.2139117341138035,0.4120212371521278,0.4265324629708823,0.39094723188527936,0.5158482943126208,0.31411161878977534,0.49374835355700325,0.37116975459580387,0.36638459773923265,0.4016386353374321,0.37116975459580387,0.48837223015637277,0.4844626785060798,0.4858605327349556,0.4810753758783844,0.4810753758783844,0.4810753758783844,0.4855501170949729,0.42724296850719223,0.42752645987103355,0.361463066913308,0.3832398672634961,0.41251226628042614,0.3727983301344413,0.3804425105941695,0.4529809979606153,0.41098538862434353,0.5213033534325415,0.39573238874185057,0.5453954904979232,0.47549673449924784,0.4810753758783844,0.4810753758783844,0.4440182838623521,0.5065313854071584,0.2139117341138035,0.39573238874185057,0.6681963229921928,0.4335818646470311,0.48308065144103113,0.450349774406281,0.48798154521495685,0.4505822832311879,0.38855427330012904,0.45127874300650056,0.4522356335149269,0.44316903110007383,0.49915571140405934,0.5903520368319302,0.5098470676711369,0.4864234305290838,0.49268953972333773,0.42651208124229684,0.37116975459580387,0.5884495160321908,0.44188767388205596,0.3827982582542882,0.4306836949189678,0.3789032299929413,0.44649358614992934,0.39573238874185057,0.42265008266370985,0.4383838742435026,0.4383838742435026,0.5160257782164681,0.4970535104985401,0.3956265965616833,0.48040251014941343,0.48162499499350525,0.4891850877848111,0.4891850877848111,0.20595083378391632,0.1752796202951018,0.2423805873202487,0.24049265246793816,0.2437249033968027
U0006,0.43925301983370424,0.359045243852077,0.3776422774296683,0.4117331417046342,0.2856538411423103,0.4596271977644161,0.32606655996772554,0.4865749038488232,0.5410526618304144,0.42345554625611004,0.6900890754343076,0.3639729047460361,0.34301622516217284,0.465772848994017,0.4412552692161047,0.2877991896684921,0.3708531696556801,0.3040209393296322,0.4190343911484505,0.38968660014583256,0.3687580616026073,0.3639729047460361,0.3639729047460361,0.18693740697456024,0.40150149239577565,0.40140034802654884,0.3639729047460361,0.4079364184468168,0.5520805681709724,0.6051538614995289,0.3441954274565606,0.3394102705999894,0.37466430819818886,0.3441954274565606,0.500925837498008,0.46072691588004777,0.45888620559571236,0.45410104873914114,0.45410104873914114,0.45410104873914114,0.46079554997734856,0.5473563025851971,0.4171644033469414,0.40172729690781467,0.36647407366242474,0.377416562210734,0.47459954737420595,0.4042814284013858,0.45021550563633983,0.3350361625680133,0.30484189222382085,0.3687580616026073,0.6385152946119752,0.4300691117595367,0.45410104873914114,0.45410104873914114,0.36316033263329484,0.4376621322933389,0.18693740697456024,0.3687580616026073,0.33284951419819364,0.43656785914374646,0.43823962402323907,0.38671195932626873,0.4256602128526741,0.5044946420104043,0.5471228355859258,0.4243044158672573,0.4236086297120062,0.4161947039608306,0.5007188905816832,0.5643963230159592,0.6136969186572079,0.4325466669018147,0.4042946353584718,0.4072704085538806,0.3441954274565606,0.5360359589291684,0.4212762652710165,0.35741476366262326,0.3550092220969766,0.4469700742880055,0.4195192590106861,0.3687580616026073,0.3956757555244666,0.41140954710425937,0.41140954710425937,0.43063006587673996,0.4700791833592968,0.3497526858423226,0.39787517822007656,0.4937137650875853,0.4622107606455679,0.4622107606455679,0.3633710443660771,0.24441438939807447,0.1836092045662291,0.13232279888110154,0.1117658559523691
U0007,0.3816013555062396,0.22037980325500248,0.4178103255432939,0.4189838194561562,0.33576691745087717,0.30026661913773267,0.32363304859820186,0.525975550894048,0.548135177290955,0.387314365695362,0.505074055109344,0.3615393933765125,0.39547085596691967,0.44546812325166973,0.40059165665805135,0.12257538625872166,0.4143914146595756,0.4184105836551227,0.4166008797789268,0.38725308877630893,0.36632455023308363,0.3615393933765125,0.3615393933765125,0.1845038956050366,0.3720562226001147,0.4015513981509474,0.3615393933765125,0.6238023129583453,0.29684794561668115,0.40913092052977196,0.34176191608703693,0.33697675923046577,0.3722307968286652,0.34176191608703693,0.48287120800090794,0.45478233433097437,0.4564526942261887,0.4516675373696175,0.4516675373696175,0.4516675373696175,0.45649987897255623,0.4887140772555952,0.4719945613912425,0.279474571686781,0.2928295950477937,0.30991128697857573,0.2771444997469046,0.4351273082720944,0.4469065355787381,0.60625498696444,0.4496218473910164,0.36632455023308363,0.41299948057120467,0.4654234793643752,0.4516675373696175,0.4516675373696175,0.5977708163091664,0.47710905901196665,0.1845038956050366,0.36632455023308363,0.7920189619774213,0.4087741193861855,0.4875355015217785,0.4805818668697957,0.5447192179667839,0.3703332353756361,0.4169522446663925,0.4218709044977337,0.41815677106714333,0.41376119259130695,0.38727860773480566,0.5730781871775792,0.44761480780749996,0.48756682634038156,0.392364934507606,0.4603714880744001,0.34176191608703693,0.6025127949021334,0.4299172360186953,0.36312184612246673,0.3805689186335105,0.3152042954128407,0.41708574764116246,0.36632455023308363,0.39324224415494297,0.40897603573473573,0.40897603573473573,0.5266871082048654,0.4676456719897732,0.41549792525670903,0.4643836166036703,0.4762435970829562,0.45977724927604424,0.45977724927604424,0.5541109549802182,0.3510391100755914,0.21679099502009458,0.5772247332842729,0.31898817913787786
U0008,0.37431221506004525,0.3835845190302013,0.22969887028013602,0.3814921272846224,0.2972124660094588,0.41178901062378126,0.29601427939274255,0.4669988960912843,0.5040003788179939,0.3371206689167429,0.2553490108413305,0.33392062417105317,0.3366189988963916,0.43165519490893545,0.5283531065143635,0.17756940019250933,0.28344060731329956,0.3020540646825862,0.3889821105734675,0.35963431957084957,0.33870578102762433,0.33392062417105317,0.33392062417105317,0.15688512639957725,0.4097432305461187,0.37294870327371754,0.33392062417105317,0.5133723421673139,0.31734284784214095,0.4737142226701798,0.31414314688157763,0.3093579900250064,0.34461202762320586,0.31414314688157763,0.4351660564399902,0.4274393545559794,0.42883392502072937,0.42404876816415815,0.42404876816415815,0.42404876816415815,0.4278634323743007,0.3604246111975018,0.41137707312854693,0.33403873728924216,0.3602795240055432,0.3136561294693845,0.36970274248017654,0.38159380192981995,0.39773995088363856,0.3735681952657983,0.499941129472711,0.33870578102762433,0.4971640355352845,0.4416069866202558,0.42404876816415815,0.42404876816415815,0.2743155648806822,0.4302425497827216,0.15688512639957725,0.33870578102762433,0.39336685822710094,0.3922614545608242,0.4225120546185163,0.3861380775801303,0.3919391464038851,0.418355867679465,0.3490839279576282,0.3942521352922743,0.3940146962677039,0.3861424233858476,0.38792025251709167,0.5570525534575258,0.5015234511589044,0.45250270380481733,0.4378367436767095,0.4065465810929232,0.31414314688157763,0.5297723018970631,0.3831861367836629,0.3327693503910915,0.35924700990295755,0.34429387535406364,0.3894669784357031,0.33870578102762433,0.36562347494948366,0.3813572665292764,0.3813572665292764,0.42944811563043617,0.44002690278431383,0.3273738759067579,0.4164027029269833,0.5300543641836395,0.43215848007058494,0.43215848007058494,0.25181564122595257,0.13947091157561364,0.16134704265808109,0.32278709217525225,0.08927368050670614
U0009,0.4364145469237429,0.3659694097103656,0.40287588991012474,0.4050604157466887,0.2711392196479234,0.3803076204492535,0.313655483030913,0.44853611556147704,0.541270434372843,0.35336312380140855,0.3334248686356487,0.3515618278092236,0.31180456131865614,0.4490915552997339,0.4171947334225655,0.3131764494551632,0.47533262610389604,0.36727543738901436,0.40662331421163794,0.37727552320902,0.3563469846657948,0.35156182780922357,0.35156182780922357,0.1745263300377477,0.3261341236065745,0.3946701849128113,0.35156182780922357,0.4885291547966064,0.6674045911669548,0.631043894759805,0.3317843505197481,0.32699919366317687,0.3622532312613763,0.3317843505197481,0.47124875897357915,0.44988053162008285,0.4464751286588998,0.4416899718023286,0.4416899718023286,0.4416899718023286,0.45122246786992065,0.4461650719921913,0.35294323544573997,0.27570087267585514,0.30370991246912304,0.39616329945768397,0.40620039086195797,0.3681132323342723,0.5213036748049659,0.3076756351192684,0.22934278247146622,0.3563469846657948,0.5777745967857377,0.45967060804870324,0.4416899718023286,0.4416899718023286,0.4487464763516361,0.39304664999966843,0.1745263300377477,0.3563469846657948,0.37732298129659564,0.4222785150118734,0.45545610749478366,0.3981355679384453,0.4675992977650778,0.34103318734047006,0.5521561850965808,0.4118933389304448,0.4091118244247423,0.40378362702401804,0.4945478464730776,0.550861128307077,0.4559099422499695,0.42116897393902203,0.3554935697869859,0.3845046181539087,0.3317843505197481,0.5623348834890026,0.4252251574590259,0.3466725427777742,0.3283560609569983,0.5793235380799698,0.40710818207387356,0.3563469846657948,0.3832646785876541,0.39899847016744683,0.39899847016744683,0.4785830569842704,0.4576681064224843,0.3734257842222637,0.36316477306019945,0.39793241093551746,0.44979968370875534,0.44979968370875534,0.1297100649589616,0.15023506920349344,0.17680472660972296,0.3104707271558188,0.3874988529754262
U0010,0.363428859930741,0.3337810640700663,0.27418242756806543,0.4025581999608168,0.28621415518150983,0.33028246886092805,0.3124365128693103,0.46989849607901824,0.5207199783179827,0.3184880463028642,0.3772435000337019,0.35034285764762085,0.3314665443604561,0.44499768808457285,0.40280021489324264,0.23253194341098254,0.37927887114459785,0.36404713699729085,0.40540434405003517,0.37605655304741725,0.35512801450419207,0.35034285764762085,0.35034285764762085,0.17330735987614498,0.4166533982402836,0.38656963715555903,0.35034285764762085,0.4435738472205483,0.2453421108047082,0.44875188667647087,0.3305653803581453,0.3257802235015741,0.3610342610997736,0.3305653803581453,0.4594487496068867,0.44467997226310974,0.44525615849729705,0.4404710016407259,0.4404710016407259,0.4404710016407259,0.44496970211309295,0.4154968834781228,0.4261267237935715,0.3163772689953418,0.3363078301506085,0.28548716872625957,0.3963083502969442,0.4117771454183603,0.40707275765505124,0.3526658178624517,0.39919499582331114,0.35512801450419207,0.39804167009733804,0.4420236233473638,0.4404710016407259,0.4404710016407259,0.3686155289486784,0.42912849858365376,0.17330735987614498,0.35512801450419207,0.25205421991317656,0.4256586574231295,0.4145844980474556,0.3702409456973603,0.37861356716092115,0.42567915293107744,0.36460257535169716,0.410674368768842,0.39992063584691434,0.40256465686241527,0.37101707835599473,0.5601397461956074,0.4458962181437437,0.38201866232369464,0.37419640082288036,0.3694687362592635,0.3305653803581453,0.5384239984901129,0.4150250374214428,0.34441324719237376,0.35043914089524053,0.35323489442897493,0.40588921191227084,0.35512801450419207,0.38204570842605134,0.3977795000058441,0.3977795000058441,0.4798052592246968,0.45644913626088157,0.31518113800366226,0.36366642459138265,0.370870486391778,0.4485807135471526,0.4485807135471526,0.18135725625765814,0.20163667447512504,0.19624144050433734,0.26448839633512133,0.16638679271672285
U0011,0.4922589586329281,0.3729476368458133,0.3895711587830397,0.504548741689334,0.38330782949968417,0.4982201260395405,0.4146010094337014,0.5838204613604663,0.6328191970576096,0.47173115584826664,0.4496353791417983,0.452507354212012,0.4421581151020382,0.5553096218116257,0.4552929558618233,0.29099616740493367,0.46391733729712925,0.5029908178683079,0.5075688406144263,0.47822104961180845,0.45729251106858315,0.452507354212012,0.452507354212012,0.2754718564405361,0.4532986279048987,0.4879794506555627,0.452507354212012,0.5357661984330133,0.43491591688645614,0.5472984876674196,0.43272987692253645,0.4279447200659653,0.46319875766416474,0.43272987692253645,0.6416075942276893,0.5482794292817553,0.5474206550616882,0.542635498205117,0.542635498205117,0.542635498205117,0.5475585402524364,0.5975007638141268,0.5637623690047381,0.5216576893853917,0.4012901387541792,0.4579170537123396,0.5735152542325431,0.5823371547091902,0.516461892080132,0.4816914232332916,0.4091535177822516,0.45729251106858315,0.707142772628385,0.5227049411750404,0.542635498205117,0.542635498205117,0.47038038687233336,0.5236264933131833,0.2754718564405361,0.45729251106858315,0.5035370324881827,0.5257159694238311,0.5303988439512173,0.4976141274625489,0.47460076962970293,0.47122605982962423,0.5678068690129721,0.5128388653332332,0.5134360930328868,0.5047291534268065,0.6343923796185043,0.6473326275209716,0.6390787491007758,0.514019602804914,0.4647355072503067,0.5190273211203275,0.43272987692253645,0.6451545249389058,0.5144439069205691,0.4502906831150021,0.4810475772218303,0.4947823584122377,0.508053708476662,0.45729251106858315,0.4842102049904425,0.49994399657023525,0.49994399657023525,0.6139318152429931,0.5586136328252727,0.4425370598976769,0.4964614748520186,0.5443838535166077,0.5507452101115438,0.5507452101115438,0.4889210788655165,0.6768284885053482,0.3093156762365633,0.204046989380408,0.18384225436968138
U0012,0.36945031226742486,0.6746474608618833,0.431491238241847,0.4018594274023172,0.319512985732298,0.3589197616518868,0.313655483030913,0.481445593871679,0.5070940999070028,0.33419104459250815,0.3097329005428972,0.35156182780922357,0.34681563579286623,0.4549750918885608,0.4052212528423627,0.20749464982890736,0.3210619136972795,0.3898082295530538,0.40662331421163794,0.37727552320902,0.3563469846657948,0.35156182780922357,0.35156182780922357,0.1745263300377477,0.2858042670545258,0.38696221761658556,0.35156182780922357,0.5034729198846856,0.27048777122525935,0.5030968741240829,0.3317843505197481,0.32699919366317687,0.3622532312613763,0.3317843505197481,0.47857274272276384,0.44705536537373264,0.4464751286588998,0.4416899718023286,0.4416899718023286,0.4416899718023286,0.4465698985658095,0.4600154698051879,0.4181433884368976,0.3754756914282772,0.33669405943869835,0.3494385660922448,0.5017405743135043,0.39514015019958537,0.4349571414310384,0.4009078959363123,0.4042841917280864,0.3563469846657948,0.5264937878728194,0.47549985073019857,0.4416899718023286,0.4416899718023286,0.29597297047850607,0.44006878758255785,0.1745263300377477,0.3563469846657948,0.42292410935910685,0.4448966051936521,0.4651220125424141,0.4685848389487564,0.44385997243698777,0.3564733220818814,0.44163644199702257,0.4118933389304448,0.40990570390960135,0.40378362702401804,0.43251161467186044,0.5860207958390459,0.4393768334493473,0.3898117701805208,0.47141781635719654,0.3977183073043695,0.3317843505197481,0.5202519361879461,0.41072458192201683,0.34442022227229296,0.3989429400768673,0.3786614199180133,0.40710818207387356,0.3563469846657948,0.3832646785876541,0.39899847016744683,0.39899847016744683,0.4908809590191438,0.4576681064224843,0.38687714319474187,0.3646108220768212,0.42122282781890785,0.44979968370875534,0.44979968370875534,0.16300133903083464,0.13022881797244212,0.18103754881630985,0.0838670916628933,0.17091488625892715
U0013,0.36141409865894586,0.36540100304941575,0.2635296230819517,0.3996241358588164,0.2752826337731912,0.5586094898179574,0.3084253563295551,0.4559772803280817,0.5087786864490981,0.322176672609128,0.3601195835291776,0.34633170110786565,0.3188551403668912,0.44598282964798674,0.47826203093363207,0.148106479707448,0.29702880230903167,0.36944345312416255,0.40139318751028,0.3720453965076621,0.35111685796443687,0.34633170110786565,0.34633170110786565,0.16929620333638978,0.4313239856740957,0.3827687998049513,0.34633170110786565,0.41717515020049134,0.2699923395673801,0.4750039816021733,0.32655422381839017,0.32176906696181895,0.3570231045600184,0.32655422381839017,0.4507712966909516,0.4401043450372758,0.4412450019575419,0.4364598451009707,0.4364598451009707,0.4364598451009707,0.4395002576218937,0.4352380080222772,0.3842396197474737,0.32777301775115625,0.3258498235089171,0.2775236617335494,0.46874505513666015,0.3692788588952995,0.4553869523214909,0.2760648982952655,0.3956381579700529,0.35111685796443687,0.51395798255813,0.40813892690076065,0.4364598451009707,0.4364598451009707,0.4406374676630429,0.43030768778707046,0.16929620333638978,0.35111685796443687,0.2812968930658836,0.40988033365221055,0.4183121525976107,0.35390942118720115,0.4173885880103268,0.39687199793893735,0.3924150551866863,0.40666321222908686,0.40188916990733453,0.3985535003226601,0.40358333523367074,0.5530226184021275,0.45713081538937617,0.40030906611803313,0.39171443234829156,0.38612332756855294,0.32655422381839017,0.5231980348011583,0.40137631178013006,0.3391445596369926,0.3401471619180943,0.3533690990300355,0.40187805537251564,0.35111685796443687,0.3780345518862962,0.3937683434660889,0.3937683434660889,0.4585741857917521,0.45243797972112637,0.32036443875181264,0.35732711124925975,0.39033973387466725,0.4445695570073974,0.4445695570073974,0.1515901219086479,0.20877342946246827,0.1821626771218524,0.13135415695296115,0.31850498746624506
U0014,0.4231448598685757,0.5057507053004481,0.3693835199926319,0.448018842161884,0.32441229330674354,0.3904232956436686,0.3551477638964662,0.5030092682735244,0.5860642399063466,0.3353859467876439,0.42690078631683764,0.3930541086747768,0.36268697955171486,0.4922098492710857,0.42714818511242647,0.47675794379025566,0.5594915324910892,0.5130260810097484,0.4481155950771911,0.41876780407457326,0.39783926553134796,0.3930541086747768,0.3930541086747768,0.21601861090330093,0.5133232237577128,0.4295234877207934,0.3930541086747768,0.47909926228997857,0.3284832964617682,0.5450381408546205,0.37327663138530126,0.3684914745287301,0.40374551212692955,0.37327663138530126,0.535836437319134,0.4898748184122011,0.48796740952445306,0.48318225266788184,0.48318225266788184,0.48318225266788184,0.4906681913823395,0.49362995990568215,0.5141916645223448,0.3848915631054169,0.38799065534399446,0.37194642488411495,0.5517562251774659,0.5764274097386373,0.4879352219424641,0.37650025676961163,0.43001684609991253,0.39783926553134796,0.45239366179173945,0.5464727886183877,0.48318225266788184,0.48318225266788184,0.45374427982807874,0.45817962731481543,0.21601861090330093,0.39783926553134796,0.18137617499827985,0.5068008638518093,0.4563936978789958,0.4463681886649855,0.4193864098098216,0.4831942150874907,0.4645228683586225,0.453385619795998,0.4380254293641848,0.4452759078895713,0.45372269593004605,0.6082697518447948,0.5025053631704498,0.3848297124827145,0.40681884683921965,0.40736175579396156,0.37327663138530126,0.5871328579446857,0.48006300324101797,0.387790137027052,0.4139922650166348,0.5328304521494925,0.4486004629394268,0.39783926553134796,0.4247569594532073,0.44049075103300006,0.44049075103300006,0.6038727241701032,0.4991603872880375,0.36358670080418387,0.384629625341541,0.3921801644925621,0.49129196457430857,0.49129196457430857,0.21223940185933693,0.39992282197962137,0.27403454211936773,0.3235503410358108,0.3900496874539395
U0015,0.5163636545756234,0.35581003739202777,0.37323583729199317,0.47581070902986056,0.34962256379237766,0.41539413852072926,0.38230346185674924,0.5306025729556668,0.57547689760672,0.4391954427694658,0.45945136365028133,0.42020980663505986,0.41565882712215696,0.5190890415109107,0.4927956239132274,0.2520536751596336,0.4347720672420414,0.4292055477770237,0.4752712930374742,0.4459235020348563,0.424994963491631,0.42020980663505986,0.42020980663505986,0.243174308863584,0.4306649312608009,0.4559185231005624,0.42020980663505986,0.5032918296160007,0.3863775149271005,0.5300226804265136,0.4004323293455843,0.39564717248901315,0.4309012100872126,0.4004323293455843,0.5493437902389863,0.5145967132386869,0.5151231074847361,0.5103379506281649,0.5103379506281649,0.5103379506281649,0.5152264038810421,0.5040671820770674,0.4852992886408907,0.40372653223166965,0.3810982708455745,0.45770049834789894,0.45609402289244594,0.41060042837278793,0.5066073900318993,0.40931270157589483,0.4362185269099083,0.424994963491631,0.5658783731234256,0.4972776545665132,0.5103379506281649,0.5103379506281649,0.5399879580287472,0.5128287600368909,0.243174308863584,0.424994963491631,0.5462352082671736,0.48259346816014664,0.4985254598698203,0.4332654035984847,0.4916883062280685,0.47177393499424924,0.4702719729763804,0.480541317756281,0.4754475730362664,0.4724316058498543,0.5707890286751762,0.6108962864019986,0.49432736711314473,0.4772960275976761,0.4639297767953697,0.44260713243836386,0.4004323293455843,0.6239326759301749,0.4797584526817238,0.41064492410626563,0.44244273151160335,0.43134866330339683,0.47575616089970985,0.424994963491631,0.45191265741349035,0.4676464489932831,0.4676464489932831,0.5724865527483333,0.5263160852483205,0.40737008222483667,0.4845125087888832,0.38983876129782175,0.5184476625345916,0.5184476625345916,0.1774160962662154,0.3961811562946685,0.29079671457444256,0.24504939957175526,0.29272737391803066
U0016,0.2648275909890543,0.4751331248537729,0.31342022641038186,0.40027549553352,0.300719723146105,0.27677384571898994,0.30842535632955503,0.48490481426561255,0.5279395093784491,0.2892277774073639,0.27724789506981634,0.34633170110786565,0.3243216536196575,0.44045351756133255,0.28722552407899987,0.37463441374351225,0.4390909731277217,0.4762829293227412,0.40139318751028,0.3720453965076621,0.35111685796443687,0.34633170110786565,0.34633170110786565,0.16929620333638978,0.3702137007794508,0.37994066793241066,0.34633170110786565,0.4611421513886321,0.12293050848227427,0.404511963730979,0.32655422381839017,0.32176906696181895,0.3570231045600184,0.32655422381839017,0.4998931465690202,0.442976150927656,0.4412450019575419,0.4364598451009707,0.4364598451009707,0.4364598451009707,0.44312274399397955,0.45336269240182847,0.45525581723936015,0.34281733492112354,0.30741530559419444,0.2613770102064413,0.4679285181928859,0.5831159146532422,0.3883078375119999,0.42343582480876396,0.37850252652770267,0.35111685796443687,0.3924888002396496,0.4854599765389586,0.4364598451009707,0.4364598451009707,0.330776080678818,0.41886966163365325,0.16929620333638978,0.35111685796443687,0.307078308693869,0.4488913473317178,0.4301798376212638,0.4798473884131282,0.3785140335323012,0.3444155962290312,0.38740505581938633,0.40666321222908686,0.3969412524230159,0.3985535003226601,0.3639930890708763,0.5669186038677254,0.4642858825105717,0.329059901070046,0.3636217030921005,0.3728200778795105,0.32655422381839017,0.5258438104482931,0.4317341764666196,0.34351317575402307,0.3870159906219469,0.420629490384428,0.40187805537251564,0.35111685796443687,0.3780345518862962,0.3937683434660889,0.3937683434660889,0.5656704668427464,0.45243797972112637,0.34811248397233796,0.31260416980679795,0.40393880727558046,0.4445695570073974,0.4445695570073974,0.3309201072901099,0.316114924805096,0.20681181032216436,0.17854248043084686,0.23998168648325868
U0017,0.3383122948909474,0.37527560425797424,0.32213251665326714,0.4201743999302696,0.2952076067254164,0.4167594720257307,0.32606655996772554,0.4767641285253265,0.5275252796528285,0.3279190834346858,0.3722186734623659,0.3639729047460361,0.3323560734782086,0.45655347994610324,0.394582894189259,0.2619353009007283,0.39487743454682456,0.418183591644658,0.4190343911484505,0.38968660014583256,0.3687580616026073,0.3639729047460361,0.3639729047460361,0.18693740697456024,0.39637172917632024,0.3998077642327866,0.3639729047460361,0.44536091545648804,0.25763433784864387,0.4708949528504497,0.3441954274565606,0.3394102705999894,0.37466430819818886,0.3441954274565606,0.4660911190399244,0.4591676822731823,0.45888620559571236,0.45410104873914114,0.45410104873914114,0.45410104873914114,0.45956419516639724,0.4506613037602936,0.38842411827754453,0.28934961951094623,0.3141724212657184,0.28521168447130474,0.42530971336975376,0.42305469996132833,0.46192354038818273,0.34184441767522045,0.3621448422650607,0.3687580616026073,0.43494333319983813,0.4481403196460386,0.45410104873914114,0.45410104873914114,0.48524334907055194,0.4413677569740996,0.18693740697456024,0.3687580616026073,0.37047366133009785,0.4334999871753763,0.4449183460163124,0.4185082292843205,0.45188266678311423,0.36983947507096476,0.4083099963990494,0.4243044158672573,0.41549928731107755,0.4161947039608306,0.3878154757494129,0.5672512354419914,0.4260593700648147,0.3773632705871002,0.37561523919345896,0.37383437759095095,0.3441954274565606,0.5482769861755451,0.43539783805369975,0.3557728142588687,0.3592911374189861,0.40998532066576177,0.4195192590106861,0.3687580616026073,0.3956757555244666,0.41140954710425937,0.41140954710425937,0.5178149118793479,0.4700791833592968,0.3556870833405924,0.34299629863642156,0.3481973095009876,0.4622107606455679,0.4622107606455679,0.163202565029326,0.15400241536855686,0.20788277233293287,0.1950794298783478,0.3994840159430687
U0018,0.37207055955655594,0.4680837507695036,0.32110905545334356,0.47982515378106166,0.34265100561669015,0.8923991295660318,0.38230346185674924,0.519933842180394,0.6040066574919853,0.3369973771294898,0.40388775225857115,0.4202098066350598,0.3702897654330153,0.5174089055368769,0.6142294549036169,0.2894700683453492,0.4284678974473437,0.5735267155603234,0.4752712930374742,0.4459235020348563,0.424994963491631,0.42020980663505986,0.42020980663505986,0.243174308863584,0.6431054638050364,0.4583077062293484,0.42020980663505986,0.4981466681765728,0.2834014930478952,0.5546636641049856,0.4004323293455843,0.39564717248901315,0.4309012100872126,0.4004323293455843,0.5116143749905275,0.5139586911071041,0.5151231074847361,0.5103379506281649,0.5103379506281649,0.5103379506281649,0.5133773328497335,0.5264020660091691,0.45192345980170845,0.35252949796791794,0.38751424199441564,0.2702527609723036,0.637702893938657,0.5404578631581229,0.61049423579252,0.30094656904882683,0.5144552712153597,0.424994963491631,0.5672775258686782,0.5010644563220225,0.5103379506281649,0.5103379506281649,0.7153641057553118,0.5017376431453816,0.243174308863584,0.424994963491631,0.2671286572120825,0.49176958805274934,0.4933609769938013,0.44358542009305674,0.5513245331824718,0.4430800208760255,0.4678924276985453,0.480541317756281,0.4716477904709628,0.4724316058498543,0.41072060942788785,0.631724331010012,0.5131655488035265,0.4602983583167141,0.4338249927008167,0.4772074527262143,0.4004323293455843,0.6031389562112317,0.4916542137569583,0.41548216661273163,0.3961659638268236,0.5012186882993983,0.47575616089970985,0.424994963491631,0.45191265741349035,0.4676464489932831,0.4676464489932831,0.5901951822712498,0.5263160852483205,0.3970086899051418,0.3876952857202317,0.4653589844714685,0.5184476625345916,0.5184476625345916,0.2594972685682754,0.34186750935761034,0.27173393140282615,0.2900289200903191,0.8401169758536816
U0019,0.5228399298825219,0.5472425527289597,0.310572296086122,0.47035098519262686,0.37014999067358884,0.39480966703317766,0.38276653310192554,0.5370594400932305,0.5712140234525005,0.4517567032133953,0.4472950888474684,0.4206728778802361,0.4241090004544129,0.5251240102611587,0.577539983347057,0.45973964320096633,0.4333494433983851,0.4076163350556651,0.4757343642826505,0.44638657328003256,0.4254580347368073,0.4206728778802361,0.4206728778802361,0.24363738010876027,0.5004324294413143,0.45388536702793253,0.4206728778802361,0.49173259437435407,0.3390933824077989,0.5669973258303925,0.4008954005907606,0.3961102437341894,0.4313642813323889,0.4008954005907606,0.5532347757269007,0.515846817902845,0.5155861787299123,0.5108010218733412,0.5108010218733412,0.5108010218733412,0.5168988099939591,0.46864694785723515,0.5280087316321511,0.47974293880490226,0.46828858693700065,0.5092917854676133,0.5165717828941025,0.5000194431932242,0.4547401945315714,0.39673198016743055,0.5825422816197667,0.4254580347368073,0.5841231571054477,0.5573126066482332,0.5108010218733412,0.5108010218733412,0.34763667326141545,0.5289671292474852,0.24363738010876027,0.4254580347368073,0.46357984405016267,0.5065924100866623,0.48644530427703764,0.47158693737819657,0.432763247608647,0.5793463067622153,0.43005911037807965,0.4810043890014573,0.4768536644221819,0.4728946770950306,0.5809917110556329,0.6282266466577142,0.596091435357667,0.47062883524816146,0.5471165062142228,0.43445642010799274,0.4008954005907606,0.6049077596440311,0.48070418383875824,0.41099572010300417,0.4941390074030782,0.47652336600005374,0.47621923214488615,0.4254580347368073,0.45237572865866665,0.46810952023845936,0.46810952023845936,0.5831608304044654,0.5267791564934968,0.39345500433626873,0.5078006628450529,0.5027467865910884,0.5189107337797679,0.5189107337797679,0.16848768179873713,0.3340891025469095,0.3033639461151856,0.19294164370059813,0.15472972556626408
U0020,0.3619021930488121,0.5338852081755003,0.3755513851319326,0.4151566965806054,0.3117742672418513,0.3517975081016438,0.32606655996772554,0.48701947135892304,0.5281868008134318,0.32134448181595016,0.36395521460738967,0.3639729047460361,0.3450083660874365,0.46320818929196933,0.3858533182737698,0.21973897655781546,0.3652210959617773,0.39862335170743307,0.4190343911484505,0.38968660014583256,0.3687580616026073,0.3639729047460361,0.3639729047460361,0.18693740697456024,0.3611257850315303,0.3992785117238026,0.3639729047460361,0.4707215036370317,0.24109867651540146,0.4804984971694172,0.3441954274565606,0.3394102705999894,0.37466430819818886,0.3441954274565606,0.4822674565537671,0.4589060108511231,0.45888620559571236,0.45410104873914114,0.45410104873914114,0.45410104873914114,0.45839348087120674,0.45968961543835996,0.43589071781931193,0.3586543735462924,0.3442628574939519,0.30298032049787726,0.4821767021788971,0.4202452114921914,0.43053697569778937,0.3792857722050528,0.3906307448187762,0.3687580616026073,0.4516505723530501,0.46614778190268674,0.45410104873914114,0.45410104873914114,0.33324642567001184,0.44037394484071,0.18693740697456024,0.3687580616026073,0.26665415432806083,0.4547941507463183,0.4470356065996225,0.4235423853686737,0.40954063968567955,0.39908915563398006,0.41585947999163436,0.4243044158672573,0.41554887247204203,0.4161947039608306,0.3906887887026803,0.5887468452006284,0.4415469624137852,0.37832033033144,0.42139182008340215,0.3892896993529965,0.3441954274565606,0.5345729699637125,0.4271243669707344,0.357019179829929,0.3783433381254798,0.36660262289013057,0.4195192590106861,0.3687580616026073,0.3956757555244666,0.41140954710425937,0.41140954710425937,0.49464132163953733,0.4700791833592968,0.3555360455349851,0.35218219819768354,0.3815373992338248,0.4622107606455679,0.4622107606455679,0.1712461412702212,0.17209607507300823,0.19690189081667256,0.15991704857820932,0.16780317699850378
U0021,0.43790646642291264,0.3493366202544606,0.31652303916390456,0.3876542559434614,0.2836304782843565,0.2511682046835842,0.29601427939274255,0.45751408314431324,0.471539437556075,0.39300637356224827,0.43297940442497174,0.33392062417105317,0.3498207871884877,0.432105001094951,0.4200193597354793,0.19674765996131588,0.31054297599414854,0.29891523177508317,0.3889821105734675,0.35963431957084957,0.33870578102762433,0.33392062417105317,0.33392062417105317,0.15688512639957725,0.29677982769947064,0.36788595356966947,0.33392062417105317,0.4356776355300942,0.27704381876616135,0.44537209162967806,0.31414314688157763,0.3093579900250064,0.34461202762320586,0.31414314688157763,0.4550658034725542,0.4282814314684672,0.42883392502072937,0.42404876816415815,0.42404876816415815,0.42404876816415815,0.42948739914211187,0.4168884606605482,0.3947022362507107,0.33031998447147454,0.314528209493976,0.41278397217147744,0.33027837732150744,0.3016092188433173,0.3885999434271645,0.37581975402408063,0.403893208927352,0.33870578102762433,0.48573588156285274,0.42554072236246976,0.42404876816415815,0.42404876816415815,0.3980491567786132,0.450490336381535,0.15688512639957725,0.33870578102762433,0.6376874196784201,0.39251314616537797,0.4278216135062779,0.39436536084973745,0.42924156762865073,0.4090886018732441,0.3710517317539169,0.3942521352922743,0.39285895763917267,0.3861424233858476,0.4970475150590144,0.5294221884497176,0.4286430592585966,0.4025618370683608,0.43557996890040496,0.3525674838179889,0.31414314688157763,0.5319909259369671,0.38886354890730723,0.32232237697411037,0.38729554509301534,0.31761998571333405,0.3894669784357031,0.33870578102762433,0.36562347494948366,0.3813572665292764,0.3813572665292764,0.4780646378716453,0.44002690278431383,0.34567195478710616,0.4286248032263027,0.3431202949572458,0.43215848007058494,0.43215848007058494,0.10882819819165024,0.19459029578089393,0.20310807492636324,0.11772454226856965,0.11892613098426147
U0022,0.43495081707783,0.32723421602420255,0.26867822758452164,0.405328758523343,0.2940033183235472,0.4527737177100687,0.313655483030913,0.46605660450850045,0.5050052088078247,0.3640651093041353,0.3783760890593735,0.35156182780922357,0.3522927048089101,0.44937198448918075,0.5287578450537262,0.15292499254798236,0.31143559755585903,0.33742845431071133,0.40662331421163794,0.37727552320902,0.3563469846657948,0.35156182780922357,0.35156182780922357,0.1745263300377477,0.4256356849275707,0.3885365021607435,0.35156182780922357,0.46821614548209156,0.29313746281336683,0.4704908058130264,0.3317843505197481,0.32699919366317687,0.3622532312613763,0.3317843505197481,0.4478503843531629,0.44445990765675636,0.4464751286588998,0.4416899718023286,0.4416899718023286,0.4416899718023286,0.4450992415420956,0.4029122146806178,0.40848377804203895,0.32261095133433365,0.346097596467947,0.3559223802688548,0.38304892262868934,0.32411486511771126,0.44431332947917224,0.3376315887602471,0.47294558989206,0.3563469846657948,0.49014478643017456,0.4323112347329998,0.4416899718023286,0.4416899718023286,0.4626315018197834,0.45898455842365893,0.1745263300377477,0.3563469846657948,0.47128376189162124,0.40453453907779663,0.43217190986101045,0.3627911718548985,0.4424170428757817,0.4361194209793291,0.36046401701144126,0.4118933389304448,0.40796508524977837,0.40378362702401804,0.44537445320266006,0.5545484618076635,0.44314322546944585,0.4426303922536959,0.4344183301962653,0.39265640013657005,0.3317843505197481,0.5526142523393135,0.40276862451793244,0.3435838540631238,0.37032363632284415,0.33158973494703126,0.40710818207387356,0.3563469846657948,0.3832646785876541,0.39899847016744683,0.39899847016744683,0.47178924611931294,0.4576681064224843,0.33686114945649,0.4334289723275448,0.39498743059002095,0.44979968370875534,0.44979968370875534,0.12061163537452219,0.2071503599597563,0.20809580448148082,0.253841632378905,0.2646634920217082
U0023,0.3649696164214576,0.4997000430944636,0.4819161947033124,0.48591710725202,0.400191337549635,0.4771060221908899,0.400407736740096,0.5950132707856058,0.6385994109591115,0.41703751179626364,0.44260978699870956,0.43831408151840656,0.4215713865910771,0.5310934745716013,0.43096158453461014,0.2494565269907773,0.4396844199975872,0.4680014090503752,0.49337556792082093,0.464027776918203,0.4430992383749778,0.43831408151840656,0.43831408151840656,0.2612785837469307,0.4076311667468391,0.478880389309691,0.43831408151840656,0.6428896553237997,0.4856636802568307,0.581357120210638,0.4185366042289311,0.41375144737235986,0.4490054849705593,0.4185366042289311,0.5740393028512338,0.5343787091482255,0.5332273823680829,0.5284422255115117,0.5284422255115117,0.5284422255115117,0.5337479230738795,0.5819083172809165,0.5063277269900537,0.42427257703366894,0.393333099699133,0.3148065410680881,0.5116062909474938,0.5799725952490085,0.5161761156175056,0.5707206847862957,0.4050863658099029,0.4430992383749778,0.6163939750094224,0.5292630097463051,0.5284422255115117,0.5284422255115117,0.38206063841917154,0.49601469145341426,0.2612785837469307,0.4430992383749778,0.4596685706608419,0.5098172810528795,0.5517947999030325,0.5585063266742217,0.5256188240042319,0.4103654903393778,0.5834557965089034,0.49864559263962777,0.4989851074838153,0.49053588073320104,0.43088260685676316,0.6704294781790057,0.6252616852170317,0.5219762726489489,0.4553410780958579,0.5361321244826952,0.4185366042289311,0.6219024969467495,0.5023081911980753,0.4429720370744463,0.4252556908584288,0.48773053194547056,0.49386043578305655,0.4430992383749778,0.47001693229683705,0.4857507238766298,0.4857507238766298,0.530904852205346,0.5444203601316673,0.4718111526806284,0.42891860851653063,0.6624663520823468,0.5365519374179384,0.5365519374179384,0.648945468549073,0.28740608772047294,0.22235880816988074,0.41259521461093457,0.2021694504546189
U0024,0.44476228298753484,0.27854493016575643,0.293663401205602,0.38722142852301633,0.2684732511888237,0.29760561772743,0.29601427939274255,0.4556384037647478,0.5082711409678188,0.33750644840188976,0.3823706533868904,0.33392062417105317,0.3381882085086304,0.4362694918282292,0.3855240547569153,0.14563888128378283,0.3742472298996434,0.36646378575157273,0.3889821105734675,0.35963431957084957,0.33870578102762433,0.33392062417105317,0.33392062417105317,0.15688512639957725,0.3762104183241478,0.3700311000169819,0.33392062417105317,0.4377885173316247,0.27809458168308976,0.42459617113787124,0.31414314688157763,0.3093579900250064,0.34461202762320586,0.31414314688157763,0.49348444253418494,0.42798663942359705,0.42883392502072937,0.42404876816415815,0.42404876816415815,0.42404876816415815,0.4279781639642982,0.4368996185064801,0.472119182213195,0.3741151448426391,0.30946409833061983,0.3637693909883827,0.4152954300078149,0.384015833127031,0.3974628412623122,0.36751280658852503,0.36850164505613403,0.33870578102762433,0.47311630916636055,0.42483430283141727,0.42404876816415815,0.42404876816415815,0.3890423574562132,0.41994290425074254,0.15688512639957725,0.33870578102762433,0.3258447741489524,0.4145148859285524,0.4020358395247537,0.3334696199954099,0.3551191099308899,0.41944716781930486,0.38770647240256434,0.3942521352922743,0.386687562003001,0.3861424233858476,0.48277151984359545,0.5356222848424598,0.4392685258336191,0.3956523133899164,0.37056969082697633,0.38201754198895754,0.31414314688157763,0.5411346303055137,0.3936081753498976,0.32869572162575644,0.36242195967173096,0.32001653054997936,0.3894669784357031,0.33870578102762433,0.36562347494948366,0.3813572665292764,0.3813572665292764,0.4921387975171814,0.44002690278431383,0.3053315744494385,0.4107415009350346,0.3365455801771936,0.43215848007058494,0.43215848007058494,0.19895553429549417,0.4932954308209071,0.21119882816008606,0.2264570547043266,0.05839726749342333
U0025,0.3125647354866207,0.3309636121383136,0.2982697126247122,0.39788241218818254,0.2857856003134456,0.3143440523891044,0.3084253563295551,0.4771967108285611,0.5153948758582282,0.3249153691115097,0.3782712289497044,0.34633170110786565,0.3251795409191706,0.43944106054447474,0.33750336954461413,0.20387480385406997,0.3492945553429888,0.35902147870195944,0.40139318751028,0.3720453965076621,0.35111685796443687,0.34633170110786565,0.34633170110786565,0.16929620333638978,0.3494413235162052,0.38187999736361744,0.34633170110786565,0.440952395164637,0.24105534746777801,0.4328099947797466,0.32655422381839017,0.32176906696181895,0.3570231045600184,0.32655422381839017,0.46657270618997587,0.44136843187574176,0.4412450019575419,0.4364598451009707,0.4364598451009707,0.4364598451009707,0.44124171660115724,0.44415311565265164,0.40346885054502263,0.31667088331304316,0.3073654752991446,0.2574934940677524,0.38910738682517493,0.42617198316642396,0.39362327524857194,0.38094141872256787,0.33801556595695414,0.35111685796443687,0.427961079153401,0.4222725953730742,0.4364598451009707,0.4364598451009707,0.3413181310225677,0.4201610703478765,0.16929620333638978,0.35111685796443687,0.3230182194941873,0.4166865688296497,0.42327533604913953,0.4021925341443053,0.38781902845771765,0.37245897547107176,0.3934476828054233,0.40666321222908686,0.3997893553094939,0.3985535003226601,0.36497510702377584,0.5555153616851404,0.4619608401691662,0.3733327619040452,0.35866052348946154,0.3729254345832608,0.32655422381839017,0.524861177479869,0.41108013553587197,0.3414072183154502,0.34472750253977785,0.345532287916119,0.40187805537251564,0.35111685796443687,0.3780345518862962,0.3937683434660889,0.3937683434660889,0.46861422923117024,0.45243797972112637,0.33150581562575154,0.3375114680676272,0.3962624935759068,0.4445695570073974,0.4445695570073974,0.2800132623016962,0.18334270948163606,0.17408505421305914,0.18571623615797883,0.12722820087014353
U0026,0.41064669873749654,0.5244949765823228,0.44229978876670406,0.4159210230044979,0.31499689754396293,0.3505528634752114,0.32606655996772554,0.4875808491944064,0.530072256505563,0.33900717203489067,0.4317094646127036,0.3639729047460361,0.35662277822688104,0.46297511336678815,0.4103733661350294,0.15297414940962734,0.36848135119205383,0.38083289855656416,0.4190343911484505,0.38968660014583256,0.3687580616026073,0.3639729047460361,0.3639729047460361,0.18693740697456024,0.34145925091202145,0.4015230477362782,0.3639729047460361,0.5092670559313759,0.3286782282457445,0.510380654319154,0.3441954274565606,0.3394102705999894,0.37466430819818886,0.3441954274565606,0.4741116710137452,0.4584657233413964,0.45888620559571236,0.45410104873914114,0.45410104873914114,0.45410104873914114,0.45828833336347996,0.47386453571958004,0.4333203911716422,0.3414335293352984,0.33841690454890383,0.3305915216498491,0.4543510713645275,0.35612068252404605,0.4582848429654434,0.40812891704974497,0.3829056815748333,0.3687580616026073,0.46637339213475776,0.4638590968419319,0.45410104873914114,0.45410104873914114,0.3955182409347847,0.4460313808325666,0.18693740697456024,0.3687580616026073,0.35128957244865455,0.4485279872687316,0.46144227640201607,0.41564909126933347,0.45451998150991013,0.40227998541325366,0.44623292843669937,0.4243044158672573,0.4163288082436822,0.4161947039608306,0.40548405271633736,0.5900201667816944,0.417779243401393,0.40955077602336654,0.4318730935596485,0.4045381856384931,0.3441954274565606,0.5485911054741653,0.42309570151864995,0.357076464687644,0.3705285483656152,0.3551666122812975,0.4195192590106861,0.3687580616026073,0.3956757555244666,0.41140954710425937,0.41140954710425937,0.47699065605719126,0.4700791833592968,0.37340981260698614,0.38167819848871953,0.3735111395205534,0.4622107606455679,0.4622107606455679,0.1691224364818092,0.1559322675336624,0.19343151873056835,0.2447834566899903,0.19588257287122432
U0027,0.3808300376889243,0.40092399757741287,0.5583856267129363,0.4067292845941551,0.2820886142342737,0.6409317381822708,0.3084253563295551,0.4783541155734359,0.5400569005612451,0.3274341184511771,0.9284731500922202,0.34633170110786565,0.33940503350336115,0.43847166921978253,0.43391373077719986,0.07853294568104335,0.4031944209945873,0.44558389394842174,0.40139318751028,0.3720453965076621,0.35111685796443687,0.34633170110786565,0.34633170110786565,0.16929620333638978,0.48987660546318085,0.38608315301229323,0.34633170110786565,0.4787687464677053,0.33207332523145194,0.5218686591839007,0.32655422381839017,0.32176906696181895,0.3570231045600184,0.32655422381839017,0.43448451864600796,0.4395293407706832,0.4412450019575419,0.4364598451009707,0.4364598451009707,0.4364598451009707,0.4395776708767739,0.6203383958351787,0.42582851637151864,0.26225917107912666,0.295365197324699,0.20719953321855683,0.49742147917241886,0.35272203842506733,0.5407422137942713,0.41661517866540293,0.358048437081245,0.35111685796443687,0.4222013482419446,0.4174093171341775,0.4364598451009707,0.4364598451009707,0.7799339937602998,0.4526081525232401,0.16929620333638978,0.35111685796443687,0.35841685039197735,0.42855024903751393,0.44835593082526565,0.38089843680028823,0.5839175933583663,0.46187293848276634,0.5085339671070962,0.40666321222908686,0.39187681434653604,0.3985535003226601,0.2955935828515447,0.5701355686530409,0.41495120879924735,0.4047008964001591,0.3589862409106293,0.42522897992194386,0.32655422381839017,0.541950309836136,0.416919290114244,0.33996761597590736,0.2968462100542334,0.30359135249655106,0.40187805537251564,0.35111685796443687,0.3780345518862962,0.3937683434660889,0.3937683434660889,0.45751590245036383,0.45243797972112637,0.3678367609721499,0.352079629645525,0.3305403802197663,0.4445695570073974,0.4445695570073974,0.4096095905458068,0.2299658342040358,0.18530304478084947,0.3955153442720974,0.6557599255066553
U0028,0.42269617467416193,0.5065952656088648,0.4165699771464674,0.42683045201733794,0.31881371581846163,0.5217447485641372,0.3394108400085535,0.5212184122626192,0.5672692445840236,0.4000008607659341,0.47797800722134276,0.3773171847868641,0.37269968131476633,0.49039096549061123,0.3661151946010131,0.21275946590800915,0.3710829340046996,0.47502555590651707,0.4323786711892785,0.40303088018666056,0.38210234164343526,0.3773171847868641,0.3773171847868641,0.20028168701538823,0.37088286091036626,0.41133835260947615,0.3773171847868641,0.45623945259380716,0.3579592148250246,0.5076352530722054,0.3575397074973886,0.3527545506408174,0.38800858823901685,0.3575397074973886,0.6103073443549241,0.47390857053851654,0.47223048563654035,0.46744532877996914,0.46744532877996914,0.46744532877996914,0.4717529872509227,0.618224865709949,0.5428394974346576,0.5509999382402649,0.3413740338624578,0.3964724839596753,0.6633787496240481,0.5723075954599939,0.4508800347210196,0.4281764288615577,0.32760920510977704,0.38210234164343526,0.7441471434517863,0.4632423337359868,0.46744532877996914,0.46744532877996914,0.3415499977799341,0.44909180995664366,0.20028168701538823,0.38210234164343526,0.35019432268428785,0.4819051621951671,0.4652737242662048,0.45715510513427354,0.39801659606313256,0.41770687810122364,0.5740229896744612,0.4376486959080853,0.4410790217754217,0.4295389840016586,0.6007846375792103,0.5914372242945674,0.6299230218797884,0.4300497703590851,0.42870760097997046,0.47954675171344135,0.3575397074973886,0.547180834291106,0.43792251771205043,0.3765988308465699,0.430552874508903,0.4239478163565914,0.4328635390515141,0.38210234164343526,0.4090200355652946,0.42475382714508736,0.42475382714508736,0.5459886755572604,0.4834234634001248,0.38506036685565576,0.41173281340887685,0.526264390164099,0.47555504068639587,0.47555504068639587,0.5412687941540495,0.7606089207709429,0.23169137276459517,0.0,0.0558517315056824
U0029,0.3596293501306995,0.38192330854575335,0.33828886115134943,0.4045116756295231,0.29496824199780924,0.32944785933195175,0.3124365128693103,0.47253801831641173,0.5200087888348163,0.3127777442337412,0.31769459365648794,0.35034285764762085,0.33602561610954096,0.44452013634117665,0.3840078636995207,0.17693094839305124,0.3782410607373745,0.3921883619727938,0.40540434405003517,0.37605655304741725,0.35512801450419207,0.35034285764762085,0.35034285764762085,0.17330735987614498,0.35958102354157107,0.3876549094517593,0.35034285764762085,0.48841484718294464,0.25842541454498313,0.44737085615009226,0.3305653803581453,0.3257802235015741,0.3610342610997736,0.3305653803581453,0.4609242226047509,0.4447623061974032,0.44525615849729705,0.4404710016407259,0.4404710016407259,0.4404710016407259,0.4450086969753342,0.4238598465466451,0.4139651546346805,0.2972348288625112,0.3085844463191355,0.29038401175146944,0.3944692388300045,0.39099436066973686,0.4345233867955145,0.38793415427229194,0.376168329838977,0.35512801450419207,0.41137307332732664,0.4461346919878426,0.4404710016407259,0.4404710016407259,0.4169166663385211,0.42887812169056994,0.17330735987614498,0.35512801450419207,0.3590431973666615,0.42369818385225716,0.4381447452975387,0.40055567052022134,0.4249811042175615,0.36042586040399355,0.3883367799641631,0.410674368768842,0.40190295814331856,0.40256465686241527,0.37810456491397765,0.5644143389255052,0.3997450798186589,0.3907758993037162,0.3801805542483579,0.3830555926425825,0.3305653803581453,0.545921457121419,0.4159596172244701,0.34497916827883135,0.3538058899330977,0.35753345918179347,0.40588921191227084,0.35512801450419207,0.38204570842605134,0.3977795000058441,0.3977795000058441,0.4936424946155617,0.45644913626088157,0.3472116122230573,0.36216114253200027,0.35639700179198136,0.4485807135471526,0.4485807135471526,0.17706229368895787,0.19448999638687275,0.1921108237851783,0.27799416602533,0.24492019714294178
U0030,0.34963861857578227,0.39194211119265726,0.3163671207800204,0.4174893453043138,0.29631722562513224,0.3467746935794044,0.32606655996772554,0.47606234271637937,0.5400051473283969,0.3302417128201971,0.28201324882665996,0.3639729047460361,0.327303099992126,0.4578071418768156,0.38339938104596993,0.345067067964123,0.4420043549406854,0.4104725904515272,0.4190343911484505,0.38968660014583256,0.3687580616026073,0.3639729047460361,0.3639729047460361,0.18693740697456024,0.37455354128454954,0.40167410138741927,0.3639729047460361,0.46845067735332246,0.3686496010569263,0.5138077962458745,0.3441954274565606,0.3394102705999894,0.37466430819818886,0.3441954274565606,0.48116842335758336,0.460798061917606,0.45888620559571236,0.45410104873914114,0.45410104873914114,0.45410104873914114,0.4615621230982828,0.4298291766042913,0.3946952126446958,0.30236709292884684,0.32429101145803163,0.32229909623247793,0.41958266371221414,0.4629823375286242,0.4572511533179054,0.3473350919852082,0.33452052086289374,0.3687580616026073,0.4686925274701621,0.47266891689960777,0.45410104873914114,0.45410104873914114,0.3918287693444062,0.42261775061070506,0.18693740697456024,0.3687580616026073,0.33462489760342706,0.44031733478454466,0.4478455515242945,0.43361882336603935,0.42352297227035085,0.36002783836353036,0.44187237947686625,0.4243044158672573,0.41733750781117307,0.4161947039608306,0.41887333523785936,0.5693271701602713,0.46114168067488814,0.38505079620899607,0.3710621985151668,0.37713192208700175,0.3441954274565606,0.5543434889395567,0.4398132536807404,0.3586064177403594,0.3641473557213324,0.4909892236511568,0.4195192590106861,0.3687580616026073,0.3956757555244666,0.41140954710425937,0.41140954710425937,0.5217108212293703,0.4700791833592968,0.35987560442498284,0.34545515971165563,0.3996888049294037,0.4622107606455679,0.4622107606455679,0.18030103132841585,0.16487581920282973,0.20200727122124865,0.24106195291762547,0.31897838626096986
U0031,0.5397632827510134,0.3810264247292199,0.44634399252210977,0.46647542699784217,0.3623350780862828,0.21328629293151952,0.37248730084544757,0.546069809046688,0.6166755945702805,0.3725726598388217,0.4164555684614422,0.41039364562375813,0.43263862914946477,0.5100326149291219,0.3970270707389674,0.27581676501756325,0.5960549344408448,0.5407662297103472,0.4654551320261725,0.4361073410235546,0.41517880248032935,0.41039364562375813,0.41039364562375813,0.2333581478522823,0.4727213741487482,0.4488334593548531,0.41039364562375813,0.6105252995373152,0.31995791509218086,0.4660600265715493,0.3906161683342826,0.3858310114777114,0.4210850490759109,0.3906161683342826,0.5980622712600507,0.5047728817000097,0.5053069464734343,0.5005217896168632,0.5005217896168632,0.5005217896168632,0.5055543070198648,0.514981223804775,0.6435659602264222,0.4427094409237747,0.37650267612645005,0.4469730329112027,0.4840019789577839,0.5569473896917712,0.47444383974301707,0.5696154158744665,0.4749893875735612,0.41517880248032935,0.43198960509491174,0.5662402901139368,0.5005217896168632,0.5005217896168632,0.5035507025494514,0.49046753522550196,0.2333581478522823,0.41517880248032935,0.36959894371716684,0.5201664397549186,0.48782086359014215,0.44283482819356634,0.42888235078041537,0.4874474185379215,0.4595481886883139,0.47072515674497933,0.4549880647273729,0.46261544483855255,0.5302990580373421,0.6278230800705116,0.4627932974035123,0.46619968205291384,0.42230214086420476,0.48016994382966555,0.3906161683342826,0.6526853314882789,0.48873672663109086,0.410972831008508,0.4553857286669178,0.41975078689580686,0.4659399998884081,0.41517880248032935,0.4420964964021886,0.4578302879819814,0.4578302879819814,0.6436569863407064,0.5164999242370188,0.3951032057349337,0.5046647424103949,0.3875659882823651,0.5086315015232898,0.5086315015232898,0.3643325691333198,0.7678387912139634,0.3209107720980211,0.5747650563405402,0.15470376853285606
U0032,0.4081410446205757,0.36035478512210095,0.3469754710917576,0.41555788039794966,0.29586800523957957,0.38429548133717634,0.32606655996772554,0.4768792355604864,0.5438197428016026,0.3443487656507609,0.37570608584498877,0.3639729047460361,0.33862739058356883,0.45989702816085654,0.43809896779025953,0.22687773190091948,0.4083120509639768,0.3621995243028876,0.4190343911484505,0.38968660014583256,0.3687580616026073,0.3639729047460361,0.3639729047460361,0.18693740697456024,0.3925517794500869,0.403952773023691,0.3639729047460361,0.4908684672543684,0.44750402475782697,0.5411771726200818,0.3441954274565606,0.3394102705999894,0.37466430819818886,0.3441954274565606,0.4706547114287479,0.4594040807793615,0.45888620559571236,0.45410104873914114,0.45410104873914114,0.45410104873914114,0.45987130812491406,0.4397727034547845,0.4078040765408761,0.3123754011501648,0.3395636211214107,0.3300662900937119,0.40938257010342904,0.3849539992206634,0.4693732028833295,0.35460778254650827,0.34945575270580537,0.3687580616026073,0.49067515616035845,0.45462737336284215,0.45410104873914114,0.45410104873914114,0.40243773196388494,0.4271820326831224,0.18693740697456024,0.3687580616026073,0.30108982978395954,0.4336183117583339,0.44660791968232283,0.3856315728300313,0.4313853785116213,0.4060360921930182,0.45580161560859594,0.4243044158672573,0.41745837391554397,0.4161947039608306,0.41885550123153004,0.5739733445288637,0.4643871869240076,0.4262190641365512,0.3845522835948929,0.39992710092016515,0.3441954274565606,0.5607566259726343,0.42728982351974404,0.3595204043515858,0.3460114312627156,0.43663580808414265,0.4195192590106861,0.3687580616026073,0.3956757555244666,0.41140954710425937,0.41140954710425937,0.46944366474057514,0.4700791833592968,0.3523499840027905,0.38103227738765993,0.4147807486541982,0.4622107606455679,0.4622107606455679,0.19108090010287732,0.1685055773880592,0.18969096229920496,0.3244722729715005,0.23838347282651468
U0033,0.35289700076417274,0.2925951377364615,0.30439646810092846,0.3985673693434628,0.26848901878399994,0.3174092727809941,0.30304961619440873,0.4552343427553538,0.5034015613784257,0.3155035488310107,0.39060551920547837,0.34095596097271935,0.32085034235712345,0.4346148558924529,0.3346868365105753,0.21629983478598014,0.3937253387595978,0.4029494461448459,0.3960174473751337,0.3666696563725158,0.34574111782929057,0.34095596097271935,0.34095596097271935,0.16392046320124354,0.36453783457215394,0.37552687350025615,0.34095596097271935,0.40998236050173104,0.19862480507531202,0.41205864798688974,0.32117848368324386,0.31639332682667265,0.3516473644248721,0.32117848368324386,0.4637219789269414,0.4357682413533371,0.4358692618223956,0.4310841049658244,0.4310841049658244,0.4310841049658244,0.43621881513778704,0.44036823772167494,0.4018338306955088,0.28775076837503555,0.2817980107748476,0.29246451081638325,0.390037666851616,0.39605566468185066,0.4207894462185806,0.34241726570030906,0.3289986899640395,0.34574111782929057,0.3909367138887296,0.42242535954432914,0.4310841049658244,0.4310841049658244,0.4852542764767045,0.42364677571170767,0.16392046320124354,0.34574111782929057,0.3690887422373794,0.4144938493415027,0.4142030257386054,0.37689071320219136,0.4093147496008806,0.3633681040080309,0.3746868940022553,0.40128747209394056,0.39038161605643856,0.3931777601875138,0.40239995377461596,0.5368616568586086,0.3861385539794847,0.34785484647414544,0.3419178236470117,0.3465806488729869,0.32117848368324386,0.534718103745609,0.41311476082695714,0.33182021835631326,0.3474454956772205,0.35178429151061535,0.39650231523736934,0.34574111782929057,0.37265881175114984,0.3883926033309426,0.3883926033309426,0.5161170385761461,0.44706223958598007,0.32357100881107265,0.3423867195171907,0.271954452679254,0.4391938168722511,0.4391938168722511,0.13838152571914758,0.27177304136818903,0.20779220132991988,0.17234404159925976,0.3041482892661133
U0034,0.42109513931644665,0.500508433037598,0.4227183685189745,0.48466557142643957,0.35932849295955194,0.3322374037523429,0.3947145387935618,0.5477194562085328,0.6127664347254744,0.4297488919941054,0.44541135789747716,0.4326208835718724,0.3906306520331512,0.5287226744071498,0.3800282249912162,0.5613317402622194,0.5663109866019878,0.47933853231904033,0.4876823699742867,0.4583345789716688,0.43740604042844355,0.43262088357187234,0.43262088357187234,0.2555853858003965,0.4031245040728571,0.46866789622803423,0.43262088357187234,0.4953948078311994,0.5132872246186413,0.6248517752886399,0.41284340628239685,0.40805824942582564,0.44331228702402514,0.41284340628239685,0.5830336069181732,0.532103045930943,0.5275341844215486,0.5227490275649774,0.5227490275649774,0.5227490275649774,0.5331826809225879,0.5485391959649233,0.4717239872374599,0.4118003228846828,0.39549560830971525,0.44134865894459474,0.5192178702254698,0.597006857392139,0.507217120646698,0.4195626714199645,0.3294460023187846,0.43740604042844355,0.5908089711343278,0.5584031519065407,0.5227490275649774,0.5227490275649774,0.3961026791249569,0.48115123544511723,0.2555853858003965,0.43740604042844355,0.41157021874449307,0.5252017264699446,0.5159491583563401,0.5381848977321798,0.47172822545662213,0.44675718960774013,0.5789983791977562,0.49295239469309354,0.48759129139799867,0.4848426827866668,0.5478275892754336,0.6319737503588487,0.5966363788251838,0.4238490952673326,0.4316487673454297,0.42957023365678226,0.41284340628239685,0.6129416494937437,0.5184004210215739,0.42618108455640297,0.44943579075285617,0.6394448497740877,0.4881672378365224,0.43740604042844355,0.4643237343503029,0.48005752593009565,0.48005752593009565,0.6103943853955739,0.5387271621851331,0.4366995450655656,0.3991223174924634,0.48470592190276307,0.5308587394714042,0.5308587394714042,0.31454841172436576,0.28203692010286685,0.2764169110556338,0.20165768050047295,0.3158682382674638
U0035,0.5319107392868778,0.6489348741349452,0.4862401840890599,0.4418861157280729,0.3508435622306724,0.2928493185499503,0.3530408871069688,0.5210313591356444,0.548933521362588,0.4123825791634714,0.7839083194076994,0.39094723188527936,0.41515215970896424,0.49508666568965304,0.49171184296372394,0.3594387592673705,0.44779532265158795,0.39258128026658345,0.44600871828769373,0.4166609272850758,0.39573238874185057,0.39094723188527936,0.39094723188527936,0.2139117341138035,0.4773920071368789,0.4238886544287177,0.39094723188527936,0.4822299713479683,0.26594814558948987,0.5482300667096585,0.37116975459580387,0.36638459773923265,0.4016386353374321,0.37116975459580387,0.5142505738146766,0.4850803819059619,0.4858605327349556,0.4810753758783844,0.4810753758783844,0.4810753758783844,0.48596345121049256,0.5401864886663427,0.5568314488821414,0.44987405518671086,0.4460166932979178,0.4494987444047094,0.5249572739199547,0.4225447569701272,0.43156186268750574,0.457676837012725,0.5533999329320511,0.39573238874185057,0.4414596492917503,0.5419090495727446,0.4810753758783844,0.4810753758783844,0.40257354608177204,0.5157398129601315,0.2139117341138035,0.39573238874185057,0.3506808905509202,0.5073489263119959,0.4622612616151118,0.43625158541885145,0.4482476115538261,0.6346376638166635,0.43476400299818413,0.45127874300650056,0.43650554441078193,0.44316903110007383,0.4715664890205869,0.621144185451545,0.5105625869963266,0.41462082526675736,0.5284171722609521,0.40796252172413544,0.37116975459580387,0.5712748659476914,0.4541554926647111,0.37890907726901474,0.4513622504255185,0.3460178522803571,0.44649358614992934,0.39573238874185057,0.42265008266370985,0.4383838742435026,0.4383838742435026,0.5353873452408474,0.4970535104985401,0.3725050718203901,0.4729269258615948,0.38239291106288487,0.4891850877848111,0.4891850877848111,0.1879542757399515,0.2795211001842196,0.2769419581171189,0.26213219120573966,0.11318043062646516
U0036,0.34078696716614837,0.3728001473458559,0.20038185196644412,0.4121419150954758,0.300352419162607,0.5720881972041163,0.32606655996772554,0.48995071532702433,0.555168449391943,0.36458828673519855,0.284759310756347,0.3639729047460361,0.33023952287975583,0.46478223712284494,0.5005916212583083,0.3952780679450614,0.3781735214110096,0.40380148753791323,0.4190343911484505,0.38968660014583256,0.3687580616026073,0.3639729047460361,0.3639729047460361,0.18693740697456024,0.4865262087106685,0.40161160195546075,0.3639729047460361,0.4535508047100562,0.40733719527574375,0.5394852663032574,0.3441954274565606,0.3394102705999894,0.37466430819818886,0.3441954274565606,0.5141788711541143,0.460800924987318,0.45888620559571236,0.45410104873914114,0.45410104873914114,0.45410104873914114,0.46073834629216387,0.4525057062923158,0.4355216197847272,0.40894432356209875,0.3751340848870629,0.32906151984995813,0.5150155873087381,0.5774751612011074,0.44441525758859585,0.321641758425416,0.4232235503065117,0.3687580616026073,0.6415444277243135,0.4694238762538684,0.45410104873914114,0.45410104873914114,0.3031596174786096,0.4297225816536264,0.18693740697456024,0.3687580616026073,0.29369019560205323,0.4363076084479075,0.4358786462605636,0.43748022539275094,0.3838772679727279,0.4280273293994158,0.46323964668533074,0.4243044158672573,0.4268662893130746,0.4161947039608306,0.47450278348581076,0.5712917102755116,0.6456928825718644,0.43941874418255644,0.4039066854031975,0.4320689978709433,0.3441954274565606,0.5429625877839743,0.43055944168460025,0.3648282435737304,0.3850101431583668,0.5233619476596392,0.4195192590106861,0.3687580616026073,0.3956757555244666,0.41140954710425937,0.41140954710425937,0.5055159865698445,0.4700791833592968,0.34452708078755395,0.38450812176181604,0.6109755953039874,0.4622107606455679,0.4622107606455679,0.4201918074185933,0.3600859139441617,0.19788394839911,0.1831355752306456,0.24111263884927323
U0037,0.3948529433762098,0.37116973442559953,0.35950088895513366,0.47206859745990926,0.32357180933963026,0.856227898943384,0.37278896753463664,0.5072337140185068,0.5786717707529168,0.37466366326239164,0.46219006877995217,0.4106953123129472,0.3654429884391289,0.5070822535508229,0.5685653621033143,0.1889223932528289,0.38199572178138913,0.5194561202290483,0.4657567987153616,0.4364090077127437,0.4154804691695184,0.41069531231294726,0.41069531231294726,0.2336598145414714,0.5369352441920585,0.44864768869810867,0.41069531231294726,0.4713585613023868,0.3603176977576904,0.5544906986010156,0.3909178350234717,0.38613267816690056,0.4213867157651,0.3909178350234717,0.5037963422419786,0.5046537128144053,0.5056086131626235,0.5008234563060523,0.5008234563060523,0.5008234563060523,0.5041882737611086,0.5470923437685156,0.3950296990189983,0.3248798001933062,0.337968219433594,0.302163626052544,0.5720665395095819,0.4348443660163778,0.6157430951932499,0.2915638798229211,0.4106743226426318,0.4154804691695184,0.6199031660548736,0.45108036931469025,0.5008234563060523,0.5008234563060523,0.7745009188150864,0.4955431764326308,0.2336598145414714,0.4154804691695184,0.45409441273241447,0.46048774563065475,0.49876405702863474,0.4281788803125214,0.5870131657979404,0.390284819685649,0.5048325860190938,0.4710268234341684,0.46725533461191016,0.4629171115277417,0.46677172927969945,0.6040471580507527,0.48080210785348954,0.46546914835199765,0.41523537495643503,0.46147808148326164,0.3909178350234717,0.5977284800646823,0.47539529805689,0.40251946583934417,0.3783547270931215,0.47352251840209836,0.46624166657759725,0.4154804691695184,0.44239816309137775,0.4581319546711705,0.4581319546711705,0.5593395246880655,0.5168015909262079,0.4101470378667009,0.392278967125948,0.40828105040209256,0.508933168212479,0.508933168212479,0.2270417156532814,0.30967030510599697,0.25444080255502355,0.18994441834294418,0.8262195019527332
U0038,0.4299393735153295,0.5668352848334031,0.31156297015513346,0.5145697373256277,0.4174946772069775,0.39027771245955223,0.42853272322130576,0.5945703412698267,0.6397076328811405,0.47411738147873445,0.46495682341294375,0.4664390679996164,0.44066026416868276,0.5595697759492729,0.5543765671876396,0.7424821020129284,0.5663278528230062,0.475743839725393,0.5215005544020307,0.49215276339941283,0.4712242248561876,0.4664390679996164,0.4664390679996164,0.2894035702281405,0.5722714589170057,0.5008707534371789,0.4664390679996164,0.5442170612446403,0.4195921380189071,0.6360756488640602,0.44666159071014083,0.4418764338535697,0.4771304714517691,0.44666159071014083,0.5852155877916935,0.5645609543502572,0.5613523688492926,0.5565672119927214,0.5565672119927214,0.5565672119927214,0.5666791402583096,0.5040119353729093,0.5338918314921649,0.4598992943246828,0.5136786683589353,0.46714518675256456,0.5159400554247726,0.7017688168621224,0.4821790988324487,0.46619808778990934,0.5895925650735341,0.4712242248561876,0.564826955993569,0.6329628902930624,0.5565672119927214,0.5565672119927214,0.3266016333012172,0.5493905206201092,0.2894035702281405,0.4712242248561876,0.4564193734330137,0.5546267660151314,0.5332498297396187,0.5951736501173759,0.4732058378366846,0.595886685765058,0.49302575180990577,0.5267705791208376,0.5214566504161668,0.5186608672144108,0.5195801043439061,0.6769191256359394,0.7163866912916261,0.48283549187702557,0.5352357646815159,0.46317914796799897,0.44666159071014083,0.6427528130969214,0.5491510550741285,0.461612371692598,0.5187960192188464,0.6527910625235634,0.5219854222642664,0.4712242248561876,0.49814191877804687,0.5138757103578396,0.5138757103578396,0.6427092924978226,0.5725453466128771,0.44714008403678174,0.47942437535508586,0.6540578568439686,0.5646769238991481,0.5646769238991481,0.3945126223426418,0.1935071173714767,0.3226083155044015,0.33415398697972454,0.2954829345164509
U0039,0.2662710434870325,0.34805462622244837,0.2697335670843328,0.4504983349234663,0.3465553756083923,0.49843200091219186,0.36545196404378133,0.5596285436359137,0.5958924035969597,0.4142989643502274,0.45775740692201367,0.4033583088220919,0.3694921534608053,0.4956047063731317,0.38655484681362545,0.43674296490077946,0.40436355224033405,0.4367407287634513,0.45841979522450627,0.42907200422188835,0.4081434656786631,0.4033583088220919,0.4033583088220919,0.22632281105061602,0.45868776947079665,0.4382334268594804,0.4033583088220919,0.477716230038518,0.3469851092954467,0.5108218720677027,0.38358083153261635,0.3787956746760452,0.41404971227424464,0.38358083153261635,0.5643371817826858,0.5009127314163956,0.49827160967176815,0.49348645281519693,0.49348645281519693,0.49348645281519693,0.5005367695316387,0.5553302670881175,0.4687374466023617,0.4379702306248307,0.38000426219580835,0.27717428779769604,0.5036903275824849,0.6868915009541953,0.42354484037768847,0.45789772410137036,0.3877850844127688,0.4081434656786631,0.6230667564531258,0.4844876253858564,0.49348645281519693,0.49348645281519693,0.2990523252837292,0.4674508263506989,0.22632281105061602,0.4081434656786631,0.4050900495513236,0.4718333523231861,0.4801006911942446,0.5353683994637244,0.42118492631720783,0.4350881397885442,0.5132597070636146,0.4636898199433131,0.4665436216677314,0.45558010803688637,0.43733868117046015,0.610096451562782,0.7249996572249038,0.44454064304070096,0.3975038114215961,0.46665008012044695,0.38358083153261635,0.56433433238451,0.4764276970028733,0.40597191891761353,0.4144773423010934,0.5074841319887726,0.4589046630867419,0.4081434656786631,0.4350611596005224,0.45079495118031515,0.45079495118031515,0.5347502396985978,0.5094645874353526,0.3976884551854612,0.37453447364279985,0.6813979715020915,0.5015961647216237,0.5015961647216237,0.7101062987379704,0.35409644079631,0.21310579164256252,0.1668703467677059,0.16046827421824617
U0040,0.43397604451427957,0.40045529694738663,0.3444681909889171,0.4144193615941693,0.2940212340042603,0.3298267704949087,0.32527685414252305,0.4728949603807387,0.528063652652261,0.3570858834882208,0.4180735678528811,0.3631831989208336,0.34408160332246995,0.4623546613042949,0.4257488145056139,0.24291355416954805,0.3919566637094527,0.3450610868893798,0.418244685323248,0.38889689432063007,0.36796835577740483,0.3631831989208336,0.3631831989208336,0.18614770114935775,0.376184943437596,0.4003036168283853,0.3631831989208336,0.44992811973750435,0.38849024787432895,0.5266017507871604,0.3434057216313581,0.3386205647747869,0.37387460237298636,0.3434057216313581,0.47699801762649924,0.45846484093287504,0.4580964997705098,0.45331134291393865,0.45331134291393865,0.45331134291393865,0.45883460751320104,0.4422473849118965,0.41959796820891676,0.34354145373860345,0.35073271308647347,0.3652493999771046,0.42337845635736593,0.3640386426026111,0.4422266396468887,0.33781410781305343,0.3612623090005778,0.36796835577740483,0.48432129789352496,0.4543689584809654,0.45331134291393865,0.45331134291393865,0.36607194968902007,0.436579290457967,0.18614770114935775,0.36796835577740483,0.2983845977350543,0.4402500983901779,0.4366717814873066,0.3759399994415499,0.4058498791903117,0.438675593462986,0.4349970640687455,0.4235147100420548,0.41565077909027276,0.41540499813562803,0.45061801210612695,0.5702191785263853,0.45814608519052685,0.4037829645020239,0.40689940921097206,0.3779451235409765,0.3434057216313581,0.5503485115946629,0.42383333305423276,0.3548427890052689,0.3651808781717808,0.4048560970677133,0.4187295531854836,0.36796835577740483,0.3948860496992641,0.4106198412790569,0.4106198412790569,0.47530402388551674,0.46928947753409433,0.3410727560541324,0.38849968410782965,0.3677083193193944,0.4614210548203654,0.4614210548203654,0.11203023187323286,0.182006528425398,0.2036735765979098,0.2159115571642074,0.15214662340687574
U0041,0.3630707177589998,0.2687927445247798,0.1380843980679211,0.4085806368211994,0.28907026543918823,0.34474506402226346,0.3197766611580607,0.4922149916302563,0.5641306167290834,0.36973086005754263,0.6082869915742516,0.3576830059363713,0.3401426797669638,0.45201803956709236,0.4510054969758558,0.7308960971701084,0.565838571453301,0.4377914460775081,0.41274449233878563,0.38339670133616777,0.36246816279294247,0.35768300593637126,0.35768300593637126,0.18064750816489544,0.6582072447507606,0.3908565039390752,0.35768300593637126,0.3782875533582979,0.24811700642687584,0.4864731535572062,0.33790552864689577,0.3331203717903246,0.36837440938852406,0.33790552864689577,0.5225996835279652,0.4552627207001077,0.4525963067860475,0.44781114992947635,0.44781114992947635,0.44781114992947635,0.4575883954320267,0.4639110270735992,0.544954557947711,0.41335338954105344,0.4284717560320286,0.35097447157003714,0.46872675153221127,0.7335841821837522,0.35739668876139863,0.36761292319225497,0.5298721408171159,0.36246816279294247,0.4188662407715601,0.5339158804143134,0.44781114992947635,0.44781114992947635,0.335066686381707,0.44939364238295315,0.18064750816489544,0.36246816279294247,0.17294830753600393,0.46625142553553695,0.37987969590378773,0.4286189118373498,0.3084132218988956,0.6288892971293113,0.37469688117819655,0.41801451705759246,0.4042116581880363,0.40990480515116573,0.4296208016059631,0.5560685969529323,0.695486104528015,0.3655335864714367,0.3692004820058492,0.3708105616428043,0.33790552864689577,0.5522154864343312,0.4535071751503983,0.35618722214944976,0.4119735659865707,0.5349016259497632,0.4132293602010213,0.36246816279294247,0.3893858567148018,0.40511964829459457,0.40511964829459457,0.5880657002708914,0.463789284549632,0.28280206978439915,0.40500781779377854,0.542942156008482,0.4559208618359031,0.4559208618359031,0.49267233987757797,0.5083949675890769,0.27159748196418,0.35329393875116993,0.21245231882465984
U0042,0.27120843838606057,0.38277259270268466,0.2518479292277336,0.4274613672603718,0.32655889915772596,0.5000605896892709,0.34170223241698583,0.5287321593384962,0.5660802622992284,0.38421305446822696,0.45097557359580975,0.3796085771952964,0.35026642471784086,0.47284456578972156,0.4212826933115565,0.42170244650362343,0.37972103228679777,0.41088519394949463,0.43467006359771077,0.40532227259509285,0.3843937340518676,0.3796085771952964,0.3796085771952964,0.20257307942382058,0.47057372918098844,0.4146034627396236,0.3796085771952964,0.45995243324024015,0.30373118370525415,0.5012740560377453,0.3598310999058209,0.3550459430492497,0.3902999806474492,0.3598310999058209,0.5209633935537896,0.4764217292280112,0.47452187804497264,0.46973672118840143,0.46973672118840143,0.46973672118840143,0.476367746460602,0.5112179619796914,0.4465918024236994,0.4032472685784198,0.377449265703903,0.26810167503847326,0.48707252114270394,0.629228415927624,0.4126422772141977,0.4151291127703494,0.4246142177879834,0.3843937340518676,0.5707804397253373,0.47501571918183183,0.46973672118840143,0.46973672118840143,0.30327935642441634,0.45535704717409087,0.20257307942382058,0.3843937340518676,0.36670571868714574,0.45154528076472755,0.4550043720636602,0.5000670521321153,0.41175329553482926,0.44532923980210215,0.46259346633757314,0.4399400883165176,0.44038270289946496,0.43183037641009087,0.4013640946403322,0.5915609584193172,0.6733352015696075,0.4233782034734099,0.40326082802597213,0.4360936239669204,0.3598310999058209,0.5425521240224765,0.4510559316473487,0.380178891947867,0.39600920084134317,0.47374849407767183,0.43515493145994644,0.3843937340518676,0.41131142797372694,0.4270452195535197,0.4270452195535197,0.5115547418741934,0.4857148558085571,0.3701291031589591,0.3648873481282297,0.6336336842470267,0.4778464330948282,0.4778464330948282,0.5881633579011039,0.26753449227897497,0.19860675246498055,0.17646348757156893,0.1995569524261493
U0043,0.4316284873706863,0.4233249783912335,0.5841554957701627,0.4158729017187191,0.28479917124640725,0.33280438871370843,0.3200467274411651,0.4868454542729636,0.5242942610574067,0.3721251062006482,0.9833632072543222,0.3579530722194757,0.35695751756606486,0.4535170335674478,0.2928351042314162,0.1456243131027224,0.4249738134662493,0.3921649205977243,0.41301455862189,0.38366676761927215,0.3627382290760469,0.3579530722194757,0.3579530722194757,0.18091757444799983,0.36481537749087073,0.3919785664185716,0.3579530722194757,0.4035236130158087,0.28845763368005745,0.497024794515301,0.33817559493000016,0.333390438073429,0.36864447567162845,0.33817559493000016,0.4778780509206488,0.45250873651004,0.4528663730691519,0.44808121621258074,0.44808121621258074,0.44808121621258074,0.45255367432071913,0.6338904797640411,0.4516069582339054,0.32674092178377223,0.30234201972817554,0.30119385605195237,0.4684746611612354,0.3264935645927464,0.46086945404721624,0.4294283356265147,0.27547007882306535,0.3627382290760469,0.3940828188846015,0.42320900462058386,0.44808121621258074,0.44808121621258074,0.6210344010570905,0.4595959626001122,0.18091757444799983,0.3627382290760469,0.3618505899949599,0.4555101185635405,0.44108981768745686,0.38250225195595833,0.50351349310264,0.4949054725527696,0.5069922458139695,0.4182845833406969,0.40109471106356304,0.41017487143427017,0.385471487278228,0.5678170116120629,0.4063037280373989,0.34850376026289454,0.37081603457380835,0.37131317389415525,0.33817559493000016,0.5355751484342463,0.4281573171665061,0.3442423268147932,0.33889940041457706,0.2758750826863292,0.4134994264841257,0.3627382290760469,0.3896559229979062,0.40538971457769896,0.40538971457769896,0.4761759315640255,0.4640593508327364,0.3595847250728025,0.3558529050054483,0.2183878399361024,0.45619092811900747,0.45619092811900747,0.27916351235472425,0.2509767228815886,0.21325914845793797,0.17831306345965114,0.30451419813577896
U0044,0.585960904911863,0.5023448174642913,0.462765026119057,0.5241140522262762,0.39830855778265084,0.2885692067746464,0.4306396000108032,0.5742418020332276,0.6381432607225526,0.47358248950553883,0.45239506807369395,0.4685459447891138,0.458694094353532,0.569781145647563,0.4638754551375999,0.5020396536870829,0.6182138033476812,0.5281177914472985,0.5236074311915282,0.4942596401889103,0.473331101645685,0.4685459447891138,0.4685459447891138,0.29151044701763795,0.4539708212026879,0.5039857490293519,0.4685459447891138,0.5540522765503813,0.48374233813586404,0.6122951414533699,0.4487684674996383,0.4439833106430671,0.47923734824126657,0.4487684674996383,0.6319535386006652,0.5657592289775579,0.56345924563879,0.5586740887822188,0.5586740887822188,0.5586740887822188,0.5672181749504142,0.5499748204402152,0.5748082645236742,0.47411445542571057,0.4372404980226402,0.5729215160169563,0.535446683727465,0.5528966135645799,0.5429576986082474,0.4744056023719624,0.44508399782911556,0.473331101645685,0.5854643854461681,0.6077276092019956,0.5586740887822188,0.5586740887822188,0.5111283874444148,0.5414263619170593,0.29151044701763795,0.473331101645685,0.5146257791282378,0.5651749664621923,0.545231647447923,0.5189413417072302,0.49814278497116926,0.5227492519186335,0.5534881948023156,0.528877455910335,0.5195013624441831,0.5207677440039082,0.6636370473882486,0.6625715689359909,0.5437994221241509,0.4807825999453745,0.5013458297513022,0.4667875481475105,0.4487684674996383,0.6793799217511127,0.5476144013825707,0.4592496136794535,0.5177105947829147,0.5965685009391098,0.5240922990537638,0.473331101645685,0.5002487955675443,0.515982587147337,0.515982587147337,0.6858899526299636,0.5746522234023745,0.45948568284274854,0.5176845300138257,0.40695928077047383,0.5667838006886455,0.5667838006886455,0.18040042349221058,0.5262692915532844,0.3653239514015214,0.31432821182373927,0.3040212375582758
U0045,0.4211649565121032,0.54652652804539,0.41792139118824334,0.44970774399905583,0.3239921766271986,0.7285943620858368,0.36007622390863503,0.5132745442143365,0.5977361367952487,0.34870885064433865,0.3997535950971811,0.3979825686869456,0.36038700514194855,0.5083805674371598,0.4816831387954389,0.18760920753509303,0.4008265828294721,0.5153855057590718,0.45304405508935996,0.42369626408674205,0.4027677255435168,0.3979825686869456,0.3979825686869456,0.22094707091546975,0.47964460129369163,0.43660452931074156,0.3979825686869456,0.4899750796844858,0.43384770244717075,0.5831380570380102,0.37820509139747005,0.3734199345408989,0.40867397213909834,0.37820509139747005,0.5701063321580435,0.4936686763329713,0.49289586953662184,0.48811071268005063,0.48811071268005063,0.48811071268005063,0.4914028418675772,0.5840064565553591,0.5005249966956755,0.4746517469570035,0.3642698120459595,0.33353778757941044,0.7045397893780918,0.5303990048843917,0.5531633311492788,0.3399026343544901,0.3574457809106055,0.4027677255435168,0.7075574351445829,0.47678060584500304,0.48811071268005063,0.48811071268005063,0.4641888150737352,0.44954841211034147,0.22094707091546975,0.4027677255435168,0.14926028417470094,0.4968791675405584,0.47976435487072633,0.4216236204419904,0.45235231450672103,0.4145065984873259,0.577878958848964,0.4583140798081668,0.4557902189675488,0.45020436790174007,0.5160300715577457,0.62057814352713,0.5699847377123617,0.4512352214458093,0.4222180987866875,0.49325630815990423,0.37820509139747005,0.5696465891750307,0.4592982202371464,0.3972935852418594,0.39199309683383693,0.4851905890177685,0.4535289229515956,0.4027677255435168,0.4296854194653761,0.44541921104516885,0.44541921104516885,0.5339515391453885,0.5040888473002063,0.3870221590559432,0.38243695866726746,0.5030284017714391,0.49622042458647736,0.49622042458647736,0.37610496203694976,0.5700652185149553,0.22817526194907473,0.13836166283294404,0.36751867135668204
U0046,0.4158771483268056,0.4126807729166516,0.3811054524271965,0.4636503441531961,0.3446682116505895,0.3890447448108466,0.37248730084544757,0.531673708014863,0.5749442740496459,0.38926018582228816,0.44437081147129964,0.41039364562375813,0.3908299311928776,0.5063987720933347,0.41269113093241594,0.25102895228137984,0.4217812556594594,0.43465700760289766,0.4654551320261725,0.4361073410235546,0.41517880248032935,0.41039364562375813,0.41039364562375813,0.2333581478522823,0.4109688547247683,0.445694787782538,0.41039364562375813,0.49388855822382866,0.3114407943475302,0.5041559755934961,0.3906161683342826,0.3858310114777114,0.4210850490759109,0.3906161683342826,0.5345298205288956,0.5052617125583018,0.5053069464734343,0.5005217896168632,0.5005217896168632,0.5005217896168632,0.5051202912588706,0.5107791100656262,0.47174275466025145,0.3863985770736931,0.36765984813342717,0.35418204515435475,0.47407210158624147,0.45859040226940206,0.4752748887074057,0.4208169281456658,0.3965880465172399,0.41517880248032935,0.5023695585366543,0.4871734470922391,0.5005217896168632,0.5005217896168632,0.44823014188918825,0.4866159059876846,0.2333581478522823,0.41517880248032935,0.38754277667095194,0.4846808022108021,0.48645554280814457,0.44842416110027,0.4582830406161056,0.4388515870376753,0.462172616660659,0.47072515674497933,0.46281897107754905,0.46261544483855255,0.46433727855441914,0.6162406946121415,0.4944761174807372,0.43311872193552786,0.4295071744450905,0.43109696374122014,0.3906161683342826,0.5929107349616803,0.4745655821785678,0.40325768436183096,0.41378244590241003,0.41014784123625175,0.4659399998884081,0.41517880248032935,0.4420964964021886,0.4578302879819814,0.4578302879819814,0.5455052781029375,0.5164999242370188,0.3941248922990426,0.4109670789536629,0.4071666110648332,0.5086315015232898,0.5086315015232898,0.2562735021417746,0.2934751589955121,0.25208038987695364,0.2216966193424433,0.2329403277386719
U0047,0.4893745215946488,0.47257452888727397,0.3944607994959454,0.5228839219614021,0.4198941006120755,0.43741463846811035,0.43281709084206044,0.5964504015212702,0.6572648733641048,0.42487433916869216,0.484316959645599,0.47072343562037106,0.4600261970212477,0.562321677121346,0.5728003448363765,0.41954328091117965,0.5556780968393106,0.5056001451736978,0.5257849220227854,0.4964371310201675,0.4755085924769422,0.47072343562037106,0.47072343562037106,0.2936879378488952,0.6000674930723904,0.5094339688956093,0.47072343562037106,0.6256851046944554,0.3843805229467224,0.5836056416889264,0.4509459583308955,0.44616080147432435,0.4814148390725238,0.4509459583308955,0.5679558280588497,0.5649093295733634,0.5656367364700473,0.5608515796134761,0.5608515796134761,0.5608515796134761,0.5660907682977232,0.508885396101306,0.5753812125822345,0.4141372991115308,0.4811544525769409,0.402596218190723,0.4941723101126059,0.5755927001668251,0.535466040525238,0.517916866735363,0.598226399994493,0.4755085924769422,0.4652015598106063,0.6024742238421261,0.5608515796134761,0.5608515796134761,0.5015614818770552,0.5540441387172442,0.2936879378488952,0.4755085924769422,0.36401818550577303,0.5517735681513116,0.539501736867538,0.5082374927934332,0.5127648430802164,0.5764230741615679,0.46593913560755407,0.5310549467415923,0.5175599406180977,0.5229452348351655,0.4490906032331174,0.691919801128682,0.5722389056274579,0.5240300911530289,0.5046569168984368,0.5055234446987715,0.4509459583308955,0.676570140997713,0.5419537755242997,0.46845667314325967,0.4746487335893217,0.5045544780180556,0.526269789885021,0.4755085924769422,0.5024262863988016,0.5181600779785943,0.5181600779785943,0.6155520021876236,0.5768297142336317,0.44019920214437913,0.5061332748141697,0.5423919809549473,0.5689612915199028,0.5689612915199028,0.3496661009456978,0.3050465365910848,0.32408692151507235,0.585333047545337,0.3485698214746711
U0048,0.4383936694374753,0.771779053261247,0.40887051076318315,0.39384831469320947,0.34403177927540973,0.3424674974278412,0.3076356505043526,0.48295941133231424,0.5151375564631074,0.32365617231317356,0.3640317107933436,0.34554199528266316,0.37239953072178333,0.44822260944644404,0.5786253151681998,0.32235674756684285,0.37561650011179193,0.37823620362821964,0.40060348168507753,0.3712556906824596,0.3503271521392344,0.34554199528266316,0.34554199528266316,0.1685064975111873,0.4417171497451029,0.3838404484814752,0.34554199528266316,0.591476486710525,0.25939390227464704,0.5352413256311747,0.3257645179931876,0.32097936113661646,0.3562333987348159,0.3257645179931876,0.4382518335390448,0.43938430787088534,0.4404552961323394,0.4356701392757682,0.4356701392757682,0.4356701392757682,0.44062902810600224,0.3883335970113045,0.48974489351116735,0.36718287681040124,0.4251687294427255,0.3859499006232646,0.4720797917582195,0.41584165998098876,0.4250860738837892,0.4531052759137608,0.6441119394027219,0.3503271521392344,0.423458036363244,0.5517709591124462,0.4356701392757682,0.4356701392757682,0.27829838061250645,0.4673847981101654,0.1685064975111873,0.3503271521392344,0.38334667687269836,0.45385084613476573,0.4557038733348465,0.4650712286112145,0.4476151729677412,0.5009846799846708,0.35780892752145854,0.40587350640388437,0.39787617216610105,0.39776379449745763,0.36991607410620814,0.6057033395799587,0.45596858658533423,0.4351795443218953,0.546638830941302,0.41345572944266373,0.3257645179931876,0.5407026241426172,0.40619432845339576,0.34158580334119515,0.42214409798145014,0.37546615628530905,0.40108834954731315,0.3503271521392344,0.37724484606109365,0.3929786376408864,0.3929786376408864,0.4946122189722276,0.4516482738959239,0.371385433074685,0.44383661502338984,0.5047222710868771,0.44377985118219493,0.44377985118219493,0.14601935577273212,0.0633230380589569,0.2035686669630156,0.4143434716347136,0.19461529411449308
U0049,0.6026900983359545,0.35910862204999644,0.3462922385422422,0.47070777859222274,0.3395572270362047,0.3063548355516331,0.37528391617728185,0.5218059635444903,0.5820226167156086,0.44082738751484707,0.33143350362321655,0.4131902609555924,0.4264692459195951,0.5240347011371195,0.4325354330153142,0.3407725558742195,0.5276452838531042,0.5212930081413142,0.4682517473580068,0.43890395635538887,0.4179754178121636,0.4131902609555924,0.4131902609555924,0.23615476318411655,0.42578172445385615,0.44622039544761927,0.4131902609555924,0.4808965603340164,0.33980768429163105,0.4820920652551238,0.39341278366611687,0.38862762680954566,0.42388166440774516,0.39341278366611687,0.6393859224081747,0.5088675628932772,0.5081035618052686,0.5033184049486974,0.5033184049486974,0.5033184049486974,0.5092964359598475,0.5165249010416045,0.602288841371593,0.5252048033832651,0.3719370608393968,0.5853105905416414,0.5508470706279803,0.5271538898487074,0.47727522746050566,0.4236245076801145,0.4292463057787532,0.4179754178121636,0.6318947359244833,0.5361520150859741,0.5033184049486974,0.5033184049486974,0.4989462210837284,0.5018013721414879,0.23615476318411655,0.4179754178121636,0.5203334879228629,0.5105704969965609,0.4785457109183682,0.42694466971682055,0.40257953056779205,0.4745712547829242,0.4808192043663878,0.47352177207681356,0.46826286716792237,0.46541206017038683,0.7430737055168477,0.5942972329953199,0.5119788473950135,0.4532140309092592,0.45803580261643984,0.44812980803957086,0.39341278366611687,0.6382522151040422,0.48338039902940927,0.4052624536812912,0.5036901399854183,0.47940493149150654,0.4687366152202424,0.4179754178121636,0.4448931117340229,0.46062690331381567,0.46062690331381567,0.6806663688487431,0.5192965395688531,0.38896371983982064,0.5299340472875974,0.3420386065650248,0.5114281168551242,0.5114281168551242,0.1771200705896167,0.9152871220048766,0.35674346652729727,0.16464341929493043,0.16037119424747526
U0050,0.654153395166162,0.5223263922524782,0.4082479686096516,0.5307375263375311,0.3951131312604529,0.44187376953509855,0.4401540943329158,0.5851910777831718,0.6374389230554827,0.5498734589155981,1.0,0.4780604391112264,0.4816605573860364,0.5788217022524311,0.6548492119076914,0.7895310372785296,0.6388643564374324,0.44268231091990334,0.5331219255136408,0.5037741345110228,0.4828455959677976,0.4780604391112264,0.4780604391112264,0.30102494133975055,0.7861321542812705,0.5076139648215203,0.4780604391112264,0.39537899994108894,0.388915353583583,0.6876360520980156,0.4582829618217509,0.45349780496517966,0.48875184256337917,0.4582829618217509,0.5879363295460754,0.573643149810853,0.5729737399609026,0.5681885831043314,0.5681885831043314,0.5681885831043314,0.5765749597303679,0.6394251307295729,0.6434367749092514,0.530488563701124,0.5980858226502958,0.5729837978156029,0.5967152674312345,0.5913285392980473,0.49519303458442265,0.4020252779318459,0.6846900858406503,0.4828455959677976,0.4895451200403518,0.6336714768529278,0.5681885831043314,0.5681885831043314,0.5774188025283258,0.6168228379279581,0.30102494133975055,0.4828455959677976,0.29868353915395196,0.5955193284855282,0.4850456256235859,0.4575125294636858,0.48381941156635305,0.9347306463919735,0.49206300289734517,0.5383919502324476,0.5161089353320363,0.5302822383260208,0.5825946489953705,0.6720355145180504,0.7306820507140073,0.45937488641789687,0.5749004491400637,0.4259550400279591,0.4582829618217509,0.6539347869054382,0.5577414473253087,0.4596420793143724,0.530284207352783,0.5314607409166398,0.5336067933758764,0.4828455959677976,0.5097632898896569,0.5254970814694496,0.5254970814694496,0.6423206218941739,0.5841667177244871,0.3829643354765251,0.5686232198373234,0.44960443676751927,0.5762982950107581,0.5762982950107581,0.2523556587863477,0.3815130130518677,0.4139859177032206,0.32956683215102345,0.33769458971101063
U0051,0.43435986267115395,0.6354428075325997,0.40783409087004485,0.46487843338967927,0.3880211341116484,0.4376835004241262,0.37528391617728185,0.5488876195767471,0.5813266182776916,0.363498674061257,0.3417909143025496,0.4131902609555924,0.4217357364943673,0.512749241850959,0.5308602821144159,0.24315991744535395,0.4044196606878099,0.4797403760683145,0.4682517473580068,0.43890395635538887,0.4179754178121636,0.4131902609555924,0.4131902609555924,0.23615476318411655,0.4732687987300604,0.44949885564894326,0.4131902609555924,0.6022984447359612,0.2064458257423904,0.49600111814303177,0.39341278366611687,0.38862762680954566,0.42388166440774516,0.39341278366611687,0.5264561712487703,0.5062470059740553,0.5081035618052686,0.5033184049486974,0.5033184049486974,0.5033184049486974,0.5061205745242958,0.4723599755189058,0.5384382365940366,0.4205390938100816,0.4215823121288546,0.36545934378013367,0.5282945146009062,0.49276976183345417,0.48044605017572406,0.4956188143987007,0.5962024256747346,0.4179754178121636,0.473735344994291,0.5513768476402842,0.5033184049486974,0.5033184049486974,0.4077336352071374,0.5164049167222674,0.23615476318411655,0.4179754178121636,0.40535643521013787,0.5047350843858021,0.5073516362671152,0.4939820145323503,0.4813108377167713,0.4730675561075474,0.4045566697650412,0.47352177207681356,0.46505904051011904,0.46541206017038683,0.42470627702371155,0.6530927077321678,0.48246587908301225,0.4720788996964177,0.5245313931028694,0.47521575506983726,0.39341278366611687,0.6032875557184386,0.473057268397736,0.40974436355827215,0.4590694331893925,0.3750242658590886,0.4687366152202424,0.4179754178121636,0.4448931117340229,0.46062690331381567,0.46062690331381567,0.5705927100643985,0.5192965395688531,0.41639180411146703,0.4610225046476985,0.4913839489260844,0.5114281168551242,0.5114281168551242,0.2619193267555092,0.2915707430467325,0.26668696337771125,0.36625665588968226,0.255199778438418
U0052,0.5440495316481557,0.6332249536726346,0.6007643107656109,0.5465606517246858,0.43923262861260903,0.377550203745434,0.4561514924267651,0.6221068870670475,0.6698892078231469,0.481805812069415,0.6303805266529828,0.49405783720507573,0.4857657859872757,0.5931422791699361,0.455627214346927,0.3863087244138299,0.5738598979496424,0.5367637400478609,0.54911932360749,0.5197715326048722,0.4988429940616469,0.49405783720507573,0.49405783720507573,0.31702233943359986,0.4503777214314153,0.5304387113371977,0.49405783720507573,0.6161022596914261,0.4838240795955471,0.6423664554966322,0.4742803599156002,0.469495203059029,0.5047492406572285,0.4742803599156002,0.6380196244636686,0.5903323862624081,0.588971138054752,0.5841859811981808,0.5841859811981808,0.5841859811981808,0.5905108404300912,0.6436493366898338,0.5923508614221695,0.4951371038142689,0.4578357388882725,0.4902304263407105,0.5939960283758574,0.555235368581906,0.5703454199960822,0.5655888702158028,0.45127987648776235,0.4988429940616469,0.5958652274654731,0.6099257029301641,0.5841859811981808,0.5841859811981808,0.5115752039171688,0.5669011503153121,0.31702233943359986,0.4988429940616469,0.47863447950115223,0.5937135087529722,0.5874842794697686,0.5669047606946664,0.5623347828043185,0.540225214241607,0.6163481712492018,0.5543893483262969,0.5448788896294586,0.5462796364198701,0.5743208910369941,0.7133362519772484,0.5772158886919874,0.5111386061995031,0.532923303321717,0.5234605181431913,0.4742803599156002,0.6813106121462529,0.5651974618118897,0.48736644972514065,0.5118971499994017,0.5338974229463399,0.5496041914697257,0.4988429940616469,0.5257606879835062,0.541494479563299,0.541494479563299,0.6431752650647817,0.6001641158183364,0.5049187447045566,0.5027107080389497,0.4865630704152198,0.5922956931046075,0.5922956931046075,0.3719573052629207,0.4063083646738465,0.3401533130357441,0.35125510495821594,0.27848093273182123
U0053,0.4093978511831271,0.41204129697267206,0.32560490023485056,0.37302903819778227,0.2707856357779535,0.2598787434439026,0.2823842322943273,0.44130567897854595,0.47585092287692676,0.3485777374135457,0.35250927272349714,0.32029057707263786,0.3239634993643541,0.4201084771668968,0.40161985865919636,0.2375204469437149,0.3449137391523984,0.3225705060701991,0.37535206347505223,0.3460042724724343,0.3250757339292091,0.32029057707263786,0.32029057707263786,0.143255079301162,0.29918060390460477,0.3562341781949193,0.32029057707263786,0.4453872749262737,0.31787348933149884,0.4696683137446871,0.3005130997831623,0.29572794292659116,0.3309819805247906,0.3005130997831623,0.4489738155387385,0.41575846438832353,0.4152038779223141,0.4104187210657429,0.4104187210657429,0.4104187210657429,0.41679373137695436,0.4036657430066575,0.3916727892788087,0.3202707867785597,0.30666987232001,0.3860330037878949,0.3683257001443558,0.3414526698876183,0.3961486618060887,0.35530728150512886,0.37388711532136076,0.3250757339292091,0.4810915096266559,0.43697293272168747,0.4104187210657429,0.4104187210657429,0.3493389632692331,0.4173670890800653,0.143255079301162,0.3250757339292091,0.49940326341074076,0.39490010492952143,0.4168924507634307,0.3933566533197004,0.4052990252347685,0.37966662792542505,0.3908714202443621,0.38062208819385906,0.37782926497872255,0.37251237628743233,0.4665487049477135,0.5269215858149356,0.4242868150238853,0.3815005910030753,0.41123492730871763,0.3489002505697098,0.3005130997831623,0.5180431510504607,0.38233219386619827,0.311720317823316,0.3669282854408835,0.3710743905046892,0.3758369313372879,0.3250757339292091,0.35199342785106835,0.3677272194308612,0.3677272194308612,0.47459886697529763,0.4263968556858986,0.3347458342886743,0.3896415426049381,0.3586758583329609,0.41852843297216963,0.41852843297216963,0.11087211066275315,0.19338017234387483,0.1819861950685347,0.15499377801481495,0.1465528501764542
U0054,0.4049220129532528,0.8739708676732743,0.4047002128085559,0.4056435838079889,0.34163394434352534,0.17585377611313413,0.3157623598204104,0.481502135512323,0.5100104605345558,0.33642191454168463,0.3468523069945769,0.353668704598721,0.36326358029599354,0.4574251935852873,0.44070881896153374,0.6488590015199739,0.4999824875120669,0.46476077139324146,0.4087301910011354,0.37938239999851747,0.35845386145529223,0.353668704598721,0.353668704598721,0.17663320682724515,0.39731017899237736,0.38518313832321965,0.353668704598721,0.4956967396651766,0.1587606056299775,0.5235814029708159,0.3338912273092455,0.3291060704526743,0.36436010805087377,0.3338912273092455,0.4917482768400433,0.4514605150923922,0.44858200544839727,0.44379684859182605,0.44379684859182605,0.44379684859182605,0.45362724580176184,0.417495711592958,0.5007815728273697,0.40208580934824206,0.4175964410170446,0.4624557989976635,0.5298664268464743,0.5657329559297646,0.39321184686411575,0.4262141649510218,0.5811030200402272,0.35845386145529223,0.4050758816968302,0.6070116291952907,0.44379684859182605,0.44379684859182605,0.24629549941118983,0.46877044678310065,0.17663320682724515,0.35845386145529223,0.4259967394835872,0.4943947533329138,0.4534592461108539,0.5497663183362124,0.4121670287189272,0.48722071415021895,0.37496783784182397,0.4140002157199422,0.4030785193919034,0.4058905038135155,0.4565914971075793,0.5962276612345407,0.4732262675199469,0.33182630131280105,0.5363320721562662,0.34788093509928325,0.3338912273092455,0.5320930748559926,0.442733652577046,0.3431365054781792,0.4841667606291263,0.5113720641784382,0.409215058863371,0.35845386145529223,0.3853715553771515,0.4011053469569443,0.4011053469569443,0.6204192327078976,0.45977498321198174,0.38257050458655056,0.3957836431869423,0.41334761734836134,0.4519065604982528,0.4519065604982528,0.06162632751700475,0.14525826552929666,0.26147638159108344,0.16126623849098143,0.26552591996606356
U0055,0.3292042463808683,0.7000152164162805,0.39895781189159196,0.4011808532260685,0.3500295545737211,0.2883308304412101,0.31365548303091295,0.5105159665166542,0.49462770951793883,0.3868764681137623,0.3752267485635555,0.35156182780922357,0.3751351254095052,0.44984203561951336,0.4214011719889104,0.34496114109687415,0.3052261953515758,0.3817466855516111,0.40662331421163794,0.37727552320902,0.3563469846657948,0.35156182780922357,0.35156182780922357,0.1745263300377477,0.2893850929687469,0.3837035841082744,0.35156182780922357,0.5296600386264183,0.16145829625810548,0.4601584239387338,0.3317843505197481,0.32699919366317687,0.3622532312613763,0.3317843505197481,0.48177716557607664,0.4472782439124249,0.4464751286588998,0.4416899718023286,0.4416899718023286,0.4416899718023286,0.44805121985719093,0.46030720538024245,0.4366266574214922,0.39245490869514654,0.3616955269913903,0.3766633546597542,0.441834778802996,0.47988875020402705,0.3778600091130588,0.5014752030425533,0.5230987056910403,0.3563469846657948,0.5155600297053643,0.5088992832868839,0.4416899718023286,0.4416899718023286,0.26206181850877563,0.47917715678096473,0.1745263300377477,0.3563469846657948,0.7129525393380456,0.43757551602941586,0.4806635698028523,0.5651019490722224,0.472522841033203,0.3913722785749967,0.3966347234254752,0.4118933389304448,0.41509747437025263,0.40378362702401804,0.4344221831016309,0.5868625444153209,0.51694584504463,0.40428934137990774,0.5272103537138869,0.40261647298367687,0.3317843505197481,0.5207140124581355,0.4151261925298255,0.34500300134222894,0.45402874541500543,0.368661350985047,0.40710818207387356,0.3563469846657948,0.3832646785876541,0.39899847016744683,0.39899847016744683,0.5268034008303951,0.4576681064224843,0.4173152651102675,0.4081019847954452,0.530841276957957,0.44979968370875534,0.44979968370875534,0.33665577435249683,0.09041011321491815,0.19852446631718249,0.08166869072825844,0.14169000536206344
U0056,0.5814535916353152,0.549273807966459,0.3741866197149996,0.47754252417885973,0.3685762840671278,0.43188169428067835,0.38878636562848595,0.5303267169711662,0.5952247840826724,0.4371566763991549,0.5178174949342278,0.42669271040679657,0.4251314275269449,0.5302701994017125,0.6324921446114102,0.4563562613988952,0.5056810369767457,0.41725709108182785,0.4817541968092109,0.45240640580659297,0.43147786726336773,0.42669271040679657,0.42669271040679657,0.24965721263532067,0.5589437791089175,0.46433965381268555,0.42669271040679657,0.533176556230608,0.4761204813621699,0.639606514832381,0.40691523311732103,0.4021300762607498,0.4373841138589493,0.40691523311732103,0.535997139886997,0.5217287985338495,0.5216060112564728,0.5168208543999016,0.5168208543999016,0.5168208543999016,0.5233503329329074,0.47050635578909455,0.5351090179322031,0.43925774068878976,0.4836228788366736,0.5163756091550296,0.5175910075623973,0.45957084737087056,0.5143852729077926,0.3864993525592273,0.5826550881788235,0.43147786726336773,0.5531820788828092,0.5777318307609207,0.5168208543999016,0.5168208543999016,0.43619514838179424,0.52449353803916,0.24965721263532067,0.43147786726336773,0.3599632798156186,0.5181243086332036,0.49257520473556143,0.437503078332791,0.46828422499720074,0.6166253864418411,0.46616632411848224,0.4870242215280177,0.4774086670607619,0.478914509621591,0.5555282528350748,0.6405207449651646,0.5625826133340678,0.49398785812894974,0.5371233853291508,0.44638245428264817,0.40691523311732103,0.6291640589131603,0.49006011382883785,0.41798555851909375,0.46742163528663405,0.5200139903304162,0.48223906467144656,0.43147786726336773,0.45839556118522706,0.47412935276501983,0.47412935276501983,0.571551208462881,0.5327989890200573,0.39473676515015665,0.519571079110932,0.47815614486949937,0.5249305663063283,0.5249305663063283,0.10892755660223857,0.29130923123033536,0.30653337410859505,0.39293337540910833,0.2815647579820339
U0057,0.39639139093960396,0.3532006490731675,0.35312106444238966,0.4188011475271203,0.2942677775633595,0.4265139482023025,0.32606655996772554,0.48446603604790883,0.5318488654693955,0.3782954891544215,0.6036952765177225,0.3639729047460361,0.3480458256419363,0.45894907808324337,0.42602927039800564,0.307001842602301,0.4088075769841748,0.38724828169065545,0.4190343911484505,0.38968660014583256,0.3687580616026073,0.3639729047460361,0.3639729047460361,0.18693740697456024,0.4372864808301843,0.39942020498131314,0.3639729047460361,0.42642491191483683,0.32948730294364575,0.5093081682443412,0.3441954274565606,0.3394102705999894,0.37466430819818886,0.3441954274565606,0.47982687906722704,0.45935534389704186,0.45888620559571236,0.45410104873914114,0.45410104873914114,0.45410104873914114,0.46016643161379495,0.5053500662423889,0.4236862499524631,0.33367461693506306,0.34289084459218844,0.3348637399868174,0.43724492352986644,0.4281633038982174,0.45351222099540967,0.3624139065114721,0.3828959445907567,0.3687580616026073,0.48226838755215184,0.4520004978669374,0.45410104873914114,0.45410104873914114,0.5014812423910989,0.45710006134545167,0.18693740697456024,0.3687580616026073,0.4103998739111061,0.43770365876514983,0.4395848452886332,0.4102075202966083,0.45831394462734926,0.46605410039920325,0.44660817415838616,0.4243044158672573,0.4163767918817225,0.4161947039608306,0.4329729627144305,0.5638983324258742,0.5015035346514297,0.39757977810190326,0.39513681842964116,0.38454494570622977,0.3441954274565606,0.5503641562590722,0.43356518789131576,0.35526998921832326,0.36945663895990544,0.40681081179807965,0.4195192590106861,0.3687580616026073,0.3956757555244666,0.41140954710425937,0.41140954710425937,0.5048949980885771,0.4700791833592968,0.35264093883787173,0.3860395732232158,0.3883634711724751,0.4622107606455679,0.4622107606455679,0.26651700183396504,0.23462354623898712,0.21991679279145718,0.20834623092096655,0.3374427003145912
U0058,0.39526608027499566,0.2836583885511288,0.22312012036698348,0.4039256648328655,0.27710753561008467,0.3997280522943761,0.313655483030913,0.46974000764922164,0.5251793720175992,0.34709543051848507,0.3879273159448665,0.35156182780922357,0.3346419895318621,0.452414883820695,0.4151389551931056,0.2738765303696738,0.38158448851434745,0.3883431720585878,0.40662331421163794,0.37727552320902,0.3563469846657948,0.35156182780922357,0.35156182780922357,0.1745263300377477,0.44973715605979026,0.38597736036988506,0.35156182780922357,0.39823297874936386,0.25346626201750466,0.44468870743007644,0.3317843505197481,0.32699919366317687,0.3622532312613763,0.3317843505197481,0.504334766163233,0.44644462574210186,0.4464751286588998,0.4416899718023286,0.4416899718023286,0.4416899718023286,0.44634713993617503,0.4472114190308911,0.4624918150320603,0.3908717273315597,0.34132648291591094,0.33715635846602143,0.4610958770772653,0.47198652516192396,0.4027193725531111,0.32302257021874076,0.39496559449951774,0.3563469846657948,0.5006711611655492,0.43745292111388606,0.4416899718023286,0.4416899718023286,0.3718314825653025,0.4323129834240778,0.1745263300377477,0.3563469846657948,0.26036338375315093,0.4306439042038019,0.4034662995187669,0.36020271642552576,0.3469201700774664,0.45063890386733735,0.38925864228201645,0.4118933389304448,0.40495491008692747,0.40378362702401804,0.4706811828026166,0.548315364870578,0.5172998513864919,0.3879305416063768,0.3737105858750763,0.38249927178653187,0.3317843505197481,0.539463402242658,0.4161048736223688,0.34605414430857084,0.374894807709525,0.3816737222960722,0.40710818207387356,0.3563469846657948,0.3832646785876541,0.39899847016744683,0.39899847016744683,0.5113625798727294,0.4576681064224843,0.30386695847336287,0.3892133292421841,0.39877281671194653,0.44979968370875534,0.44979968370875534,0.24647163770893357,0.4497219745049079,0.22258844573496614,0.15414592563409607,0.1362819269369694
U0059,0.3809730455709442,0.3453799355455087,0.2835823708828002,0.41001197885498647,0.2965281000219846,0.37357168313212447,0.31934868097744723,0.47831608906205647,0.5400736239579834,0.3192382734157283,0.3073195650042594,0.3572550257557578,0.3404601180368736,0.4537680629543411,0.4248929905570811,0.24271640538139166,0.4108098733246088,0.4081518572792517,0.41231651215817217,0.38296872115555425,0.36204018261232895,0.3572550257557578,0.3572550257557578,0.18021952798428192,0.4341243190972871,0.39505375349205274,0.3572550257557578,0.48426492807303795,0.28938977032923713,0.4632526651991319,0.3374775484662823,0.3326923916097111,0.36794642920791054,0.3374775484662823,0.4841367136589322,0.45190348752912596,0.45216832660543405,0.44738316974886283,0.44738316974886283,0.44738316974886283,0.45215402227516777,0.4225815511504171,0.4538224006468481,0.3377982494355416,0.33825915645168114,0.30859982402719455,0.42935683092099775,0.45660206272174503,0.4342118805801173,0.3744824619870816,0.41183983511175104,0.36204018261232895,0.4444881009439483,0.46325179891404994,0.44738316974886283,0.44738316974886283,0.3915002873836745,0.4305747371122848,0.18021952798428192,0.36204018261232895,0.2720514599038437,0.4359891556843319,0.4291569555420865,0.3881540260086651,0.39112013260838935,0.40894585794736926,0.3924218940134313,0.417586536876979,0.4086353279400248,0.40947682497055227,0.4065140740350514,0.5694289683407665,0.4626935640119727,0.4074807079908911,0.37922700529040854,0.40018536061566357,0.3374775484662823,0.5571326904236453,0.42459383406209694,0.35450951809334874,0.3647822919313595,0.397490964880837,0.4128013800204078,0.36204018261232895,0.38895787653418834,0.40469166811398105,0.40469166811398105,0.5096467723712641,0.4633613043690185,0.33212530516990535,0.38380899361407056,0.4113187585857205,0.45549288165528956,0.45549288165528956,0.23443924628692817,0.32204474603924904,0.2099673082039618,0.323239646202863,0.21635050595117294
U0060,0.574938291164513,0.8012912652944277,0.48117600289808937,0.429637556586009,0.35164186099495176,0.3453768431626277,0.3394108400085535,0.5015690756191425,0.5363942573005337,0.37208268528582783,0.38247086210694237,0.37731718478686405,0.414177032636313,0.4968077570419418,0.4946103291769854,0.24731986704221626,0.411259249007682,0.4888727420291996,0.4323786711892785,0.40303088018666056,0.38210234164343526,0.3773171847868641,0.3773171847868641,0.20028168701538823,0.3943337851835842,0.4099498973963433,0.3773171847868641,0.5255586154824452,0.20474110452494043,0.5012297061991563,0.3575397074973886,0.3527545506408174,0.38800858823901685,0.3575397074973886,0.5720356851835557,0.47140272891909485,0.47223048563654035,0.46744532877996914,0.46744532877996914,0.46744532877996914,0.47074112514273236,0.5061790000619028,0.6070685593452196,0.5450829490971337,0.4087168451597152,0.5328008385379289,0.6566855845142248,0.4500598788475819,0.45041719521547785,0.44408375679729084,0.5596371070796134,0.38210234164343526,0.5803445642831354,0.5565290451902303,0.46744532877996914,0.46744532877996914,0.3471870529646244,0.4947993104254247,0.20028168701538823,0.38210234164343526,0.3830197403720167,0.5133024793371417,0.4707579781923152,0.4456184937087022,0.4102183247885639,0.5044314821440719,0.4394274026089899,0.4376486959080853,0.43038176709012366,0.4295389840016586,0.6150789374787832,0.6160720795674811,0.4532629158736225,0.42096555528362356,0.5638252538459365,0.4428093762589029,0.3575397074973886,0.5696320093938798,0.43523789565207194,0.36841601168494015,0.5000016412319781,0.3609419380605693,0.4328635390515141,0.38210234164343526,0.4090200355652946,0.42475382714508736,0.42475382714508736,0.604950359287217,0.4834234634001248,0.38607976664296423,0.49505745339754215,0.3658343949793078,0.47555504068639587,0.47555504068639587,0.08465483904261534,0.6460184998928009,0.2961766544926307,0.11118081604585772,0.08134470050314191
U0061,0.45989113990753927,0.5281458305105617,0.4499260377360914,0.47247317945858675,0.3469431078456403,0.613731570848267,0.3770733351553913,0.5187144688533386,0.5829142466773616,0.3925524136702848,0.43196952195862,0.4149796799337019,0.3886031223179912,0.5155766763513997,0.5201425383479108,0.26744657390469206,0.4411032547575339,0.499344825747478,0.47004116633611626,0.4406933753334984,0.4197648367902731,0.41497967993370194,0.41497967993370194,0.23794418216222607,0.448727783944304,0.4529240587472976,0.41497967993370194,0.5220535381218068,0.4263105413903123,0.5912938320938352,0.3952022026442264,0.39041704578765524,0.4256710833858547,0.3952022026442264,0.5313587014078989,0.5103670098205941,0.5098929807833782,0.505107823926807,0.505107823926807,0.505107823926807,0.5104361881903108,0.5379566952225006,0.44533387095697946,0.3735795927624898,0.36604811225489425,0.4007765157615736,0.5643985291819217,0.4390878333900954,0.5810925956515665,0.36740079588249763,0.41254936307264234,0.4197648367902731,0.6105066086571368,0.5078529223682876,0.505107823926807,0.505107823926807,0.6155950866951583,0.4953737867277384,0.23794418216222607,0.4197648367902731,0.47159592078441337,0.4903896773851666,0.5151896120519684,0.4680487843973042,0.5556535683718505,0.4124310259598188,0.5319840392405374,0.4753111910549231,0.47081253987510696,0.46720147914849636,0.5204431019654192,0.6225346670759488,0.4771452400860015,0.4622012796807732,0.4633658398651837,0.45737190893447077,0.3952022026442264,0.6066233508205424,0.48204967311164876,0.4067180673690785,0.41997482890734744,0.5053458127523722,0.47052603419835193,0.4197648367902731,0.44668253071213243,0.4624163222919252,0.4624163222919252,0.5759225879704639,0.5210859585469626,0.4323238932872753,0.42335980426156844,0.41123158857990944,0.5132175358332337,0.5132175358332337,0.1779015616677706,0.30464127549096837,0.2654434187865414,0.22049517063365304,0.5839448073182693
U0062,0.3049426416108223,0.368567392850108,0.4796398108899968,0.4050148881280732,0.3340795116880351,0.21329253100999004,0.31365548303091295,0.5409583862619047,0.5100854198485852,0.44426161692429655,0.8787783023548209,0.3515618278092236,0.3914337310727497,0.43640651881377596,0.2846491565169851,0.2609447067157661,0.3458670763723415,0.35420098666326394,0.40662331421163794,0.37727552320902,0.3563469846657948,0.35156182780922357,0.35156182780922357,0.1745263300377477,0.3029965133693657,0.3831613066099122,0.35156182780922357,0.4971304620983457,0.16726655651555578,0.4002719767582481,0.3317843505197481,0.32699919366317687,0.3622532312613763,0.3317843505197481,0.4878765313064492,0.44659239058222333,0.4464751286588998,0.4416899718023286,0.4416899718023286,0.4416899718023286,0.44796031521662344,0.6002451603906683,0.45608185563011905,0.3455518170335422,0.3093369606995549,0.2950731175405152,0.3209263687924812,0.4793349187603135,0.35195398910425335,0.6263716301249462,0.41248650340665155,0.3563469846657948,0.42855018798817873,0.44685937311051654,0.4416899718023286,0.4416899718023286,0.4670875754114967,0.4939868551776166,0.1745263300377477,0.3563469846657948,0.8599092716655585,0.41690584996462904,0.4734186785039619,0.5480155972670873,0.5264215671035887,0.45112382218589686,0.44420882174830284,0.4118933389304448,0.41046192979688323,0.40378362702401804,0.3720486384643672,0.5645803807361559,0.5566841164158507,0.40660067735620065,0.42658314927707963,0.4104253696884379,0.3317843505197481,0.5347272573516053,0.42182022326513496,0.34595341544342884,0.40496382107159723,0.25757758979908163,0.40710818207387356,0.3563469846657948,0.3832646785876541,0.39899847016744683,0.39899847016744683,0.49680100298354074,0.4576681064224843,0.4160505334349107,0.41328684419472156,0.4960107573165861,0.44979968370875534,0.44979968370875534,0.7002573104720304,0.200118357510765,0.1970011837369623,0.21660052427546655,0.12541463854946633
U0063,0.5089449401563616,0.42449906719088987,0.5518872207539615,0.43114471461579396,0.31281719343381575,0.2908761180982322,0.34151771679805093,0.5017882285316745,0.5968510626836827,0.38402247424423974,0.8429692534492352,0.37942406157636155,0.36851009374918037,0.4722214704891626,0.44242394004957797,0.41645109876996345,0.6094940949025842,0.38267576542384446,0.43448554797877587,0.40513775697615795,0.3842092184329327,0.37942406157636155,0.37942406157636155,0.20238856380488568,0.4902314020729742,0.4232755458588512,0.37942406157636155,0.5440391274235011,0.6686495885363364,0.6773085405068257,0.359646584286886,0.3548614274303148,0.3901154650285143,0.359646584286886,0.48384277563728695,0.47663449766305865,0.47433736242603775,0.4695522055694666,0.4695522055694666,0.4695522055694666,0.4789699259352238,0.5528758853819398,0.4912983407534862,0.3096685823358265,0.39541395465392376,0.3855511689211073,0.4230342915776376,0.4354676967129235,0.5132271171452535,0.45865374299967687,0.35557656618523337,0.3842092184329327,0.42732016336220774,0.5320579133643559,0.4695522055694666,0.4695522055694666,0.5086451425391245,0.44478815799612026,0.20238856380488568,0.3842092184329327,0.23262165970135174,0.4839506182923555,0.4642092130234746,0.4086208404019632,0.495441288217986,0.5761967039687783,0.5739356807231267,0.4397555726975827,0.4223522254246744,0.43164586079115597,0.39678416836475977,0.6033343842502292,0.5225477310414651,0.4420161107958694,0.38730415570525223,0.41973274695610774,0.359646584286886,0.5980359946529454,0.46228973790145855,0.3763044218847009,0.34361517110367734,0.5261894839337453,0.43497041584101154,0.3842092184329327,0.41112691235479204,0.4268607039345848,0.4268607039345848,0.48313690439780477,0.48553034018962227,0.37710458803305036,0.4206059962632656,0.43238193749950665,0.4776619174758933,0.4776619174758933,0.3504973171895173,0.176435981036909,0.21994786531935695,0.6424728866128293,0.31620496723476366
U0064,0.4866343012951574,0.37241685055145596,0.4835660256201853,0.5115791163311093,0.36715554573333664,0.5895272674047181,0.4108915195831353,0.5625283195664907,0.6284355978356905,0.41519001719251303,0.5963795150537374,0.4487978643614459,0.43134079334802156,0.5459679723064146,0.4418818723068848,0.23499741128680052,0.528824935211052,0.5999107698865103,0.5038593507638602,0.4745115597612424,0.45358302121801714,0.4487978643614459,0.4487978643614459,0.27176236658997005,0.5148601784247343,0.48439462480659173,0.4487978643614459,0.5227594052531673,0.314287980014163,0.5152229074668291,0.4290203870719704,0.4242352302153992,0.45948926781359867,0.4290203870719704,0.6008568154855238,0.5431128583367952,0.5437111652111222,0.538926008354551,0.538926008354551,0.538926008354551,0.5428512279669389,0.6311243690955025,0.5455984147261614,0.41515253014111375,0.354936046247909,0.3905839457223607,0.5889751200948294,0.525418157914044,0.5920887688908427,0.4575896416213082,0.40232788482932863,0.45358302121801714,0.5553848998449199,0.5176004147157729,0.538926008354551,0.538926008354551,0.7832163607060468,0.5331794526572786,0.27176236658997005,0.45358302121801714,0.4833437155642158,0.52955883564686,0.5290939259481171,0.47021936145530296,0.567791625831751,0.4527591438654422,0.5426614633986767,0.5091293754826671,0.4974700160289322,0.5010196635762404,0.5461554365809212,0.6420247498846041,0.4787887219768865,0.46570211376273074,0.42194736459857074,0.49219261658442565,0.4290203870719704,0.6552616875573918,0.5249442365206292,0.4413112631591205,0.446713375709326,0.45428875441319383,0.5043442186260959,0.45358302121801714,0.4805007151398764,0.4962345067196692,0.4962345067196692,0.6587882257497831,0.5549041429747066,0.4427526984563538,0.455417706739315,0.3430365326717342,0.5470357202609777,0.5470357202609777,0.3405346623988308,0.6435493750708654,0.3358865855405918,0.295619074955034,0.615641982030961
U0065,0.5398205378329395,0.5632346264444403,0.3517591743705729,0.46364055062532206,0.3971159657306163,0.5374116849035353,0.37278896753463664,0.5591978742915618,0.5279923412274556,0.5615418810187329,0.8953670504510793,0.41069531231294726,0.47063359838041396,0.5082948220621506,0.7423349225058434,0.48998835745478636,0.32650883402532094,0.3449335707918507,0.4657567987153616,0.4364090077127437,0.4154804691695184,0.41069531231294726,0.41069531231294726,0.2336598145414714,0.5753752360707489,0.4406412507312298,0.41069531231294726,0.5057139553881388,0.23754915938613191,0.5565957434203922,0.3909178350234717,0.38613267816690056,0.4213867157651,0.3909178350234717,0.495498722954616,0.5034531697008742,0.5056086131626235,0.5008234563060523,0.5008234563060523,0.5008234563060523,0.506522972610639,0.5289678415394719,0.5079288536671199,0.45427148085155805,0.5053879891841558,0.5428254348754599,0.43258780879450515,0.4402093364544898,0.4451840856884044,0.49111605896516236,0.7996027552622132,0.4154804691695184,0.5968496248219466,0.5541111485490908,0.5008234563060523,0.5008234563060523,0.5580298483547567,0.616999335512231,0.2336598145414714,0.4154804691695184,1.0,0.46502368809479094,0.5087234718717385,0.5449082764001156,0.5953509991558712,0.7091294348129424,0.38348412399614284,0.4710268234341684,0.4740763238811591,0.4629171115277417,0.5637559108228012,0.616168658975205,0.6680240640116666,0.5309142534885469,0.6612749161381439,0.4484951095338062,0.3909178350234717,0.5990091956229238,0.4619974763706721,0.3958554409554859,0.5341118467863393,0.3640673527525473,0.46624166657759725,0.4154804691695184,0.44239816309137775,0.4581319546711705,0.4581319546711705,0.5653106394317033,0.5168015909262079,0.43857721541938044,0.6075023017095235,0.6023184161468436,0.508933168212479,0.508933168212479,0.35464642616828534,0.15275332958777466,0.3180473351741119,0.2128874988284628,0.3782103594110905
U0066,0.2927419562481949,0.3803302643359766,0.28319587950676517,0.4571553711010705,0.3490871416571659,0.6947926572278381,0.3694631205835365,0.550481080357436,0.5929987284676729,0.3812202726325757,0.4463329432278915,0.40736946536184704,0.37397468890586455,0.5015030553826125,0.49546822376265465,0.24846647424812263,0.3355108298565478,0.45248006416331743,0.4624309517642614,0.4330831607616435,0.41215462221841825,0.40736946536184704,0.40736946536184704,0.23033396759037122,0.5236135877583676,0.44390823560325904,0.40736946536184704,0.5005360305556366,0.29016603083154896,0.5045746554016769,0.38759198807237155,0.3828068312158004,0.41806086881399984,0.38759198807237155,0.5292628205714768,0.5018775146833077,0.5022827662115233,0.49749760935495213,0.49749760935495213,0.49749760935495213,0.5006441025731512,0.5421463169090052,0.4576590826324123,0.40988158631235555,0.38389986612006693,0.23065146720781385,0.5443864135608911,0.5839373501008744,0.4831887161991154,0.41222563548198193,0.4576131940700089,0.41215462221841825,0.6054781153951722,0.46183665440256405,0.49749760935495213,0.49749760935495213,0.4303780996425879,0.4840237404534515,0.23033396759037122,0.41215462221841825,0.3384894755996362,0.466232692628253,0.4841597410720573,0.47973774935232744,0.46961166341492316,0.4377536545575903,0.4757912891249837,0.46770097648306824,0.4677821847916968,0.4595912645766415,0.38801051995272534,0.6232343785317823,0.6439819313181437,0.47285986359419124,0.4214817343507261,0.48869827898234297,0.38759198807237155,0.5699800423618981,0.46721321965057516,0.4085549683430413,0.3925363813375291,0.42269819271614484,0.4629158196264971,0.41215462221841825,0.4390723161402776,0.45480610772007035,0.45480610772007035,0.5077212271992027,0.5134757439751078,0.39187222869918636,0.3844473465975222,0.6297030537974294,0.5056073212613789,0.5056073212613789,0.5823425317358139,0.3084054685673292,0.21115437527070424,0.21904500234563704,0.3323156657899405
U0067,0.3557865758416474,0.32400433189591,0.2883004611216013,0.40670488515682923,0.30050856423607514,0.2946341625285798,0.31546069313122127,0.48350355055320443,0.5003560819636496,0.37907265904390863,0.36961350161609635,0.3533670379095319,0.349287257578956,0.4462141135834413,0.3849590753872288,0.23361559472250365,0.3277282952206855,0.3423000496345699,0.40842852431194626,0.37908073330932834,0.35815219476610305,0.3533670379095319,0.3533670379095319,0.17633154013805608,0.3202326174538463,0.3873812329782333,0.3533670379095319,0.45041384732525147,0.24233034507468454,0.43197836779490434,0.3335895606200564,0.3288044037634852,0.36405844136168464,0.3335895606200564,0.4701501098618007,0.44824549565765603,0.44828033875920814,0.4434951819026369,0.4434951819026369,0.4434951819026369,0.4490248458818161,0.4300692462101227,0.38979788436530993,0.32019343811219647,0.3136336421111157,0.33998638074200727,0.3430669144443379,0.3912002260201054,0.3966967735078012,0.39635822055228553,0.38704411551230955,0.35815219476610305,0.47166706990886065,0.43269626352280344,0.4434951819026369,0.4434951819026369,0.387859310199917,0.4522732936357809,0.17633154013805608,0.35815219476610305,0.5841387160847995,0.4074948304102576,0.44385824513960553,0.43530269280710815,0.4326701627490808,0.37414631982954516,0.380003093358257,0.4136985490307531,0.4120362340769055,0.40558883712432636,0.44203483048551573,0.5502881725332507,0.46332043717297455,0.400930712734308,0.4085106063479586,0.3713539837821898,0.3335895606200564,0.5409805330179265,0.41453103049375684,0.34499778408721593,0.38489045817727807,0.35214999268300184,0.4089133921741819,0.35815219476610305,0.3850698886879624,0.40080368026775515,0.40080368026775515,0.4961031396791734,0.4594733165227926,0.3606247595668912,0.3918015064125145,0.3993021104584268,0.45160489380906366,0.45160489380906366,0.22676743775733024,0.16415353607263905,0.2003443153324893,0.136207776125704,0.17023590613171102
U0068,0.3609536854886578,0.35397505304242294,0.37756103343253206,0.4620370572467093,0.3744738081382161,0.37949485082170376,0.37156999737303387,0.5691605693750281,0.568723147465729,0.46411652334473485,0.4771797739841668,0.4094763421513445,0.4193488313119921,0.4990705859331343,0.4111873188030388,0.2767125640744853,0.36755366813043655,0.4174902075499757,0.46453782855375886,0.43519003755114094,0.4142614990079157,0.4094763421513445,0.4094763421513445,0.23244084437986864,0.3508497311867136,0.44401449447045,0.4094763421513445,0.5577052293081235,0.3091216680302729,0.4697389747352244,0.389698864861869,0.3849137080052978,0.42016774560349723,0.389698864861869,0.5489750951076828,0.5048087594300075,0.5043896430010207,0.4996044861444495,0.4996044861444495,0.4996044861444495,0.5055133344893583,0.5407881185957297,0.46113881086167485,0.39543680700975653,0.35214748722167305,0.3714288062380482,0.38948328074414873,0.5233203101892225,0.4446493542198489,0.5550754024290553,0.4404403906515617,0.4142614990079157,0.5870929241396388,0.487706329687952,0.4996044861444495,0.4996044861444495,0.45315654497613345,0.5161065576292693,0.23244084437986864,0.4142614990079157,0.8209835612118815,0.4551707974525003,0.5242079387622307,0.560330708965923,0.5298604447897848,0.39709291103394845,0.47980445224810214,0.4698078532725657,0.4748891812590207,0.46169814136613896,0.4961563698458038,0.6104421113246831,0.5925678309211638,0.49015919056074625,0.46375396785472184,0.47256040905573893,0.389698864861869,0.6007547822214183,0.47230964732569813,0.40664352380124874,0.45176035163054956,0.40660969996646645,0.4650226964159945,0.4142614990079157,0.44117919292977503,0.45691298450956774,0.45691298450956774,0.5573837302816428,0.5155826207646053,0.4546841410439488,0.46083296491803827,0.5767809698014417,0.5077141980508763,0.5077141980508763,0.5684651580301625,0.30076918438995914,0.2434670525498838,0.2263838680707213,0.2170117640237573
U0069,0.4780676928333517,0.38520879821695797,0.28282632082324555,0.4776477082501812,0.36039698524318503,0.49826992073968385,0.38878636562848595,0.5420297189659372,0.5918113806930662,0.41840692164434784,0.5400581931103653,0.42669271040679657,0.4144172670349329,0.523359755345283,0.5877737247035026,0.345304495010175,0.4268725699770833,0.40485968281201,0.4817541968092109,0.45240640580659297,0.43147786726336773,0.42669271040679657,0.42669271040679657,0.24965721263532067,0.5875381578142109,0.46239224566960757,0.42669271040679657,0.4924299501060866,0.3205549148520264,0.5442712375857456,0.40691523311732103,0.4021300762607498,0.4373841138589493,0.40691523311732103,0.5214879698401768,0.5200154006175051,0.5216060112564728,0.5168208543999016,0.5168208543999016,0.5168208543999016,0.5206353647297909,0.476679215287003,0.5130052571054957,0.414118592009602,0.4582693541357832,0.3845859667981748,0.4801784876416754,0.47624337829759444,0.47809860763525686,0.3859136504398363,0.5695946963203425,0.43147786726336773,0.49567498610192434,0.5184471470410734,0.5168208543999016,0.5168208543999016,0.452149710294195,0.5249483972490477,0.24965721263532067,0.43147786726336773,0.3085941168137749,0.4962466994517873,0.47434193777146777,0.41428344029827646,0.44567515355387227,0.5948721741913912,0.40710554492972084,0.4870242215280177,0.47665034968709796,0.478914509621591,0.45921704138400604,0.6334590979646083,0.5746578204540551,0.48177589564924067,0.4842182246843389,0.4466741666389938,0.40691523311732103,0.6133199859093235,0.4845969854475555,0.41948590632985894,0.4341860967805995,0.41534401675197724,0.48223906467144656,0.43147786726336773,0.45839556118522706,0.47412935276501983,0.47412935276501983,0.5385684263188333,0.5327989890200573,0.3678717709530429,0.47883916096925255,0.48824219442086797,0.5249305663063283,0.5249305663063283,0.23983847857674737,0.271845791239676,0.2842812370228024,0.35221588379232716,0.24765972710506914
U0070,0.49379995905708257,0.5309665483233185,0.464912085039652,0.487711580032237,0.40370925869818575,0.32241575565888847,0.39872884013121207,0.5740449005331937,0.6116634157052581,0.41830100640639173,0.44021930793876796,0.43663518490952263,0.4488169653165419,0.5319153161664565,0.5048752667147229,0.26846669743587503,0.47500430550127737,0.45125030888735734,0.491696671311937,0.4623488803093191,0.44142034176609385,0.43663518490952263,0.43663518490952263,0.2595996871380468,0.4444668117216698,0.47520154084703126,0.43663518490952263,0.6406765591895429,0.3761030384337623,0.5474941925730493,0.41685770762004715,0.41207255076347593,0.4473265883616754,0.41685770762004715,0.5504728557621071,0.5305917440071762,0.5315484857591989,0.5267633289026277,0.5267633289026277,0.5267633289026277,0.5313487657130757,0.5004579464590799,0.5495564475479654,0.412181195354245,0.4291857790285822,0.4213198274423196,0.45446495485206423,0.47531341927259646,0.49737348781449486,0.5557112596932194,0.5389354596969053,0.44142034176609385,0.48595365806641355,0.5661226141313445,0.5267633289026277,0.5267633289026277,0.43177360854818764,0.5287951936161916,0.2595996871380468,0.44142034176609385,0.4985870627289114,0.5173872312537726,0.5344368469039877,0.5052217918826936,0.5096350991759363,0.4980954074392807,0.4682683175462684,0.49696669603074384,0.48861154209593993,0.4888569841243171,0.46914219562800735,0.6653892180722163,0.5081013936434483,0.5121375563404036,0.5133914906415074,0.49177246165002797,0.41685770762004715,0.644001981231846,0.498238439816075,0.4338280218340387,0.46325195516915585,0.4212257682177,0.4921815391741726,0.44142034176609385,0.4683380356879531,0.4840718272677459,0.4840718272677459,0.5708070540381631,0.5427414635227833,0.4455495690508876,0.5016749427153765,0.5047409924378985,0.5348730408090544,0.5348730408090544,0.32273305526180346,0.2870991850175616,0.28161671740585953,0.4933586171058226,0.18474768067134184
U0071,0.4485120799675437,0.4572970621173682,0.5387527299363661,0.4623620514838967,0.35845307496626083,0.3209975444926119,0.37068209074513925,0.5553138268025108,0.5644327014747222,0.4536512110558354,0.9586986965565166,0.4085884355234498,0.42323544925236917,0.4998013784368653,0.399031386632992,0.2672284398944315,0.42518150690209916,0.3827507488176366,0.4636499219258642,0.43430213092324627,0.413373592380021,0.4085884355234498,0.4085884355234498,0.23155293775197394,0.42243710325245354,0.4418047735421135,0.4085884355234498,0.4877965895921224,0.29465604152673186,0.5235075402058148,0.38881095823397427,0.3840258013774031,0.41927983897560256,0.38881095823397427,0.5120106609180747,0.5027602322447441,0.503501736373126,0.49871657951655485,0.49871657951655485,0.49871657951655485,0.503633187323969,0.6215251293220081,0.49627158860056897,0.38027529081832995,0.39060301338086745,0.35962143959101955,0.4326644716533968,0.40917895578766916,0.45283154034753664,0.5282626585749932,0.4375572891055867,0.413373592380021,0.435455208114607,0.48997284204336294,0.49871657951655485,0.49871657951655485,0.5471165540407898,0.5299909689119399,0.23155293775197394,0.413373592380021,0.558262748531291,0.48861936651377624,0.49566076421076477,0.4777978279181575,0.5388127864484555,0.5715820851345759,0.49060781753029237,0.468919946644671,0.4571727244754955,0.4608102347382443,0.4151801503562723,0.6215046009948908,0.524722190790613,0.43250721930688074,0.46811047627183516,0.4261133384649489,0.38881095823397427,0.5854556905158971,0.4731471142218106,0.3970681523675783,0.41767231072447,0.313350735729097,0.4641347897880998,0.413373592380021,0.4402912863018803,0.45602507788167307,0.45602507788167307,0.5121094802166056,0.5146947141367105,0.4158316105592015,0.4442535084864809,0.396773573866121,0.5068262914229816,0.5068262914229816,0.412178816666808,0.1715847318337564,0.25544220959702746,0.2729180540083541,0.21930886762794272
U0072,0.4277667285269997,0.4498632327517566,0.5025915403054981,0.4216176452812506,0.29865731372408655,0.2468832293660705,0.325276854142523,0.48927817394476875,0.5654596231022648,0.3219015618316174,0.38929516361821137,0.3631831989208336,0.3527858769218455,0.4656252906920864,0.23607984576246552,0.2685981123933673,0.5542472765984744,0.5449981940127664,0.418244685323248,0.38889689432063007,0.36796835577740483,0.3631831989208336,0.3631831989208336,0.18614770114935775,0.3166076098074413,0.40008464726574744,0.3631831989208336,0.5019626536236285,0.3401791070185587,0.4708303525151505,0.3434057216313581,0.3386205647747869,0.37387460237298636,0.3434057216313581,0.573343633861291,0.46064728567383323,0.4580964997705098,0.45331134291393865,0.45331134291393865,0.45331134291393865,0.4605095047998321,0.5564906675644564,0.5263044143031084,0.39435239462218347,0.272308370938358,0.3850624290568253,0.5380274268579033,0.5332846030231844,0.4761424414918514,0.4651973885240403,0.24495232331443495,0.36796835577740483,0.49262755277183007,0.49847959844229167,0.45331134291393865,0.45331134291393865,0.4975378930737248,0.4168890466667008,0.18614770114935775,0.36796835577740483,0.33937821366662985,0.48312023817530375,0.4608476999797715,0.4479603744438337,0.4260866541125119,0.3319240235213841,0.5348879058773239,0.4235147100420548,0.4120601695155257,0.41540499813562803,0.5229177156824146,0.574091132335228,0.4134735719498605,0.3617379042850327,0.341774111958272,0.4160867110402327,0.3434057216313581,0.5766256925107696,0.4517245108672023,0.36035128669571276,0.39575907931688886,0.46787917979451527,0.4187295531854836,0.36796835577740483,0.3948860496992641,0.4106198412790569,0.4106198412790569,0.613135876175918,0.46928947753409433,0.3842868047579684,0.36681602315126716,0.2938506440818349,0.4614210548203654,0.4614210548203654,0.3140275032782341,0.6803280205385593,0.2520062690949405,0.24927402164655788,0.27966261740105797
U0073,0.5238030484795005,0.36840238214284377,0.32105140723485187,0.4652540245414018,0.3305674509848579,0.44503174397779843,0.37278896753463664,0.5122427307432524,0.567824234987968,0.46959004907742163,0.46803925345387565,0.41069531231294726,0.39478377354197874,0.5130680039808383,0.5162826640215384,0.4552101224744479,0.47087689531761334,0.4183849247845743,0.4657567987153616,0.4364090077127437,0.4154804691695184,0.41069531231294726,0.41069531231294726,0.2336598145414714,0.44638013117150105,0.44563022872025576,0.41069531231294726,0.4447156842156497,0.4956161430526476,0.5952965533805062,0.3909178350234717,0.38613267816690056,0.4213867157651,0.3909178350234717,0.5607316106513479,0.5077612427741521,0.5056086131626235,0.5008234563060523,0.5008234563060523,0.5008234563060523,0.5092130419392482,0.5044702945203451,0.4615732451482451,0.4287348719033611,0.39611122903966584,0.5263945905090217,0.4858285502823672,0.4745258355411056,0.5040255995427431,0.3395295882157355,0.41295357218739825,0.4154804691695184,0.6643338442595835,0.512242717663832,0.5008234563060523,0.5008234563060523,0.4949902159374408,0.49894969516249493,0.2336598145414714,0.4154804691695184,0.5754734257916616,0.4784321308072391,0.48513973062333887,0.4527966953127224,0.4723977459098839,0.4954810973115295,0.5136796220950406,0.4710268234341684,0.4708616590218636,0.4629171115277417,0.652262910340335,0.5887294995486436,0.583786652224672,0.4625465556536139,0.4667141007478205,0.4193721707535294,0.3909178350234717,0.6094841457925388,0.47892631600636837,0.3999695276789703,0.4562882288021074,0.5602552090442967,0.46624166657759725,0.4154804691695184,0.44239816309137775,0.4581319546711705,0.4581319546711705,0.5906175930522228,0.5168015909262079,0.4007340246970119,0.4809061332061264,0.4444222163678678,0.508933168212479,0.508933168212479,0.17860510033868204,0.4155963149886623,0.2953648648157552,0.13304282580001964,0.34032086721870947
U0074,0.45470854496350654,0.45996344466424205,0.3373649531976841,0.46142486704057367,0.3495537952354997,0.3268531521205138,0.37038042405595006,0.527479072565269,0.5667665374337776,0.4007809416271684,0.513671320511752,0.4082867688342607,0.40175636248985463,0.5051290760731058,0.4686537094398693,0.40614636362543133,0.46450906640024525,0.42936174817785366,0.46334825523667506,0.43400046423405714,0.4130719256908319,0.4082867688342607,0.4082867688342607,0.23125127106278484,0.4875491244939152,0.44147903562793794,0.4082867688342607,0.4730749490339767,0.24689684941134157,0.5053477251139307,0.3885092915447852,0.383724134688214,0.41897817228641343,0.3885092915447852,0.5270365058704409,0.5030891253868183,0.5032000696839369,0.4984149128273657,0.4984149128273657,0.4984149128273657,0.504096882598826,0.4803644043252735,0.5098071340655661,0.40357765653191935,0.4178533412666842,0.40673569128343384,0.4686107858737458,0.49261965642522776,0.44323603771255593,0.4145384167930673,0.5096661757210512,0.4130719256908319,0.443275122016275,0.5293488563979504,0.4984149128273657,0.4984149128273657,0.42368121067942377,0.5072361890877898,0.23125127106278484,0.4130719256908319,0.37796436123298816,0.4965684655816743,0.46849327383128136,0.45029199981682344,0.432464544426926,0.5390595148452316,0.40389772462018403,0.4686182799554819,0.4565476782110285,0.46050856804905516,0.47258329218682227,0.6153341366011597,0.516215240573347,0.4187849145179979,0.4693524461192748,0.40546650416172947,0.3885092915447852,0.5943472753508856,0.4781068398760182,0.3985115430909725,0.44660492423499915,0.4216428223831019,0.46383312309891067,0.4130719256908319,0.43998961961269123,0.45572341119248394,0.45572341119248394,0.5765409979128223,0.5143930474475213,0.37369523447754094,0.4448915799252121,0.40181517482282414,0.5065246247337925,0.5065246247337925,0.1877677420855708,0.28712406911891863,0.2864914795945251,0.2576141752264975,0.22165665880482321
U0075,0.36083193250088497,0.4183947228859752,0.32164762183715684,0.4613260894090712,0.3657198181465782,0.765721752704254,0.37278896753463664,0.5599640058731877,0.5856287080277958,0.417872073826316,0.6868437941841833,0.41069531231294726,0.40647983770344553,0.5049191065697962,0.6145565223345456,0.21942300373165521,0.30567920912053215,0.4242657576352861,0.4657567987153616,0.4364090077127437,0.4154804691695184,0.41069531231294726,0.41069531231294726,0.2336598145414714,0.6102406942557286,0.4467577310448858,0.41069531231294726,0.5181491604793935,0.25175156228004225,0.5175094970344787,0.3909178350234717,0.38613267816690056,0.4213867157651,0.3909178350234717,0.5028128786357603,0.502942431397979,0.5056086131626235,0.5008234563060523,0.5008234563060523,0.5008234563060523,0.5023712360224555,0.5638893749825451,0.4883571406873092,0.4158005500830413,0.4308023587748102,0.2580915278109793,0.5363672376233608,0.5216942839293169,0.4924964808924306,0.4433946478182933,0.5970847703986201,0.4154804691695184,0.5778820897802133,0.4733923655688739,0.5008234563060523,0.5008234563060523,0.5305713419942778,0.5310833605598888,0.2336598145414714,0.4154804691695184,0.43747261191120346,0.4661163353088383,0.48811528310739294,0.46712958888091183,0.5262124011173244,0.5563812886547408,0.44223570102857884,0.4710268234341684,0.46898231919857186,0.4629171115277417,0.37234962424241014,0.6334401155180334,0.6511550653848502,0.5103636635695663,0.48847409570180683,0.5029130865092101,0.3909178350234717,0.5792838218695595,0.4620488976672857,0.40904173243714215,0.40894523564886603,0.34235629002574847,0.46624166657759725,0.4154804691695184,0.44239816309137775,0.4581319546711705,0.4581319546711705,0.4913527476301783,0.5168015909262079,0.39541624716766643,0.4512103738470673,0.6384014965599811,0.508933168212479,0.508933168212479,0.583196540235536,0.26023587912875357,0.2322703216697988,0.30955534486500136,0.39357943072989726
U0076,0.5352449744750637,0.3892282702199952,0.49470066378006744,0.48438526226431616,0.34400753636718684,0.42669706186424033,0.3947145387935618,0.5371495351124815,0.6354120542955486,0.43863693724215147,0.4339649744888555,0.4326208835718724,0.3954814594250712,0.5349235176475748,0.42657695960213454,0.3293311006494962,0.5615779053583292,0.45857627613028,0.4876823699742867,0.4583345789716688,0.43740604042844355,0.43262088357187234,0.43262088357187234,0.2555853858003965,0.3822407706828686,0.47522966573579134,0.43262088357187234,0.5523937814081519,0.7639414308462855,0.6890168502120914,0.41284340628239685,0.40805824942582564,0.44331228702402514,0.41284340628239685,0.5998319392935678,0.5311898357991407,0.5275341844215486,0.5227490275649774,0.5227490275649774,0.5227490275649774,0.5314562947308821,0.5734121228195768,0.48481092365296496,0.42457346475439023,0.3696489009734536,0.4831879086541573,0.5315147721302642,0.48417779746785405,0.5805677200937882,0.41086007490865295,0.2406528994525557,0.43740604042844355,0.7092350301552665,0.5225305863078781,0.5227490275649774,0.5227490275649774,0.47655278262407125,0.4589997298556903,0.2555853858003965,0.43740604042844355,0.36794862772922254,0.5132728513178627,0.5261590613499273,0.45423462057187275,0.49453974460624495,0.420298403270322,0.6728341728786478,0.49295239469309354,0.49084578370058496,0.4848426827866668,0.6250118857926871,0.6290669540710853,0.5722381733164404,0.5000623601635609,0.4050490690962455,0.4852347178219956,0.41284340628239685,0.6422047936414477,0.5037884582609642,0.4305157204695638,0.40876694149131954,0.6352734076202136,0.4881672378365224,0.43740604042844355,0.4643237343503029,0.48005752593009565,0.48005752593009565,0.5588999320375848,0.5387271621851331,0.4406445427573963,0.44652209320828756,0.48171362968607173,0.5308587394714042,0.5308587394714042,0.3221217257642426,0.47122807783018755,0.2599074135122795,0.3420029748005642,0.2835084296514575
U0077,0.3779939230175284,0.37843338416758177,0.3226428505262374,0.4137215545281484,0.3025825516173529,0.37558059028804747,0.32497518745333387,0.49326134577001324,0.5315392710124057,0.3593554232159306,0.5389368040734038,0.3628815322316445,0.3521824290689722,0.4594044565500327,0.4130299464270946,0.24420841793880158,0.3654188582719741,0.3625164828587843,0.4179430186340588,0.38859522763144094,0.36766668908821565,0.3628815322316445,0.3628815322316445,0.18584603446016867,0.4302530048458552,0.3977633499372618,0.3628815322316445,0.4388336715994121,0.25865782154025263,0.47215652230275307,0.343104054942169,0.3383188980855978,0.37357293568379724,0.343104054942169,0.48258646755477747,0.45729762971369126,0.45779483308132074,0.4530096762247495,0.4530096762247495,0.4530096762247495,0.45728764841744934,0.482199945246579,0.4522947669538382,0.3669573522180356,0.3591658154529668,0.30221719814026815,0.4407235652081566,0.43497667909330406,0.4088585642455732,0.38631573949583,0.41436417944824583,0.36766668908821565,0.45468593647931643,0.44756824154861113,0.4530096762247495,0.4530096762247495,0.37354250623841445,0.4527754719745313,0.18584603446016867,0.36766668908821565,0.3000849936593284,0.4415277617034005,0.42932613756389104,0.3965592783952245,0.40156209467827064,0.4768933071640006,0.40723764368466026,0.4232130433528657,0.41459525622744325,0.4151033314464389,0.39632624885249834,0.5749300774396495,0.5110844723694751,0.3982911068841155,0.40489055712928873,0.392887554001075,0.343104054942169,0.5395775954908093,0.42445945082904446,0.356517720256608,0.3708364247695475,0.3417500561547857,0.4184278864962945,0.36766668908821565,0.394584383010075,0.41031817458986775,0.41031817458986775,0.4778122667787514,0.4689878108449052,0.3342972538246276,0.38417332062437015,0.4205644899346933,0.46111938813117626,0.46111938813117626,0.2962940624616623,0.24069234919831076,0.20526390027737423,0.21074885403749694,0.1302594637025517
U0078,0.3975863560450288,0.36363797330873104,0.2954457577201849,0.41570131883649886,0.3080464703720012,0.3462104844442022,0.32606655996772554,0.4885676187319302,0.5281513211704745,0.3556551866755641,0.409527121035819,0.3639729047460361,0.35730601959344055,0.4595998574940297,0.4451370855733809,0.23491636681022976,0.3689482013057202,0.36144778768644825,0.4190343911484505,0.38968660014583256,0.3687580616026073,0.3639729047460361,0.3639729047460361,0.18693740697456024,0.4192266542179421,0.39994613960812236,0.3639729047460361,0.4717047329367623,0.2666887687105184,0.46555823780598615,0.3441954274565606,0.3394102705999894,0.37466430819818886,0.3441954274565606,0.4741493822717128,0.4580127216713169,0.45888620559571236,0.45410104873914114,0.45410104873914114,0.45410104873914114,0.45848421922739213,0.43068690551509226,0.4434716788142359,0.3442512702395556,0.3579358479150387,0.32924304134436333,0.3995903082436437,0.40902213204814897,0.4169267690391892,0.3866236540549407,0.4444392575809275,0.3687580616026073,0.4418269291207042,0.45844441066935226,0.45410104873914114,0.45410104873914114,0.3801723341975523,0.4555529007411148,0.18693740697456024,0.3687580616026073,0.36499383366444704,0.43434269969575434,0.43639475143899076,0.39668051340178023,0.40879224798329067,0.4500869344085437,0.3778977525863582,0.4243044158672573,0.41651556803933487,0.4161947039608306,0.4109372209743627,0.5740817513250481,0.47381891029314993,0.415813488514803,0.41685753225656164,0.39238256316862585,0.3441954274565606,0.554577014480819,0.42424661902639593,0.3577495456623745,0.3793342421569438,0.3535103435526381,0.4195192590106861,0.3687580616026073,0.3956757555244666,0.41140954710425937,0.41140954710425937,0.49067090964912013,0.4700791833592968,0.3406717834135241,0.4056846087374395,0.41145263902715734,0.4622107606455679,0.4622107606455679,0.21218074905911433,0.21614274591619287,0.2128264992268483,0.269749918286941,0.15652734178054467
U0079,0.40135936267142613,0.38957379261521224,0.39398342599416786,0.41921198054342956,0.2972008170954424,0.29708949566393833,0.32817343675722294,0.491858030132562,0.5253166445210667,0.38031886153697525,0.7497198358777235,0.36607978153553355,0.3560550571111854,0.46038752300890873,0.36600237525110424,0.3057974549963989,0.4104187986306651,0.3536122070156401,0.42114126793794787,0.39179347693533,0.37086493839210477,0.36607978153553355,0.36607978153553355,0.18904428376405769,0.41868518043151604,0.39905254676509805,0.36607978153553355,0.3956458634798456,0.258387419186761,0.48975553086010853,0.346302304246058,0.34151714738948685,0.3767711849876863,0.346302304246058,0.4764358608271574,0.46109571588072906,0.46099308238520975,0.4562079255286386,0.4562079255286386,0.4562079255286386,0.4617605507447762,0.5265624458867102,0.4457699868336814,0.3465683048058488,0.3580298201783655,0.32251730983929194,0.4249215818587969,0.4039798015609487,0.4087010747260926,0.3875662463826462,0.3769672617739698,0.37086493839210477,0.39978327025387106,0.45135998948284195,0.4562079255286386,0.4562079255286386,0.44060309470991044,0.4643197843943937,0.18904428376405769,0.37086493839210477,0.326981387407934,0.4526712011579721,0.42809646139545815,0.39788567309724965,0.42655925526165217,0.5232700554785984,0.4259432426496815,0.42641129265675476,0.41278541451425455,0.418301580750328,0.39427556639355615,0.5712098617172068,0.48725582250310623,0.3632182552437477,0.3995627776885057,0.3591774032756174,0.346302304246058,0.5380889137617206,0.43461837321566216,0.354200147806143,0.37021089128492,0.33798336801462264,0.42162613580018354,0.37086493839210477,0.39778263231396405,0.4135164238937568,0.4135164238937568,0.4861659736959,0.4721860601487943,0.337053217195983,0.37454919458387914,0.33123835558416964,0.4643176374350653,0.4643176374350653,0.2416137105693256,0.16915203129854273,0.22086860221462906,0.17456956508087285,0.17476504793985326
U0080,0.5638164303785318,0.498475731900184,0.37568128329250583,0.5184905752128672,0.39318480861410143,0.30654612032466505,0.4303379333216141,0.5698339564208725,0.6381326162802586,0.5085604574871232,0.5359406096724414,0.4682442780999247,0.44172535832897053,0.566338630194565,0.5426278240171576,0.7288726310016,0.6298478086043562,0.4432924460110731,0.523305764502339,0.49395797349972115,0.47302943495649585,0.4682442780999247,0.4682442780999247,0.2912087803284488,0.5217110168510646,0.5042863024502419,0.4682442780999247,0.5123509010182844,0.6162090039118445,0.7066652309403272,0.44846680081044915,0.443681643953878,0.47893568155207744,0.44846680081044915,0.6002195988648784,0.5673512105419365,0.563157578949601,0.5583724220930297,0.5583724220930297,0.5583724220930297,0.570082381538568,0.5165343445371755,0.5262302121674918,0.4590010585249098,0.4993933236615863,0.585738782596937,0.49679943291528433,0.5919017111493762,0.520939894958257,0.4109223777236895,0.4823949896350647,0.47302943495649585,0.6136262739664554,0.6251347752678756,0.5583724220930297,0.5583724220930297,0.3946993661630512,0.5385044224181154,0.2912087803284488,0.47302943495649585,0.4672006074593837,0.5576205947741739,0.5305863456119454,0.5321741290157773,0.47692325387793766,0.6133945711111811,0.5604944386344487,0.5285757892211459,0.5217945346699945,0.5204660773147192,0.6414429014848122,0.6586291479703549,0.6683190920182253,0.486724490008253,0.5188765529336816,0.4401815948344683,0.44846680081044915,0.6637792078269278,0.550128617166358,0.4584633474353109,0.5103986928095771,0.7029226939513433,0.5237906323645747,0.47302943495649585,0.4999471288783552,0.515680920458148,0.515680920458148,0.642262334550526,0.5743505567131854,0.44286910473980073,0.5118379763212972,0.5312156538475685,0.5664821339994565,0.5664821339994565,0.2038378105400703,0.27221612626087344,0.34401508713708445,0.32295493947333964,0.28072486579796707
U0081,0.3536135483067876,0.3722785250274149,0.3112764285630211,0.41597792525433097,0.29771259111912907,0.3281017413444121,0.32527685414252305,0.48264141960356327,0.5270085365181312,0.33249656208910594,0.356006594620608,0.3631831989208336,0.3389899764258224,0.45826797753744086,0.36621320772198646,0.23014174873488644,0.37768631963947086,0.38527939886149165,0.418244685323248,0.38889689432063007,0.36796835577740483,0.3631831989208336,0.3631831989208336,0.18614770114935775,0.3690831711505197,0.39839540873930873,0.3631831989208336,0.44446201871403357,0.24957717116251146,0.4544891677110368,0.3434057216313581,0.3386205647747869,0.37387460237298636,0.3434057216313581,0.4809871996515214,0.45817503805124404,0.4580964997705098,0.45331134291393865,0.45331134291393865,0.45331134291393865,0.45812451217290007,0.44379178048237194,0.41768398383266814,0.33016694800652446,0.325406643295447,0.2971415060831063,0.4193268951176423,0.4209525013296377,0.4211839291661059,0.36361147049035536,0.35789455713960433,0.36796835577740483,0.43553042020127763,0.4447356414201816,0.45331134291393865,0.45331134291393865,0.3745722479285044,0.4362902702001379,0.18614770114935775,0.36796835577740483,0.3103003180834275,0.43791079219631657,0.4359464549807672,0.4032280570658963,0.39937532099329426,0.3889825307696829,0.39892836762516104,0.4235147100420548,0.4148873676990183,0.41540499813562803,0.40040145475347055,0.5701287668049303,0.44498362541131725,0.37864474792371816,0.3807395294389942,0.3759889152161961,0.3434057216313581,0.543338424281328,0.42869091995882963,0.35607643624252905,0.3656489894350574,0.3725610077340302,0.4187295531854836,0.36796835577740483,0.3948860496992641,0.4106198412790569,0.4106198412790569,0.4988667993779464,0.46928947753409433,0.34183365480974726,0.3541924590888539,0.36280497071351064,0.4614210548203654,0.4614210548203654,0.1851185619344719,0.20323943591160926,0.2025041010654885,0.17875681331167542,0.1822252553291342
U0082,0.4712761599763212,0.4823096757419141,0.47507309407291926,0.4596567010469764,0.37682368940351485,0.3658162766994638,0.36959071823074763,0.5431244738896224,0.599316585751765,0.36566937141520617,0.34434484100156426,0.4074970630090582,0.4172475082660409,0.5010604409769536,0.5108409016237414,0.14930140563168248,0.4591840379855563,0.44201654229775295,0.46255854941147256,0.43321075840885465,0.4122822198656294,0.4074970630090582,0.4074970630090582,0.23046156523758235,0.4233156881965696,0.45065194988643387,0.4074970630090582,0.6808658304421088,0.4392871060529479,0.5451573641918508,0.38771958571958265,0.3829344288630115,0.41818846646121094,0.38771958571958265,0.5078678048028011,0.5009445077315389,0.5024103638587344,0.49762520700216323,0.49762520700216323,0.49762520700216323,0.5016586180235424,0.46223869627716163,0.5099617375832425,0.341282454958159,0.3832842122310636,0.36552021389924033,0.4152437462994144,0.4173267427626812,0.5208288424991955,0.5435451703171685,0.4982528819575678,0.4122822198656294,0.463678185103014,0.5360606897223572,0.49762520700216323,0.49762520700216323,0.47376711953499384,0.48833410156563684,0.23046156523758235,0.4122822198656294,0.4627820430713923,0.48078940369001494,0.521365394294017,0.4666631953334186,0.5239292028581586,0.4237136029562722,0.4668623876816109,0.4678285741302794,0.4597374060717463,0.4597188622238526,0.41040147064201643,0.6438439261094999,0.4424945162013868,0.5204201775490689,0.46819120819770155,0.4946784602113475,0.38771958571958265,0.6330045029299032,0.4679475506018964,0.40874268836602584,0.4067924524634967,0.40939849685859564,0.4630434172737082,0.4122822198656294,0.4391999137874887,0.45493370536728145,0.45493370536728145,0.5267878370469815,0.5136033416223189,0.4324236425091218,0.4759051036294652,0.49611426707990297,0.50573491890859,0.50573491890859,0.31528971000913675,0.24767480299791345,0.2360095531830359,0.625522884907307,0.27070876916023545
U0083,0.3183171008426013,0.3529296801557751,0.26692491861114764,0.4175370793590998,0.31553039451564924,0.41223249240069954,0.33008086130537584,0.5080417594736882,0.5467907584589429,0.3662477389891147,0.42961554093941295,0.3679872060836864,0.3496040624550283,0.46037968741177737,0.4291765001511652,0.33731419800397966,0.37779210399640895,0.37907732798609095,0.4230486924861007,0.39370090148348286,0.37277236294025756,0.3679872060836864,0.3679872060836864,0.19095170831221053,0.445558605570634,0.40409395035764106,0.3679872060836864,0.4737792996532983,0.2938294265528231,0.4818652092166953,0.34820972879421086,0.34342457193763964,0.37867860953583915,0.34820972879421086,0.4888848176420753,0.4635265599992502,0.4629005069333626,0.45811535007679144,0.45811535007679144,0.45811535007679144,0.46394694131814884,0.46362916375179514,0.4371063850842507,0.3570517395339422,0.36418807071160353,0.28361712842584186,0.420832088152737,0.5252550558600475,0.4098389149206714,0.4102692796091364,0.43328936586367356,0.37277236294025756,0.4916780405711245,0.4653932766179572,0.45811535007679144,0.45811535007679144,0.3372863826205749,0.4506800992540317,0.19095170831221053,0.37277236294025756,0.3744952742487903,0.4363435526350726,0.44403147599796516,0.45254332461320956,0.4121988218404849,0.44233400100781256,0.41653222034154946,0.42831871720490755,0.42473292283134156,0.4202090052984808,0.38532484614744034,0.5798715731296392,0.5774558243847386,0.420843501654184,0.4008987958490592,0.4130192305386726,0.34820972879421086,0.5471714838783752,0.4353201249185792,0.3662106096555404,0.3794959852273705,0.41752991215020935,0.4235335603483364,0.37277236294025756,0.3996900568621169,0.41542384844190966,0.41542384844190966,0.49379121728006914,0.4740934846969471,0.35456578430894603,0.3802430056924415,0.5385764389097824,0.46622506198321817,0.46622506198321817,0.4300918767628629,0.2098117765394529,0.19713895536254827,0.25997565566871156,0.18252605321680393
U0084,0.3229557382390426,0.40642816023460887,0.3102411220008563,0.37238799626535535,0.260611576640902,0.47274930609366267,0.2823842322943273,0.4449777968139775,0.4878965075988675,0.2997630050532373,0.4110943363744701,0.32029057707263786,0.30198596952119106,0.42010644234642064,0.39872046647231446,0.11621987645855042,0.28013734706821874,0.35242494336783853,0.37535206347505223,0.3460042724724343,0.3250757339292091,0.32029057707263786,0.32029057707263786,0.143255079301162,0.3690786363175938,0.3562406318853133,0.32029057707263786,0.4124134157073325,0.2300874392707223,0.44482940394509585,0.3005130997831623,0.29572794292659116,0.3309819805247906,0.3005130997831623,0.43899497573781965,0.4144471702939297,0.4152038779223141,0.4104187210657429,0.4104187210657429,0.4104187210657429,0.4135972552849852,0.4516581935755641,0.38447070259454674,0.3241747611763146,0.29710550366970995,0.2434364971142985,0.45957016539560974,0.3690701816360157,0.4136491100286197,0.3146169449249102,0.35431853897144994,0.3250757339292091,0.4804748599397821,0.3924636059183839,0.4104187210657429,0.4104187210657429,0.380178476630489,0.40555680547376693,0.143255079301162,0.3250757339292091,0.26957429301161884,0.3959216234596352,0.40234492023844504,0.36009854881033065,0.3967945691475523,0.37241709893943686,0.39446760671244296,0.38062208819385906,0.375536493774705,0.37251237628743233,0.363486929885696,0.5374071564525963,0.4433194479868729,0.3669072768906352,0.3722227692155214,0.3713791392600663,0.3005130997831623,0.4920341938188265,0.37740632731925305,0.3143773034093762,0.3218759039979424,0.30729161975752944,0.3758369313372879,0.3250757339292091,0.35199342785106835,0.3677272194308612,0.3677272194308612,0.43258647130098055,0.4263968556858986,0.3105441534031913,0.32565497378998287,0.38193627834710064,0.41852843297216963,0.41852843297216963,0.2253333956454363,0.2029069447741417,0.150083367752828,0.10545375948199842,0.21477414809181916
U0085,0.3170412906240076,0.36331345768513756,0.28583126012259996,0.4133513441089164,0.30879050048919043,0.38193221907130037,0.32606655996772554,0.4986404910946177,0.5362020726999026,0.34824515557568597,0.3594819744736239,0.3639729047460361,0.34175030967564435,0.4574820792153655,0.3969720397954371,0.24118311779919205,0.34502822353721097,0.3625056712572421,0.4190343911484505,0.38968660014583256,0.3687580616026073,0.3639729047460361,0.3639729047460361,0.18693740697456024,0.3855348888357235,0.4003500950610364,0.3639729047460361,0.472589618611291,0.28971222040589184,0.46938859154481005,0.3441954274565606,0.3394102705999894,0.37466430819818886,0.3441954274565606,0.4807113354266277,0.45912759818105475,0.45888620559571236,0.45410104873914114,0.45410104873914114,0.45410104873914114,0.45897151508813444,0.44934209087221605,0.4151055470691642,0.3443057316044108,0.3416648491356814,0.271076419830619,0.4122433155114415,0.4640789697582623,0.41020325817474307,0.39487265979203545,0.38553431637392055,0.3687580616026073,0.4841055134388321,0.44376305445006814,0.45410104873914114,0.45410104873914114,0.314499531359962,0.43766267844533124,0.18693740697456024,0.3687580616026073,0.34337878343515255,0.4297568419865715,0.4435001122831771,0.43108404729777877,0.40333969600566477,0.39607166596208765,0.41367488144789527,0.4243044158672573,0.42066028547926293,0.4161947039608306,0.37902168783477497,0.5771527111786752,0.5233711336624245,0.4113117314884712,0.39154060424743975,0.4043581084941313,0.3441954274565606,0.5394508675781658,0.425728572131434,0.36113067886278083,0.36440673206548263,0.38339891394643727,0.4195192590106861,0.3687580616026073,0.3956757555244666,0.41140954710425937,0.41140954710425937,0.4717500593227667,0.4700791833592968,0.3516900389099454,0.36172672020554647,0.48787990227697753,0.4622107606455679,0.4622107606455679,0.34662495138752153,0.1685027435375427,0.1803238156955106,0.21531349371260095,0.13025402266333902
U0086,0.36795970648885923,0.36222779968623486,0.28925808196939584,0.401664031477722,0.2986634922049637,0.35710815765155013,0.3145433896588077,0.48431036016915835,0.5204296470915549,0.3708315479037838,0.3874288211378747,0.35244973443711825,0.3421548483336059,0.449193478696838,0.42378470883832164,0.2563720286179866,0.3411090518996908,0.33237557070269497,0.4075112208395326,0.3781634298369147,0.35723489129368946,0.35244973443711825,0.35244973443711825,0.17541423666564243,0.3686226363191669,0.38896022366000316,0.35244973443711825,0.4637173063404771,0.3465835124196946,0.48959328994635987,0.33267225714764276,0.3278871002910716,0.36314113788927105,0.33267225714764276,0.47829394992873525,0.4478688840387509,0.4473630352867945,0.44257787843022334,0.44257787843022334,0.44257787843022334,0.4482096820878075,0.4413586552548467,0.41434314864586463,0.3567110334631153,0.3439842298105138,0.33342519946003196,0.3984192013985722,0.4284096470083834,0.40466689202667966,0.38282163702406447,0.39130004680989705,0.35723489129368946,0.5237678869994654,0.4430829669594859,0.44257787843022334,0.44257787843022334,0.31048316740658316,0.43600441164931086,0.17541423666564243,0.35723489129368946,0.4186537855852191,0.4179234977989186,0.4364002140028695,0.4182343510877618,0.40243244733814565,0.4154841967636028,0.4214980323625658,0.41278124555833945,0.41161686866589026,0.4046715336519127,0.43615984797334084,0.5609718340170139,0.5300645134897094,0.4202443041073689,0.4091599281221083,0.3958390901173575,0.33267225714764276,0.536346824547595,0.411665245371635,0.3482747298506303,0.37181951916181694,0.3925023234020206,0.4079960887017683,0.35723489129368946,0.3841525852155488,0.39988637679534156,0.39988637679534156,0.4658727605915631,0.45855601305037896,0.3478434137275877,0.3915649342028571,0.48380554337671866,0.45068759033665007,0.45068759033665007,0.3059311190680244,0.20164715866979646,0.18313615710122422,0.1972434800347062,0.09869051644393612
U0087,0.43602713972157037,0.6942327727948382,0.5342721634867477,0.4134674084295257,0.31612972047630467,0.33476208730376794,0.32363304859820186,0.4803357615203706,0.5372183126815839,0.32193427509436934,0.4302703923599549,0.3615393933765125,0.35100825594569,0.466545076437983,0.38571303029234205,0.22014507065105235,0.425740934474666,0.42706166687649605,0.4166008797789268,0.38725308877630893,0.36632455023308363,0.3615393933765125,0.3615393933765125,0.1845038956050366,0.3171786109892829,0.39954339334160144,0.3615393933765125,0.5188092925292673,0.3827473814915546,0.562736164712945,0.34176191608703693,0.33697675923046577,0.3722307968286652,0.34176191608703693,0.49411757608267476,0.4576179140498072,0.4564526942261887,0.4516675373696175,0.4516675373696175,0.4516675373696175,0.457281633549898,0.5048557353593734,0.45653216912294997,0.3721524551903638,0.34183304139802284,0.3708384885543664,0.5429920850806258,0.3869862828129564,0.4828259026514253,0.4052766675561137,0.3523726301616762,0.36632455023308363,0.49781164300755393,0.4995149994913826,0.4516675373696175,0.4516675373696175,0.371844667339397,0.43246508299135145,0.1845038956050366,0.36632455023308363,0.27458295259296184,0.4755970307171491,0.4693077116662983,0.43908046143358054,0.456428393200474,0.395495204566921,0.5053875592796546,0.4218709044977337,0.41239236112217387,0.41376119259130695,0.43831891180413807,0.5999123219467404,0.4075863997651391,0.3851698936878999,0.4465219892376046,0.4046833091787378,0.34176191608703693,0.5428012917864381,0.4287648009973781,0.35440223075814975,0.38342468998189533,0.42123762372895895,0.41708574764116246,0.36632455023308363,0.39324224415494297,0.40897603573473573,0.40897603573473573,0.504249568395912,0.4676456719897732,0.3876142062519208,0.3643604237071571,0.3529250278822054,0.45977724927604424,0.45977724927604424,0.12536634064347774,0.20645292091368111,0.19910572991611744,0.20985056616606584,0.23129968546017704
U0088,0.4560577097991311,0.4688855452304593,0.43211998916402705,0.5002377509970174,0.3994235772491172,0.39518811909429985,0.4108915195831353,0.5812354468772795,0.6165004465006894,0.43144072690967317,0.4427893475747798,0.4487978643614459,0.4421583851371347,0.5431457691182947,0.4764747330805712,0.2531557909905792,0.4444005069480653,0.45401484195504765,0.5038593507638602,0.4745115597612424,0.45358302121801714,0.4487978643614459,0.4487978643614459,0.27176236658997005,0.43571607741902496,0.4857912216948929,0.4487978643614459,0.5924973210340972,0.36823791237588915,0.5419361285756511,0.4290203870719704,0.4242352302153992,0.45948926781359867,0.4290203870719704,0.5643772442396802,0.5431007280936582,0.5437111652111222,0.538926008354551,0.538926008354551,0.538926008354551,0.5431728453869947,0.5281907029005987,0.5184036501510176,0.4186216427846777,0.41551015398046115,0.3920363082978925,0.474244187143494,0.486566369928119,0.5063885456764686,0.5143918107222991,0.47811346354409134,0.45358302121801714,0.5326058243158686,0.5367100821967064,0.538926008354551,0.538926008354551,0.4493958030047027,0.5304700321541649,0.27176236658997005,0.45358302121801714,0.4893827266370407,0.5175084939638007,0.5379322913748994,0.5052056111481754,0.5099581767408102,0.47220224126547006,0.48993881510649145,0.5091293754826671,0.503118866297116,0.5010196635762404,0.4814953257988195,0.6645575332444071,0.5353899541631254,0.5037613831250023,0.49028993264789467,0.49045253941549116,0.4290203870719704,0.6396457055068951,0.5085728096768999,0.4445204397115196,0.45669186291929287,0.4296172153110405,0.5043442186260959,0.45358302121801714,0.4805007151398764,0.4962345067196692,0.4962345067196692,0.5680631937676579,0.5549041429747066,0.4474175751100332,0.47385064465065135,0.5023958843927225,0.5470357202609777,0.5470357202609777,0.34668267692819743,0.28401207459938366,0.2791742426608774,0.36128752660037783,0.21193573837611768
U0089,0.376881637960479,0.35692748354315795,0.3630703433771912,0.46094404575593767,0.36163938383495564,0.3590308329526301,0.370355456165113,0.5533453283175975,0.5661500043206745,0.4354744007439133,0.4701992307989341,0.40826180094342357,0.4076090795070286,0.4988573667160431,0.4112808647722144,0.2703381960984125,0.38273591078468105,0.4090516500922881,0.46332328734583794,0.43397549634322,0.4130469577999948,0.40826180094342357,0.40826180094342357,0.23122630317194773,0.37501832096659826,0.4427933802367642,0.40826180094342357,0.52758660731453,0.2928087597512855,0.4734595222222426,0.3884843236539481,0.38369916679737687,0.4189532043955764,0.3884843236539481,0.5340785112638355,0.5032076575387991,0.5031751017930999,0.49838994493652866,0.49838994493652866,0.49838994493652866,0.5037661456904935,0.5163606140253844,0.4586352489874432,0.38036697212230014,0.3599353070954273,0.3585964389840387,0.3974365834982028,0.48812590292708913,0.4449203144502756,0.5023828294373428,0.4319405976640067,0.4130469577999948,0.5300808616982484,0.48412641775328813,0.49838994493652866,0.49838994493652866,0.4431123533465762,0.5059908316585607,0.23122630317194773,0.4130469577999948,0.6589351382832378,0.4617525692766197,0.5050956088266971,0.5124857108601617,0.496973329027957,0.42011343086520964,0.45413789794779746,0.4685933120646448,0.46800048517158216,0.46048360015821804,0.46976472637961864,0.6097975359690114,0.549535430759775,0.4648314955057268,0.4491372137244047,0.4476395036695125,0.3884843236539481,0.5959107139149298,0.4710829857016615,0.4031945603053161,0.43433983199903875,0.3949149351038659,0.4638081552080736,0.4130469577999948,0.4399646517218541,0.4556984433016469,0.4556984433016469,0.5463020498560608,0.5143680795566843,0.4254410284660415,0.4412946668938386,0.504871067825861,0.5064996568429554,0.5064996568429554,0.4337655356357438,0.258347542847221,0.24484834757286555,0.23266641932318954,0.20544446207894482
U0090,0.4034739912344322,0.45703083193724026,0.43653345514504865,0.46688899054797856,0.3420007605901358,0.29005070333424987,0.37278896753463664,0.5305137707066836,0.5979107028381898,0.35759929506808613,0.44849578337296164,0.41069531231294726,0.3818830075776655,0.5050561270452656,0.3274374984167021,0.4102191893574275,0.5663967260630524,0.5225386161728065,0.4657567987153616,0.4364090077127437,0.4154804691695184,0.41069531231294726,0.41069531231294726,0.2336598145414714,0.4239441218859785,0.4464294856195693,0.41069531231294726,0.5034067134843305,0.32077920451048164,0.5153481619524332,0.3909178350234717,0.38613267816690056,0.4213867157651,0.3909178350234717,0.5598573416275275,0.5077270575250824,0.5056086131626235,0.5008234563060523,0.5008234563060523,0.5008234563060523,0.5083049394390757,0.5344429208037802,0.5097655730446782,0.37395533943953924,0.3548058938421004,0.3609554173316394,0.5066654641349349,0.5661964047826089,0.48723340816231353,0.4510797436300813,0.3514325800081971,0.4154804691695184,0.43694105477901435,0.5367298294511642,0.5008234563060523,0.5008234563060523,0.48115273936750347,0.46887948282134057,0.2336598145414714,0.4154804691695184,0.30422561553784055,0.5147948483807154,0.48652034525194554,0.4836895628951424,0.4510499591761556,0.427070236885959,0.49657098871332134,0.4710268234341684,0.456362165637372,0.4629171115277417,0.4572867298175016,0.6196552891724788,0.47592914909102246,0.38690295304405253,0.3878858088081962,0.41761750600606373,0.3909178350234717,0.6047944284454391,0.4985117101570605,0.40505590150620935,0.4200867371519096,0.5060841293838007,0.46624166657759725,0.4154804691695184,0.44239816309137775,0.4581319546711705,0.4581319546711705,0.6164834621414934,0.5168015909262079,0.400091212582506,0.3785490748110873,0.36073513065457474,0.508933168212479,0.508933168212479,0.2809110874507893,0.3957200976358933,0.2774600747874289,0.3058097402386081,0.3386521203922746
U0091,0.4142611199162078,0.4123582161561959,0.3940008044471223,0.42764744726434106,0.3190431164106333,0.40411330146590607,0.3376879310793356,0.5068372279815893,0.5837922162407634,0.3161187623823233,0.3783932991279018,0.37559427585764615,0.36364955299670587,0.4754218644033913,0.4052049868654868,0.19530652285197692,0.46779413228992717,0.4712914848987231,0.43065576226006047,0.40130797125744255,0.3803794327142173,0.37559427585764615,0.37559427585764615,0.19855877808617028,0.4546593253714551,0.415577393038595,0.37559427585764615,0.5457729036654588,0.35183736317138986,0.4946087724682334,0.3558167985681706,0.3510316417115994,0.3862856793097989,0.3558167985681706,0.530350671630734,0.470328928972199,0.47050757670732235,0.4657224198507512,0.4657224198507512,0.4657224198507512,0.4697731538279055,0.4973922935127481,0.5281789985240123,0.3911086643228861,0.3484272172788283,0.30832456693081556,0.5145752151023864,0.5100568374180615,0.47160881558354983,0.44783570782593607,0.3956442119586823,0.3803794327142173,0.47786273416269914,0.491479383403162,0.4657224198507512,0.4657224198507512,0.4149149293574914,0.4354741888999431,0.19855877808617028,0.3803794327142173,0.17882402802837327,0.47438693686981154,0.4540182962390299,0.40383632425448174,0.4078657020417677,0.4250200026759452,0.4694464574117479,0.4359257869788673,0.42475090669486415,0.42781607507244057,0.4163541374025462,0.6028934561540967,0.484895151592138,0.4336749625014979,0.3803967890234048,0.4561514565405706,0.3558167985681706,0.5812243222074305,0.4451536084884945,0.3774667306358257,0.37320444929099145,0.4087738324915721,0.43114063012229614,0.3803794327142173,0.40729712663607665,0.4230309182158694,0.4230309182158694,0.5284140796470203,0.4817005544709068,0.3576720863748314,0.39837258437094203,0.44528713009781523,0.4738321317571779,0.4738321317571779,0.37566197722522837,0.5007917993754369,0.22327083339788717,0.427651550675492,0.19342880162801734
U0092,0.37510800122361787,0.42776201930554913,0.25537385683617503,0.4091638079835297,0.31461633279165685,0.33780687942550747,0.31934868097744723,0.4879699321572064,0.5120843859852308,0.3478101946553616,0.37024921858415333,0.3572550257557578,0.3603527518426698,0.45380802902037715,0.46087849973133443,0.28242333815201576,0.34683667647630334,0.3764944626184217,0.41231651215817217,0.38296872115555425,0.36204018261232895,0.3572550257557578,0.3572550257557578,0.18021952798428192,0.43691445770854204,0.3906537723620735,0.3572550257557578,0.46308754900778165,0.13693094644858284,0.4226119794591822,0.3374775484662823,0.3326923916097111,0.36794642920791054,0.3374775484662823,0.4704021903217042,0.4508559642887371,0.45216832660543405,0.44738316974886283,0.44738316974886283,0.44738316974886283,0.4514344726105695,0.40870189568392334,0.45934799360843814,0.36178512116710293,0.3705940878725291,0.3303501942607374,0.41323773427256744,0.4453516353485858,0.3852676014390888,0.39422780840766436,0.5224883074178205,0.36204018261232895,0.4149073347549976,0.4732163054182881,0.44738316974886283,0.44738316974886283,0.3477808600779453,0.4672294989484897,0.18021952798428192,0.36204018261232895,0.4014331275339763,0.43421486176164187,0.42840413607637406,0.4194435485788541,0.393480745924376,0.4622533678385169,0.3217377533365798,0.417586536876979,0.40985523124906986,0.40947682497055227,0.40208642213841367,0.5723414853338717,0.4764638165499694,0.3987654546074481,0.44670027441542937,0.38212208103184614,0.3374775484662823,0.5422511519415498,0.4188033339614554,0.3501819843801562,0.40563475614519917,0.3275109436143133,0.4128013800204078,0.36204018261232895,0.38895787653418834,0.40469166811398105,0.40469166811398105,0.5151914276383625,0.4633613043690185,0.3345130757158176,0.4102265576644557,0.42060061415339123,0.45549288165528956,0.45549288165528956,0.2005689029261711,0.22557597873953844,0.22433674126788444,0.21791823166518437,0.15166819370233908
U0093,0.3934666874058685,0.387346838142842,0.2768215533400755,0.4470027542369848,0.31352632641929534,0.2254101337867918,0.3551477638964662,0.5000241335542529,0.5739851961679665,0.3849945916710878,0.39042943138515207,0.3930541086747768,0.35079990554665963,0.486567922299072,0.3653871677033485,0.6952525781968592,0.6029583810518275,0.4607166556064973,0.4481155950771911,0.41876780407457326,0.39783926553134796,0.3930541086747768,0.3930541086747768,0.21601861090330093,0.4590519014127814,0.42729666813504324,0.3930541086747768,0.42045838310828587,0.39360549938120554,0.5561878114590167,0.37327663138530126,0.3684914745287301,0.40374551212692955,0.37327663138530126,0.5423416249194634,0.49271706679913296,0.48796740952445306,0.48318225266788184,0.48318225266788184,0.48318225266788184,0.4950672549314361,0.4580283612256072,0.46274500303974936,0.3629178331831326,0.38470394771230787,0.4280710814161316,0.447771730521391,0.6268912580544025,0.4379142298714313,0.35363984951816374,0.3679884647971459,0.39783926553134796,0.4637987823209116,0.5519073427383205,0.48318225266788184,0.48318225266788184,0.36712394856493585,0.4505296794816386,0.21601861090330093,0.39783926553134796,0.326561374046113,0.49251138614012546,0.44928445727774025,0.48643785179927496,0.38712213458374184,0.47409985411466715,0.46467170901851845,0.453385619795998,0.4422292510766249,0.4452759078895713,0.509944819052704,0.5816590639812723,0.567317819421113,0.3596693502507834,0.38256440203744746,0.3566859569747633,0.37327663138530126,0.5852722788417678,0.49083892921813305,0.3852187594993041,0.4300615849286776,0.6371806738927834,0.4486004629394268,0.39783926553134796,0.4247569594532073,0.44049075103300006,0.44049075103300006,0.6245848274283539,0.4991603872880375,0.363315022175394,0.3762375213047639,0.4158273244037365,0.49129196457430857,0.49129196457430857,0.2096371440156819,0.2984673326104075,0.2795032317681568,0.22975426267090662,0.3179717917231595
U0094,0.3835172215390997,0.4105495264288835,0.38982655600856186,0.3899470459171173,0.28554061127033714,0.2523655524102202,0.2969021860206372,0.46302855862911085,0.49787755691229313,0.3333204781167419,0.38673603773818277,0.3348085307989478,0.3364425598515459,0.43153027089672547,0.3384844629420257,0.18353329353271014,0.3768143675244141,0.38212115544956415,0.38987001720136216,0.3605222261987443,0.339593687655519,0.3348085307989478,0.3348085307989478,0.15777303302747198,0.29281116814341457,0.3706505233244677,0.3348085307989478,0.4732442576683043,0.2602993479267691,0.4385384115320678,0.3150310535094723,0.31024589665290114,0.3454999342511006,0.3150310535094723,0.46870730042416187,0.4299095808295744,0.42972183164862404,0.4249366747920529,0.4249366747920529,0.4249366747920529,0.43045356810566704,0.4495523190204608,0.4173263266973166,0.3133209371222295,0.2861990382375837,0.34022104470404635,0.387567577873142,0.37170911186205113,0.4149194262542563,0.4126736898611939,0.34426844369687903,0.339593687655519,0.4353749863208347,0.4417523353209094,0.4249366747920529,0.4249366747920529,0.42035465563410035,0.42556905331968814,0.15777303302747198,0.339593687655519,0.48508050256363194,0.41470307707344434,0.4355966295472307,0.41485966614728764,0.4323669314656808,0.35058088707092594,0.4084706244120674,0.39514004192016905,0.388610276316536,0.38703033001374226,0.4302450197625901,0.5455484383878811,0.3906756581733625,0.37429287455978577,0.3881667127360634,0.3685327649157046,0.3150310535094723,0.5336734388149061,0.40210769375691185,0.3274586922793592,0.36612372050872216,0.34518319443645623,0.39035488506359783,0.339593687655519,0.36651138157737834,0.3822451731571711,0.3822451731571711,0.5021370587862393,0.4409148094122085,0.3550614517589745,0.3723643509428912,0.3238132685529229,0.4330463866984796,0.4330463866984796,0.18431131127618156,0.2550636544436307,0.19355571788146642,0.1996054512939154,0.20126642066530936
U0095,0.402126792902696,0.4490136409680646,0.37080344150616046,0.4665208945732341,0.34171937155110355,0.46138942589759485,0.37068209074513925,0.5193658380131502,0.580077003172536,0.36248453490837723,0.3859448224909145,0.4085884355234498,0.3803278244801669,0.5031016066090153,0.445425935484419,0.36177131409749885,0.48934960061861843,0.5119162604947637,0.4636499219258642,0.43430213092324627,0.413373592380021,0.4085884355234498,0.4085884355234498,0.23155293775197394,0.47052315739805145,0.44442849588540256,0.4085884355234498,0.5008620779819559,0.2860997003786796,0.5132389494094793,0.38881095823397427,0.3840258013774031,0.41927983897560256,0.38881095823397427,0.5273135524930584,0.5041207463414165,0.503501736373126,0.49871657951655485,0.49871657951655485,0.49871657951655485,0.5047703034980633,0.49604381236504114,0.4665178989881501,0.34897119876787663,0.36219943413588385,0.35610096789284645,0.5036024443268804,0.514232893458608,0.5171627855637375,0.3935083094669446,0.4316897568824627,0.413373592380021,0.47531333769798173,0.5193761263748158,0.49871657951655485,0.49871657951655485,0.5596239637777112,0.48702425677690914,0.23155293775197394,0.413373592380021,0.4029341148395992,0.4908283556744805,0.4890533735794426,0.4721220120704194,0.49355710500079575,0.4200766640225619,0.45299138080949686,0.468919946644671,0.4583357314808916,0.4608102347382443,0.4573944202526992,0.6133267966006686,0.4650900983102317,0.4164444187389676,0.4224397399618583,0.42304800615942917,0.38881095823397427,0.6028373568961549,0.4872173971083157,0.40118478886254116,0.4207261410503591,0.48775371501697484,0.4641347897880998,0.413373592380021,0.4402912863018803,0.45602507788167307,0.45602507788167307,0.6054264108230634,0.5146947141367105,0.4013321842191384,0.39816068750977973,0.3813358876974336,0.5068262914229816,0.5068262914229816,0.20071164911900724,0.3135870052777009,0.2762186879508918,0.2749037763910314,0.5062410103954073
U0096,0.46206231291116007,0.454424568147207,0.38108974226219394,0.45786333025473347,0.3328771635174315,0.4522397718665123,0.36545196404378133,0.5214701652396072,0.5837622134307251,0.3612089049732319,0.3805640686419721,0.4033583088220919,0.38958982190577984,0.510260707397969,0.40153163420515886,0.21400464784802498,0.44690881266359095,0.5156442828734688,0.45841979522450627,0.42907200422188835,0.4081434656786631,0.4033583088220919,0.4033583088220919,0.22632281105061602,0.4458693236809252,0.43774484707281225,0.4033583088220919,0.4770173473145654,0.25808717647261403,0.4750457011794666,0.38358083153261635,0.3787956746760452,0.41404971227424464,0.38358083153261635,0.5874236984688088,0.4980438462332812,0.49827160967176815,0.49348645281519693,0.49348645281519693,0.49348645281519693,0.49670913114668463,0.5418301776471354,0.5540655822125051,0.4765080303958207,0.36006552577031536,0.3872337423976121,0.6055096868485771,0.5218176844399631,0.48203339376987336,0.40315415427870616,0.3970283338220275,0.4081434656786631,0.5628583331991138,0.49485076739192835,0.49348645281519693,0.49348645281519693,0.45437098777676865,0.4737756014696147,0.22632281105061602,0.4081434656786631,0.24632801487950912,0.5054161917523273,0.4680864848186431,0.4153325873782074,0.40451778590968335,0.44064326489693145,0.4778470655676372,0.4636898199433131,0.4544966116159448,0.45558010803688637,0.5427326840475193,0.6126398364771178,0.4965677817692917,0.4197841332897728,0.42175325380860185,0.45379613777388933,0.38358083153261635,0.591537176331947,0.4692442107837877,0.39849047330360127,0.4331504211444593,0.4052452939904891,0.4589046630867419,0.4081434656786631,0.4350611596005224,0.45079495118031515,0.45079495118031515,0.5939354314586234,0.5094645874353526,0.371643993246485,0.4221955156578393,0.3756316401795462,0.5015961647216237,0.5015961647216237,0.26904947137006563,0.6678844341304324,0.2817824928321819,0.15969304511757704,0.20069481505376985
U0097,0.42400911231831817,0.3590539103179241,0.39279500637789067,0.398926390003949,0.2735069811560035,0.24330401238298158,0.3084253563295551,0.4596410750836402,0.5348470647849399,0.32491296132211567,0.39157128446307965,0.3463317011078657,0.32457186972593366,0.4451399527961224,0.329651169241033,0.24120672817030314,0.4630517085954143,0.37953078955335134,0.40139318751028,0.3720453965076621,0.35111685796443687,0.34633170110786565,0.34633170110786565,0.16929620333638978,0.33230460538710194,0.385533634884716,0.34633170110786565,0.46490391102957457,0.44460879084884564,0.5187022731903711,0.32655422381839017,0.32176906696181895,0.3570231045600184,0.32655422381839017,0.49059400753580695,0.4429263270479391,0.4412450019575419,0.4364598451009707,0.4364598451009707,0.4364598451009707,0.44335124422522565,0.45854265672915273,0.434444685722858,0.32659838525579066,0.3052525710197702,0.3533503790483485,0.4188204244216209,0.3983345917471671,0.44251986115526026,0.3677211841628658,0.26474323262850685,0.35111685796443687,0.4624376564413254,0.4532839718404795,0.4364598451009707,0.4364598451009707,0.3746352064312628,0.39823304014203936,0.16929620333638978,0.35111685796443687,0.2430658924463553,0.437437337084114,0.4269323418181499,0.3704136653697022,0.3874847763564554,0.38435099107784504,0.4763190005164376,0.40666321222908686,0.3965651870068323,0.3985535003226601,0.44925020157237905,0.5545107772330076,0.42914736987818924,0.37964751680776254,0.3443498333305904,0.3748821340038846,0.32655422381839017,0.549323606920289,0.41826468010827483,0.34157642210458816,0.3401374632068437,0.4386462015574574,0.40187805537251564,0.35111685796443687,0.3780345518862962,0.3937683434660889,0.3937683434660889,0.48840297601231314,0.45243797972112637,0.3356819034658758,0.35975957146124715,0.33368327053440483,0.4445695570073974,0.4445695570073974,0.17683702448284294,0.31121748860602855,0.19217732884491834,0.29011410056619086,0.1437365410295533
U0098,0.39204618571115846,0.3959893179554348,0.35709724550168975,0.4748710942587096,0.3687338127849798,0.634748100425282,0.3830931676819518,0.5549908520950066,0.569374337645121,0.45701291021440493,0.49652831284941645,0.42099951246026235,0.4125460699835092,0.5148825438050424,0.5418149307280317,0.20483711427022916,0.3090557131633799,0.4182197884712286,0.4760609988626767,0.4467132078600588,0.42578466931683356,0.42099951246026235,0.42099951246026235,0.24396401468878648,0.43566320055657015,0.4562929685885492,0.42099951246026235,0.5231479379658726,0.33600894416568095,0.5242628998833608,0.4012220351707868,0.39643687831421565,0.4316909159124151,0.4012220351707868,0.5241356159164721,0.5148913643517016,0.5159128133099385,0.5111276564533673,0.5111276564533673,0.5111276564533673,0.5148454847877411,0.5407913049856452,0.42313132648277946,0.3888564971212291,0.3768941448757293,0.35739410037812125,0.46885131456889767,0.4456385218828513,0.5160369378353689,0.4355352469849253,0.4778249881257304,0.42578466931683356,0.6455515013310937,0.466984962301065,0.5111276564533673,0.5111276564533673,0.5549540459734523,0.5304398430460233,0.24396401468878648,0.42578466931683356,0.7132052156385629,0.45711969756177123,0.5247194466598792,0.507060521510242,0.5669535519639591,0.4276132417132176,0.4828095710817335,0.48133102358148355,0.48614843481770703,0.47322131167505677,0.4952287785566761,0.6204142629869711,0.5769479662048798,0.5095770312020804,0.4911808656758688,0.4803256462939825,0.4012220351707868,0.5990151040588225,0.47274318241310137,0.4143766394630843,0.4348894442587808,0.40518557201027733,0.47654586672491234,0.42578466931683356,0.45270236323869284,0.4684361548184856,0.4684361548184856,0.5303404522219006,0.5271057910735231,0.4449753056745592,0.45816350660256255,0.5512299803497235,0.5192373683597942,0.5192373683597942,0.40851516335573335,0.21623320517813388,0.24505623190406137,0.15980761133350296,0.4189592993136204
U0099,0.45156126920075135,0.6402390524345749,0.5205518077735388,0.4655119691726595,0.36914959896802657,0.48562164918180645,0.37680326887228693,0.5439193932278158,0.5925148632136945,0.3727742882038919,0.4410439214681616,0.4147096136505975,0.4058236094949115,0.5188108398413966,0.4551927794451216,0.14380764203637625,0.4008832798193821,0.46977649909942465,0.46977110005301187,0.44042330905039395,0.4194947705071687,0.4147096136505975,0.4147096136505975,0.23767411587912166,0.39182548084278446,0.4527817046749779,0.4147096136505975,0.5754145533127941,0.37769842427752576,0.5625168639774162,0.394932136361122,0.3901469795045508,0.4254010171027503,0.394932136361122,0.5501493220228542,0.5091832963356312,0.5096229145002737,0.5048377576437025,0.5048377576437025,0.5048377576437025,0.5078548627669991,0.5582478153734476,0.5121519435577627,0.4400334581852442,0.3840407110230884,0.3634570049653706,0.5904647118734037,0.44428493265049795,0.5231867297385321,0.4667880737558642,0.4204096246323732,0.4194947705071687,0.5803661109817037,0.5125817677341311,0.5048377576437025,0.5048377576437025,0.4227497755757932,0.48768856401406024,0.23767411587912166,0.4194947705071687,0.32538503899488747,0.510243951171702,0.5170374234680738,0.4708046625368513,0.49603991597404873,0.42921141797669243,0.5327868050974742,0.4750411247718187,0.46907992812671506,0.46693141286539197,0.4684132669582002,0.6510712845404565,0.4898412060901543,0.46699627842684677,0.4843086219151655,0.4875197635967333,0.394932136361122,0.5928624910302245,0.47120088164445245,0.4110422966360416,0.422931172939454,0.40260447256394943,0.4702559679152475,0.4194947705071687,0.44641246442902804,0.46214625600882075,0.46214625600882075,0.5290882070711297,0.5208158922638583,0.42933813719155095,0.42271588935189697,0.462424648368099,0.5129474695501293,0.5129474695501293,0.29973777940750324,0.3366751673986438,0.2365810381411815,0.256868135284399,0.22509177467484287
U0100,0.3672302617126683,0.2919455599232761,0.3493156218935991,0.39197323744464435,0.2663244466566814,0.3273078638793989,0.30094273940491134,0.46784174990129,0.507702275788063,0.35771205311492965,0.7665164684848249,0.3388490841832219,0.3272306100010042,0.43129556236225713,0.35967916886955403,0.26867551302294457,0.3857848069933113,0.3242043456826327,0.3939105705856363,0.3645627795830184,0.3436342410397931,0.3388490841832219,0.3388490841832219,0.16181358641174604,0.43000548977457625,0.3731308346955732,0.3388490841832219,0.37384811092781367,0.2665870130546376,0.46900873771045615,0.3190716068937464,0.3142864500371752,0.3495404876353747,0.3190716068937464,0.44655615356586337,0.4336589238721057,0.43376238503289816,0.428977228176327,0.428977228176327,0.428977228176327,0.4343851008929927,0.5099651738509844,0.41889608431373826,0.31081570377085455,0.3310911350498421,0.2731401916944191,0.3883253266873638,0.39084768953386173,0.39117765458175413,0.36344061075087464,0.3513830962374924,0.3436342410397931,0.3842670397071562,0.41466575948348694,0.428977228176327,0.428977228176327,0.4488307960606222,0.43602649313314257,0.16181358641174604,0.3436342410397931,0.29366366482220363,0.418064178606071,0.39834549117140405,0.3608053595699045,0.4083543199579877,0.5087486368542978,0.4088191963809464,0.3991805953044431,0.38611724951727383,0.3910708833980164,0.3528329257680699,0.5415724053204808,0.48934150277837396,0.354462007683677,0.3551784542277637,0.34641959366817104,0.3190716068937464,0.5160342290220673,0.4072498177821215,0.32914597010592717,0.328516571202096,0.31509948544950017,0.3943954384478719,0.3436342410397931,0.3705519349616524,0.38628572654144516,0.38628572654144516,0.44705861060772706,0.4449553627964826,0.30583165270288976,0.3526699766958785,0.34149889918146553,0.4370869400827537,0.4370869400827537,0.29726160231538173,0.16793143060085158,0.18839606180235519,0.21011451828496389,0.18304752604703445
U0101,0.5506582916783997,0.5092121728087041,0.4813839150826105,0.5373703526401159,0.4323295300250127,0.3845630474663488,0.4466369981046525,0.6115949975565631,0.6750563075381073,0.4330656509897485,0.4917227509162959,0.48454334288296314,0.48387508733875206,0.5816066184073558,0.5203606663112138,0.33199761522699794,0.5821115022103502,0.5458525296041244,0.5396048292853775,0.5102570382827596,0.4893284997395343,0.48454334288296314,0.48454334288296314,0.3075078451114872,0.554092987384202,0.522969519827169,0.48454334288296314,0.6491330041089711,0.3955657863794904,0.5762710058353564,0.4647658655934876,0.45998070873691643,0.4952347463351159,0.4647658655934876,0.6178633126584014,0.5785400758418086,0.5794566437326394,0.5746714868760682,0.5746714868760682,0.5746714868760682,0.5788884735508621,0.5584908916053339,0.6345039627509041,0.4729331695435216,0.47071935636280904,0.4480682205022749,0.5490378254144989,0.5683816274923128,0.5500411165824921,0.564098758455993,0.5544586865684928,0.4893284997395343,0.4980214090567825,0.6114813349717051,0.5746714868760682,0.5746714868760682,0.513901678853001,0.5603918629560088,0.3075078451114872,0.4893284997395343,0.3474886431449878,0.579870195257888,0.5566097477264548,0.5040552926365985,0.5083516600999763,0.5655162892121168,0.5119150202923961,0.5448748540041843,0.5301934259601685,0.5367651420977576,0.5160399825016446,0.7078865284082545,0.54483659110358,0.5311756192830298,0.5101991172354251,0.5319674108710636,0.4647658655934876,0.6960179298659348,0.5534464172644181,0.4824584064951715,0.4962223136291082,0.4795986074477623,0.5400896971476131,0.4893284997395343,0.5162461936613936,0.5319799852411864,0.5319799852411864,0.6439286619207112,0.5906496214962238,0.45758549586143055,0.5292189237167987,0.4908454855653891,0.5827811987824949,0.5827811987824949,0.3526310824750317,0.5086072773414185,0.3489958124271526,0.5642336141162688,0.25225638687293395
U0102,0.38275807003081336,0.4527935783148036,0.3062395079977018,0.4140645988633344,0.30491669869531857,0.44324969195477926,0.32606655996772554,0.4895789217360046,0.5389029124532859,0.3409858470571366,0.3940707380955438,0.3639729047460361,0.34761413662214274,0.4665485884919501,0.43340285574857035,0.24569091677699545,0.36250603644948565,0.4035165282117242,0.4190343911484505,0.38968660014583256,0.3687580616026073,0.3639729047460361,0.3639729047460361,0.18693740697456024,0.4348661840046116,0.39918426168888466,0.3639729047460361,0.4484061685261935,0.2636099774479534,0.481789085478028,0.3441954274565606,0.3394102705999894,0.37466430819818886,0.3441954274565606,0.5067535691518867,0.45878043388554446,0.45888620559571236,0.45410104873914114,0.45410104873914114,0.45410104873914114,0.45805548377544136,0.474297791146793,0.4711984323227606,0.4106474586209731,0.3629860169230072,0.3199917087652927,0.518838749867486,0.4759259526851067,0.42509719684394576,0.360140599187546,0.4211670415628349,0.3687580616026073,0.5218039026849168,0.4606736469730978,0.45410104873914114,0.45410104873914114,0.3317344100519668,0.44312965845445734,0.18693740697456024,0.3687580616026073,0.23222230232527363,0.4530631812558599,0.4319536067633681,0.40134484509309304,0.3795796587149185,0.44714559269499793,0.4226884088816404,0.4243044158672573,0.4181175934031271,0.4161947039608306,0.4380144624906536,0.5815775067839497,0.5230925356733385,0.4020272797737892,0.4172745257886775,0.4112073868535481,0.3441954274565606,0.538206563159431,0.4249287606592759,0.3596379034831604,0.3858262139052206,0.38049401041706665,0.4195192590106861,0.3687580616026073,0.3956757555244666,0.41140954710425937,0.41140954710425937,0.49993106657073044,0.4700791833592968,0.33591666990599345,0.38171630208596846,0.4480759085052007,0.4622107606455679,0.4622107606455679,0.2772640987059604,0.35536356453538887,0.21021385992137684,0.15810337379505773,0.13586651806875244
U0103,0.32346080035326985,0.3813726206375426,0.263398699695281,0.38350290295320716,0.27902937368337266,0.3490198277109181,0.29601427939274255,0.4607879578034123,0.5029720892174495,0.32093544589199857,0.29180307041138687,0.33392062417105317,0.31371444000655246,0.43059231334209935,0.3937456014846322,0.23288350534078628,0.3257401188127079,0.33560428244030055,0.3889821105734675,0.35963431957084957,0.33870578102762433,0.33392062417105317,0.33392062417105317,0.15688512639957725,0.35206949091835393,0.3704740981152705,0.33392062417105317,0.44503790672447746,0.28819050223721615,0.46154122124143027,0.31414314688157763,0.3093579900250064,0.34461202762320586,0.31414314688157763,0.4536853121157778,0.42929907638814463,0.42883392502072937,0.42404876816415815,0.42404876816415815,0.42404876816415815,0.42931881010619405,0.40593196822039623,0.3888330102413231,0.3252618816859372,0.3206312609915748,0.2848272665510883,0.3998340220055523,0.4182451672107078,0.39171545851003886,0.3449589729694241,0.3685810004372762,0.33870578102762433,0.47561140670961866,0.42758067409702105,0.42404876816415815,0.42404876816415815,0.280132658973254,0.40871614239394866,0.15688512639957725,0.33870578102762433,0.3179929358804402,0.40480904110714927,0.4153594876196761,0.39744329978922077,0.3732038594862444,0.37139442137190415,0.3879956830016481,0.3942521352922743,0.3909381771241718,0.3861424233858476,0.3862937167495942,0.5474076246253541,0.48131924236072493,0.3837375728739917,0.38166781104736947,0.3707216184279828,0.31414314688157763,0.5129207346624421,0.39529035469516033,0.32983515603580404,0.34648592685996416,0.3779286313639409,0.3894669784357031,0.33870578102762433,0.36562347494948366,0.3813572665292764,0.3813572665292764,0.4530452853635879,0.44002690278431383,0.3238996424331824,0.34569032631204577,0.44224385843513914,0.43215848007058494,0.43215848007058494,0.23525711271653257,0.15144180863109857,0.16032453032551647,0.1712884531250773,0.11446518761301944
U0104,0.3300499095765852,0.41137517000319207,0.41339186082601065,0.3889386073680947,0.2774966329494967,0.40466464835096655,0.30002543593249775,0.4727794356691391,0.5179858476889776,0.33733259395244264,0.5166743755937917,0.3379317807108083,0.31737686166664986,0.4354580495725668,0.33138207264869196,0.15958225458551578,0.3415427223778894,0.36003770184377426,0.3929932671132227,0.36364547611060477,0.34271693756737953,0.3379317807108083,0.3379317807108083,0.16089628293933245,0.3154096217331275,0.3753443299318264,0.3379317807108083,0.44702527867597397,0.37089148133548755,0.5002950547966523,0.3181543034213328,0.31336914656476156,0.34862318416296106,0.3181543034213328,0.4729177393315138,0.4339360872244809,0.4328450815604845,0.42805992470391335,0.42805992470391335,0.42805992470391335,0.43330385039669417,0.5207470417210318,0.39388824444090126,0.3356921904151722,0.2918693066635085,0.26657183388834543,0.4553166817507272,0.40455118123838363,0.43325083310063905,0.38503362910067646,0.26845825553536273,0.34271693756737953,0.525358747287163,0.41024503965057624,0.42805992470391335,0.42805992470391335,0.3788458402082267,0.4070950801002789,0.16089628293933245,0.34271693756737953,0.33636027382815503,0.41660561932018714,0.43510458691485476,0.4103770891035207,0.43267106767064,0.36326544203616284,0.49448724743897565,0.3982632918320295,0.3949337410019997,0.3901535799256028,0.3907359857626055,0.5544944761296774,0.48851184269266434,0.3829860296464269,0.3606381915048258,0.3951153885759825,0.3181543034213328,0.5113443954835218,0.40127821154825805,0.33391001189820857,0.32701578580671664,0.37039609748507635,0.3934781349754583,0.34271693756737953,0.3696346314892388,0.3853684230690316,0.3853684230690316,0.43903903108863634,0.44403805932406903,0.3530492585978609,0.32675413596443403,0.42396258657141306,0.4361696366103401,0.4361696366103401,0.3673113487706986,0.20916255789538674,0.14913005854434636,0.1445886755736966,0.1791288415282703
U0105,0.38318008455574987,0.40492147886444896,0.33818448634250964,0.4161904595092407,0.30808119765630193,0.28935793307736263,0.32606655996772554,0.49090316845313936,0.5323442395586933,0.33452842497673874,0.39160210176873017,0.3639729047460361,0.3546164963517556,0.4606302957566699,0.37395743966459993,0.2187793641776574,0.39170097130515064,0.3932861894589234,0.4190343911484505,0.38968660014583256,0.3687580616026073,0.3639729047460361,0.3639729047460361,0.18693740697456024,0.3827270031731692,0.39923355269158267,0.3639729047460361,0.4713213853471212,0.2279902709909227,0.44544667976861907,0.3441954274565606,0.3394102705999894,0.37466430819818886,0.3441954274565606,0.4910123899374237,0.4584183120519858,0.45888620559571236,0.45410104873914114,0.45410104873914114,0.45410104873914114,0.45839894630163325,0.45130304940113636,0.4617445193615232,0.3556641856990742,0.3400499726508197,0.3150768192891205,0.4284914906368516,0.4301838236564163,0.4106286283756562,0.40715249456670227,0.4000006208950528,0.3687580616026073,0.4176000357812252,0.4623268687541819,0.45410104873914114,0.45410104873914114,0.36214099582495796,0.44532063200390465,0.18693740697456024,0.3687580616026073,0.3056114817007774,0.4481546789455472,0.43735856851800786,0.4046445565577116,0.39313919253790447,0.4213710710451425,0.391082896325263,0.4243044158672573,0.41404450258752057,0.4161947039608306,0.4040821704322532,0.5787410938292191,0.4456835104899251,0.3885476545012757,0.3995086452032919,0.3893416920713143,0.3441954274565606,0.5506639702929823,0.4286491075260001,0.357993153599648,0.3799818930973149,0.3450347589034913,0.4195192590106861,0.3687580616026073,0.3956757555244666,0.41140954710425937,0.41140954710425937,0.5072207373733535,0.4700791833592968,0.3428184378143085,0.38056678756594187,0.36989483389753397,0.4622107606455679,0.4622107606455679,0.21619016129761898,0.274088540463016,0.21417936503024737,0.23930382251679239,0.11844352430108346
U0106,0.3152806872524203,0.31606688298473595,0.4469896297329521,0.38894955754389865,0.2702612015964521,0.4919372238067289,0.30094273940491134,0.4885770298185298,0.548498996575324,0.3705463225780259,0.7415819570744083,0.33884908418322196,0.31419482706376556,0.4340168375513091,0.3196065702733812,0.23091782045035147,0.39407550165705624,0.36937428575520154,0.3939105705856363,0.3645627795830184,0.3436342410397931,0.3388490841832219,0.3388490841832219,0.16181358641174604,0.37320259397304323,0.3783941431503609,0.3388490841832219,0.44400655727301785,0.5136036764181068,0.5543012275984948,0.3190716068937464,0.3142864500371752,0.3495404876353747,0.3190716068937464,0.4950599166657389,0.43633945257677037,0.43376238503289816,0.428977228176327,0.428977228176327,0.428977228176327,0.43593946493170715,0.6100201513755557,0.41155544967883023,0.35143000654603807,0.2928793574833127,0.24498640199261906,0.4771291929424176,0.4917676541925622,0.451803072430621,0.4197529225557003,0.215869348686412,0.3436342410397931,0.595883208957199,0.40571205038972946,0.428977228176327,0.428977228176327,0.4338850687939646,0.39999118533065026,0.16181358641174604,0.3436342410397931,0.3349612926479409,0.4176207755816439,0.43669553039977027,0.42666966309172594,0.45761070067874016,0.4080275959014034,0.5896196317513736,0.3991805953044431,0.39801910971754106,0.3910708833980164,0.39297910228026967,0.5512388482661087,0.6069833955313559,0.4061330799211543,0.31955851079131875,0.4282227606145621,0.3190716068937464,0.5160876233748398,0.41013781467735544,0.33972071281061794,0.3058842134624412,0.4333266817885958,0.3943954384478719,0.3436342410397931,0.3705519349616524,0.38628572654144516,0.38628572654144516,0.4267436718661378,0.4449553627964826,0.3608745215503152,0.32678533966073703,0.530093548586302,0.4370869400827537,0.4370869400827537,0.6535663631182627,0.31740020273210084,0.1394157557982285,0.22588255037077676,0.22979488595992276
U0107,0.40772417018635515,0.39908206418546516,0.37404112375515364,0.47306330425429216,0.34700809662501864,0.31105918385250775,0.38230346185674924,0.5368114099771728,0.6087209771028537,0.3957426667668119,0.4044618010202154,0.42020980663505986,0.3817756676086885,0.5127187667330854,0.3847601477792184,0.4977420781886923,0.5656198593608885,0.4710837461614353,0.4752712930374742,0.4459235020348563,0.424994963491631,0.42020980663505986,0.42020980663505986,0.243174308863584,0.43730985998914396,0.45773799013618294,0.42020980663505986,0.5099369296038783,0.4641452778962567,0.577548709892813,0.4004323293455843,0.39564717248901315,0.4309012100872126,0.4004323293455843,0.5576711938725003,0.518358924065139,0.5151231074847361,0.5103379506281649,0.5103379506281649,0.5103379506281649,0.5195921896145425,0.5057313373600427,0.4766431371335949,0.3705976915402317,0.38301939112931516,0.3922783240364017,0.4638691130274355,0.5792056082036382,0.49168999675145575,0.4260656828353445,0.35352096232274477,0.424994963491631,0.5076705119308752,0.5428459619388829,0.5103379506281649,0.5103379506281649,0.41697944682041876,0.46925420627020764,0.243174308863584,0.424994963491631,0.3504554742182481,0.506587323637912,0.4949748686793998,0.4963848983369884,0.4500250499243147,0.44366265524113885,0.5213778210311635,0.480541317756281,0.4714563944914263,0.4724316058498543,0.48707233172415376,0.6208735188108413,0.5561278145020737,0.4254077789462271,0.3980327087234837,0.42481933284342743,0.4004323293455843,0.614820197158212,0.5053757781981957,0.41609528547767044,0.42161388440362957,0.5881790887763292,0.47575616089970985,0.424994963491631,0.45191265741349035,0.4676464489932831,0.4676464489932831,0.59402056265148,0.5263160852483205,0.4079055473681491,0.3978966952306783,0.4633580606645494,0.5184476625345916,0.5184476625345916,0.3140778823966432,0.29321050967818835,0.26715184123768715,0.3332902762887349,0.3072503623475076
U0108,0.3948914692644211,0.35176911587321713,0.23056649036974838,0.3984210135925171,0.31919098705464644,0.4827614652145026,0.313655483030913,0.5076500339989642,0.5452500473915596,0.3895523635005612,0.8502857927279737,0.35156182780922357,0.372726141871522,0.44201083505042327,0.6360635102879535,0.4610548373099752,0.40170322488547194,0.3121788395095064,0.40662331421163794,0.37727552320902,0.3563469846657948,0.35156182780922357,0.35156182780922357,0.1745263300377477,0.6992396740222501,0.3888139897344566,0.35156182780922357,0.48387780797691526,0.2651201194816788,0.5182555469744486,0.3317843505197481,0.32699919366317687,0.3622532312613763,0.3317843505197481,0.42799936246278,0.4444937415971305,0.4464751286588998,0.4416899718023286,0.4416899718023286,0.4416899718023286,0.44676583302172707,0.45761604277519913,0.5187090090057672,0.36111898833468126,0.47635704583818156,0.2849668141380109,0.3917354687787406,0.5332281690511524,0.37419470375860175,0.44329831834578215,0.7003242045674912,0.3563469846657948,0.3773320113970614,0.5050355488922351,0.4416899718023286,0.4416899718023286,0.3815915449371084,0.49214264999727664,0.1745263300377477,0.3563469846657948,0.28984857332708286,0.43162278606706284,0.4011656447404584,0.40148595662116116,0.4148378821328526,0.7176462492619906,0.3299968330006132,0.4118933389304448,0.3998251466332893,0.40378362702401804,0.2864776015182763,0.582678698260971,0.6720822698578739,0.46162603908072514,0.4651765791923734,0.41876799302258694,0.3317843505197481,0.5456586778199992,0.4165656368950289,0.3508975743564408,0.37712467442577935,0.3425420419592942,0.40710818207387356,0.3563469846657948,0.3832646785876541,0.39899847016744683,0.39899847016744683,0.44656340117418797,0.4576681064224843,0.3013013709617617,0.4687612004101692,0.6386121031664268,0.44979968370875534,0.44979968370875534,0.5451641845859396,0.14771302095324934,0.2139575849629997,0.575817737097664,0.1898117585791841
U0109,0.3814211558923664,0.36724210021957837,0.292302800949931,0.4164752928154128,0.30485394220135853,0.36438634155572913,0.32606655996772554,0.48276651827508854,0.5307617294748325,0.3350992176990615,0.3568506891587412,0.3639729047460361,0.34798981621298336,0.4583702338980459,0.4443925255701197,0.2319111747606913,0.37885242684600207,0.3740285594253564,0.4190343911484505,0.38968660014583256,0.3687580616026073,0.3639729047460361,0.3639729047460361,0.18693740697456024,0.42253032568600757,0.4008448988212273,0.3639729047460361,0.4769505542454001,0.271662835968389,0.470194084403712,0.3441954274565606,0.3394102705999894,0.37466430819818886,0.3441954274565606,0.46414253417869256,0.45809530087542777,0.45888620559571236,0.45410104873914114,0.45410104873914114,0.45410104873914114,0.45854737108369775,0.41596963620085997,0.42691172821230566,0.31838170461693466,0.35026531263741,0.30759838114509785,0.39948824975400704,0.4053417757071056,0.4324328632469283,0.36839899688728245,0.4315648377824553,0.3687580616026073,0.42275055291450664,0.4585101679943416,0.45410104873914114,0.45410104873914114,0.39611698611343904,0.44729745697874734,0.18693740697456024,0.3687580616026073,0.32291739271519093,0.4338380899556141,0.43695540799477384,0.3927795535599722,0.41378110046760497,0.4258211227644809,0.37513788723725716,0.4243044158672573,0.41520684223575266,0.4161947039608306,0.3869538574040832,0.5753655321635778,0.4485200949435058,0.40928159582176005,0.4034900716505407,0.38811390289021164,0.3441954274565606,0.5553150290470608,0.42653806573749653,0.35798132350326284,0.3671547322373988,0.370326068764659,0.4195192590106861,0.3687580616026073,0.3956757555244666,0.41140954710425937,0.41140954710425937,0.49131188430994044,0.4700791833592968,0.33973782507253203,0.38663278813404683,0.3955238785910702,0.4622107606455679,0.4622107606455679,0.17209533352816786,0.17207438919456297,0.20717732463501562,0.29280202733203997,0.22017093423260464
U0110,0.2473633809802363,0.3451733648735966,0.2873728378991647,0.4176741465149355,0.30424807642861007,0.4104664970947753,0.32606655996772554,0.5024045408004553,0.5485783243954236,0.325900560707106,0.3824315203508635,0.3639729047460361,0.32883319310588505,0.45305035533589055,0.33229463552966343,0.35476529565617476,0.4179077714693012,0.45139714239973755,0.4190343911484505,0.38968660014583256,0.3687580616026073,0.3639729047460361,0.3639729047460361,0.18693740697456024,0.4192197246500521,0.3991254435394378,0.3639729047460361,0.4547438521942013,0.21656569275438015,0.44126143671580653,0.3441954274565606,0.3394102705999894,0.37466430819818886,0.3441954274565606,0.49504723064018846,0.4604160655510902,0.45888620559571236,0.45410104873914114,0.45410104873914114,0.45410104873914114,0.4605801427796143,0.4856997805259389,0.41988018848862707,0.32030922817687213,0.31442598228485835,0.2254543819940182,0.4422040890329642,0.5774733747621003,0.42272446624929927,0.4079606493551223,0.35747562588322435,0.3687580616026073,0.444475199474698,0.4591700663436047,0.45410104873914114,0.45410104873914114,0.40768573464773783,0.43274195841674923,0.18693740697456024,0.3687580616026073,0.349294214236758,0.4398956328583948,0.4437978006209574,0.4756369893801671,0.4228230672560367,0.3632732429645421,0.4252694962217082,0.4243044158672573,0.4176857517174801,0.4161947039608306,0.3494925729316911,0.5725584574987737,0.5278551425006992,0.37070626243785865,0.3459236773323322,0.3969628282901233,0.3441954274565606,0.5403318249529595,0.44496321323113636,0.3621495601719019,0.36525515241543804,0.4399319005534173,0.4195192590106861,0.3687580616026073,0.3956757555244666,0.41140954710425937,0.41140954710425937,0.534450075288831,0.4700791833592968,0.35959662699828915,0.3181179256449941,0.47102453270104466,0.4622107606455679,0.4622107606455679,0.44405046267381515,0.2468453991243948,0.19769303695284487,0.21353516626911528,0.3301055432505222
U0111,0.39033171072855266,0.3688191136295014,0.35344462072937655,0.4091469847409654,0.29116511126846717,0.28483292196923965,0.3193486809774472,0.4728002762429918,0.5270740477090604,0.37674961539108887,0.3929416539970877,0.3572550257557578,0.3319242517933461,0.45118531743452855,0.38628541982233755,0.35390645358380823,0.4295753205578007,0.3429731815400033,0.41231651215817217,0.38296872115555425,0.36204018261232895,0.3572550257557578,0.3572550257557578,0.18021952798428192,0.32312152127372357,0.3955354236200555,0.3572550257557578,0.46490839121639377,0.4840871902154765,0.5555222716464101,0.3374775484662823,0.3326923916097111,0.36794642920791054,0.3374775484662823,0.47356074034024276,0.45475688899355876,0.45216832660543405,0.44738316974886283,0.44738316974886283,0.44738316974886283,0.4561825209809902,0.4432689218632146,0.37274612881483543,0.3010525618849717,0.32540220301590717,0.3766767171828388,0.3670710955358586,0.4062149172020772,0.4471149704323242,0.3611592262828828,0.30342991770056565,0.36204018261232895,0.5141049084511463,0.4626869314285382,0.44738316974886283,0.44738316974886283,0.3720328210754817,0.42348006677192,0.18021952798428192,0.36204018261232895,0.4618576648721172,0.42489098215108834,0.4516828862052185,0.4353798155270024,0.44185178902587163,0.38249815827951306,0.47882905679543,0.417586536876979,0.4145836936061674,0.40947682497055227,0.4619066363496941,0.5565880007689847,0.4888556078662123,0.4031628787168727,0.3856256653744934,0.3698042535095466,0.3374775484662823,0.5512553007642598,0.4286950542427241,0.35037694182063667,0.36228730806194964,0.49828712995935703,0.4128013800204078,0.36204018261232895,0.38895787653418834,0.40469166811398105,0.40469166811398105,0.4878280835396316,0.4633613043690185,0.3702261461082091,0.37198846928729806,0.4196151308842836,0.45549288165528956,0.45549288165528956,0.1975730778683893,0.09822904218894934,0.18885491557524442,0.2289311817205671,0.23845927970569464
U0112,0.37212063635019876,0.3930873547666005,0.3295913608076765,0.4214541455000581,0.290843073775943,0.1889938366092635,0.3260665599677255,0.47603049374882955,0.5480647795298352,0.36144200902743107,0.5021198914626165,0.36397290474603616,0.33133063213212777,0.45446081213314965,0.3266341728022144,0.7023417655563657,0.623197945606924,0.46815561575008957,0.4190343911484505,0.38968660014583256,0.3687580616026073,0.3639729047460361,0.3639729047460361,0.18693740697456024,0.44314362224600745,0.39831550525419934,0.3639729047460361,0.41184473031966073,0.35324330895659306,0.5340261415051124,0.3441954274565606,0.3394102705999894,0.37466430819818886,0.3441954274565606,0.5071357049940807,0.463759218972779,0.45888620559571236,0.45410104873914114,0.45410104873914114,0.45410104873914114,0.4668504641691972,0.4690281011661309,0.4439874968520073,0.305576476979566,0.3477644441964203,0.4024239748112709,0.4149669198681063,0.6044504700054668,0.4319815728245049,0.37087059344266204,0.352197295219059,0.3687580616026073,0.39087897890544365,0.5424858734484355,0.45410104873914114,0.45410104873914114,0.45404859767406003,0.43574044268657364,0.18693740697456024,0.3687580616026073,0.39064885918036013,0.47039611313080004,0.43314562824022373,0.48694971463089914,0.41800461579600395,0.45972640741076176,0.45316207164445804,0.4243044158672573,0.41005052649686147,0.4161947039608306,0.46181486698533525,0.5554515423549753,0.5120889760425016,0.3238416718288398,0.3568540440453563,0.32796348182959045,0.3441954274565606,0.5656399280262626,0.47077866615959235,0.35497942760066725,0.40530854436470337,0.6123816110530194,0.4195192590106861,0.3687580616026073,0.3956757555244666,0.41140954710425937,0.41140954710425937,0.6228737968427884,0.4700791833592968,0.3562635834399804,0.35229049142204505,0.3539028932705538,0.4622107606455679,0.4622107606455679,0.21525978461055545,0.26004218411365965,0.2656436140668119,0.2714674218751182,0.4397703482454224
U0113,0.6577892271232867,0.3870014382486262,0.38866113206091235,0.5268144485994273,0.405063315795836,0.6341090974955459,0.43985242764372673,0.5872412391098949,0.6529109883118993,0.5402428165628181,0.44166762435668233,0.4777587724220373,0.477454044470649,0.5869460526037302,0.6823425323447627,0.2607584105930386,0.4458224020978893,0.4330750556829569,0.5328202588244516,0.5034724678218337,0.48254392927860845,0.4777587724220373,0.4777587724220373,0.3007232746505615,0.5189855164923618,0.5181753773368158,0.4777587724220373,0.5969127083671967,0.7054372314394255,0.6885428289318123,0.45798129513256175,0.4531961382759906,0.48845017587419004,0.45798129513256175,0.6365525800845948,0.5725494914230321,0.5726720732717134,0.5678869164151423,0.5678869164151423,0.5678869164151423,0.5725271688936164,0.5602233360311546,0.5619997482309531,0.5489913726504949,0.4765042883529383,0.5934818857839016,0.570562906290921,0.4640064520178426,0.5939640731022224,0.4307652486893825,0.5033399374607469,0.48254392927860845,0.8504701955795991,0.5473771190806214,0.5678869164151423,0.5678869164151423,0.4970343846511693,0.5567469698060583,0.3007232746505615,0.48254392927860845,0.5723325815640405,0.5299673433207257,0.5598698190862813,0.4557610101257431,0.5250689783811215,0.5605260365253909,0.611718647921655,0.5380902835432585,0.5445625093651288,0.5299805716368318,0.7451547851929802,0.6698098503702413,0.6828276046510809,0.6286951057802627,0.5545937863330866,0.5647280396328758,0.45798129513256175,0.6902567401622586,0.5200402772023507,0.47477805124626843,0.5005804536138402,0.558063976644036,0.5333051266866873,0.48254392927860845,0.5094616232004678,0.5251954147802605,0.5251954147802605,0.5762011423847426,0.583865051035298,0.4642828095120724,0.608527451488413,0.6266259057253387,0.5759966283215691,0.5759966283215691,0.3450377266102367,0.6140936278709704,0.32731988968206094,0.3345300328579471,0.20664992485650968
U0114,0.37931751289787463,0.33467818783732467,0.3060046533069849,0.4056578994372212,0.2835781419168836,0.31266238705687127,0.3133538163417239,0.46818722018616316,0.5068820245451717,0.3572103406806001,0.38370370755067124,0.35126016112003444,0.33521670788339486,0.4475718177891171,0.3664919043969813,0.24750777691548792,0.3701303330082013,0.36797548658157253,0.4063216475224488,0.3769738565198309,0.35604531797660566,0.35126016112003444,0.35126016112003444,0.17422466334855857,0.33873135336324933,0.38568560575939187,0.35126016112003444,0.41969860992774505,0.2758288368208831,0.4541567543153863,0.3314826838305589,0.32669752697398774,0.36195156457218725,0.3314826838305589,0.47958567083072634,0.4466981212893654,0.4461734619697107,0.4413883051131395,0.4413883051131395,0.4413883051131395,0.44717578126952195,0.44469351658109735,0.4001916367897044,0.32800307898452535,0.30813170040177895,0.3457772930518552,0.39515725133307755,0.39383731050853077,0.41682667922983824,0.34879376898270964,0.3396652982830214,0.35604531797660566,0.4729382140990762,0.43292678026827813,0.4413883051131395,0.4413883051131395,0.4101463534356963,0.4353207645559036,0.17422466334855857,0.35604531797660566,0.44018999426454974,0.4199356054982622,0.43035379293061266,0.4010700120874372,0.4110225345459586,0.3813971590724038,0.4055352521923169,0.41159167224125565,0.40614778475996344,0.4034819603348289,0.4577110764299508,0.5465678252496379,0.4442882582551058,0.376626354692174,0.3826324553843635,0.36060849704644493,0.3314826838305589,0.5385238869510591,0.41702471752491155,0.34199502390114056,0.37144999908426424,0.3819508636545711,0.40680651538468443,0.35604531797660566,0.38296301189846493,0.3986968034782577,0.3986968034782577,0.5052096235234097,0.45736643973329516,0.3426171937520456,0.3709357133859511,0.3409537256987599,0.44949801701956626,0.44949801701956626,0.1590919124024776,0.24077122965453,0.20724245805657934,0.11789746381454447,0.20720829675641694
U0115,0.49017450398297585,0.3503982339429297,0.40324035710496936,0.3958052290556797,0.2820063185236834,0.3091768930524438,0.3084253563295551,0.4618866649154104,0.5452014645874406,0.3487568748728692,0.38585786879555156,0.3463317011078657,0.33820229627759457,0.4477387006575508,0.4383116768237506,0.17540974962232203,0.4390523577708909,0.3323956006629276,0.40139318751028,0.3720453965076621,0.35111685796443687,0.34633170110786565,0.34633170110786565,0.16929620333638978,0.35663183886402616,0.38985838918370885,0.34633170110786565,0.530315158738601,0.602814230351247,0.5809641717951662,0.32655422381839017,0.32176906696181895,0.3570231045600184,0.32655422381839017,0.48152972200152655,0.4421924101808201,0.4412450019575419,0.4364598451009707,0.4364598451009707,0.4364598451009707,0.4428208279108142,0.44071560181005986,0.442687546000494,0.3381911809057033,0.3333878414418913,0.3938543068349927,0.40155310678215916,0.3469695670247085,0.4693033869219571,0.3828807416254292,0.3131224284619555,0.35111685796443687,0.5377758199908609,0.4575761041093317,0.4364598451009707,0.4364598451009707,0.35844817890923186,0.40136506482716083,0.16929620333638978,0.35111685796443687,0.2792372714637973,0.42615921708858784,0.4383246903103852,0.34967025358746107,0.40914326865230133,0.4160934109839342,0.504404283607209,0.40666321222908686,0.4011783329059875,0.3985535003226601,0.476189840415063,0.5619866150850039,0.4657781492096021,0.45331508272500054,0.379038973431008,0.41621900245452215,0.32655422381839017,0.5657584746955479,0.40634876779944945,0.3453618255304344,0.3341721312050793,0.4481701369175546,0.40187805537251564,0.35111685796443687,0.3780345518862962,0.3937683434660889,0.3937683434660889,0.4434564479994709,0.45243797972112637,0.3449809400186245,0.4180655486667347,0.42853005284112383,0.4445695570073974,0.4445695570073974,0.21592566141537148,0.30537277866546453,0.17716691833818005,0.43407891044165736,0.09699057047986903
U0116,0.4626944700773063,0.8377254493937386,0.5512854650777268,0.5206075033794727,0.43160669995615664,0.49135029878223224,0.4294206298492005,0.5893557389449975,0.6265203828811239,0.41138190484084,0.4527301757523778,0.46732697462751105,0.45289325961360566,0.568864285376748,0.5158346178789773,0.39483103519761165,0.4900446344892588,0.5586018971766209,0.5223884610299254,0.4930406700273075,0.47211213148408226,0.46732697462751105,0.46732697462751105,0.2902914768560352,0.4619765177147685,0.501926620782411,0.46732697462751105,0.6016998279313448,0.30035652025453735,0.6080498841286158,0.44754949733803556,0.44276434048146435,0.4780183780796638,0.44754949733803556,0.5811608753584936,0.5627940391931202,0.5622402754771874,0.5574551186206161,0.5574551186206161,0.5574551186206161,0.5625802734269988,0.5731995571519776,0.5424654500035354,0.46170185280141735,0.4568782236949146,0.43003582412403557,0.6486936996931107,0.5459781569340746,0.5635040086641615,0.49409222123981766,0.5475652839801025,0.47211213148408226,0.5535362821993078,0.6122560632853136,0.5574551186206161,0.5574551186206161,0.47471327503281713,0.556525878456594,0.2902914768560352,0.47211213148408226,0.43087162444623306,0.5761270126047595,0.5706864821823691,0.5830928140795616,0.5625775794850211,0.49020041627542055,0.5278619900435915,0.5276584857487323,0.5183658200739908,0.5195487738423055,0.4928535179318197,0.7062658448768834,0.5139429584237052,0.46585877297300887,0.5733620311893421,0.4923895597251531,0.44754949733803556,0.6342292191866403,0.5376777216678655,0.45852572810530534,0.5103161820481253,0.507845094210637,0.5228733288921611,0.47211213148408226,0.49902982540594154,0.5147636169857344,0.5147636169857344,0.6400111013615071,0.5734332532407718,0.4898661112816139,0.449162916473779,0.4741299553565462,0.5655648305270429,0.5655648305270429,0.2108931217448491,0.22005080740669017,0.3136941731646876,0.2341894420612716,0.4376939460606934
U0117,0.5232437698564153,0.5331962791932001,0.48291415393382164,0.472785057935832,0.3677797193892961,0.25361000615915896,0.38230346185674924,0.5350740951662345,0.6084274641957785,0.3982776626467916,0.4086011070713945,0.42020980663505986,0.4121056535437919,0.5175395010180075,0.4639847316659931,0.41119721782124674,0.5790580129416398,0.4590442241807449,0.4752712930374742,0.4459235020348563,0.424994963491631,0.42020980663505986,0.42020980663505986,0.243174308863584,0.4222410827674419,0.4607428998786896,0.42020980663505986,0.6014806871028376,0.5318689196716171,0.6185918888732375,0.4004323293455843,0.39564717248901315,0.4309012100872126,0.4004323293455843,0.5465706582066592,0.516970413758765,0.5151231074847361,0.5103379506281649,0.5103379506281649,0.5103379506281649,0.5186577941811592,0.48425161862949656,0.5194165054207249,0.37814980243874075,0.4094334753246034,0.4727248367676118,0.45986999944310275,0.48028974808943686,0.5206597404760972,0.47957620129975287,0.4337815878518704,0.424994963491631,0.4927209709725887,0.5805497841629381,0.5103379506281649,0.5103379506281649,0.4339533649475947,0.48542829306171253,0.243174308863584,0.424994963491631,0.4002045436880038,0.517586001161078,0.5150822252695504,0.4833149815277741,0.48745206460388446,0.4785256743299064,0.5220913269524431,0.480541317756281,0.469505115598714,0.4724316058498543,0.5130681935971544,0.6398999689986992,0.485093399730606,0.469647520344646,0.46609144514067846,0.4480355491679334,0.4004323293455843,0.6379674328801648,0.4970875128753858,0.415871926244816,0.43993553411968506,0.5536377487365653,0.47575616089970985,0.424994963491631,0.45191265741349035,0.4676464489932831,0.4676464489932831,0.5867492592810526,0.5263160852483205,0.42881441533407605,0.4659535359847916,0.43650969674813034,0.5184476625345916,0.5184476625345916,0.19053074561390132,0.28449049688107936,0.2789991870128878,0.4957825925066992,0.27333860566549106
U0118,0.3505029269057989,0.4651322383736891,0.43168992390025074,0.4008676970502831,0.2928000233213049,0.3565286577783321,0.3084253563295551,0.471285982409162,0.5153045988554489,0.3128957127790553,0.41668132947016445,0.34633170110786565,0.33064092688579294,0.4417483737053194,0.3515446108360541,0.14059912880549835,0.36605179310393127,0.39556714458477027,0.40139318751028,0.3720453965076621,0.35111685796443687,0.34633170110786565,0.34633170110786565,0.16929620333638978,0.31491771192542517,0.38372031374175253,0.34633170110786565,0.4855585915568977,0.28909210169011984,0.47460140529878114,0.32655422381839017,0.32176906696181895,0.3570231045600184,0.32655422381839017,0.4570650504753481,0.44124781544711483,0.4412450019575419,0.4364598451009707,0.4364598451009707,0.4364598451009707,0.4411063230546146,0.4750510898701627,0.3963097342965185,0.29416495313698016,0.2916440604160824,0.27800610679491583,0.4301756340456267,0.3639010906929113,0.45412488671431683,0.39612026036609943,0.324239079149255,0.35111685796443687,0.43572522402380076,0.4368432792825069,0.4364598451009707,0.4364598451009707,0.44485226298602476,0.4240227534493285,0.16929620333638978,0.35111685796443687,0.3745389236136724,0.4264685552830834,0.44886023093167854,0.4161759831420634,0.4614272186116459,0.3418123665168338,0.4401195588616673,0.40666321222908686,0.3985017982272035,0.3985535003226601,0.36852413481760504,0.5669177413084336,0.38701588986478075,0.3778677787848871,0.3825828365272685,0.38444467958723955,0.32655422381839017,0.5317248481738319,0.4121310098041518,0.33971052627592724,0.3425107227168287,0.3519694100963221,0.40187805537251564,0.35111685796443687,0.3780345518862962,0.3937683434660889,0.3937683434660889,0.4767617141211502,0.45243797972112637,0.36538145676495487,0.33744947945375775,0.3386517889914314,0.4445695570073974,0.4445695570073974,0.1975922298348364,0.14321536553920816,0.17450217762602127,0.2175676918206787,0.2892938113482651
U0119,0.5995518651251684,0.39886083676744705,0.4818302563583763,0.45216173643817026,0.31200103802732637,0.40455694398972153,0.36545196404378133,0.4969637569670162,0.5883479135122627,0.46417594752777747,0.5976821176247368,0.4033583088220919,0.37705664240109116,0.5088051345472044,0.5057687387006153,0.3315853545845793,0.4983029018821906,0.3245939394623774,0.45841979522450627,0.42907200422188835,0.4081434656786631,0.4033583088220919,0.4033583088220919,0.22632281105061602,0.3782162754115305,0.4461516540253383,0.4033583088220919,0.4931682933300815,0.8553343171232765,0.745973931089522,0.38358083153261635,0.3787956746760452,0.41404971227424464,0.38358083153261635,0.5383337707096245,0.5015394488888263,0.49827160967176815,0.49348645281519693,0.49348645281519693,0.49348645281519693,0.5026211155240615,0.537415210988433,0.4334532264157823,0.40309288702966894,0.3951858189578147,0.5321668964923112,0.4754036457297408,0.3418670063707816,0.552477141739869,0.3317696696967836,0.26272885201060014,0.4081434656786631,0.7159988878071311,0.49257313680884696,0.49348645281519693,0.49348645281519693,0.42557902626853916,0.4503864682761874,0.22632281105061602,0.4081434656786631,0.3697540689747253,0.47754419417005284,0.4905822327452134,0.38693225530057807,0.48046069505290523,0.5072443017644357,0.6508785347473081,0.4636898199433131,0.4625678574062456,0.45558010803688637,0.6319227484595277,0.5973486105331156,0.5759239985934703,0.4974880563173918,0.4370589410293517,0.43721130969311095,0.38358083153261635,0.6075407259490273,0.4624381644868209,0.39581097467343557,0.3815753750293637,0.5985018653100556,0.4589046630867419,0.4081434656786631,0.4350611596005224,0.45079495118031515,0.45079495118031515,0.47114713879605363,0.5094645874353526,0.4017687973757369,0.46606918223744886,0.45920570523330023,0.5015961647216237,0.5015961647216237,0.1684419440932446,0.26444614161944063,0.22787542782559617,0.2975547347927244,0.1903838648075809
U0120,0.3848573288077449,0.36028718425722983,0.2970671394801197,0.3968237722160412,0.2732866043504322,0.6081096662533905,0.3124365128693103,0.4585204183720817,0.5391053649905457,0.35442526839376204,0.3510091329253444,0.35034285764762085,0.3053918963711608,0.4513575215560929,0.5253866240667175,0.19548248329203105,0.318608347767545,0.29889985598835994,0.40540434405003517,0.37605655304741725,0.35512801450419207,0.35034285764762085,0.35034285764762085,0.17330735987614498,0.40758323494996584,0.39332819469214303,0.35034285764762085,0.4645148231462447,0.6285537414331258,0.6291883846423666,0.3305653803581453,0.3257802235015741,0.3610342610997736,0.3305653803581453,0.4530420675172249,0.4466195184689618,0.44525615849729705,0.4404710016407259,0.4404710016407259,0.4404710016407259,0.44622310090524714,0.4441430548073875,0.34416667430231657,0.33106839579154324,0.34838174278032524,0.30840217063805,0.46209173150872856,0.36654498411217984,0.49617754937298203,0.25936265278696,0.3081485237575987,0.35512801450419207,0.6637247418792787,0.41239358626108136,0.4404710016407259,0.4404710016407259,0.32926676456092746,0.39764147724553855,0.17330735987614498,0.35512801450419207,0.22701751970294237,0.4048895435483686,0.4370588427154982,0.3595216350301267,0.4267550467110376,0.3954115501238044,0.5234490175428822,0.410674368768842,0.4138715021446059,0.40256465686241527,0.4362003178777345,0.5614729158529221,0.5675466925704145,0.46248311650200546,0.3847708264808677,0.42187500959232815,0.3305653803581453,0.5295395415668411,0.4012363244694865,0.34913452715871485,0.307452207502485,0.49466511981435496,0.40588921191227084,0.35512801450419207,0.38204570842605134,0.3977795000058441,0.3977795000058441,0.38575126400882875,0.45644913626088157,0.3413706228358543,0.3612571529289324,0.5539341294146545,0.4485807135471526,0.4485807135471526,0.26783010789515294,0.09239475918601586,0.13129785503047092,0.23316900130469576,0.24072966742848612
U0121,0.5161014304660944,0.43293129059499075,0.5038891774345117,0.5459999842835267,0.4372211219160061,0.4724312518027396,0.44874387489414996,0.6119921368903545,0.6663805546708724,0.47220178300887117,0.5321459569250153,0.4866502196724605,0.4844496332192583,0.5730608711668284,0.5638590982685067,0.39685723881804474,0.5966327156702885,0.5610529184819855,0.5417117060748748,0.512363915072257,0.49143537652903174,0.4866502196724605,0.4866502196724605,0.3096147219009847,0.5390610406386722,0.5266791701222034,0.4866502196724605,0.6815075396527691,0.4666167736023446,0.6039560682897884,0.46687274238298504,0.4620875855264138,0.4973416231246133,0.46687274238298504,0.580681705567416,0.5813986213909268,0.5815635205221368,0.5767783636655656,0.5767783636655656,0.5767783636655656,0.5835981830135243,0.5607702801353919,0.5423832028592024,0.3611886156300205,0.433743168750063,0.4544399436069049,0.45142002263507763,0.5422942280651888,0.6139485477301385,0.5785615076366273,0.5505944802117461,0.49143537652903174,0.512858520248112,0.6105457272542703,0.5767783636655656,0.5767783636655656,0.7341089957534002,0.5819452277232373,0.3096147219009847,0.49143537652903174,0.7206432037105681,0.5473640734524191,0.5943410454601922,0.5735375949293167,0.6513583990995515,0.4991053013248392,0.5352378671546716,0.5469817307936817,0.5377909775510541,0.538872018887255,0.5128889896494959,0.6926348576973225,0.5226485034296383,0.5591973827835539,0.5086362237126149,0.5287450924820697,0.46687274238298504,0.7170490863662189,0.5649197192289966,0.4824739594089138,0.49201918296805275,0.5547631960927879,0.5421965739371105,0.49143537652903174,0.5183530704508911,0.5340868620306838,0.5340868620306838,0.6706944069641847,0.5927564982857212,0.5149664074293513,0.536936370987036,0.5047799150146994,0.5848880755719923,0.5848880755719923,0.37660809074502066,0.3173935671978173,0.3509625820717718,0.6251853696250124,0.6413807661522373
U0122,0.32556197903770645,0.39687027292856236,0.32021766058687795,0.4037137456570809,0.3054890095107406,0.29548561688877695,0.31256411051652133,0.4854542824779101,0.49792363347221874,0.3758481575950661,0.32067866153351576,0.35047045529483195,0.3441727647469078,0.4437424866733938,0.35880654203456236,0.25828016705216017,0.32577390091103,0.3612493764251419,0.4055319416972463,0.3761841506946284,0.3552556121514031,0.35047045529483195,0.35047045529483195,0.17343495752335614,0.2754281950310948,0.3844278735816471,0.35047045529483195,0.46524944170501326,0.25102803680979896,0.4410026346855627,0.33069297800535646,0.32590782114878525,0.3611618587469847,0.33069297800535646,0.47574242662421096,0.4463234426258978,0.4453837561445082,0.440598599287937,0.440598599287937,0.440598599287937,0.4470140542869817,0.4409401914568908,0.3755678097568944,0.32165195080018827,0.30015594333628326,0.3399325599170943,0.3628182722178406,0.4172774745468656,0.402130168116236,0.41206024463159324,0.3640580205634375,0.3552556121514031,0.5029544245868064,0.44106737657945705,0.440598599287937,0.440598599287937,0.36691577182037693,0.4457143277372021,0.17343495752335614,0.3552556121514031,0.6404000556203884,0.4085817036634181,0.4571099622344635,0.477062604756516,0.45002402506064326,0.3281217357381746,0.40691200655600446,0.41080196641605315,0.4121124472854434,0.4026922545096264,0.4477141979632918,0.5522047248070701,0.4676780492294233,0.39340385474258627,0.4150253343182527,0.3751525407445273,0.33069297800535646,0.533175634142361,0.41510369817112364,0.3428730867550309,0.39230395180470357,0.38464418812776824,0.40601680955948194,0.3552556121514031,0.38217330607326244,0.3979070976530552,0.3979070976530552,0.5068759459623207,0.45657673390809267,0.38239990101271254,0.3736837405387994,0.42412876881196687,0.4487083111943637,0.4487083111943637,0.2591015377477921,0.13986530915559314,0.19011181995363918,0.0872597171777787,0.2028819306280148
U0123,0.5214237492848454,0.879455992619221,0.6430928048965144,0.5196925301360212,0.46688287321028793,0.3798671271900274,0.43254702455895605,0.612240439587975,0.667795266101477,0.37537034446162876,0.38702318871087993,0.47045336933726667,0.48431532597233373,0.5692717584662248,0.572263951152491,0.27985476700005063,0.5519875759565377,0.5516982253271783,0.5255148557396809,0.49616706473706307,0.47523852619383783,0.47045336933726667,0.47045336933726667,0.2934178715657908,0.4900389422472302,0.5130776879193254,0.47045336933726667,0.7899335274392792,0.41861560767264855,0.6370017202556038,0.4506758920477911,0.4458907351912199,0.4811447727894194,0.4506758920477911,0.567388770455071,0.5642428547541561,0.5653666701869429,0.5605815133303717,0.5605815133303717,0.5605815133303717,0.5644710937393276,0.5286061778108104,0.6224552805674481,0.4398080224347963,0.4898025612849734,0.41624764188112606,0.5870256317549547,0.5262853460957883,0.5774436792742772,0.6433067723810622,0.6387263505682259,0.47523852619383783,0.4624168495334741,0.6648364918631672,0.5605815133303717,0.5605815133303717,0.4164081775830138,0.5512296130295142,0.2934178715657908,0.47523852619383783,0.3413896932980458,0.5887555322067406,0.5934829652141271,0.5759583491565292,0.5727901612286259,0.5157002278207645,0.524703123319397,0.5307848804584878,0.5166541572734529,0.5226751685520611,0.40507708955200405,0.7460670094095869,0.47659276237898446,0.54620852475762,0.5925491882042663,0.5589594697947305,0.4506758920477911,0.677044520752793,0.5363425448812889,0.47205113846771646,0.4949834929243019,0.47590551200241155,0.5259997236019166,0.47523852619383783,0.5021562201156972,0.5178900116954899,0.5178900116954899,0.6047136513277269,0.5765596479505274,0.5064160571297577,0.5092732784350027,0.5642513358900731,0.5686912252367984,0.5686912252367984,0.3150606211218213,0.21327131363682755,0.29577017013393025,0.7022731358622303,0.2941698639124708
U0124,0.4479048557572808,0.5013131205888244,0.4367608445797459,0.5233876517327992,0.3924924188499521,0.5683886504618444,0.42853272322130576,0.5711897565087947,0.635117346323043,0.42733948324941246,0.48317991474301325,0.4664390679996164,0.42609373231503833,0.5594785579711571,0.5210722042333032,0.41419359172253967,0.5252811962681914,0.5328951391881626,0.5215005544020307,0.49215276339941283,0.4712242248561876,0.4664390679996164,0.4664390679996164,0.2894035702281405,0.5192596292477469,0.5034515776190531,0.4664390679996164,0.5451835969250993,0.4236811777433045,0.6152400884628344,0.44666159071014083,0.4418764338535697,0.4771304714517691,0.44666159071014083,0.5632966592288142,0.562365677625292,0.5613523688492926,0.5565672119927214,0.5565672119927214,0.5565672119927214,0.5630501090495404,0.5565467022461378,0.4761915689599325,0.37798470981345555,0.4200497663301189,0.39721046225457823,0.5480424822493268,0.5310897519275251,0.5933484060458333,0.4143196128849608,0.45356848580301395,0.4712242248561876,0.5575684359129003,0.5600358128756531,0.5565672119927214,0.5565672119927214,0.6208880871663086,0.5381998798819972,0.2894035702281405,0.4712242248561876,0.45063853097450135,0.5388044305293664,0.5496075839948189,0.5224822016780536,0.5721025348864697,0.47408733011734044,0.537420670173549,0.5267705791208376,0.5177805503222674,0.5186608672144108,0.4964876670028432,0.6691849210514685,0.5331442219440429,0.4792692937466307,0.47517764482664404,0.4741120001336657,0.44666159071014083,0.6524551120097846,0.5420962291320232,0.45797671476598195,0.45512874117581337,0.5671314017830211,0.5219854222642664,0.4712242248561876,0.49814191877804687,0.5138757103578396,0.5138757103578396,0.6249862550888814,0.5725453466128771,0.4619318593291016,0.437317599714747,0.4532043261988923,0.5646769238991481,0.5646769238991481,0.23727395521605388,0.22778783412431902,0.3103326819814807,0.31278800286371866,0.6058486078961629
U0125,0.3823076851949598,0.3457993711076856,0.35901221707287695,0.4106741848544659,0.3065121243251746,0.2676206742094853,0.32086221109490054,0.48631230398668535,0.5506080209602869,0.3118988599445639,0.3433905501337394,0.3587685558732111,0.3461216282609425,0.44965700784507895,0.3982747294128805,0.21201067356424622,0.44602570028487853,0.38216867622392653,0.4138300422756255,0.38448225127300756,0.3635537127297823,0.3587685558732111,0.3587685558732111,0.18173305810173523,0.3969085046249842,0.3997304340747136,0.3587685558732111,0.5479023941898848,0.3683752644745194,0.48780449711804746,0.33899107858373556,0.3342059217271644,0.36945995932536385,0.33899107858373556,0.46180813711129687,0.45346656712966077,0.45368185672288736,0.44889669986631614,0.44889669986631614,0.44889669986631614,0.45431894629747294,0.4149039822032551,0.4439509784333613,0.2834677983062458,0.33332538349770446,0.2885565294549305,0.3564076356855571,0.41551695533218314,0.44112846957870305,0.4379063346188542,0.3884509724504702,0.3635537127297823,0.3746625548468029,0.47433995530870104,0.44889669986631614,0.44889669986631614,0.38773874509138184,0.42430387316120755,0.18173305810173523,0.3635537127297823,0.2852209207436825,0.435281017399312,0.4448428724319063,0.3983200752128453,0.4204809203262742,0.3984177957393222,0.40880319376823593,0.4191000669944323,0.4073465770788597,0.4109903550880056,0.34496989591537774,0.5809317836131287,0.4242324312167171,0.4218072188391372,0.3685550281347453,0.4044479516107608,0.33899107858373556,0.5703328780500482,0.4278513915898217,0.3578830765856093,0.3425187051512279,0.39401192834357623,0.4143149101378611,0.3635537127297823,0.3904714066516416,0.40620519823143436,0.40620519823143436,0.48137940353040115,0.4648748344864718,0.3498317144459707,0.3818917698235148,0.41135753017712723,0.45700641177274287,0.45700641177274287,0.2543083586953715,0.17652669604344157,0.18935360397340267,0.49596908716367305,0.18826245253193236
U0126,0.495061131335146,0.4295639817185182,0.17369827681716327,0.41017968102311264,0.3221035530154164,0.46894413656009576,0.32606655996772554,0.4900187780139874,0.516381776274263,0.4150468972711927,0.5498806525064242,0.3639729047460361,0.38585163313823706,0.4675893180415571,0.6794896033987252,0.3596484821958241,0.30935933020650885,0.28547206356746935,0.4190343911484505,0.38968660014583256,0.3687580616026073,0.3639729047460361,0.3639729047460361,0.18693740697456024,0.5939636392300159,0.39810849363111034,0.3639729047460361,0.4451656022161816,0.2528615510684702,0.5127152370138055,0.3441954274565606,0.3394102705999894,0.37466430819818886,0.3441954274565606,0.4614277041537931,0.45631176105740273,0.45888620559571236,0.45410104873914114,0.45410104873914114,0.45410104873914114,0.45751756195512194,0.39236893390989563,0.5023864222705222,0.43865434514379414,0.47966866383681694,0.42219691684906807,0.438996211342429,0.41817167696608804,0.3792242564780909,0.34047266498028866,0.6919732138543098,0.3687580616026073,0.5086620612315369,0.4923028085786663,0.45410104873914114,0.45410104873914114,0.2900570036043999,0.5030891679983522,0.18693740697456024,0.3687580616026073,0.3519559050790617,0.436229769229971,0.4098834392636258,0.3652593107689377,0.3700928650137092,0.6624308446624201,0.3063588504673034,0.4243044158672573,0.4193624508743804,0.4161947039608306,0.46398499720449693,0.5799735658500951,0.6126036068845929,0.4713393873887732,0.5340501080417179,0.40461899340449947,0.3441954274565606,0.5491196679446319,0.40902540239688456,0.35627786528961364,0.4297959632882597,0.33120482430800685,0.4195192590106861,0.3687580616026073,0.3956757555244666,0.41140954710425937,0.41140954710425937,0.4665945495868363,0.4700791833592968,0.3035420740910738,0.5108268416582582,0.5492255169557758,0.4622107606455679,0.4622107606455679,0.19894461760945242,0.2302085195899472,0.2428499719089864,0.2814949498764906,0.040762336439667535
U0127,0.5775212488243388,0.540368818933209,0.39709146192216793,0.5435857269332637,0.40755347323808355,0.46118543906295983,0.45256517126972834,0.5750876157634552,0.6743649351284153,0.5323173017788401,0.45728264909653094,0.49047151604803896,0.44094192171711893,0.5869735692057549,0.6292745307615225,0.9078452718521282,0.7256337927285529,0.5110316111071055,0.5455330024504532,0.5161852114478354,0.4952566729046101,0.4904715160480389,0.4904715160480389,0.3134360182765631,0.5696328846784995,0.5303977292886187,0.4904715160480389,0.5579045196508582,0.8274989339920774,0.8291450407178091,0.4706940387585634,0.4659088819019922,0.5011629195001917,0.4706940387585634,0.6131356453202182,0.592121019444815,0.5853848168977152,0.5805996600411439,0.5805996600411439,0.5805996600411439,0.5960521733159365,0.5246368837196728,0.48774122121897734,0.42607351697615653,0.5123647222083909,0.6424770054488536,0.5345040572844969,0.6589618336599757,0.6254277518940847,0.37422585375743356,0.4724977944555523,0.4952566729046101,0.7223071853654656,0.6763685791197981,0.5805996600411439,0.5805996600411439,0.5142467075044413,0.5446238623809943,0.3134360182765631,0.4952566729046101,0.5746296821175186,0.5736146759561561,0.573614477203859,0.5967456281155428,0.567686101318813,0.5805809272133315,0.6548952455183048,0.5508030271692601,0.5485763680651201,0.5426933152628334,0.701528841420478,0.6734417743725247,0.713396377866399,0.5262212028841681,0.5296404835098784,0.46677485968981625,0.4706940387585634,0.7005703470887286,0.5863732652436263,0.4821725110101046,0.5248488169857848,0.9125862496479982,0.5460178703126889,0.4952566729046101,0.5221743668264694,0.5379081584062622,0.5379081584062622,0.6980076028530694,0.5965777946612996,0.4971040610753183,0.5197834993265061,0.6077676756432928,0.5887093719475707,0.5887093719475707,0.20019825362706145,0.2224988996517302,0.3647946349958795,0.401775830115785,0.6359132698326355
U0128,0.38193147042072817,0.4744035976563537,0.3983856050254824,0.5267010777896751,0.44278918678988566,0.5925875099471903,0.4406171655780921,0.6384606759896643,0.6655256465886294,0.48079719405185867,0.515973282319806,0.47852351035640267,0.46772572391759243,0.5689051464752716,0.5484057586414991,0.3761414932219394,0.44243788803293954,0.49719779360404875,0.5335849967588171,0.5042372057561991,0.4833086672129739,0.47852351035640267,0.47852351035640267,0.30148801258492686,0.5393090942859804,0.5161259041811578,0.47852351035640267,0.6423072344692232,0.40809865254245764,0.5815740097602616,0.4587460330669272,0.45396087621035597,0.4892149138085554,0.4587460330669272,0.6014692885747388,0.5736605813649208,0.5734368112060789,0.5686516543495077,0.5686516543495077,0.5686516543495077,0.5736259979228397,0.5948462321552606,0.5460576405209279,0.4710695474860165,0.46430583293767674,0.35086180108382325,0.5306483355241673,0.6632964276707957,0.5261200620417842,0.5853913926594865,0.5595313773505177,0.4833086672129739,0.6461438835627775,0.5688384643077525,0.5686516543495077,0.5686516543495077,0.44300734516314044,0.5646460302284602,0.30148801258492686,0.4833086672129739,0.5810709074730828,0.5366076367780164,0.5759328342262132,0.6045034617102591,0.5586270781740443,0.5113954772013026,0.5475012421003776,0.5388550214776239,0.5407121748196587,0.5307453095711971,0.465955190824068,0.7006451285078094,0.7226961941224894,0.5676547258767455,0.5202724862969239,0.5661303461304728,0.4587460330669272,0.6577165854457784,0.5414850481563919,0.4816619552853914,0.4879928295557707,0.5078540973394894,0.5340698646210527,0.4833086672129739,0.5102263611348332,0.5259601527146259,0.5259601527146259,0.587276177797476,0.5846297889696634,0.4933487577122583,0.4948472337703105,0.7505975355622663,0.5767613662559344,0.5767613662559344,0.7194082741393697,0.3194515826696126,0.28369307443211744,0.4147902843699762,0.2970004049542193
U0129,0.35912647212350457,0.3043837224199793,0.25767475558931846,0.386753329884407,0.260331180364206,0.6449511184052393,0.30002543593249775,0.4529018008603831,0.5075081403425893,0.39402808285682944,0.36406139131716897,0.3379317807108083,0.3014653178336058,0.44042270682994505,0.4931081211320326,0.19578620977478345,0.25458671915947817,0.2980197357238489,0.3929932671132227,0.36364547611060477,0.34271693756737953,0.3379317807108083,0.3379317807108083,0.16089628293933245,0.3511569183016269,0.377013560908887,0.3379317807108083,0.4068262412475102,0.5575082396885527,0.5785379423089201,0.3181543034213328,0.31336914656476156,0.34862318416296106,0.3181543034213328,0.46922353303795644,0.4346497515362538,0.4328450815604845,0.42805992470391335,0.42805992470391335,0.42805992470391335,0.43416427933964047,0.47190239255291144,0.3167848029417358,0.35638478460420026,0.3105550983057914,0.33749998203972786,0.4599681922768495,0.37790996562346446,0.47241211666182925,0.24849177294485444,0.2796897286685835,0.34271693756737953,0.7495818158379122,0.37770620424283674,0.42805992470391335,0.42805992470391335,0.36792703498014256,0.4051627394121938,0.16089628293933245,0.34271693756737953,0.45935603439046513,0.378468636535762,0.4340230137859035,0.3874311358986184,0.44051247538820026,0.35111648264947104,0.5239931574872874,0.3982632918320295,0.4094995730537934,0.3901535799256028,0.5149177767162553,0.5299606883363623,0.5982717263035779,0.4499450150631831,0.3869926432565498,0.410292189100015,0.3181543034213328,0.5104888355683392,0.3873919558286639,0.33403923422260207,0.3291778619321367,0.47665192423816305,0.3934781349754583,0.34271693756737953,0.3696346314892388,0.3853684230690316,0.3853684230690316,0.4076791942610203,0.44403805932406903,0.3504142920578691,0.3660245288817774,0.5541378719165224,0.4361696366103401,0.4361696366103401,0.32807093611699145,0.19613106678714326,0.1368965669184422,0.013559415350193782,0.2673094438777316
U0130,0.5767229464146487,0.7493521424972076,0.5748286765059285,0.4705295802173265,0.36639252317696624,0.37215177179702885,0.38230346185674924,0.5270176693490796,0.5885913212357271,0.42523641222600184,0.4543894451259161,0.42020980663505986,0.4134579456499303,0.5322247533295996,0.47862311925485723,0.324709370570091,0.4854182257245177,0.44889231700174337,0.4752712930374742,0.4459235020348563,0.424994963491631,0.42020980663505986,0.42020980663505986,0.243174308863584,0.34361721415417473,0.45810547357733616,0.42020980663505986,0.5517223728567351,0.569471528254766,0.6738350493017589,0.4004323293455843,0.39564717248901315,0.4309012100872126,0.4004323293455843,0.577043705292885,0.5174032472380204,0.5151231074847361,0.5103379506281649,0.5103379506281649,0.5103379506281649,0.517339487436058,0.5545667320368608,0.5148301569287023,0.48068324126444795,0.41431427162127027,0.5418532383065877,0.6136943653713558,0.4164996840912985,0.5440513477676102,0.41764317868090617,0.38674098769493453,0.424994963491631,0.6701164236187357,0.5616244114911093,0.5103379506281649,0.5103379506281649,0.3795479698271229,0.48888217513663584,0.243174308863584,0.424994963491631,0.39204489580543017,0.5329499667288182,0.5265105269463656,0.48165376352646094,0.4932225721969949,0.4729286839548378,0.6028507709893399,0.480541317756281,0.4764768542000387,0.4724316058498543,0.6249271519131555,0.6458513098887902,0.5053555177498826,0.46262264054345476,0.5314027120259118,0.4585869602338189,0.4004323293455843,0.6059730446655932,0.48233536251701686,0.411033537254372,0.4649560026098637,0.5384822554480372,0.47575616089970985,0.424994963491631,0.45191265741349035,0.4676464489932831,0.4676464489932831,0.5654392105300561,0.5263160852483205,0.44598095616220723,0.4640646550244326,0.4208787939706798,0.5184476625345916,0.5184476625345916,0.10180601834088071,0.348359471891023,0.2710640425472624,0.1742951585902648,0.19986720087208143
U0131,0.3324020874735861,0.3286978789739969,0.4595403902441826,0.38541385799234623,0.2926638885510707,0.28704617712581987,0.29601427939274255,0.4909163743509342,0.5083835324755636,0.40136028034203713,0.5637231955333498,0.33392062417105317,0.33944998457772624,0.4246386966688398,0.30469187230429806,0.15982487170660026,0.3353242651496636,0.31611007689805937,0.3889821105734675,0.35963431957084957,0.33870578102762433,0.33392062417105317,0.33392062417105317,0.15688512639957725,0.2180733180838077,0.3724627810879181,0.33392062417105317,0.5106561259147112,0.45715885678775936,0.4965661097042907,0.31414314688157763,0.3093579900250064,0.34461202762320586,0.31414314688157763,0.47073024274014097,0.43059949506285466,0.42883392502072937,0.42404876816415815,0.42404876816415815,0.42404876816415815,0.431340844562357,0.529398999881699,0.3676867483749046,0.3017535016012086,0.2640836395530945,0.3150492725064403,0.32472592953258517,0.3817072630462969,0.4186422142979224,0.4966614882304909,0.25173037462887404,0.33870578102762433,0.5559507039738557,0.4094546546561766,0.42404876816415815,0.42404876816415815,0.40836764801886655,0.4212717374763748,0.15688512639957725,0.33870578102762433,0.7128721472826685,0.38723071114916063,0.4673201930134066,0.4778590766053293,0.5023047366264807,0.3205540151568648,0.5230067307736338,0.3942521352922743,0.39896208602289934,0.3861424233858476,0.4274366905106414,0.5418132213735334,0.5093162984991124,0.42785364867859627,0.37324646760258184,0.4092235351700925,0.31414314688157763,0.5287916869518708,0.3973162330168256,0.3314748226902706,0.34187684102273874,0.3760556378621268,0.3894669784357031,0.33870578102762433,0.36562347494948366,0.3813572665292764,0.3813572665292764,0.43635687725479216,0.44002690278431383,0.40408068913052614,0.37408799447553137,0.49040039570869176,0.43215848007058494,0.43215848007058494,0.5171254318748705,0.1507454957939951,0.13964868571039424,0.21953565142438974,0.15161090609772676
U0132,0.40508591322552506,0.360255908853951,0.3079640445772753,0.40580593131987147,0.30572334043426774,0.2557698184425058,0.313655483030913,0.4805087403225413,0.49614572778187715,0.4155993892839167,0.3091854151352726,0.35156182780922357,0.3591247444092817,0.4475986388297711,0.40193748662207196,0.3171018306856766,0.36068440146720887,0.35381355999672115,0.40662331421163794,0.37727552320902,0.3563469846657948,0.35156182780922357,0.35156182780922357,0.1745263300377477,0.2762272793393554,0.3858714564001737,0.35156182780922357,0.47313579521709714,0.3309393579452337,0.4658757906949928,0.3317843505197481,0.32699919366317687,0.3622532312613763,0.3317843505197481,0.4930857802754352,0.4478941658257776,0.4464751286588998,0.4416899718023286,0.4416899718023286,0.4416899718023286,0.44952906440003143,0.42618723137572345,0.39345148448632855,0.342315297643236,0.3110602649118063,0.4417524967133604,0.3399514950200455,0.40683191697964516,0.409509346225216,0.4120075812176006,0.38709402855793557,0.3563469846657948,0.5541668493727301,0.4607270517397022,0.4416899718023286,0.4416899718023286,0.3925967443512049,0.4564257253383681,0.1745263300377477,0.3563469846657948,0.7687747228021056,0.40662994078134795,0.46113917274553584,0.4756402572490336,0.4563882984976297,0.3532170830985404,0.4176365342975419,0.4118933389304448,0.4159092434627029,0.40378362702401804,0.5462986702412731,0.5416808053555099,0.48243483815937666,0.4196943508818291,0.4382920437116844,0.3763960673626883,0.3317843505197481,0.5542501173624165,0.4167447975752474,0.34292774978493423,0.42039180159647854,0.4302956032474575,0.40710818207387356,0.3563469846657948,0.3832646785876541,0.39899847016744683,0.39899847016744683,0.5362313423296028,0.4576681064224843,0.3898591234091882,0.43146293577594874,0.4245780538501464,0.44979968370875534,0.44979968370875534,0.21241463557217657,0.2427040361054041,0.21979798631296152,0.11201627209771159,0.2022316380307042
U0133,0.39244274385029937,0.40395794120683737,0.46320079239270157,0.42150487686048044,0.2875568780008825,0.28773987802011725,0.32817343675722294,0.48616823148335636,0.5564804576886682,0.377749806302695,0.8235335855447625,0.36607978153553355,0.3361267082929911,0.4567596153072045,0.33138875067623463,0.5311906873311236,0.5705937695092209,0.4133654672806563,0.42114126793794787,0.39179347693533,0.37086493839210477,0.36607978153553355,0.36607978153553355,0.18904428376405769,0.4461846714052005,0.40246862517817417,0.36607978153553355,0.41107955447612504,0.45029403517118605,0.5883743212837,0.346302304246058,0.34151714738948685,0.3767711849876863,0.346302304246058,0.48685931078609834,0.4646569898613502,0.46099308238520975,0.4562079255286386,0.4562079255286386,0.4562079255286386,0.46676483784377804,0.565830044918488,0.4353938007857107,0.30339248590923085,0.3499117193389595,0.34393727949202985,0.4411568424568847,0.5052219033951713,0.46199080864347625,0.39006049813598426,0.2971970354794013,0.37086493839210477,0.4114848406400471,0.4987172389004676,0.4562079255286386,0.4562079255286386,0.514448873412416,0.43953711631923714,0.18904428376405769,0.37086493839210477,0.30861727157853425,0.4697092056755703,0.4393908790110329,0.4459934029829141,0.46770099450042235,0.5163443370228844,0.5281185568309967,0.42641129265675476,0.410569365385659,0.418301580750328,0.40128073710146006,0.5686896261475086,0.5253260263961709,0.3465575957642501,0.3526430216159573,0.3542176816777662,0.346302304246058,0.5533162908111747,0.46025847951454546,0.3567192826864379,0.3564044274093381,0.5249010396118122,0.42162613580018354,0.37086493839210477,0.39778263231396405,0.4135164238937568,0.4135164238937568,0.5302468562290119,0.4721860601487943,0.360431692974355,0.343234921053867,0.35753382151457425,0.4643176374350653,0.4643176374350653,0.32260007604809526,0.16479315433103076,0.22650611258370484,0.302158945844866,0.4046217166500232
U0134,0.5413601494407259,0.5678474735276449,0.5090396351413807,0.5193848424290836,0.40687492016959775,0.3964470974942435,0.42820608864127957,0.5843925922082936,0.6239837909781418,0.47504254166692234,0.5260040545534943,0.4661124334195902,0.46018515565649054,0.5674925916093847,0.47929299280329263,0.3342560312807875,0.4943034245088651,0.4866354024832356,0.5211739198220046,0.4918261288193866,0.47089759027616135,0.4661124334195902,0.4661124334195902,0.2890769356481143,0.41659389153562265,0.5012495256490885,0.4661124334195902,0.5628513891223337,0.44053715918174574,0.6032288043745132,0.44633495613011465,0.44154979927354343,0.47680383687174294,0.44633495613011465,0.6070037471536486,0.5617856782808173,0.5610257342692664,0.5562405774126952,0.5562405774126952,0.5562405774126952,0.56199943443944,0.5834442255538693,0.5407304745160395,0.4754216769749424,0.43063097020400765,0.5030670060795772,0.5533201653353093,0.4835609353730108,0.5436706096153676,0.4888965904279203,0.4485162402406926,0.47089759027616135,0.6179808425333116,0.56569704115285,0.5562405774126952,0.5562405774126952,0.4973133870598785,0.5498950782167171,0.2890769356481143,0.47089759027616135,0.5441790298644664,0.5503030201476979,0.5571099459575457,0.5228480109454565,0.5345407181462859,0.5037089456153382,0.5598582070178955,0.5264439445408113,0.5210713516899501,0.5183342326343846,0.6036317417564935,0.6730422413494392,0.5452462561862652,0.49723694149711084,0.5276996253502236,0.48793320353285724,0.44633495613011465,0.6538370436600529,0.5294441831930647,0.45668672269161925,0.4982293764686575,0.4967413858254416,0.5216587876842401,0.47089759027616135,0.4978152841980207,0.5135490757778134,0.5135490757778134,0.6176563718717512,0.5722187120328509,0.4730072417970902,0.49992440901522206,0.44728230345795267,0.5643502893191219,0.5643502893191219,0.24788059696407122,0.38647166281373846,0.32233575414664806,0.23023641994834163,0.2653497333011632
U0135,0.4603638633202819,0.49019611329692964,0.3741881443224596,0.4748288448248818,0.3654946586689054,0.47476237760567797,0.38230346185674924,0.5381345175540847,0.5888319680966863,0.38258866823421933,0.4127930730621852,0.42020980663505986,0.4117265581499085,0.518551246506122,0.5203763552897114,0.2838486736513418,0.44741027408307676,0.4827925507529632,0.4752712930374742,0.4459235020348563,0.424994963491631,0.42020980663505986,0.42020980663505986,0.243174308863584,0.5047668832073884,0.45636238192426276,0.42020980663505986,0.5401250750497715,0.27689340110280847,0.5165299582031188,0.4004323293455843,0.39564717248901315,0.4309012100872126,0.4004323293455843,0.5360108395227091,0.5139595977776928,0.5151231074847361,0.5103379506281649,0.5103379506281649,0.5103379506281649,0.5141732030610242,0.4913507043645593,0.5173358494775255,0.4029100790294263,0.4079204444494299,0.3836448017705318,0.5185918400370249,0.48375247152876266,0.506922705920722,0.4290615214398113,0.5243536768607449,0.424994963491631,0.4936731010651202,0.5307376291730543,0.5103379506281649,0.5103379506281649,0.5058611959499044,0.5127355842084136,0.243174308863584,0.424994963491631,0.3823809934641105,0.5025389270886292,0.49625529090414655,0.45491204825000575,0.4821844418716077,0.48729424331274207,0.4321237000090748,0.480541317756281,0.470490750359717,0.4724316058498543,0.46984573876249797,0.6361010677705485,0.48969357700824956,0.46272487976176735,0.4782151554562035,0.4566391868774933,0.4004323293455843,0.6152730049363669,0.48494339211417664,0.41397687511929426,0.4427167277305367,0.4222897132770265,0.47575616089970985,0.424994963491631,0.45191265741349035,0.4676464489932831,0.4676464489932831,0.5833997852008792,0.5263160852483205,0.4012208466840116,0.455547451379674,0.43083836992910396,0.5184476625345916,0.5184476625345916,0.21548954015244015,0.3529578656227417,0.2856986004653984,0.33290181748164926,0.3544936639945229
U0136,0.38752345917872566,0.19729745643339788,0.27682786339801035,0.46118252689610995,0.3242689838305307,0.8114721605896362,0.36466225821857884,0.5365088316423107,0.6042155169187321,0.37552286995168505,0.5710342672081564,0.4025686029968894,0.3870336045230038,0.5004744709724069,0.5217872366123839,0.15990097929723007,0.40235031746737815,0.552497572417433,0.4576300893993038,0.42828229839668586,0.40735375985346056,0.4025686029968894,0.4025686029968894,0.22553310522541353,0.6416148379333448,0.4389342814927397,0.4025686029968894,0.4758254915095242,0.219048859139033,0.43980575356737217,0.38279112570741386,0.3780059688508427,0.41326000644904215,0.38279112570741386,0.5639841751976726,0.4950790751335781,0.49748190384656565,0.49269674698999444,0.49269674698999444,0.49269674698999444,0.49383396145534997,0.5929111904907609,0.5429175404393024,0.43222520564973343,0.3524142163197086,0.2619716810517259,0.5954806386261842,0.5942937074168854,0.527597914263919,0.40492650934279,0.4807267410720871,0.40735375985346056,0.594221392046867,0.4475554614046342,0.49269674698999444,0.49269674698999444,0.7072025770175202,0.49771437793764706,0.22553310522541353,0.40735375985346056,0.34063517671378224,0.46735731196157504,0.4606704301542219,0.40158063662390253,0.48420512618148337,0.4794318938997629,0.4629695130161125,0.46290011411811055,0.45676664583437804,0.4547904022116838,0.462335347778614,0.5996176405786504,0.5948511674915593,0.4813964173108106,0.3758970302371321,0.5096724584487743,0.38279112570741386,0.60302134323278,0.46809383672574556,0.4036948336696361,0.3932814946840508,0.37110899864451197,0.4581149572615394,0.40735375985346056,0.4342714537753199,0.45000524535511266,0.45000524535511266,0.5795393969712106,0.5086748816101501,0.362810904889564,0.43894791276022327,0.5072541458859988,0.5008064588964212,0.5008064588964212,0.5998511323514532,0.7719581471784129,0.27802495197887056,0.31516878338879695,0.5346488105856405
U0137,0.5829133126080733,0.47444688150344405,0.4490043392383292,0.5155903820480657,0.43812760863252775,0.41646795860872915,0.4282310565321167,0.5978537093190773,0.6656996065902757,0.4378719090452549,0.38595103365079714,0.46613740131042725,0.4840322230868984,0.5587140609026143,0.6841276992067647,0.2787185783398283,0.540261721741625,0.4507671361164147,0.5211988877128416,0.4918510967102237,0.47092255816699846,0.46613740131042725,0.46613740131042725,0.2891019035389514,0.5740322953885839,0.5118299945194787,0.46613740131042725,0.7663127426859626,0.5765695513328435,0.639024718906144,0.4463599240209517,0.44157476716438054,0.47682880476258,0.4463599240209517,0.5459299206284352,0.5589690986122255,0.5610507021601034,0.5562655453035323,0.5562655453035323,0.5562655453035323,0.5607905726715905,0.4539092874698698,0.586503679707261,0.39301016195771477,0.4952210623601812,0.46114974936839115,0.4168887323481049,0.471620013319213,0.5694643671280099,0.5891469083050446,0.659088883791094,0.47092255816699846,0.504357763387118,0.618253456452429,0.5562655453035323,0.5562655453035323,0.4891520371646271,0.5538438138907569,0.2891019035389514,0.47092255816699846,0.48367830435788367,0.5318265145367449,0.5658902611461843,0.49225311203385824,0.5570646496666393,0.5674784131328386,0.4824821433484413,0.5264689124316484,0.5176146236732168,0.5183592005252217,0.46693253738553214,0.7028330423813951,0.5446700228213276,0.6231318552116744,0.549012454736939,0.5580325414015271,0.4463599240209517,0.7095374493308924,0.5230799408694905,0.4695754811267639,0.4668188255390338,0.4948890082463875,0.5216837555750773,0.47092255816699846,0.49784025208885774,0.5135740436686504,0.5135740436686504,0.5660311768322168,0.572243679923688,0.4672495217594917,0.5891549309261844,0.6252570763768445,0.564375257209959,0.564375257209959,0.3502381010030819,0.26647815986656104,0.3020525795662047,0.8662862588585901,0.2775685238553306
U0138,0.385139764417305,0.2845978019204085,0.3256601289819015,0.4248071360266334,0.2953129586475731,0.4221196046098658,0.33008086130537584,0.48140250442670546,0.5595630015106833,0.3265201507057285,0.4407460340124011,0.3679872060836864,0.3408807713909755,0.4583427299699625,0.4368956225623851,0.3066638729946406,0.48647559564516885,0.43920575449458177,0.4230486924861007,0.39370090148348286,0.37277236294025756,0.3679872060836864,0.3679872060836864,0.19095170831221053,0.4880575065386248,0.40756345486280326,0.3679872060836864,0.4896232744268623,0.3592070963700398,0.5037609072296365,0.34820972879421086,0.34342457193763964,0.37867860953583915,0.34820972879421086,0.47173763542807384,0.46313349239331036,0.4629005069333626,0.45811535007679144,0.45811535007679144,0.45811535007679144,0.46435623689991185,0.45318450595266796,0.4352539276016683,0.2768252713372279,0.3333121742109218,0.2950342960859455,0.4068493759115227,0.46151027965156216,0.48703393918848603,0.3727342261752229,0.39120017893254966,0.37277236294025756,0.4057273600771836,0.4743792676997167,0.45811535007679144,0.45811535007679144,0.5501065190364227,0.43969558859734065,0.19095170831221053,0.37277236294025756,0.3033369034500397,0.441717823125873,0.44135208285082017,0.39516054835395176,0.4565120411580982,0.4268009405203883,0.42592055654581223,0.42831871720490755,0.41529283686886687,0.4202090052984808,0.37842793863950236,0.572335399083695,0.4495494975572284,0.41064802776169007,0.3511676001964107,0.39830538135086363,0.34820972879421086,0.5797437631438024,0.4463851201466971,0.3641982989636189,0.34698603469512584,0.4530911796001529,0.4235335603483364,0.37277236294025756,0.3996900568621169,0.41542384844190966,0.41542384844190966,0.5288633094375248,0.4740934846969471,0.34736018624239234,0.3775541087052122,0.38051968576264816,0.46622506198321817,0.46622506198321817,0.2466966157024498,0.261649987289725,0.22471223921904004,0.44019989254382974,0.4524190621919375
U0139,0.3576820929673854,0.3194961364281206,0.25148686154565386,0.435690712846024,0.30005669795779066,0.4278598477050398,0.3394108400085535,0.4829553204697621,0.5659531652001099,0.3433368246634003,0.4749991236749398,0.3773171847868641,0.3363084336482026,0.46466736646882,0.4688756063610428,0.6089438228493981,0.5725848093701155,0.4786808800401844,0.4323786711892785,0.40303088018666056,0.38210234164343526,0.3773171847868641,0.3773171847868641,0.20028168701538823,0.5792893072229496,0.4141613866496579,0.3773171847868641,0.4400397888063988,0.32511473554238196,0.5335371999542498,0.3575397074973886,0.3527545506408174,0.38800858823901685,0.3575397074973886,0.47575770542708296,0.47450612424232236,0.47223048563654035,0.46744532877996914,0.46744532877996914,0.46744532877996914,0.47722283590534154,0.4406787446741562,0.4326793793090263,0.27217218318334885,0.37483953447215446,0.3277870861647299,0.4232997393232215,0.5848429562030545,0.4814639340660465,0.33090129748314046,0.45598095998645866,0.38210234164343526,0.38215433849113567,0.5277094017379191,0.46744532877996914,0.46744532877996914,0.5608164354706925,0.45664954785789774,0.20028168701538823,0.38210234164343526,0.31971773840207407,0.46122548848062905,0.43564024538888824,0.44853413296840344,0.4541910764255714,0.48862301218009624,0.40640992950698446,0.4376486959080853,0.42248699427445213,0.4295389840016586,0.38945043859727935,0.5719704785668509,0.5172142324030559,0.3766028800635602,0.36450388022157104,0.36467569169023784,0.3575397074973886,0.5826990512561973,0.4745768279022862,0.3707444273263316,0.382602730693367,0.5772538918087812,0.4328635390515141,0.38210234164343526,0.4090200355652946,0.42475382714508736,0.42475382714508736,0.5978138529886614,0.4834234634001248,0.34578413060421964,0.36878168122663346,0.4084673189648955,0.47555504068639587,0.47555504068639587,0.22578710732712526,0.20406582877180082,0.2642597534481768,0.4052860184983016,0.621162844253409
U0140,0.4528101025966135,0.3510326466295919,0.2245713118518817,0.40010047192430137,0.3015529873412534,0.4829604853837024,0.31365548303091306,0.47095650453481236,0.5614065965621167,0.3275912533709795,0.26760510426474415,0.35156182780922357,0.34469980489182056,0.4511550972555757,0.6120026525669162,0.32711324697558275,0.4432983210603467,0.376555806552759,0.40662331421163794,0.37727552320902,0.3563469846657948,0.35156182780922357,0.35156182780922357,0.1745263300377477,0.5644787945105673,0.3952178721170506,0.35156182780922357,0.5565545251919526,0.4798854627943193,0.5598525795895214,0.3317843505197481,0.32699919366317687,0.3622532312613763,0.3317843505197481,0.4662211651384103,0.4460772668211438,0.4464751286588998,0.4416899718023286,0.4416899718023286,0.4416899718023286,0.4473672386416792,0.3648861775664284,0.48464084254377404,0.35066905117835356,0.4070171580818446,0.3603425319843243,0.42995986158750144,0.48125925398806507,0.4618511452630633,0.3608355614555585,0.5422132617261834,0.3563469846657948,0.507871601717887,0.5055034971952348,0.4416899718023286,0.4416899718023286,0.347714240483694,0.42767931509869694,0.1745263300377477,0.3563469846657948,0.2078766584055723,0.4295555064496556,0.4229449964403169,0.3642685925081952,0.38625806366117904,0.4990063855447223,0.3983358787740028,0.4118933389304448,0.4056372035375913,0.40378362702401804,0.42005986846314225,0.5764301591714032,0.5502776585958049,0.486840627235414,0.420029089259078,0.4409382772997333,0.3317843505197481,0.576881075807387,0.41502398476048324,0.3554156258561554,0.3630153379830832,0.48305811325018055,0.40710818207387356,0.3563469846657948,0.3832646785876541,0.39899847016744683,0.39899847016744683,0.4816744226290054,0.4576681064224843,0.3195603770553413,0.4535565529489126,0.5728329574570868,0.44979968370875534,0.44979968370875534,0.2841759956903041,0.3332036987202428,0.20513710378740976,0.5843440647733524,0.23570321847941594
U0141,0.390453801784408,0.3420483676751688,0.3268827603500547,0.4206631778665003,0.3176197198040527,0.27221286491941615,0.328173436757223,0.4951895168258573,0.5146563702435655,0.39914246282958427,0.36863813279312363,0.36607978153553355,0.36768144227997995,0.45769057351847364,0.40699967083023453,0.27341441085869284,0.37249890803990826,0.36165342804107403,0.42114126793794787,0.39179347693533,0.37086493839210477,0.36607978153553355,0.36607978153553355,0.18904428376405769,0.32035950837673816,0.401267212023774,0.36607978153553355,0.49263988356451827,0.29995559183958953,0.46099560256974936,0.346302304246058,0.34151714738948685,0.3767711849876863,0.346302304246058,0.4801111698640687,0.4613155713356172,0.46099308238520975,0.4562079255286386,0.4562079255286386,0.4562079255286386,0.4627792575770905,0.4332456277599464,0.400344369809288,0.31313322293097506,0.3229711247347481,0.3839521976197807,0.3285736419351271,0.3952565257943524,0.4240220713858859,0.4298373355590132,0.40515314107068967,0.37086493839210477,0.4788794569172612,0.46224762184645346,0.4562079255286386,0.4562079255286386,0.43402977342733245,0.467608808218289,0.18904428376405769,0.37086493839210477,0.67768111068415,0.41911246454907414,0.46743045902432107,0.4635452177571999,0.47172715401733645,0.3771141026778327,0.4019980222361219,0.42641129265675476,0.42499348426238737,0.418301580750328,0.47046446256171487,0.562324773827779,0.4579652689554378,0.4245363562787373,0.4278582108432233,0.3851133405167619,0.346302304246058,0.5667793810587939,0.4308164113021821,0.3577926351311138,0.40394095914840017,0.39457447118240185,0.42162613580018354,0.37086493839210477,0.39778263231396405,0.4135164238937568,0.4135164238937568,0.5240283210147066,0.4721860601487943,0.3889552142274283,0.4211064527199292,0.40715266838375525,0.4643176374350653,0.4643176374350653,0.2191902251237548,0.16270623113236304,0.22038947337807124,0.21402765164852725,0.23733319173110515
U0142,0.3630621468477112,0.3839408385422852,0.24063968594547816,0.41509282152629773,0.2982601262729041,0.6351413018521512,0.32606655996772554,0.4795887604779208,0.5295658730772179,0.3433943566428124,0.37648383374837247,0.3639729047460361,0.33767171014675196,0.46367491993601745,0.542259719445197,0.17538940343566944,0.2863824820378982,0.3723868610462233,0.4190343911484505,0.38968660014583256,0.3687580616026073,0.3639729047460361,0.3639729047460361,0.18693740697456024,0.489833461008559,0.4007209953874709,0.3639729047460361,0.4415596152771262,0.2829361876410117,0.4970899564570034,0.3441954274565606,0.3394102705999894,0.37466430819818886,0.3441954274565606,0.46295995055488515,0.4573622641616788,0.45888620559571236,0.45410104873914114,0.45410104873914114,0.45410104873914114,0.4566333619085499,0.4442278248333351,0.4064305727803891,0.359471907312883,0.36553341710434634,0.2771500901117833,0.49382603508596545,0.41090039966553726,0.46380899151080235,0.29293046038415216,0.4617944939237016,0.3687580616026073,0.5514381899568317,0.4262149687676441,0.45410104873914114,0.45410104873914114,0.41999489072077845,0.45239438120778525,0.18693740697456024,0.3687580616026073,0.27767027524324794,0.4235418210535662,0.4325876047164768,0.37391918935998486,0.42632348333245706,0.4403861756462302,0.3970705336699079,0.4243044158672573,0.4214409205949814,0.4161947039608306,0.402408079984466,0.5753939383739191,0.5221594698200325,0.4363871753192974,0.4238168734909411,0.41788691865772115,0.3441954274565606,0.5362153638643379,0.41513404770156925,0.35882748870070963,0.3586576980433249,0.36614798475488053,0.4195192590106861,0.3687580616026073,0.3956757555244666,0.41140954710425937,0.41140954710425937,0.45901094541513443,0.4700791833592968,0.33211099223336094,0.38354251542377094,0.4795078682357307,0.4622107606455679,0.4622107606455679,0.23446123763792964,0.20817299514145654,0.1912058871884733,0.16901053297136287,0.309587569987969
U0143,0.4369285608705663,0.5802805311757993,0.47295985384989314,0.4755283377377546,0.3647610852071208,0.4662648844691359,0.38309316768195173,0.5377102676957436,0.5866887058765726,0.39508785240515654,0.4777043206404143,0.42099951246026235,0.40044259723139297,0.5186073061394405,0.46777820578853896,0.31679850630913553,0.4562949006297782,0.47579227386712863,0.4760609988626767,0.4467132078600588,0.42578466931683356,0.42099951246026235,0.42099951246026235,0.24396401468878648,0.4233771758140951,0.45763106868010484,0.42099951246026235,0.5356596831480176,0.3777791700484542,0.5776063761396788,0.4012220351707868,0.39643687831421565,0.4316909159124151,0.4012220351707868,0.5322684797086865,0.5166462773580089,0.5159128133099385,0.5111276564533673,0.5111276564533673,0.5111276564533673,0.5169083845557904,0.5367632999225584,0.46650382371411414,0.38106696133737666,0.38741921191904194,0.38710289225963634,0.5322210627535253,0.4643769713926536,0.5338642280704097,0.4273796951483034,0.4291029246085629,0.42578466931683356,0.5380236142111906,0.5291846534738418,0.5111276564533673,0.5111276564533673,0.5096562211803046,0.5019220871968579,0.24396401468878648,0.42578466931683356,0.4415296609815398,0.5059732952656124,0.5182054628867485,0.49749498475788784,0.5297185529727266,0.4428430777776579,0.512672861448842,0.48133102358148355,0.4738876114701297,0.47322131167505677,0.47344282646826563,0.6384921918792419,0.48910107539582226,0.4456218497494329,0.47583349547000936,0.44722864114498384,0.4012220351707868,0.6030665730952328,0.4901632480086894,0.4128323518081345,0.4321864490724337,0.48006064816594685,0.47654586672491234,0.42578466931683356,0.45270236323869284,0.4684361548184856,0.4684361548184856,0.5695154790037927,0.5271057910735231,0.4352337382521434,0.41633554064330375,0.42645488283542293,0.5192373683597942,0.5192373683597942,0.2185085017077671,0.20831292597016876,0.2618328985102899,0.24697602822679887,0.4210581521830737
U0144,0.3425297940389882,0.3599610881476352,0.3212592359905394,0.4159068179926393,0.3284674160376596,0.2636534140259733,0.328173436757223,0.5105717199304229,0.5767066914826843,0.3151477195696228,0.30322660799643725,0.36607978153553355,0.3560561864980336,0.4541637533597085,0.41473382209509496,0.3447783158031895,0.4951861624778765,0.41744888932962676,0.42114126793794787,0.39179347693533,0.37086493839210477,0.36607978153553355,0.36607978153553355,0.18904428376405769,0.4546332022228727,0.40777090945435157,0.36607978153553355,0.5942126677108928,0.3657878526621772,0.49106260327832785,0.346302304246058,0.34151714738948685,0.3767711849876863,0.346302304246058,0.48149614884740954,0.46167417859128,0.46099308238520975,0.4562079255286386,0.4562079255286386,0.4562079255286386,0.46303521463327635,0.411188517710638,0.48404064076077224,0.3050181940538648,0.36306903036324806,0.27782367638294936,0.36245301833369065,0.5484714681032387,0.42536494220975096,0.4987659816010703,0.45485361295551247,0.37086493839210477,0.3754500652164096,0.5182306418152652,0.4562079255286386,0.4562079255286386,0.3295055865939842,0.4303183961999586,0.18904428376405769,0.37086493839210477,0.2926293842194952,0.44903157875583644,0.4539334782028434,0.4562523299175592,0.4106079956021082,0.41985027947378506,0.40832611894413395,0.42641129265675476,0.41591788012338843,0.418301580750328,0.32419871381685317,0.5967883197087462,0.5078786936318832,0.4404680173147231,0.37641531271872736,0.4321722067047541,0.346302304246058,0.582606837114595,0.44422796887055954,0.37092168802521175,0.3659393363997605,0.4555716570915361,0.42162613580018354,0.37086493839210477,0.39778263231396405,0.4135164238937568,0.4135164238937568,0.5136656924186324,0.4721860601487943,0.36230099805268473,0.39405890252549686,0.5377581221563559,0.4643176374350653,0.4643176374350653,0.43459335130165355,0.22570568950325262,0.198212001990494,0.6075472277184195,0.18065497846354694
U0145,0.5184604030730705,0.429808283293732,0.421656756377224,0.47831590165556104,0.3624525110222376,0.4671016167191425,0.38799665980328346,0.5463595687515235,0.6261908913683265,0.40877835650849975,0.2623926559349534,0.4259030045815941,0.41439492768024444,0.5317453175281808,0.4681875219732392,0.24752486667916773,0.5037494615723348,0.5150396388433627,0.4809644909840084,0.4516166999813905,0.43068816143816524,0.4259030045815941,0.4259030045815941,0.24886750681011818,0.42292034073031576,0.4663791236358629,0.4259030045815941,0.5936796432317349,0.5354774973351939,0.5773986069982617,0.40612552729211854,0.4013403704355473,0.43659440803374683,0.40612552729211854,0.6153257593486487,0.5220737482604599,0.5208163054312702,0.5160311485746991,0.5160311485746991,0.5160311485746991,0.5215931197922655,0.5345235348009254,0.5537704424676111,0.47711431966099743,0.3755454349330027,0.46690046389918044,0.5691070336388375,0.5402539819839981,0.5447685538861382,0.4619856692514711,0.38347216782944343,0.43068816143816524,0.6871583881054796,0.5345819554767722,0.5160311485746991,0.5160311485746991,0.4528300704251884,0.4776399211570601,0.24886750681011818,0.43068816143816524,0.4050916487744672,0.5116552140412848,0.5198415511601642,0.46498478637264773,0.46358389758415774,0.40621276647490906,0.5743804516871872,0.48623451570281523,0.485193831313539,0.4781248037963885,0.6203492504892534,0.6348645473545529,0.5558905403124704,0.5136010461900792,0.44356364800640385,0.5155921407719333,0.40612552729211854,0.6425056977990231,0.4912059161437357,0.42731140545262974,0.44869034399993973,0.5392117692842997,0.48144935884624407,0.43068816143816524,0.45760585536002457,0.4733396469398173,0.4733396469398173,0.6013024662281052,0.5320092831948547,0.4314274690113002,0.4827981364491041,0.514600168665908,0.5241408604811258,0.5241408604811258,0.3709850713174932,0.6784833624198015,0.28260539977506444,0.3521114253398996,0.2323441869942129
U0146,0.4623056131037908,0.9526351452885856,0.6883949347159343,0.4673519084018757,0.3899539532990486,0.3743946855378819,0.37848216548117086,0.5532759708509223,0.5884423832780707,0.36120087300263465,0.5763278016220095,0.4163885102594814,0.4184851072999122,0.5264118447653734,0.37666012583369846,0.24333989108536033,0.45419671601705236,0.5288061806660377,0.4714499966618958,0.4421022056592779,0.42117366711605264,0.4163885102594814,0.4163885102594814,0.23935301248800558,0.33949708285261493,0.45085299196685424,0.4163885102594814,0.57339985878909,0.28641211605731026,0.5820579025536412,0.39661103297000594,0.3918258761134347,0.42707991371163423,0.39661103297000594,0.5741456782287877,0.5122057041872242,0.5113018111091576,0.5065166542525865,0.5065166542525865,0.5065166542525865,0.5106453958188844,0.6293753380170617,0.5646998624055592,0.49476016053940786,0.4008948269591752,0.4011716862864708,0.7035162802614601,0.48677367085878265,0.5123946693923589,0.5209583801975435,0.42787992325542523,0.42117366711605264,0.5423668724031938,0.5696464385325684,0.5065166542525865,0.5065166542525865,0.3750709776132406,0.49902469488982004,0.23935301248800558,0.42117366711605264,0.2831826731081381,0.5603486045395663,0.5321225909040178,0.5375814472997671,0.5063972537390313,0.45909731581376145,0.5705354425102938,0.47672002138070263,0.46539235534914064,0.4686103094742759,0.4706405846055173,0.6764242489643324,0.4606418707547023,0.4032716918972381,0.5378330494141331,0.47110379518682083,0.39661103297000594,0.5734288163030831,0.48388558466549736,0.40858710356821165,0.46654905715475703,0.40546557352848067,0.47193486452413147,0.42117366711605264,0.448091361037912,0.46382515261770474,0.46382515261770474,0.5764803796666209,0.5224947888727421,0.4568301123135752,0.3967472046048412,0.3969441239473632,0.5146263661590132,0.5146263661590132,0.2551099144752588,0.33097251021488033,0.25679504566508027,0.13703804382412899,0.20191736902025498
U0147,0.44734676131004164,0.8091792887023486,0.46723867471009284,0.45820109727141456,0.37424084712301825,0.511538071446269,0.3703804240559501,0.5306580611009871,0.5697575393478822,0.36024784254052966,0.39504811312114274,0.4082867688342607,0.4013759269350944,0.5167351590862459,0.5256046826505768,0.27666270285529004,0.38252653373249496,0.47578169237256707,0.46334825523667506,0.43400046423405714,0.4130719256908319,0.4082867688342607,0.4082867688342607,0.23125127106278484,0.4418234603136908,0.4431985268331205,0.4082867688342607,0.5409138229995323,0.2617749603541554,0.5652532700540872,0.3885092915447852,0.383724134688214,0.41897817228641343,0.3885092915447852,0.5332590787426872,0.5027833959961392,0.5032000696839369,0.4984149128273657,0.4984149128273657,0.4984149128273657,0.5017646076196398,0.5150582032142574,0.5168136950508067,0.46598005041090595,0.42998896668615527,0.3919942202778838,0.6453875959915599,0.473756029468183,0.4996297854387842,0.413247298613151,0.53687819477614,0.4130719256908319,0.562769531760457,0.547417288426324,0.4984149128273657,0.4984149128273657,0.3530126898270557,0.501277371896757,0.23125127106278484,0.4130719256908319,0.2833077869228197,0.5205451899525783,0.5022245118069862,0.48855768323422033,0.47047568869880113,0.48084960548743433,0.4692425470167597,0.4686182799554819,0.4615747545911324,0.46050856804905516,0.46656901379348126,0.6538569364215293,0.49987749712386065,0.43587637963068715,0.5465795289621832,0.4580682042116895,0.3885092915447852,0.5700035537245273,0.466459750481297,0.4009195101362197,0.4582752931265131,0.4173763840034811,0.46383312309891067,0.4130719256908319,0.43998961961269123,0.45572341119248394,0.45572341119248394,0.5529569211435574,0.5143930474475213,0.41367896066577836,0.42154434499485616,0.46674576451249544,0.5065246247337925,0.5065246247337925,0.16413322247886108,0.25277309652077423,0.25245740781904724,0.15237775305080675,0.25913060854065156
U0148,0.5745530916744473,0.5537764362317986,0.43270721375541266,0.553484913651886,0.4391804954887825,0.56833346467505,0.4544725958178812,0.6084863074931097,0.6724311677292342,0.4448259516677366,0.48140819843709215,0.49237894059619175,0.4986619805483552,0.5931698881599743,0.6064294189037944,0.46243662391192003,0.6212040223925333,0.6760846352308921,0.5474404269986062,0.5180926359959882,0.49716409745276297,0.49237894059619175,0.49237894059619175,0.31534344282471594,0.6672583512844654,0.526879704837108,0.49237894059619175,0.6157834148765269,0.2389012203200338,0.5415110574614234,0.47260146330671626,0.46781630645014505,0.5030703440483445,0.47260146330671626,0.6466294921633468,0.5860672797946236,0.587292241445868,0.5825070845892968,0.5825070845892968,0.5825070845892968,0.5870028142790745,0.5788211689116458,0.6714738058325512,0.5046011443102413,0.47790682599354306,0.5088384520779333,0.6493261443936356,0.6608152672964642,0.5965745315089144,0.5247473059904797,0.6729274978457103,0.49716409745276297,0.5370981859022909,0.649238522420504,0.5825070845892968,0.5825070845892968,0.7231302006582081,0.6027661490372271,0.31534344282471594,0.49716409745276297,0.5042410047042815,0.5955995428842686,0.5623756157480084,0.541596277461208,0.5610200192302246,0.5850043335107258,0.4778657679446334,0.552710451717413,0.5380663045886972,0.5446007398109862,0.6027842755520039,0.7021986478817132,0.5442285861948756,0.5206953715371955,0.548708842209647,0.53612603525335,0.47260146330671626,0.7137136845869918,0.5736127805127742,0.48650706994861903,0.5580091769119926,0.5284237155558636,0.5479252948608417,0.49716409745276297,0.5240817913746223,0.539815582954415,0.539815582954415,0.7686080627274277,0.5984852192094525,0.47126199292510706,0.564671369248058,0.44957550823942755,0.5906167964957235,0.5906167964957235,0.29860931351722086,0.746826958363157,0.4282563049208696,0.46813313847859206,0.6173392450605555
U0149,0.5600328019460636,0.4434253793349707,0.42115195643273856,0.5085717128807493,0.3855045571999349,0.3994128526638763,0.41747262415756425,0.5659546831307936,0.6195344570081127,0.44909838441674244,0.4901994456233889,0.4553789689358748,0.44890969618712345,0.5567385397098261,0.5092488826687269,0.2860776837399369,0.49002696942973595,0.4642519628803572,0.5104404553382892,0.48109266433567127,0.46016412579244603,0.4553789689358748,0.4553789689358748,0.27834347116439895,0.4788609399383979,0.4913752323481969,0.4553789689358748,0.5411246831724117,0.41098420752345577,0.5690090823338971,0.4356014916463993,0.4308163347898281,0.46607037238802757,0.4356014916463993,0.5904177696074079,0.5497007772010208,0.550292269785551,0.5455071129289799,0.5455071129289799,0.5455071129289799,0.5498786027766721,0.5353307630487908,0.5543920058166263,0.46274203180464446,0.434180279385349,0.48034627869156826,0.5224074302259298,0.459700482055361,0.5248479242504697,0.4476491575727659,0.4743724902109776,0.46016412579244603,0.5651621630874152,0.5447721488384483,0.5455071129289799,0.5455071129289799,0.49578174359817173,0.5370509184097159,0.27834347116439895,0.46016412579244603,0.41023577022633456,0.535163074933602,0.5221662683136017,0.44794931858240294,0.48066194309070176,0.5357079188573206,0.5003125508079778,0.515710480057096,0.5064499215217899,0.5076007681506692,0.5801995691398018,0.6574291183379118,0.526643825018742,0.49808785879573575,0.4963834125788774,0.4768000133100666,0.4356014916463993,0.6539515839057692,0.5148982322073804,0.44701428832019097,0.47316277603766727,0.4533865666672637,0.5109253232005249,0.46016412579244603,0.4870818197143053,0.502815611294098,0.502815611294098,0.5974323116355036,0.5614852475491355,0.4238006430156417,0.5085372609863069,0.41681504459994173,0.5536168248354066,0.5536168248354066,0.19626692710085952,0.4531118034734623,0.32249845235569474,0.3130025736052679,0.21050151811222498
U0150,0.3471780492281628,0.4547973700125759,0.47017439803429373,0.4038538069783989,0.2874372486074602,0.3216617981355633,0.313655483030913,0.4816886852439985,0.5283382006158082,0.3314533664349012,0.5310076107508584,0.35156182780922357,0.32822835474154577,0.4489989059871685,0.27753051183088695,0.16302397167474902,0.38485711277719614,0.3877169464241784,0.40662331421163794,0.37727552320902,0.3563469846657948,0.35156182780922357,0.35156182780922357,0.1745263300377477,0.2883637661611717,0.3880295963916452,0.35156182780922357,0.4490374193115689,0.34538036943631667,0.4966020212359087,0.3317843505197481,0.32699919366317687,0.3622532312613763,0.3317843505197481,0.48949057697112924,0.44777590578760873,0.4464751286588998,0.4416899718023286,0.4416899718023286,0.4416899718023286,0.44703925512517956,0.5383301466177908,0.41293503587571717,0.33860026468342175,0.2894859008278184,0.27831709540696375,0.4684384712103741,0.3997003486112569,0.4398783423699462,0.4034059503535797,0.23840430131598744,0.3563469846657948,0.4795706565137019,0.4270194085460098,0.4416899718023286,0.4416899718023286,0.3907514115783837,0.41353625865450533,0.1745263300377477,0.3563469846657948,0.2958163765252158,0.44180830395812976,0.44598161705195905,0.41730637262721004,0.4332366763724002,0.36024154325339947,0.5041864295381783,0.4118933389304448,0.40399014730843513,0.40378362702401804,0.3936733231329074,0.5691070417538591,0.44348337072190047,0.3615507968391377,0.3583313674827924,0.38686787332689315,0.3317843505197481,0.5231759937208227,0.419204688228866,0.3452993677221252,0.3380060339979522,0.36806884888879765,0.40710818207387356,0.3563469846657948,0.3832646785876541,0.39899847016744683,0.39899847016744683,0.46574098550259024,0.4576681064224843,0.3632045420602591,0.31762451114650536,0.3504872861478511,0.44979968370875534,0.44979968370875534,0.2989645172329862,0.21656155056099682,0.16863414566952245,0.13557309236459536,0.16479344098670778
U0151,0.45592500027045685,0.6762304270528159,0.6501568412627109,0.5133633165365005,0.43384363721189484,0.37736432742630605,0.42330259651994784,0.6169893376883717,0.6568246753319182,0.421577630987859,0.5556472963156777,0.46120894129825846,0.46694097458562356,0.5581274167783348,0.39535296177561813,0.25028981406550027,0.5300937773310691,0.5614635817103796,0.5162704277006728,0.4869226366980549,0.4659940981548296,0.46120894129825846,0.46120894129825846,0.2841734435267826,0.39573547643379636,0.4998263366496626,0.46120894129825846,0.6865108749442385,0.4056579782588337,0.5768433363262452,0.4414314640087829,0.43664630715221175,0.4719003447504112,0.4414314640087829,0.6159066560157043,0.556787274654895,0.5561222421479347,0.5513370852913635,0.5513370852913635,0.5513370852913635,0.5562599053635032,0.6453542384919522,0.5957026366450606,0.46595065787697754,0.4052149928074585,0.39036472262110017,0.5854482347778724,0.5777259780008612,0.5490307443857393,0.6535335339991422,0.442882513870097,0.4659940981548296,0.5555775693920106,0.5906413481463453,0.5513370852913635,0.5513370852913635,0.4884641965126011,0.534686174808314,0.2841734435267826,0.4659940981548296,0.497681670906502,0.5662486110591249,0.5841747358703984,0.5917641186139845,0.5719201587187227,0.446662422732864,0.604762699466104,0.5215404524194797,0.5137210958281662,0.5134307405130529,0.47626062678229314,0.704613620138814,0.5389357216495613,0.5061921960029852,0.5043170088315588,0.5481134595767583,0.4414314640087829,0.6549834507638503,0.5330761651030542,0.46176080959108523,0.47951943513425177,0.4617277223927523,0.5167552955629084,0.4659940981548296,0.49291179207668895,0.5086455836564817,0.5086455836564817,0.6152723923062737,0.5673152199115191,0.5103055177311482,0.465801272660494,0.5357415943532697,0.5594467971977902,0.5594467971977902,0.5533353526091096,0.4339986303504394,0.2878380202185403,0.44498905618309914,0.2623072950127163
U0152,0.4282640757165106,0.36639451591678834,0.31395227384993585,0.4052274860253558,0.2860526636981852,0.3217426759933034,0.313655483030913,0.4628934331595731,0.5081501345889751,0.34673126965368894,0.41307614277740135,0.35156182780922357,0.34300245728337886,0.4499842516330784,0.4257033342054889,0.2101762327758436,0.36975691190637155,0.3523109088107812,0.40662331421163794,0.37727552320902,0.3563469846657948,0.35156182780922357,0.35156182780922357,0.1745263300377477,0.3839092328356686,0.3870849615618322,0.35156182780922357,0.43522070668956403,0.27926827399447324,0.4686666004457275,0.3317843505197481,0.32699919366317687,0.3622532312613763,0.3317843505197481,0.46446594261311597,0.44577933685784055,0.4464751286588998,0.4416899718023286,0.4416899718023286,0.4416899718023286,0.4462898102950289,0.4245909772939735,0.4230555031628852,0.3305955012608108,0.3356179013414632,0.35635474525405836,0.4016483113302155,0.3484529627457339,0.42352007423475335,0.3390049450740268,0.3973384666905808,0.3563469846657948,0.43934955195722897,0.44236114683490235,0.4416899718023286,0.4416899718023286,0.4117198357816229,0.44207897980774885,0.1745263300377477,0.3563469846657948,0.3539125481091316,0.42573608219034104,0.4229058439586231,0.3631864794143562,0.403557048646205,0.434239979971505,0.38031696484533206,0.4118933389304448,0.4027882961474135,0.40378362702401804,0.4410309306984037,0.5551613846108427,0.42012244469790083,0.3901520883824919,0.4051277883631959,0.36377902450460636,0.3317843505197481,0.5441202661000204,0.4119192733802446,0.34180560943820476,0.36799640342473283,0.34879574978670513,0.40710818207387356,0.3563469846657948,0.3832646785876541,0.39899847016744683,0.39899847016744683,0.4879477825386153,0.4576681064224843,0.3272596701959415,0.39471485533875217,0.3219749238298311,0.44979968370875534,0.44979968370875534,0.08019414709390943,0.2233516101675071,0.2125564155790044,0.2016457918315041,0.18297892546956956
U0153,0.42732375152536123,0.3130030883635346,0.41057738358510043,0.4165517832009966,0.30036178769048094,0.2766136739792795,0.32606655996772554,0.4942097058562904,0.5447512817163528,0.36111693167320486,0.7550557806134632,0.3639729047460361,0.3621229212308703,0.4541445318999508,0.40484359951538984,0.23852256073250439,0.4461947401634492,0.33947183465881214,0.4190343911484505,0.38968660014583256,0.3687580616026073,0.3639729047460361,0.3639729047460361,0.18693740697456024,0.46145949570131534,0.4017490546261032,0.3639729047460361,0.4707807223034054,0.33935658234286453,0.5029845844306138,0.3441954274565606,0.3394102705999894,0.37466430819818886,0.3441954274565606,0.45430921530183427,0.4578973878338801,0.45888620559571236,0.45410104873914114,0.45410104873914114,0.45410104873914114,0.4590636536392798,0.49910142130103563,0.4650735568614962,0.3021405709886634,0.3638646983941033,0.29544282522789833,0.3629234128618907,0.37561058870344044,0.4255255084408281,0.43521190646230884,0.4056359827106747,0.3687580616026073,0.33799352964324236,0.45839925857878855,0.45410104873914114,0.45410104873914114,0.4725460912223021,0.4568965472639779,0.18693740697456024,0.3687580616026073,0.2750826595520296,0.44497817229930003,0.42890230653107,0.36678088047680146,0.43881970969723416,0.5407946724888169,0.4177681098741457,0.4243044158672573,0.40718567311751164,0.4161947039608306,0.3348281187233141,0.5785402133737333,0.46307405633517057,0.40498049832865385,0.38014099374149013,0.38419675800804093,0.3441954274565606,0.5617377777089516,0.43119584842505,0.35700575232514886,0.3398229600489214,0.3221150796836628,0.4195192590106861,0.3687580616026073,0.3956757555244666,0.41140954710425937,0.41140954710425937,0.45692586629029913,0.4700791833592968,0.3317395643789787,0.39979889311776484,0.35842302117364644,0.4622107606455679,0.4622107606455679,0.2908206084486356,0.15162231827401762,0.20856258558119448,0.44655726248785244,0.17172757166243557
U0154,0.44414131783000327,0.2304368405470948,0.4129234057869943,0.4116998932585157,0.2658089445978208,0.39849426995649917,0.313655483030913,0.47031786768426287,0.5250137442254734,0.3647443192801575,0.8460786914850621,0.35156182780922357,0.34857570238128827,0.4462966808977907,0.36404425885425934,0.19419463881114274,0.44358066936026763,0.40992651924384305,0.40662331421163794,0.37727552320902,0.3563469846657948,0.35156182780922357,0.35156182780922357,0.1745263300377477,0.4689184250503461,0.38594162073330585,0.35156182780922357,0.3802813729260568,0.2523284647240506,0.45149677045079123,0.3317843505197481,0.32699919366317687,0.3622532312613763,0.3317843505197481,0.47975676961577207,0.44536486343231524,0.4464751286588998,0.4416899718023286,0.4416899718023286,0.4416899718023286,0.4460186167239914,0.5653861168584982,0.4661686454600521,0.3202585059683398,0.30605269960492,0.31304937010716216,0.43489758456231015,0.37474206179446323,0.45342617794857254,0.3739995876261438,0.33958315123003524,0.3563469846657948,0.391320756420348,0.417415240936752,0.4416899718023286,0.4416899718023286,0.6694965016155324,0.4567924357361189,0.1745263300377477,0.3563469846657948,0.34968238442717414,0.4346412115986192,0.4106638628797562,0.33553463292406255,0.4594668275714189,0.5103614209350108,0.4358159605287683,0.4118933389304448,0.39489417446129554,0.40378362702401804,0.4191620133259511,0.5426415662844273,0.42814372669915135,0.36591772794203087,0.3406240823335447,0.36850662693988046,0.3317843505197481,0.5520542320926694,0.424183782867693,0.3400894770190698,0.3402519227502528,0.30069721094104257,0.40710818207387356,0.3563469846657948,0.3832646785876541,0.39899847016744683,0.39899847016744683,0.5097110894737517,0.4576681064224843,0.3188955485801805,0.388426607609033,0.23348767092874326,0.44979968370875534,0.44979968370875534,0.2634698796628212,0.4265762702424037,0.24136284985923157,0.25472523117162005,0.37438877672561316
U0155,0.5633389473137883,0.7258088167604368,0.498390213378965,0.5123871088689871,0.41789862680329515,0.4036833331796876,0.42330259651994784,0.5778763463774337,0.6095103252097166,0.4668613340840256,0.4512153710475791,0.46120894129825846,0.46512677555564164,0.5682616341320871,0.5426042396943549,0.3694895459068937,0.46441520594940466,0.4816574254428526,0.5162704277006728,0.4869226366980549,0.4659940981548296,0.46120894129825846,0.46120894129825846,0.2841734435267826,0.4266237659045346,0.4952732052797907,0.46120894129825846,0.5727914300928043,0.3903685410534494,0.6136726462461114,0.4414314640087829,0.43664630715221175,0.4719003447504112,0.4414314640087829,0.6002373654897017,0.5565404634960469,0.5561222421479347,0.5513370852913635,0.5513370852913635,0.5513370852913635,0.5566833769151409,0.548034333822003,0.5575713874667089,0.5119319870054805,0.4663224724459346,0.5413171493425843,0.5988309933246005,0.4805641609250549,0.5299396911845231,0.4732512477223835,0.5390002752834419,0.4659940981548296,0.6314914455524778,0.5937489437430677,0.5513370852913635,0.5513370852913635,0.4134710422579508,0.558293001568459,0.2841734435267826,0.4659940981548296,0.5223919047854526,0.5586387721754917,0.5547737133872779,0.5335966298285517,0.5161298353791421,0.5310843194623508,0.5253806328653918,0.5215404524194797,0.5171152222536326,0.5134307405130529,0.617886487741797,0.6819648935206342,0.5456735661091845,0.49607208587280827,0.5903661309675395,0.48479062706686,0.4414314640087829,0.6413095897550711,0.519977783602357,0.450646393836702,0.5277229524036843,0.4921528059888721,0.5167552955629084,0.4659940981548296,0.49291179207668895,0.5086455836564817,0.5086455836564817,0.6222745476391799,0.5673152199115191,0.4701868778687005,0.5172051974636798,0.46974380208219996,0.5594467971977902,0.5594467971977902,0.1525938438525528,0.3504445859783641,0.3270426434443836,0.182423508858657,0.21958822576067666
U0156,0.32883965815486627,0.3397189654986468,0.2814528761483917,0.37442398129979004,0.25907618796307197,0.2980233080493345,0.28449110908382474,0.4426608336236523,0.4884663376468124,0.2962814228259222,0.33948790494188713,0.3223974538621353,0.30171092982831865,0.41800928821384503,0.34857158894076457,0.17744178818325074,0.3338650056850043,0.3324072961457475,0.3774589402645496,0.34811114926193176,0.32718261071870647,0.3223974538621353,0.3223974538621353,0.14536195609065944,0.3376576846999565,0.35845746484020524,0.3223974538621353,0.41603512228167583,0.23988199989816686,0.42982904719698484,0.30261997657265977,0.2978348197160886,0.33308885731428806,0.30261997657265977,0.4360541592704846,0.417181116577693,0.4173107547118115,0.41252559785524034,0.41252559785524034,0.41252559785524034,0.41718547314072946,0.4035003090589917,0.38105730090436907,0.29166999517872716,0.29393350341530927,0.2627258892760464,0.37724254944544655,0.36634123251791056,0.38524848344501983,0.3276944127977318,0.3305050308219366,0.32718261071870647,0.40242501046549484,0.406191626159391,0.41252559785524034,0.41252559785524034,0.3309104654160158,0.39733127936610024,0.14536195609065944,0.32718261071870647,0.26481949840982844,0.39672756489315214,0.3966901762218693,0.3565694743759008,0.36396192520267767,0.36476286303820327,0.36425839283837014,0.3827289649833565,0.37430898297529647,0.3746192530769298,0.35835758473766405,0.5324171534055735,0.411165808102301,0.3510598301369178,0.34917929454718316,0.3424979142605634,0.30261997657265977,0.5047961696183071,0.3854856375098318,0.3158068063265516,0.32252202019523485,0.32884904404244975,0.3779438081267853,0.32718261071870647,0.35410030464056585,0.36983409622035857,0.36983409622035857,0.4456673086575823,0.428503732475396,0.3018487554345045,0.3248293643461163,0.3382196407742878,0.4206353097616671,0.4206353097616671,0.15122777797465048,0.14975848769339978,0.1583191780610559,0.17301187080847003,0.12891403238456528
U0157,0.406058555798497,0.28679059951905544,0.40669055166225837,0.4627106038763232,0.3592388035597426,0.3906810041711544,0.3770733351553913,0.5594218793353759,0.6369182582461059,0.39444021403071605,0.47538743604200473,0.41497967993370194,0.3948328733466625,0.5031097495907679,0.4528898358673179,0.2873230067377365,0.5136233982312562,0.40952180375300407,0.47004116633611626,0.4406933753334984,0.4197648367902731,0.41497967993370194,0.41497967993370194,0.23794418216222607,0.4747470832190237,0.4597310772771738,0.41497967993370194,0.6306281026765268,0.6076392519694971,0.5981462720068427,0.3952022026442264,0.39041704578765524,0.4256710833858547,0.3952022026442264,0.5328620606005017,0.5110117259796447,0.5098929807833782,0.505107823926807,0.505107823926807,0.505107823926807,0.5117871106768042,0.5141997039933096,0.49736591150472587,0.35088390113860346,0.39091335307372804,0.3103460615245624,0.39885688726326207,0.5401345517626458,0.5026489675621871,0.5290375971109477,0.38593158693409363,0.4197648367902731,0.5231844365379267,0.5157779259147462,0.505107823926807,0.505107823926807,0.4012758176843907,0.460412589752217,0.23794418216222607,0.4197648367902731,0.32623300126100774,0.47994005170119475,0.5056819260523908,0.4667358144192011,0.47764461548872883,0.460780962657887,0.5490193837752615,0.4753111910549231,0.46943427046994085,0.46720147914849636,0.3931341250783681,0.6365288234813444,0.6061614053590108,0.5241737213008801,0.38495349111437555,0.5036871006029267,0.3952022026442264,0.6298953311470752,0.48427956896007085,0.42178118152495725,0.36869635712465887,0.5116075645646893,0.47052603419835193,0.4197648367902731,0.44668253071213243,0.4624163222919252,0.4624163222919252,0.4923613443849099,0.5210859585469626,0.4132050914721715,0.43786630211186867,0.6281074694503892,0.5132175358332337,0.5132175358332337,0.5973994209627035,0.27483843195872704,0.20984822030425504,0.6558111485077736,0.1808771579643218
U0158,0.339044688175891,0.31627337452725635,0.3893345523616619,0.44700834652930843,0.3260855436093065,0.47457201023456297,0.35003249796725655,0.5194177007370511,0.5839234437450294,0.3306677377464818,0.4491137298507926,0.3879388427455671,0.3656124756866434,0.4760646389242799,0.387858037932239,0.24800317900007515,0.4859229127757389,0.5203444178904235,0.44300032914798143,0.41365253814536357,0.39272399960213833,0.3879388427455671,0.3879388427455671,0.21090334497409124,0.47279790259845933,0.4264877662626915,0.3879388427455671,0.53653123578219,0.27131991111078446,0.46063180402119036,0.36816136545609157,0.3633762085995204,0.39863024619771986,0.36816136545609157,0.5095139639559698,0.4827060662256104,0.4828521435952433,0.47806698673867215,0.47806698673867215,0.47806698673867215,0.4831527997635224,0.5200663374808545,0.4681599360522326,0.2999590630850999,0.3130958927942732,0.25456854087334935,0.45230791581928476,0.5309008125043744,0.5082411114505742,0.46163153146529595,0.38969631200641724,0.39272399960213833,0.4206362450255609,0.48345747436871794,0.47806698673867215,0.47806698673867215,0.6232669930494286,0.46282586841628554,0.21090334497409124,0.39272399960213833,0.40380967862182615,0.46219867022777755,0.47793423822673226,0.45995538496106914,0.5074450900583052,0.37721418109064636,0.45505416811001625,0.44827035386678826,0.43663279511367525,0.44016064196036153,0.367171874865316,0.5979253445178233,0.45399600131086687,0.42283733106770366,0.35381686790169975,0.4435997516491995,0.36816136545609157,0.596810412013647,0.4695102550963248,0.3867839337903333,0.3703973399657672,0.4276989445529065,0.4434851970102171,0.39272399960213833,0.4196416935239976,0.43537548510379037,0.43537548510379037,0.5735089254812734,0.49404512135882783,0.39248866918421604,0.3743241181869426,0.4084874739537366,0.4861766986450989,0.4861766986450989,0.4160726488196265,0.37453246613703217,0.24048343473597666,0.431114710208001,0.5272397231983202
U0159,0.36350330690968163,0.5124687941907843,0.37315675989869046,0.4751086377408764,0.3541264210375773,0.5037539168163481,0.3820017951675601,0.5375062296777472,0.5940333617345761,0.3650703536595883,0.40283114827623523,0.41990813994587073,0.38202763709603427,0.5157470006668776,0.4294701949672831,0.3908204496468825,0.47391182048971514,0.5226115044817894,0.47496962634828505,0.4456218353456672,0.4246932968024419,0.41990813994587073,0.41990813994587073,0.2428726421743949,0.47895578523184107,0.4545888689086499,0.41990813994587073,0.49011645773449114,0.26871118409260497,0.5248339251399947,0.4001306626563952,0.395345505799824,0.4305995433980235,0.4001306626563952,0.5468585371760931,0.5159818134947485,0.5148214407955469,0.5100362839389758,0.5100362839389758,0.5100362839389758,0.5158585023059588,0.5288365576919846,0.47714091176105405,0.3895907305941968,0.3804110030754984,0.32765745082369296,0.5619295029191386,0.5722301924734169,0.5095309177449018,0.39735107308323986,0.4264494524505259,0.4246932968024419,0.5109247415725875,0.524646725990909,0.5100362839389758,0.5100362839389758,0.48980881741927046,0.49009548091304583,0.2428726421743949,0.4246932968024419,0.3255161349104818,0.5092437779157168,0.49591382429505576,0.49852655020778813,0.47806613624874333,0.43024983871964534,0.4778533119826484,0.4802396510670919,0.4709057685890179,0.47212993916066515,0.4439917947233102,0.6313669991750548,0.5228616442218946,0.41086033776591696,0.4313665715268952,0.43744421239104014,0.4001306626563952,0.5933197242175047,0.49796380589967776,0.41370011640633125,0.42955846017772253,0.4994732426374211,0.4754544942105207,0.4246932968024419,0.4516109907243012,0.467344782304094,0.467344782304094,0.6016185173874031,0.5260144185591314,0.40767460945247597,0.3765002631537129,0.43927135251377875,0.5181459958454024,0.5181459958454024,0.28701954647251193,0.30714361260958284,0.2697547595014951,0.19881488363548527,0.44885569655930596
U0160,0.40033765560884493,0.3243456850137174,0.3232724485526435,0.4310975839344453,0.3266435518070154,0.29402408468057706,0.3376879310793356,0.508304874465447,0.5209779409620191,0.41127805043459476,0.3565218841240697,0.37559427585764615,0.3828386264323913,0.46913420356143665,0.39635023968145255,0.23110482097050153,0.3594952013459223,0.38990778769589646,0.43065576226006047,0.40130797125744255,0.3803794327142173,0.37559427585764615,0.37559427585764615,0.19855877808617028,0.31925306449725577,0.4093238169561106,0.37559427585764615,0.49148099859989536,0.24721064636774231,0.4291832729618342,0.3558167985681706,0.3510316417115994,0.3862856793097989,0.3558167985681706,0.5089463527031798,0.47029404638867817,0.47050757670732235,0.4657224198507512,0.4657224198507512,0.4657224198507512,0.47122934720891596,0.4564037291181921,0.42893375201885425,0.35079522368932137,0.3185560693226057,0.3951020262015986,0.35712722427918353,0.4147007223349176,0.42391609985065,0.4485991342863526,0.41151868353218835,0.3803794327142173,0.5077847212093056,0.45906180389567075,0.4657224198507512,0.4657224198507512,0.45663517040599194,0.48153789558278287,0.19855877808617028,0.3803794327142173,0.7155663739889204,0.42781508478175123,0.4749310220324067,0.4689951490597072,0.4703087351996605,0.37082436470519353,0.40234723373179787,0.4359257869788673,0.4357040523791642,0.42781607507244057,0.5076986961294008,0.5678150485447386,0.4648484412170443,0.43268854437241316,0.4343396306980582,0.40280926216418517,0.3558167985681706,0.5760268088525629,0.4377815767244292,0.3674008844712866,0.42417788089489356,0.3677292817934039,0.43114063012229614,0.3803794327142173,0.40729712663607665,0.4230309182158694,0.4230309182158694,0.548901163885374,0.4817005544709068,0.396380314168894,0.43808501123592514,0.40214763956580124,0.4738321317571779,0.4738321317571779,0.2567141582643845,0.29563423116019627,0.2401928959871825,0.16365720082249058,0.21405937049280344
U0161,0.4316582183812063,0.6830292208798326,0.6390313132138283,0.47384558537545474,0.4009562369146142,0.29671797009321194,0.38230346185674924,0.5708919706119242,0.6083933914434647,0.3612230917434049,0.4225457423811217,0.42020980663505986,0.43186544342499394,0.5164951954546887,0.36590211303706527,0.14602276859219232,0.4833147778870597,0.5259246093532104,0.4752712930374742,0.4459235020348563,0.424994963491631,0.42020980663505986,0.42020980663505986,0.243174308863584,0.3219029345197661,0.4597540729814551,0.42020980663505986,0.6858942536770105,0.33930151169391715,0.5240466412425391,0.4004323293455843,0.39564717248901315,0.4309012100872126,0.4004323293455843,0.5575050863574142,0.5149431860098544,0.5151231074847361,0.5103379506281649,0.5103379506281649,0.5103379506281649,0.5145646315319827,0.5679483956500394,0.5454640154040769,0.39283262422228704,0.3553165111813494,0.3563391774860949,0.5179741762768593,0.47818857212249083,0.5225040657334845,0.6252145571762493,0.4231847878142514,0.424994963491631,0.4691711335229324,0.5580233572275718,0.5103379506281649,0.5103379506281649,0.4706627896194093,0.49713522522328374,0.243174308863584,0.424994963491631,0.4950444779854029,0.52358180268741,0.5545552798130039,0.5497364171791207,0.553008269859618,0.37057293012155706,0.5358633017431288,0.480541317756281,0.47112218591927885,0.4724316058498543,0.4194697567521264,0.6697463975025538,0.4182003771581083,0.46968373301826283,0.4801487074898847,0.5039687339089525,0.4004323293455843,0.6229558307615447,0.48968222125856364,0.4196901843899323,0.4403125520643172,0.39576564009667853,0.47575616089970985,0.424994963491631,0.45191265741349035,0.4676464489932831,0.4676464489932831,0.578672960156196,0.5263160852483205,0.48074719127921983,0.43160122794006983,0.44387105960067297,0.5184476625345916,0.5184476625345916,0.39417147716846657,0.32351427227486806,0.24798513441054004,0.4560946988151308,0.25821917150224355
U0162,0.542795242365478,0.47478305752738775,0.3712059980407438,0.47017075882978726,0.35385681925766455,0.34352267430508276,0.3803895900293237,0.5307103281852271,0.5735369557574381,0.44280722187415616,0.4276865675438574,0.4182959348076343,0.41866392492123355,0.524614875059768,0.4785609672513076,0.33069102925289345,0.4445860674573525,0.4262358538851794,0.47335742121004865,0.4440096302074308,0.4230810916642055,0.41829593480763433,0.41829593480763433,0.24126043703615843,0.4165605953368571,0.4520764720407449,0.41829593480763433,0.4842097733767755,0.3760869228007693,0.5438144860492261,0.3985184575181588,0.39373330066158757,0.4289873382597871,0.3985184575181588,0.5793348876717903,0.5136608886598992,0.5132092356573106,0.5084240788007394,0.5084240788007394,0.5084240788007394,0.5139209235246511,0.5048199597520118,0.5301736278297384,0.4820161888877749,0.4119600570976768,0.511614382295714,0.5208472045347659,0.45782264846780696,0.4692957105458038,0.40508269266894903,0.45347454624733075,0.4230810916642055,0.6037190162546504,0.5245058345107355,0.5084240788007394,0.5084240788007394,0.39376047576715834,0.5076155107563324,0.24126043703615843,0.4230810916642055,0.4534304573058108,0.5048133318826985,0.4883921403223936,0.4421063951598749,0.4278339460413437,0.5091607874236745,0.4774404294743697,0.4786274459288555,0.4740692513092904,0.47051773402242875,0.6227360339273383,0.6170886559109112,0.5383084450686674,0.45838368371890853,0.49637301560500985,0.4371609088195634,0.3985184575181588,0.6100514245153588,0.4777356634800041,0.4086017111591922,0.47451348745493976,0.45218502716710557,0.4738422890722843,0.4230810916642055,0.4499987855860648,0.4657325771658576,0.4657325771658576,0.5852983822390283,0.524402213420895,0.3962183470038439,0.49138765073513746,0.4134364544607772,0.5165337907071661,0.5165337907071661,0.15878159453381224,0.4825173308952606,0.30006394439831885,0.14901593797505452,0.10935409552803127
U0163,0.5935401517419496,0.4139648791561547,0.4221481774698961,0.47801366009490404,0.3748642746311094,0.2884649683684625,0.38799665980328346,0.5431238046109184,0.6159438283493582,0.40252302128192985,0.5077703494188583,0.4259030045815941,0.44081668479301367,0.5226231460209443,0.5710232699146387,0.29742394040328995,0.5528148110593972,0.4256583081083573,0.4809644909840084,0.4516166999813905,0.43068816143816524,0.4259030045815941,0.4259030045815941,0.24886750681011818,0.5464859956620524,0.46726064436138404,0.4259030045815941,0.6223000907814382,0.4623702716311425,0.5773416441317611,0.40612552729211854,0.4013403704355473,0.43659440803374683,0.40612552729211854,0.5299564856063692,0.5191320978717131,0.5208163054312702,0.5160311485746991,0.5160311485746991,0.5160311485746991,0.5208742822044272,0.45510259623593113,0.5814620923066055,0.38865230307569415,0.45342807998246737,0.4619788500623584,0.4205081402431109,0.4266006866263097,0.5060591474012572,0.4983403277314526,0.5687359869991586,0.43068816143816524,0.4173995233406389,0.5729911941465403,0.5160311485746991,0.5160311485746991,0.48315819478436073,0.5155435100933121,0.24886750681011818,0.43068816143816524,0.3247581641081333,0.5137320520033816,0.4949816182186344,0.40453911720425323,0.4669329973460576,0.5928678036972712,0.43689837629389455,0.48623451570281523,0.46967101606170847,0.4781248037963885,0.4769186948083654,0.6479540970405393,0.47825894858601503,0.5173995317399547,0.48533527934892606,0.4701190108534482,0.40612552729211854,0.6608040543308441,0.4896529493906982,0.4225824666593667,0.43589229912807875,0.43227619825750957,0.48144935884624407,0.43068816143816524,0.45760585536002457,0.4733396469398173,0.4733396469398173,0.5598346147158635,0.5320092831948547,0.3907066075812647,0.536892580955844,0.4336171838910975,0.5241408604811258,0.5241408604811258,0.1878362734854877,0.36598132394410465,0.3016477691717492,0.6860300656365601,0.18862981630108644
U0164,0.2678926750840881,0.4519650075949223,0.28114789284450137,0.390707539639077,0.27416812939338503,0.4010073886445697,0.29601427939274255,0.45109538318952375,0.5060711561014546,0.2860257414000167,0.316327371242458,0.33392062417105317,0.2971684816862346,0.4267172517630164,0.3633842146444911,0.4166022855846908,0.425774788007521,0.45235013163849275,0.3889821105734675,0.35963431957084957,0.33870578102762433,0.33392062417105317,0.33392062417105317,0.15688512639957725,0.4104933445573581,0.3684375059241871,0.33392062417105317,0.41426600745308195,0.18050426157686233,0.45155906458547296,0.31414314688157763,0.3093579900250064,0.34461202762320586,0.31414314688157763,0.4505251192444554,0.4307277235175407,0.42883392502072937,0.42404876816415815,0.42404876816415815,0.42404876816415815,0.43163703733567865,0.4273440469358323,0.37980546304195395,0.27626501475370857,0.3024639202822985,0.2607062186799045,0.4524561678365693,0.5171870900122874,0.42918186476790515,0.31928111733124837,0.37739515170786875,0.33870578102762433,0.4015286709107079,0.46606683147652384,0.42404876816415815,0.42404876816415815,0.43579844794862244,0.41291950000014327,0.15688512639957725,0.33870578102762433,0.32907862348716366,0.4235004337696905,0.41691236025294554,0.44938439207381287,0.41961047736241674,0.3495142739351498,0.38132884883728996,0.3942521352922743,0.3847447801807187,0.3861424233858476,0.3540229669858199,0.5439209337223565,0.43997717258288727,0.3202946528665781,0.3579603932765506,0.3398032071604992,0.31414314688157763,0.5134033697707958,0.4205156952770528,0.3268893318041597,0.3579248497066617,0.46411937112996954,0.3894669784357031,0.33870578102762433,0.36562347494948366,0.3813572665292764,0.3813572665292764,0.5452214233296684,0.44002690278431383,0.3350621663088613,0.2950591930159881,0.36474032351882446,0.43215848007058494,0.43215848007058494,0.18769433753737153,0.15356002333824603,0.19614378671779126,0.15018370201817594,0.4773169573406365
U0165,0.33904822601507795,0.41371903334497384,0.3160773151477704,0.3984440483031322,0.3064172065408283,0.2944460794858823,0.31053223311905254,0.48859968896363376,0.5216955207718253,0.3282540935055267,0.3472375684134803,0.3484385778973631,0.34437493859892054,0.44375169531252523,0.37994763984682695,0.21618483953996784,0.3550497967696703,0.36926832484300803,0.40350006429977747,0.37415227329715955,0.3532237347539343,0.3484385778973631,0.3484385778973631,0.17140308012588723,0.36493513312886444,0.3846033395331973,0.3484385778973631,0.49393754402079015,0.23066834880746495,0.43694862001954154,0.32866110060788756,0.3238759437513164,0.35912998134951585,0.32866110060788756,0.474692748160698,0.443050291820537,0.44335187874703935,0.43856672189046814,0.43856672189046814,0.43856672189046814,0.44308887220450865,0.4327939414803335,0.44564511100511245,0.3470773089046095,0.3345590551121643,0.2876583347896541,0.40346046700378513,0.44871232269642614,0.38737840035388443,0.43094896349176665,0.41673727403152194,0.3532237347539343,0.43180242387029666,0.45555072291660015,0.43856672189046814,0.43856672189046814,0.2998205250821484,0.4329085105656744,0.17140308012588723,0.3532237347539343,0.35256198703802455,0.4274828353075126,0.4338283262672151,0.42537767747679384,0.38945524716486124,0.3974620228652907,0.38215318384920566,0.4087700890185843,0.4025818046775239,0.4006603771121576,0.3731294263851801,0.5708156661376137,0.475574854287562,0.3980180025637925,0.40180895653366266,0.3961836842368313,0.32866110060788756,0.5342523134331592,0.41138626774908904,0.34576660553066135,0.37131919794379165,0.34038453337170016,0.4039849321620131,0.3532237347539343,0.3801414286757936,0.39587522025558636,0.39587522025558636,0.4811460590432928,0.4545448565106238,0.3438009284046267,0.37388641930045213,0.4478759742972789,0.44667643379689487,0.44667643379689487,0.31173057638290497,0.2220462840795963,0.18392967162585006,0.26098229588924693,0.07579617373247377
U0166,0.33020139769772583,0.7028105942055729,0.4368819089476032,0.3772010261313649,0.28430366736537116,0.4852042617853228,0.28941956909599353,0.45003225446398676,0.49879898272873935,0.27656272001521137,0.34960256237557497,0.3273259138743041,0.3041020115921338,0.4336563007477631,0.4029296877354358,0.1573242445889546,0.30158394687405393,0.39375124534265193,0.38238740027671847,0.35303960927410055,0.3321110707308753,0.3273259138743041,0.3273259138743041,0.15029041610282823,0.322635854540729,0.36431430779920204,0.3273259138743041,0.4620587473029114,0.28388622076576364,0.5214510591413918,0.30754843658482856,0.3027632797282574,0.33801731732645685,0.30754843658482856,0.4499344673128026,0.4228358205807667,0.42223921472398035,0.41745405786740913,0.41745405786740913,0.41745405786740913,0.4214294404150138,0.4741039463443727,0.39468490349198343,0.3572232609056252,0.31884757039670253,0.26962354099168234,0.5700395994754439,0.3850630658697366,0.4506852866400599,0.326214430881388,0.35534368789077697,0.3321110707308753,0.524470708200412,0.4427052310221167,0.41745405786740913,0.41745405786740913,0.3028479577666814,0.4005808339189634,0.15029041610282823,0.3321110707308753,0.19096941104762316,0.4330179270610274,0.4326634042761461,0.41515575853323694,0.4208839448949267,0.34896221075450556,0.4585381053572335,0.3876574249955253,0.3828015236137071,0.3795477130890985,0.3661030308190827,0.5715913914043458,0.428331924204142,0.3565779064669698,0.4275706024248532,0.38702097686449183,0.30754843658482856,0.4837920344867526,0.38713842659699405,0.3215479020907266,0.34351830064083766,0.3713893520314083,0.3828722681389541,0.3321110707308753,0.3590287646527346,0.37476255623252736,0.37476255623252736,0.4439152023546528,0.4334321924875648,0.34868343246491684,0.30196890621454187,0.4033103632785068,0.42556376977383586,0.42556376977383586,0.15944701044114895,0.11585276967030655,0.14090362153221647,0.06165467210974074,0.2425932245709405
U0167,0.3243801653758628,0.3392104017631612,0.25061903431694177,0.38526247036660827,0.26776134583628913,0.4768003079306372,0.30002543593249775,0.462212787152934,0.512916297848275,0.3568970503251152,0.41222491235644243,0.3379317807108083,0.3037696299318445,0.4366411113335791,0.42527571319608737,0.2706597589512379,0.3079072320257876,0.3056153343889534,0.3929932671132227,0.36364547611060477,0.34271693756737953,0.3379317807108083,0.3379317807108083,0.16089628293933245,0.3830821017925837,0.3750801971180202,0.3379317807108083,0.40108111994024753,0.4177927742044377,0.5284038380112555,0.3181543034213328,0.31336914656476156,0.34862318416296106,0.3181543034213328,0.4634220156563889,0.4343865245168034,0.4328450815604845,0.42805992470391335,0.42805992470391335,0.42805992470391335,0.43411049676735275,0.4548191886013166,0.36549385956577524,0.35259423151317615,0.33403574307111195,0.28837184468512495,0.44019991393240765,0.43421484966992746,0.41144406671346545,0.29451579250525195,0.32119022147607335,0.34271693756737953,0.5884340565099965,0.406158273352011,0.42805992470391335,0.42805992470391335,0.2782913848045281,0.4042439520791017,0.16089628293933245,0.34271693756737953,0.28726923938754234,0.4013673095896778,0.4130128736797241,0.3881914293327677,0.37894442150566965,0.40634287453052664,0.4584826259810953,0.3982632918320295,0.39965823589630606,0.3901535799256028,0.42121299503893206,0.5428338162752354,0.5792376252454904,0.4012722023879687,0.3732091313294732,0.38306093816411046,0.3181543034213328,0.5037588860625248,0.39618479065781165,0.334247258567194,0.33176992471227956,0.4309861835960748,0.3934781349754583,0.34271693756737953,0.3696346314892388,0.3853684230690316,0.3853684230690316,0.4194504636732163,0.44403805932406903,0.3217959467784607,0.34051441286219286,0.516410504049663,0.4361696366103401,0.4361696366103401,0.33308616664547425,0.15381482526907242,0.14543262877654173,0.09427505028489225,0.12871626536201947
U0168,0.4736280191535475,0.4908400133747287,0.5022247047464583,0.41554677254047323,0.33480120218428533,0.25532196074382385,0.32363304859820186,0.5051349172480468,0.576873207217427,0.29456208550936436,0.2751995582763527,0.3615393933765125,0.3861276247093013,0.4626697689694845,0.3867440194783385,0.08246936102523861,0.49696043957050784,0.4992150403599324,0.4166008797789268,0.38725308877630893,0.36632455023308363,0.3615393933765125,0.3615393933765125,0.1845038956050366,0.37483722257459656,0.40422479405826545,0.3615393933765125,0.6620902611588324,0.34339784721900635,0.46059761085878204,0.34176191608703693,0.33697675923046577,0.3722307968286652,0.34176191608703693,0.5303644135672729,0.45528716939101166,0.4564526942261887,0.4516675373696175,0.4516675373696175,0.4516675373696175,0.45521112826776056,0.47015662665332075,0.5760345788660024,0.3776535893229629,0.3210219840003705,0.3578913454977046,0.4708857349244548,0.4592331744646872,0.4747492237393142,0.5640105616989483,0.4316463420704798,0.36632455023308363,0.42465123975359004,0.5221799054863001,0.4516675373696175,0.4516675373696175,0.43820908732477,0.43357330033280256,0.1845038956050366,0.36632455023308363,0.32238738786496424,0.47116379790832824,0.474122736463135,0.4221227454094468,0.4390075738041392,0.37052307495547154,0.4554497690838363,0.4218709044977337,0.40970323695090377,0.41376119259130695,0.42887028163750773,0.6064679276012677,0.37851143553183353,0.45795734324102166,0.4062406842364239,0.47848217396246023,0.34176191608703693,0.6024203621663453,0.43096010275000085,0.3663906981342403,0.3897109422209492,0.3593190796216798,0.41708574764116246,0.36632455023308363,0.39324224415494297,0.40897603573473573,0.40897603573473573,0.5523481852997948,0.4676456719897732,0.3866669589069737,0.44573629521862224,0.4041814285387926,0.45977724927604424,0.45977724927604424,0.34678420848408587,0.5951476323202554,0.22916468479861452,0.6092849180985097,0.15098719101322217
U0169,0.4933998203887867,0.4736264947189239,0.17155371173555556,0.4529840992214508,0.3569773838607011,0.8177156250580967,0.36545196404378133,0.5160660050812578,0.557528020248143,0.4031824791543992,0.4398296307858435,0.4033583088220919,0.4085244651129384,0.5077711375978252,0.8287404466340593,0.23666852264392735,0.2689509159556729,0.3787523545488853,0.45841979522450627,0.42907200422188835,0.4081434656786631,0.4033583088220919,0.4033583088220919,0.22632281105061602,0.7047754098785822,0.43998838018416364,0.4033583088220919,0.5070779004960883,0.24374358984675631,0.5418440437752213,0.38358083153261635,0.3787956746760452,0.41404971227424464,0.38358083153261635,0.46978935539752587,0.49353588463017084,0.49827160967176815,0.49348645281519693,0.49348645281519693,0.49348645281519693,0.493580467216391,0.410334625202992,0.49825079441211073,0.4369326496858966,0.4991902256302174,0.3751966195015898,0.5440944779100376,0.4193701803679413,0.4980137248130774,0.3049584833071859,0.7742777679006903,0.4081434656786631,0.5873363715828093,0.49944627982802237,0.49348645281519693,0.49348645281519693,0.4730127725932896,0.541943060642365,0.22632281105061602,0.4081434656786631,0.33857015025641407,0.4578085190114761,0.4563515126826545,0.3741562251076984,0.4650686361157227,0.6325598582614171,0.3236758757912272,0.4636898199433131,0.46063586369257203,0.45558010803688637,0.4503962287319514,0.6249078444956402,0.5998758979332109,0.5399525354434165,0.5703539580089512,0.4779029979913328,0.38358083153261635,0.5877262201898796,0.4398162444865005,0.39749198525435603,0.43778204243805824,0.3465048434035991,0.4589046630867419,0.4081434656786631,0.4350611596005224,0.45079495118031515,0.45079495118031515,0.4928827832252357,0.5094645874353526,0.34394751631390963,0.5277956617781032,0.5960777132210197,0.5015961647216237,0.5015961647216237,0.18359901941681556,0.2509693873549993,0.26581776729358964,0.3340639534249474,0.37736452695285094
U0170,0.2529158172868824,0.3726802123507111,0.31153466940587937,0.3877108164516209,0.26513706020122424,0.6593423023500222,0.29601427939274255,0.4704457544273568,0.5194294670200525,0.31080267249707083,0.6150414904417588,0.3339206241710531,0.3007608630712934,0.4305642415186646,0.393697513229856,0.20866087853223875,0.3122262508785903,0.42389355046986477,0.3889821105734675,0.35963431957084957,0.33870578102762433,0.33392062417105317,0.33392062417105317,0.15688512639957725,0.4789572868521637,0.36862487722097087,0.33392062417105317,0.37825350604237384,0.19562407474587656,0.4530042786278544,0.31414314688157763,0.3093579900250064,0.34461202762320586,0.31414314688157763,0.463620061556467,0.4287690787372286,0.42883392502072937,0.42404876816415815,0.42404876816415815,0.42404876816415815,0.4275511881181662,0.5512998067770322,0.40470459311292917,0.34503750682868045,0.3049343549999405,0.1700109510299022,0.5445935347623718,0.5047491950525491,0.43967286786261095,0.3236119752210117,0.35419642001609364,0.33870578102762433,0.513750617871007,0.3935460091375686,0.42404876816415815,0.42404876816415815,0.4874560566921332,0.4202955654662737,0.15688512639957725,0.33870578102762433,0.22632008870233994,0.41400231449800456,0.40666351095371994,0.39808443420695877,0.43145576400997043,0.41417233186683594,0.4449490342525553,0.3942521352922743,0.3884702780431347,0.3861424233858476,0.3258295091182061,0.5484223088349268,0.5461846665722163,0.3600708753264445,0.342983425511449,0.3996938621273566,0.31414314688157763,0.490908086321392,0.40227023383779387,0.3303887623746281,0.3185907633871571,0.3455876050675132,0.3894669784357031,0.33870578102762433,0.36562347494948366,0.3813572665292764,0.3813572665292764,0.4603568116252138,0.44002690278431383,0.3188510381094277,0.2963277626573739,0.45709714009699054,0.43215848007058494,0.43215848007058494,0.47821983223340436,0.3013946366235032,0.16218000125180076,0.08460217107467777,0.40325834483252265
U0171,0.4067636789573232,0.7497367263900991,0.5418671913943174,0.39009582939634446,0.31815996006202807,0.19018047484294226,0.300488507177674,0.4752017669010222,0.5105672917229108,0.2955131150940386,0.41256473182420916,0.3383948519559846,0.3517136602560934,0.4415552749190025,0.34201067618953507,0.214820070307711,0.41359278458910087,0.4198763206849258,0.39345633835839894,0.364108547355781,0.3431800088125558,0.3383948519559846,0.3383948519559846,0.16135935418450875,0.2815376240388646,0.3748815182695129,0.3383948519559846,0.543390073385142,0.23905545645030685,0.48968793134734145,0.3186173746665091,0.31383221780993786,0.34908625540813737,0.3186173746665091,0.47349997718031156,0.4337646059906339,0.4333081528056608,0.42852299594908966,0.42852299594908966,0.42852299594908966,0.43382241075116135,0.4722736408690855,0.4803710973001972,0.36019129096996777,0.3321719470056971,0.35264473147871545,0.49519460555790135,0.39370107672861565,0.42045202359886563,0.47552766554449305,0.4110766297140216,0.3431800088125558,0.39483103204631287,0.5104096881963549,0.42852299594908966,0.42852299594908966,0.3100230312855914,0.42909379705380857,0.16135935418450875,0.3431800088125558,0.32823755061815546,0.4636174157598998,0.45495139993487527,0.45885376381242754,0.43356389182564614,0.3895900397656162,0.43371039909343334,0.39872636307720577,0.38685266383400096,0.39061665117077904,0.3836731995151339,0.5904403235905278,0.3641049485036917,0.35778574820399434,0.4585021137150421,0.38548464303249735,0.3186173746665091,0.5245529698040274,0.4082071918388334,0.3320091614375891,0.3926337557670999,0.3449117992024749,0.3939412062206346,0.3431800088125558,0.3700977027344151,0.3858314943142079,0.3858314943142079,0.5082278553648499,0.4445011305692453,0.3777852636731781,0.36397974116550486,0.33609310100643436,0.4366327078555164,0.4366327078555164,0.14404803926058352,0.18577290604614843,0.19085364371693114,0.25381010461650166,0.12700174121473595
U0172,0.5081887335192278,0.38104508321973307,0.4234595185874221,0.50706701953403,0.36422387100912873,0.6443947853168945,0.41089151958313536,0.5646096317048698,0.6262612961262406,0.4390358502156553,0.698715446111209,0.4487978643614459,0.43392794783999655,0.5506616451444001,0.5022280912288377,0.2731779146782445,0.48678028596043227,0.5498259787700519,0.5038593507638602,0.4745115597612424,0.45358302121801714,0.4487978643614459,0.4487978643614459,0.27176236658997005,0.581520590195872,0.48284282927945754,0.4487978643614459,0.47481587853933815,0.3148414268062697,0.5361763629911303,0.4290203870719704,0.4242352302153992,0.45948926781359867,0.4290203870719704,0.6053011673244014,0.5427374811591053,0.5437111652111222,0.538926008354551,0.538926008354551,0.538926008354551,0.542080608363165,0.638963226073082,0.5704580556126291,0.4789815989023027,0.40573307581816,0.4032491708252768,0.6300483914211846,0.5411988776828123,0.5585110677996967,0.41921511301391046,0.4581932188334489,0.45358302121801714,0.602011242246619,0.5118464730791791,0.538926008354551,0.538926008354551,0.6880129987801064,0.5415662434480837,0.27176236658997005,0.45358302121801714,0.3735301408253374,0.533582369563239,0.5062693488736482,0.43983395605094106,0.5162236036151647,0.5520233694182347,0.531266215315083,0.5091293754826671,0.49861449974434047,0.5010196635762404,0.5615396524540374,0.643473001223947,0.5701811654813369,0.4742763260739413,0.4507868621463346,0.4940577209526035,0.4290203870719704,0.6383289337275231,0.5162523477063476,0.44095771572308023,0.45456470590918313,0.43303841730426706,0.5043442186260959,0.45358302121801714,0.4805007151398764,0.4962345067196692,0.4962345067196692,0.6242982951725714,0.5549041429747066,0.4113428659671116,0.4753411779395189,0.40925664908630444,0.5470357202609777,0.5470357202609777,0.38034930792281435,0.6664059405484156,0.3344870724213167,0.22890458885128884,0.4661036661759474
U0173,0.4621651031930871,0.36252045712695535,0.3654651830207246,0.46782180532119516,0.3479712743464338,0.3647910490584295,0.3760736220024843,0.5350673596670608,0.5947670266544328,0.37906360595963706,0.38934499584009435,0.4139799667807949,0.40285490470999574,0.5117444895767146,0.42843642313498453,0.24328944299285588,0.47498947606335173,0.4691832467681852,0.4690414531832093,0.43969366218059136,0.4187651236373661,0.4139799667807949,0.4139799667807949,0.23694446900931904,0.45568521230946335,0.4508577705357848,0.4139799667807949,0.5285840756260802,0.3243860339997133,0.49135041420766296,0.39420248949131936,0.3894173326347482,0.42467137023294765,0.39420248949131936,0.5581436195804783,0.5083738852616434,0.5088932676304712,0.5041081107738999,0.5041081107738999,0.5041081107738999,0.5083340918977656,0.49777614205303655,0.5302215478929715,0.40898822226077414,0.37566080154013226,0.3797508516472095,0.48174575331524566,0.4919458540257017,0.4806315750211572,0.4469602618337551,0.4266736054153159,0.4187651236373661,0.4893019681511933,0.5078447602844562,0.5041081107738999,0.5041081107738999,0.46297966960280457,0.48565877270563157,0.23694446900931904,0.4187651236373661,0.3306274019118407,0.49589798294069654,0.48224758403866697,0.42627454391694686,0.4334716837369131,0.45747536987565723,0.4534331510748016,0.4743114779020161,0.46379074413817145,0.4662017659955894,0.4905830947125601,0.6208160778804166,0.4901391976456199,0.4534044931947554,0.4197180715800561,0.45265440216054376,0.39420248949131936,0.6177012342220533,0.4804750570330428,0.41015705264613306,0.42280916706447663,0.4172135829651899,0.4695263210454449,0.4187651236373661,0.4456828175592254,0.46141660913901816,0.46141660913901816,0.5745677775476651,0.5200862453940556,0.3842716796961554,0.44538377008000174,0.40747548970806297,0.5122178226803267,0.5122178226803267,0.2771679876012084,0.47892267661186294,0.2768226751362176,0.3516014003990796,0.20136170648497062
U0174,0.3730636141930096,0.3276483143224965,0.32915723090762483,0.41878773928012003,0.29545933376623557,0.37633942151868177,0.32606655996772554,0.4820569218905296,0.5283146876576958,0.33918377739650624,0.4089682415164781,0.3639729047460361,0.3442380900788106,0.4582945440098093,0.3863405348339837,0.17695121381140416,0.3741904178109892,0.39162419338778953,0.4190343911484505,0.38968660014583256,0.3687580616026073,0.3639729047460361,0.3639729047460361,0.18693740697456024,0.3843195098238295,0.3999241024773787,0.3639729047460361,0.4517317986540621,0.26170516891663087,0.4526967094030681,0.3441954274565606,0.3394102705999894,0.37466430819818886,0.3441954274565606,0.4766052764206271,0.45826124329370477,0.45888620559571236,0.45410104873914114,0.45410104873914114,0.45410104873914114,0.45827616501359847,0.45873413710426686,0.4164948915031172,0.3161394001833608,0.3155301954930898,0.29612704374354265,0.4115493427968523,0.3909793880173635,0.4437568208467521,0.3674230419107267,0.3592687937882876,0.3687580616026073,0.43900247674420867,0.43370941488850595,0.45410104873914114,0.45410104873914114,0.4605239062459748,0.44373096777300497,0.18693740697456024,0.3687580616026073,0.35754461645513147,0.43160521053584877,0.43989859425799416,0.3892833233630614,0.4303531230160975,0.3910037583353833,0.4049755521265731,0.4243044158672573,0.41545330171627526,0.4161947039608306,0.40435312180489646,0.5671517740038328,0.4276392365664056,0.3939488176564557,0.3760404164224394,0.38562885193976804,0.3441954274565606,0.552559502185095,0.4277034840717784,0.35655529487130244,0.3579793029683737,0.35278208773932973,0.4195192590106861,0.3687580616026073,0.3956757555244666,0.41140954710425937,0.41140954710425937,0.4974885365428321,0.4700791833592968,0.3462213300044743,0.36853211508591877,0.3435486052082226,0.4622107606455679,0.4622107606455679,0.19228993535445166,0.23469308319379772,0.20773417783980866,0.21651065856469587,0.25781880621571013
U0175,0.3323494299462054,0.3603292336795751,0.3095513797064605,0.39740418841609865,0.2776502641872622,0.32871099535141823,0.3076356505043526,0.46790107616986626,0.5142716787080566,0.32807768508589513,0.4245439653420772,0.34554199528266316,0.318587300650207,0.4407452457997591,0.3452221633274178,0.2560142857066867,0.3712393654346528,0.3603226176856981,0.40060348168507753,0.3712556906824596,0.3503271521392344,0.34554199528266316,0.34554199528266316,0.1685064975111873,0.36264781949104624,0.3808116886278831,0.34554199528266316,0.41345809003544387,0.2766125780915567,0.46456487989414164,0.3257645179931876,0.32097936113661646,0.3562333987348159,0.3257645179931876,0.467281948860013,0.44123819400243297,0.4404552961323394,0.4356701392757682,0.4356701392757682,0.4356701392757682,0.4412644982725019,0.4546376209521653,0.3995323102659757,0.32233449289675953,0.31524408692155187,0.27999013179701593,0.4166203057826588,0.4243392361330632,0.4045343667220991,0.3451153133724327,0.32386535829118857,0.3503271521392344,0.4425723628664028,0.42809896410313114,0.4356701392757682,0.4356701392757682,0.35096958382538246,0.41701374836840654,0.1685064975111873,0.3503271521392344,0.28034654861040464,0.42336025627531326,0.41749858985509675,0.3933497084146731,0.38551129446102117,0.3952201391163098,0.4125256927008106,0.40587350640388437,0.3978876257836499,0.39776379449745763,0.3852079781514802,0.552309730285387,0.46819260893894316,0.35977394323453316,0.36005391882430204,0.360086137324901,0.3257645179931876,0.5205359212992833,0.4131573666047715,0.3387020194945875,0.34442677010419237,0.3786567464384772,0.40108834954731315,0.3503271521392344,0.37724484606109365,0.3929786376408864,0.3929786376408864,0.47275538949228324,0.4516482738959239,0.3256656337258078,0.33137309930353664,0.37429797742076965,0.44377985118219493,0.44377985118219493,0.22874611228417974,0.17877613641623702,0.1799077573986605,0.14869213571192474,0.16456632372937247
U0176,0.40128396847159015,0.39347181740623927,0.3015145532177055,0.4054892936402465,0.2994072536925798,0.38820178606930894,0.313655483030913,0.4741181568225462,0.515322720299403,0.3400006156460912,0.43611633237761394,0.35156182780922357,0.35059507895992537,0.4479409757286554,0.4713149935981034,0.23815884172029986,0.36953043234964233,0.3797277455929271,0.40662331421163794,0.37727552320902,0.3563469846657948,0.35156182780922357,0.35156182780922357,0.1745263300377477,0.44605517096845615,0.3873758976789938,0.35156182780922357,0.4667720315254895,0.2230419745275699,0.4558187172287804,0.3317843505197481,0.32699919366317687,0.3622532312613763,0.3317843505197481,0.45721365849020495,0.44515628829344767,0.4464751286588998,0.4416899718023286,0.4416899718023286,0.4416899718023286,0.4458734301565645,0.4265719822025501,0.4436031647121665,0.32896791151954435,0.3525738105290197,0.3262358127262418,0.41338295614867104,0.4001611819712352,0.42531770181414585,0.37394117265938964,0.4789406757924117,0.3563469846657948,0.4197598505262023,0.46032956596564123,0.4416899718023286,0.4416899718023286,0.43970397374024134,0.45581547140421563,0.1745263300377477,0.3563469846657948,0.37919059843530717,0.42695484282571794,0.4271413241638002,0.38960185469376846,0.42484739661515836,0.4565809420921234,0.3574854271902592,0.4118933389304448,0.40258130271407616,0.40378362702401804,0.3984282952409129,0.5645584689492664,0.446230113314932,0.40496673984656306,0.4221125964221191,0.3840819055313174,0.3317843505197481,0.5469952848649222,0.41437684182309686,0.34441184707091665,0.3764340995206611,0.3410303401684936,0.40710818207387356,0.3563469846657948,0.3832646785876541,0.39899847016744683,0.39899847016744683,0.4999442730681222,0.4576681064224843,0.3334759751429779,0.40537934700637396,0.3835726037004151,0.44979968370875534,0.44979968370875534,0.17724857298331526,0.22804343183884987,0.2166034666889503,0.28232986237175495,0.26116436921588204
U0177,0.3530387659368005,0.33933044066132123,0.3024069577830868,0.39840366668228455,0.29402393588892756,0.46330014306671463,0.31053223311905254,0.476468709138079,0.5405774066188225,0.32845844198614327,0.2820899091085009,0.3484385778973631,0.3272846001476094,0.44355069736405933,0.4625002924847103,0.1876778512750732,0.36197758500357713,0.3633495735993175,0.40350006429977747,0.37415227329715955,0.3532237347539343,0.3484385778973631,0.3484385778973631,0.17140308012588723,0.39995134424239165,0.39010437423361544,0.3484385778973631,0.526732025654205,0.4401263097852364,0.5191902991899549,0.32866110060788756,0.3238759437513164,0.35912998134951585,0.32866110060788756,0.4615540516866428,0.44361199481568825,0.44335187874703935,0.43856672189046814,0.43856672189046814,0.43856672189046814,0.4437777686038855,0.4228321230862315,0.4005441288096907,0.31047973004634133,0.327016513242815,0.28361892405358224,0.4049441406403119,0.4267711433019303,0.45938800911116023,0.3784550133803448,0.3766394975661528,0.3532237347539343,0.5293216721979295,0.4418993934958363,0.43856672189046814,0.43856672189046814,0.36813946067764003,0.4128209186919013,0.17140308012588723,0.3532237347539343,0.3395077893109245,0.4094330744618093,0.4438445124267311,0.40250172387199357,0.4305568723456993,0.3638079769706909,0.44694211326580274,0.4087700890185843,0.4073292088112642,0.4006603771121576,0.3883189932134844,0.5664176517890278,0.5032174332993371,0.4503354038924838,0.3779131216210879,0.4269163263162904,0.32866110060788756,0.5487595203939839,0.40905291231799207,0.3497455980984529,0.33414532937983576,0.4305947764844731,0.4039849321620131,0.3532237347539343,0.3801414286757936,0.39587522025558636,0.39587522025558636,0.4497564288072473,0.4545448565106238,0.35289605767061405,0.3773123253373696,0.519402464393474,0.44667643379689487,0.44667643379689487,0.3387217080008433,0.19811059708403284,0.15970502051609425,0.3692181760945829,0.2397540985671301
U0178,0.42524119220017254,0.30198067407475593,0.45804354004792797,0.4829901109982255,0.3722913545372182,0.45651084769532246,0.3947145387935618,0.5697935791105705,0.6585115989810699,0.4062729335472268,0.4886055774522615,0.4326208835718724,0.40553132563489314,0.5192588881033077,0.47832947800121794,0.30773159072729567,0.557608672319748,0.45124028310514924,0.4876823699742867,0.4583345789716688,0.43740604042844355,0.43262088357187234,0.43262088357187234,0.2555853858003965,0.4896806784933736,0.47902518154766216,0.43262088357187234,0.661486772644344,0.6821256217562921,0.6425293626353535,0.41284340628239685,0.40805824942582564,0.44331228702402514,0.41284340628239685,0.5419562165317258,0.5291009758534128,0.5275341844215486,0.5227490275649774,0.5227490275649774,0.5227490275649774,0.5302027373900007,0.5391129911549377,0.4895071099176656,0.33136990843512487,0.39012488035488546,0.32788754689535243,0.4161968379407959,0.5432445190108153,0.5623916207321572,0.5336493420016503,0.3738719568227621,0.43740604042844355,0.5498301732468336,0.5348318870591438,0.5227490275649774,0.5227490275649774,0.5060553401667552,0.47341808799758484,0.2555853858003965,0.43740604042844355,0.38483551623510837,0.49415247616399816,0.5342128942825939,0.49083831932538746,0.5391604485336192,0.44594540668615806,0.5956317182067143,0.49295239469309354,0.4870750478702557,0.4848426827866668,0.411563276137846,0.6514352330833204,0.5953446344001058,0.5450373682300286,0.38936509958085946,0.5227346244514153,0.41284340628239685,0.6556988036972305,0.5066172611674953,0.43914788105724684,0.3741750499157751,0.5708058437403878,0.4881672378365224,0.43740604042844355,0.4643237343503029,0.48005752593009565,0.48005752593009565,0.5200305358141238,0.5387271621851331,0.4461842056562946,0.44590529022378655,0.6240003749620779,0.5308587394714042,0.5308587394714042,0.5873658520708658,0.2637758724364271,0.22675101671338713,0.7089915427473993,0.3571166399701132
U0179,0.4409503760250585,0.3659079954916702,0.38495416202336863,0.474638834623056,0.3546425106887925,0.3864285287995914,0.38230346185674924,0.5388648034855619,0.592927795462068,0.38664030830041013,0.4537979606256687,0.42020980663505986,0.4030636525151377,0.512469227916881,0.45348627028865274,0.2525289727958675,0.464928622982932,0.4437240809853068,0.4752712930374742,0.4459235020348563,0.424994963491631,0.42020980663505986,0.42020980663505986,0.243174308863584,0.4601386582334213,0.4578071398365268,0.42020980663505986,0.5369099294202213,0.3466648420295559,0.5169750743575644,0.4004323293455843,0.39564717248901315,0.4309012100872126,0.4004323293455843,0.5245869462382863,0.5144147096643603,0.5151231074847361,0.5103379506281649,0.5103379506281649,0.5103379506281649,0.5149164764755688,0.49288598297496555,0.48433910005860215,0.35315321685286327,0.38122104941596435,0.35213044054572584,0.4363235659139956,0.4498345286388365,0.49932124035404696,0.4432871222969419,0.4350522086057124,0.424994963491631,0.45297794341420444,0.5052642938453888,0.5103379506281649,0.5103379506281649,0.5097430049828999,0.4969454670371718,0.243174308863584,0.424994963491631,0.38390051976738093,0.4894849109225907,0.4949325048635454,0.43973949535011586,0.48226653898879923,0.46221742417184797,0.4502507708553962,0.480541317756281,0.4692671806184499,0.4724316058498543,0.43721642695512053,0.6272808462609913,0.4746068968579051,0.4592814151797058,0.4269321428585564,0.4434677483198435,0.4004323293455843,0.6197897531188278,0.4864448897467903,0.414408496021351,0.408487598897031,0.4197189566143839,0.47575616089970985,0.424994963491631,0.45191265741349035,0.4676464489932831,0.4676464489932831,0.5522062635710552,0.5263160852483205,0.39876005401966463,0.43450426072498827,0.4069717250546473,0.5184476625345916,0.5184476625345916,0.24697950041006708,0.26861168436073024,0.26475277404639763,0.3907476155741954,0.30314928667225
U0180,0.3506790018367067,0.3951958400178586,0.33149835384396764,0.39691333491153263,0.28302079202553,0.2825779699723319,0.30552877371485515,0.4626189890229516,0.5229168330364135,0.2977630569020416,0.3579489956224736,0.34343511849316577,0.32077295469217754,0.4372927101877215,0.36062109331157155,0.282194874455783,0.4320775909135277,0.39455008064715863,0.3984966048955801,0.36914881389296217,0.34822027534973693,0.3434351184931657,0.3434351184931657,0.16639962072168984,0.3855422516438004,0.38078889812104944,0.3434351184931657,0.4634735747880875,0.2793278863871292,0.4678131631915167,0.3236576412036902,0.318872484347119,0.35412652194531846,0.3236576412036902,0.45744413597820066,0.4389923701006608,0.43834841934284197,0.43356326248627075,0.43356326248627075,0.43356326248627075,0.4396518166649028,0.4215640549987819,0.42032117120022877,0.2916964321849264,0.31836109722990436,0.2864309327299219,0.40292886267622335,0.4323688358594969,0.4211402865348182,0.3689674790544953,0.3609999415213962,0.34822027534973693,0.3760689819067181,0.46127516965778226,0.43356326248627075,0.43356326248627075,0.38050559201873585,0.4129146484250067,0.16639962072168984,0.34822027534973693,0.24927708027321122,0.431246454780424,0.4205656783423412,0.39545914141411626,0.3942791555452741,0.3903115564121336,0.39318488392945306,0.4037666296143869,0.3913948343130609,0.3956569177079602,0.3588330174834421,0.5591127386362499,0.41669334227745247,0.3610729926400814,0.3594923810679912,0.36123735555545144,0.3236576412036902,0.5368911780589007,0.4180606688268987,0.33818376873638945,0.34481990656057604,0.40177561912641946,0.3989814727578157,0.34822027534973693,0.37513796927159626,0.39087176085138897,0.39087176085138897,0.498012742078223,0.44954139710642643,0.32813923843581594,0.33913954596749507,0.3495758798961553,0.4416729743926975,0.4416729743926975,0.17291122581252483,0.17974792880588764,0.19099675430010876,0.3010159814140039,0.23809525354190036
U0181,0.35772030342434613,0.518624350585918,0.3003245095055649,0.4065025252001832,0.31322224620557126,0.39495652377010526,0.31546069313122127,0.48261330468859676,0.5149135521723612,0.31023833249246124,0.3423540898022293,0.3533670379095319,0.3516353185770313,0.4525857054288787,0.446414910145087,0.24410087966600497,0.35071133346727723,0.42585507418466395,0.40842852431194626,0.37908073330932834,0.35815219476610305,0.3533670379095319,0.3533670379095319,0.17633154013805608,0.43968604029733094,0.38700967215272414,0.3533670379095319,0.4714887288135044,0.0939954230717363,0.4178557653168745,0.3335895606200564,0.3288044037634852,0.36405844136168464,0.3335895606200564,0.47260411029605354,0.44683229965527105,0.44828033875920814,0.4434951819026369,0.4434951819026369,0.4434951819026369,0.4467096269785039,0.4272884299983013,0.4701433797377159,0.36635084595623824,0.35806530710925427,0.29899518460596824,0.48153921998206783,0.45883203768666475,0.40712085702895096,0.3885827776900983,0.5140017702677344,0.35815219476610305,0.40797970377764947,0.47736216206008275,0.4434951819026369,0.4434951819026369,0.3729291122783787,0.45779743898313974,0.17633154013805608,0.35815219476610305,0.3142053495648288,0.4451164527151764,0.4296127636153869,0.4211417989732735,0.400252967046949,0.4339579432188167,0.33315051168745147,0.4136985490307531,0.4037733041070187,0.40558883712432636,0.3774293609715641,0.5797669894908384,0.4413998102873612,0.3799239227324866,0.44246792756163383,0.38961593273488176,0.3335895606200564,0.5335084211376941,0.41759113890125277,0.3469866922226389,0.3992466057048797,0.3212373653356903,0.4089133921741819,0.35815219476610305,0.3850698886879624,0.40080368026775515,0.40080368026775515,0.5263005707201387,0.4594733165227926,0.33643870619726113,0.38191344278295863,0.39289312904180396,0.45160489380906366,0.45160489380906366,0.18567089973169337,0.26694475941618856,0.2203950152164364,0.20091151918800337,0.2273692639370685
U0182,0.3196182450998907,0.3192819169258705,0.26965555111420214,0.3847367694854649,0.2768750923979113,0.3479520064031459,0.29479530923113983,0.45774686514284113,0.5134418913214395,0.29576960825750903,0.2987261647724959,0.3327016540094504,0.31163761903923193,0.42421506674763837,0.40499212480200514,0.21811636737554882,0.37020027399418176,0.3555554714371768,0.38776314041186477,0.35841534940924685,0.3374868108660216,0.3327016540094504,0.3327016540094504,0.15566615623797453,0.394036058317055,0.37165175835901715,0.3327016540094504,0.47926464560329723,0.2928269828145169,0.454000649915169,0.31292417671997486,0.3081390198634037,0.34339305746160315,0.31292417671997486,0.43206284771172354,0.4274381148722778,0.4276149548591266,0.42282979800255543,0.42282979800255543,0.42282979800255543,0.4280408548963366,0.38785390151007854,0.38923551730647943,0.26754772313401237,0.3116921860499422,0.24911568637438328,0.3568258770472502,0.4108879999645711,0.4132376844593142,0.36289688442129997,0.38336472100803065,0.3374868108660216,0.3964365750269615,0.43360306912163943,0.42282979800255543,0.42282979800255543,0.36540829071318004,0.40578624800524205,0.15566615623797453,0.3374868108660216,0.29424872481191366,0.400209623114941,0.4144255946632157,0.3828940328073352,0.3968778219409453,0.3688402048233611,0.3683242626208284,0.3930331651306716,0.3850165251884485,0.3849234532242448,0.32857973573441857,0.5481066585397906,0.43647438653998827,0.3903624458936018,0.35365208144540616,0.3727788993839931,0.31292417671997486,0.5294284911612992,0.3996053879529071,0.33029849005099177,0.323768697631045,0.3764162224691172,0.3882480082741004,0.3374868108660216,0.3644045047878809,0.38013829636767366,0.38013829636767366,0.4572737459878746,0.4388079326227111,0.3202638134910373,0.34416927089439503,0.41654911910554987,0.43093950990898217,0.43093950990898217,0.23321176746510408,0.12333893823245501,0.1620917216530801,0.3428226702207653,0.22894046197644802
U0183,0.4682546340164674,0.26510831066333584,0.4349788882292654,0.4217812367875084,0.27611585425772883,0.3857348257198184,0.32527685414252305,0.4857650102221993,0.528882672150772,0.3962772951773893,0.9677881816583792,0.3631831989208336,0.3655358167507211,0.46049540265551003,0.35825489804892585,0.21142137815197615,0.4329893931891582,0.397060268764082,0.418244685323248,0.38889689432063007,0.36796835577740483,0.3631831989208336,0.3631831989208336,0.18614770114935775,0.47439219813379374,0.39525975794591806,0.3631831989208336,0.3529537407707739,0.2340896115733381,0.45952064299260065,0.3434057216313581,0.3386205647747869,0.37387460237298636,0.3434057216313581,0.5010353496310755,0.4569496049822587,0.4580964997705098,0.45331134291393865,0.45331134291393865,0.45331134291393865,0.45728896773266436,0.6069674985381551,0.49306196411685926,0.3709052926913638,0.33087544230711907,0.33814536138688994,0.46826796119938735,0.3813528439703815,0.4378096915308701,0.38385924067690647,0.349449216712574,0.36796835577740483,0.41548170917841026,0.421137788031333,0.45331134291393865,0.45331134291393865,0.6400901989574301,0.4761503413203168,0.18614770114935775,0.36796835577740483,0.3415461046279236,0.45252024870779817,0.413500719463448,0.34038994586666615,0.449729424842214,0.5667884082603587,0.4508894819700322,0.4235147100420548,0.4063794801256502,0.41540499813562803,0.4479538461597181,0.5534088325145325,0.4689707742487172,0.3639322007597271,0.36628850962868026,0.3714173870091923,0.3434057216313581,0.5503297240053582,0.43226435999957447,0.3495108681609472,0.36144321184656336,0.27738340147626583,0.4187295531854836,0.36796835577740483,0.3948860496992641,0.4106198412790569,0.4106198412790569,0.5095977015996787,0.46928947753409433,0.3209756267586772,0.40355533589986514,0.2375867358138165,0.4614210548203654,0.4614210548203654,0.2907241045226646,0.4582179853559228,0.25593522853452627,0.172586474811872,0.2786908769931547
U0184,0.3771733099249538,0.2673334973306365,0.30714469004408873,0.3986944688697995,0.2780581510564174,0.35503522078361366,0.313655483030913,0.4988854776863244,0.5326442172873964,0.4543244727891217,0.9976317862733215,0.3515618278092236,0.3424097993180958,0.44561454227317854,0.3962349709830473,0.5302901118632001,0.4239348246038268,0.28378101733337213,0.40662331421163794,0.37727552320902,0.3563469846657948,0.35156182780922357,0.35156182780922357,0.1745263300377477,0.49941430367548567,0.3843583783979574,0.35156182780922357,0.3328997258100424,0.41826095007631336,0.5569089203486057,0.3317843505197481,0.32699919366317687,0.3622532312613763,0.3317843505197481,0.4940518344258899,0.44917819124477226,0.4464751286588998,0.4416899718023286,0.4416899718023286,0.4416899718023286,0.4507176544622991,0.5823245251952149,0.4538628667142598,0.4067977622121459,0.3987078150013309,0.34451777499930714,0.4211539938095302,0.5385723708062813,0.3568554352732737,0.3843040810783347,0.3746569341388317,0.3563469846657948,0.5304189481319037,0.4453948465505907,0.4416899718023286,0.4416899718023286,0.338498791709768,0.4542446840369543,0.1745263300377477,0.3563469846657948,0.3596655834885517,0.43402227384636505,0.3999457234077598,0.41940107342926064,0.3871366657907884,0.6370560522620325,0.49298378029486994,0.4118933389304448,0.4064718181070336,0.40378362702401804,0.43774711676084554,0.5448942500560565,0.727397957436642,0.3847273965521191,0.3842369873875424,0.3680104035836111,0.3317843505197481,0.5148523347947764,0.4251132133970435,0.3443710527242171,0.36726735990948933,0.4324713595150658,0.40710818207387356,0.3563469846657948,0.3832646785876541,0.39899847016744683,0.39899847016744683,0.44914231540148075,0.4576681064224843,0.31521668434441386,0.39355569231377285,0.5451244596591555,0.44979968370875534,0.44979968370875534,0.5860113551811131,0.24364620151025154,0.20083297472412295,0.1508847847463684,0.05244068124742596
U0185,0.44264437425757985,0.442461537780413,0.5068203556286388,0.47997842546637987,0.34263903112281974,0.47995929848889207,0.3852000444714492,0.541700735960827,0.589106515666387,0.4333966966555242,0.9100563867163016,0.4231063892497598,0.3994159027904374,0.5157901288288447,0.4236370894203752,0.3697968820060822,0.4930460214014511,0.4499129983609692,0.4781678756521741,0.44882008464955625,0.42789154610633096,0.4231063892497598,0.4231063892497598,0.24607089147828393,0.49672946949468233,0.45722428634535217,0.4231063892497598,0.43791816236093434,0.37131274819071913,0.5842139340562473,0.40332891196028425,0.3985437551037131,0.43379779270191254,0.40332891196028425,0.5253457543573965,0.5187650123157578,0.518019690099436,0.5132345332428648,0.5132345332428648,0.5132345332428648,0.5194955666924744,0.6350197281758291,0.4701005782717103,0.3664413709190051,0.3904358104400746,0.35309417199642423,0.5176888517000209,0.4595424392408454,0.5237850166407824,0.4155209425868505,0.38038698028480544,0.42789154610633096,0.481847814485777,0.4976570589868569,0.5132345332428648,0.5132345332428648,0.6414790197445503,0.5174562697836087,0.24607089147828393,0.42789154610633096,0.4014766540629629,0.5082206762027403,0.4939217582871901,0.4607334415002163,0.5465936190782098,0.5591167553882341,0.5390226021285576,0.48343790037098094,0.4692622425931588,0.4753281884645542,0.44003217416593454,0.6236886313855892,0.5338109854148461,0.41252453872901124,0.4298517778179844,0.4189036864156364,0.40332891196028425,0.595074847214121,0.4987107159000915,0.4102291617713386,0.403685570431729,0.4386482681550854,0.4786527435144098,0.42789154610633096,0.4548092400281903,0.47054303160798305,0.47054303160798305,0.5499875533679561,0.5292126678630205,0.40912043649695706,0.4027226878812097,0.362042217809749,0.5213442451492916,0.5213442451492916,0.321328173095916,0.2084358012013882,0.2745846164465718,0.22471725148489477,0.4735122978196284
U0186,0.4585935798057009,0.3661597024545746,0.37874254882936964,0.41574925861277756,0.2896922269785129,0.2453678281795828,0.32606655996772554,0.4703227801323035,0.5469159559520277,0.35614839271729093,0.39994173346787043,0.36397290474603616,0.34034520964951576,0.4616370111602453,0.39073067073270695,0.31804976829100917,0.48502300738624854,0.3618984898149028,0.4190343911484505,0.38968660014583256,0.3687580616026073,0.3639729047460361,0.3639729047460361,0.18693740697456024,0.362623585799139,0.40372653746096543,0.3639729047460361,0.47791147657855165,0.5129645113616657,0.566673610230869,0.3441954274565606,0.3394102705999894,0.37466430819818886,0.3441954274565606,0.4903576542463025,0.46085242462693926,0.45888620559571236,0.45410104873914114,0.45410104873914114,0.45410104873914114,0.4620002001128223,0.4421371046958975,0.4290432147964691,0.324768747617909,0.3417107107732506,0.3979604017962518,0.39912372799670603,0.393267046037747,0.4594333192973096,0.35831652001558,0.3057213422273246,0.3687580616026073,0.4784328794134891,0.4786776160461009,0.45410104873914114,0.45410104873914114,0.37372076828582734,0.4185800564274546,0.18693740697456024,0.3687580616026073,0.2854559689305503,0.44823528595291834,0.44211082888607034,0.3836299184716457,0.4063206114439349,0.4257492626459927,0.48141270648071777,0.4243044158672573,0.41485489084809046,0.4161947039608306,0.4731957853038841,0.5682125437350315,0.4568343003224374,0.4059199166247102,0.3759383871584394,0.378020389237122,0.3441954274565606,0.5694665735527681,0.4352313533753281,0.35786179569270066,0.3584897555455141,0.48794533376039584,0.4195192590106861,0.3687580616026073,0.3956757555244666,0.41140954710425937,0.41140954710425937,0.4953865858596227,0.4700791833592968,0.3496073649232503,0.3898458179389894,0.36453807397421295,0.4622107606455679,0.4622107606455679,0.1287968822279374,0.22512362936293667,0.20913910831518148,0.33146641973136115,0.17105093222394097
U0187,0.25872355782254874,0.3797285266855428,0.21282070223091504,0.4173986557140725,0.2919894748376021,0.28564554606925074,0.3260665599677255,0.48359019206740156,0.5514993840848519,0.3461611579586636,0.3342608580795082,0.36397290474603616,0.30815821765243756,0.45271968603001417,0.32858628196869566,0.7484184801978202,0.5613799080156507,0.4607990769400252,0.4190343911484505,0.38968660014583256,0.3687580616026073,0.3639729047460361,0.3639729047460361,0.18693740697456024,0.4530985248787833,0.3978239148889781,0.3639729047460361,0.3948005410258055,0.32252406459127225,0.5211772806705715,0.3441954274565606,0.3394102705999894,0.37466430819818886,0.3441954274565606,0.5072195226756068,0.4645748211919237,0.45888620559571236,0.45410104873914114,0.45410104873914114,0.45410104873914114,0.4668805688530469,0.4410636077594608,0.40518607364785725,0.31652656815809244,0.3521037443817316,0.32738488857417636,0.4339361497043996,0.6949154991289237,0.4069455288881003,0.3361053497790656,0.34964842940399304,0.3687580616026073,0.4480012298807723,0.5265511549348756,0.45410104873914114,0.45410104873914114,0.3256177238886181,0.41892676068786067,0.18693740697456024,0.3687580616026073,0.32792898770454565,0.45873256464346673,0.4284556347443777,0.518727124345149,0.3783417316067259,0.4105271957476003,0.4412326305774432,0.4243044158672573,0.4164304545276285,0.4161947039608306,0.42117342177554745,0.5570924115982258,0.5982877154172759,0.32292178365491647,0.34269935998312406,0.3372920262648611,0.3441954274565606,0.542227845279601,0.4691253799738586,0.3592206928656415,0.39797380301649443,0.6519106914388452,0.4195192590106861,0.3687580616026073,0.3956757555244666,0.41140954710425937,0.41140954710425937,0.6028309332831407,0.4700791833592968,0.34955689389741385,0.30578939749829814,0.48404336990538366,0.4622107606455679,0.4622107606455679,0.33578430763057354,0.1878190607654669,0.23117306576011062,0.17537136082374694,0.39948852171450777
U0188,0.4073378534592665,0.8461819181917597,0.5138713767461172,0.4465976389529933,0.36384323486509634,0.42232783915379773,0.35873408505350296,0.5227513857509541,0.5597074696175853,0.33449991491413533,0.396801750952319,0.3966404298318136,0.3845710356604612,0.5038731361485055,0.43374558603150926,0.2692552568153202,0.3928101608729564,0.47746162802822867,0.45170191623422795,0.42235412523161003,0.4014255866883848,0.3966404298318136,0.3966404298318136,0.2196049320603377,0.3753140300769391,0.4310456593157694,0.3966404298318136,0.5298483326202461,0.23727194970182372,0.5488098430976789,0.37686295254233804,0.3720777956857669,0.4073318332839663,0.37686295254233804,0.5272391159317451,0.49195422269865263,0.4915537306814898,0.4867685738249186,0.4867685738249186,0.4867685738249186,0.49072176812513313,0.5259030622664271,0.5014310535788905,0.4458590211739624,0.3996645600547504,0.35980686665773914,0.6387083712210704,0.47224362975772194,0.48066942105052024,0.4272164335003389,0.4662002513995689,0.4014255866883848,0.519083012569728,0.5388266891671032,0.4867685738249186,0.4867685738249186,0.3162895963019242,0.4789219909357714,0.2196049320603377,0.4014255866883848,0.24374604740933792,0.5191065072190637,0.496537250773856,0.498331699732206,0.4577058858180817,0.43726063604030874,0.48015619930385417,0.4569719409530348,0.4479437391301181,0.448862229046608,0.4311805968518604,0.6469960893547655,0.46333503948323407,0.39463936342768147,0.5177265327496265,0.4360248134259156,0.37686295254233804,0.5510935652852078,0.46015532043696716,0.38889529388021576,0.4414168365023743,0.40774781948331335,0.45218678409646357,0.4014255866883848,0.42834328061024407,0.44407707219003684,0.44407707219003684,0.5453706882133581,0.5027467084450743,0.41203002601125693,0.3755247381267526,0.4215137688328534,0.49487828573134535,0.49487828573134535,0.1620245577550905,0.2045505920022469,0.23172364426858105,0.11118366065370083,0.21745731540196056
U0189,0.5586871412754076,0.39936433525230286,0.3696740003811785,0.39039127294637593,0.2828779288628829,0.2729570722000476,0.29812115618224,0.45860606465518866,0.511260632836399,0.34658462226182296,0.4521465537487209,0.33602750096055056,0.3713033499964957,0.44755973212157574,0.42946155071506087,0.11428546994864647,0.40385567919941145,0.4064173073228496,0.39108898736296493,0.361741196360347,0.3408126578171218,0.33602750096055056,0.33602750096055056,0.1589920031890747,0.40507274240791946,0.37129047598149845,0.33602750096055056,0.46666870708354746,0.2393730390727597,0.4235894324683678,0.316250023671075,0.31146486681450386,0.3467189044127033,0.316250023671075,0.5254115306405581,0.42894852725720467,0.4309408018102268,0.4261556449536556,0.4261556449536556,0.4261556449536556,0.42881110097133723,0.4635400186039254,0.5672003109822883,0.4509632399006779,0.33827812384643074,0.45473218866189713,0.49204254982952705,0.37101436651753766,0.4046897078928414,0.408140902221612,0.45278798074009646,0.3408126578171218,0.48376407653531717,0.4632247343553361,0.4261556449536556,0.4261556449536556,0.41925558446293965,0.44393102158127534,0.1589920031890747,0.3408126578171218,0.3225410982481455,0.4431867163853197,0.40479838697261783,0.31860968690823166,0.35240414421921473,0.4895495841236998,0.38619528275901094,0.39635901208177177,0.38558224006334424,0.38824930017534504,0.557577185953542,0.5488600753509109,0.4132616227503366,0.40909754144892885,0.42901172747273675,0.4036832380723124,0.316250023671075,0.5570700357045004,0.392695258270754,0.32963652567545115,0.40649732421284945,0.2764885775595137,0.39157385522520055,0.3408126578171218,0.36773035173898105,0.3834641433187738,0.3834641433187738,0.5326893032312782,0.4421337795738113,0.3077954864606095,0.47717345487750024,0.2900601706934968,0.43426535686008233,0.43426535686008233,0.14115433801487448,0.7208218182791909,0.25680660949629575,0.2592071949878148,0.004465451837068979
U0190,0.4220632736226707,0.385545582379574,0.3684721190680441,0.40392242839975795,0.27895675432398115,0.3529853254243302,0.31256411051652133,0.4656468139050463,0.5294017575867067,0.34023597081238055,0.34733687650543366,0.35047045529483195,0.33262068928676336,0.45420219963973846,0.35135109625521277,0.20043438929875418,0.4079460394205424,0.41099644385506107,0.4055319416972463,0.3761841506946284,0.3552556121514031,0.35047045529483195,0.35047045529483195,0.17343495752335614,0.3322854405172984,0.3873597245880222,0.35047045529483195,0.4458196721699732,0.376442380543432,0.4918063011818699,0.33069297800535646,0.32590782114878525,0.3611618587469847,0.33069297800535646,0.5177168211616195,0.44660159177706715,0.4453837561445082,0.440598599287937,0.440598599287937,0.440598599287937,0.4461860801616462,0.4829077213377643,0.4460129263912781,0.3808330359980937,0.300638764363789,0.3699561791848026,0.48560803101102884,0.4210255150743702,0.4488581913260391,0.3530154783640559,0.28604121680408245,0.3552556121514031,0.5496589787709971,0.4421061123326198,0.440598599287937,0.440598599287937,0.3951661555057156,0.4129604272764278,0.17343495752335614,0.3552556121514031,0.3146678505823982,0.43866918765634977,0.4336040208532468,0.38400802740004597,0.39306112527319403,0.36488115029377477,0.4790332750934826,0.41080196641605315,0.40574740512668916,0.4026922545096264,0.5087659361527379,0.5543473207674579,0.4550449348522432,0.38823569747074227,0.3694656683206831,0.3945436487014365,0.33069297800535646,0.5446753753943786,0.4168129288819358,0.3451356927380618,0.3672976658586351,0.4199003125966406,0.40601680955948194,0.3552556121514031,0.38217330607326244,0.3979070976530552,0.3979070976530552,0.5123553173249555,0.45657673390809267,0.3451616020164757,0.3730197790524021,0.35351192867996395,0.4487083111943637,0.4487083111943637,0.20605123509357556,0.4476422148612774,0.20677562298168178,0.14321234389025694,0.16908615236800206
U0191,0.46691234414270344,0.4271109717504598,0.5402592139832942,0.5310610297339903,0.408865483199806,0.48968142830089606,0.4401540943329158,0.6268899262566606,0.660951768840623,0.4950301600518586,0.9141352211851239,0.4780604391112264,0.47008793686640254,0.5733514048568461,0.4003708498600467,0.3226706547400033,0.5115994206535229,0.518058834134196,0.5331219255136408,0.5037741345110228,0.4828455959677976,0.4780604391112264,0.4780604391112264,0.30102494133975055,0.517545370954586,0.5113959833862555,0.4780604391112264,0.5216885584860991,0.3682868336369387,0.5643802330961036,0.4582829618217509,0.45349780496517966,0.48875184256337917,0.4582829618217509,0.6378651838175918,0.5733018901419182,0.5729737399609026,0.5681885831043314,0.5681885831043314,0.5681885831043314,0.572633374457781,0.7286881905144587,0.5988357725392499,0.5105331671410144,0.431063747567615,0.3801248527176977,0.5962091462918473,0.6037792504709336,0.5225760430682365,0.567125639201603,0.4155352165145654,0.4828455959677976,0.5913228930942119,0.5358022911640966,0.5681885831043314,0.5681885831043314,0.5794261259850586,0.5650018795124472,0.30102494133975055,0.4828455959677976,0.4441116094185215,0.5660549368018516,0.547628185369255,0.5291938856054402,0.5394758221216528,0.5897429221723152,0.6062877205351103,0.5383919502324476,0.5288308468503421,0.5302822383260208,0.5180318698421562,0.6839718726753874,0.6629102118376551,0.4895981716389458,0.4653503053362443,0.5238024900062813,0.4582829618217509,0.6490793921198191,0.5474625717592427,0.47267286995795926,0.47295311315066535,0.42656219446144056,0.5336067933758764,0.4828455959677976,0.5097632898896569,0.5254970814694496,0.5254970814694496,0.6035013133895333,0.5841667177244871,0.4621307993255892,0.47393299324862204,0.5137729578193861,0.5762982950107581,0.5762982950107581,0.6512713693194759,0.5453257494360728,0.3217099045606349,0.26587529404869215,0.24300735437893722
U0192,0.39547968481371537,0.31451495114227235,0.32846335470621907,0.40451395089850195,0.2793519526669084,0.422401966929638,0.313655483030913,0.4653751027600735,0.5389276166108374,0.3324033053707952,0.3251867054159764,0.35156182780922357,0.3249836124582858,0.4494614154914747,0.412950887790305,0.1999742807543186,0.4049353260788424,0.3876877051416341,0.40662331421163794,0.37727552320902,0.3563469846657948,0.35156182780922357,0.35156182780922357,0.1745263300377477,0.381799647793688,0.39164732190406537,0.35156182780922357,0.4778723295787374,0.44199362204637954,0.5176888219871445,0.3317843505197481,0.32699919366317687,0.3622532312613763,0.3317843505197481,0.483008682686461,0.44728704015199533,0.4464751286588998,0.4416899718023286,0.4416899718023286,0.4416899718023286,0.44740655553108744,0.4483603411887388,0.40970414738821775,0.3216834892470965,0.3090521624267656,0.3242142629818603,0.4307321311108079,0.4091538223947477,0.4711205059867856,0.34293171036729375,0.3121113745166483,0.3563469846657948,0.5281489915819586,0.43731023750966036,0.4416899718023286,0.4416899718023286,0.42627227993445693,0.40991780826086976,0.1745263300377477,0.3563469846657948,0.30872573773479217,0.4217442895941806,0.4364776248000904,0.37670427683554175,0.4199023564317337,0.3648379746764339,0.46749234627774416,0.4118933389304448,0.4071789990146653,0.40378362702401804,0.44579137651401324,0.5565563272864507,0.46580449273212843,0.41926442306643635,0.35598389712904627,0.40427567942707177,0.3317843505197481,0.5536859744241636,0.41701198928782257,0.3488855340034906,0.3382397428620244,0.4432983439255434,0.40710818207387356,0.3563469846657948,0.3832646785876541,0.39899847016744683,0.39899847016744683,0.48087631038690637,0.4576681064224843,0.34454834257446343,0.37113114036283495,0.4115660928666467,0.44979968370875534,0.44979968370875534,0.23712908630853155,0.3055091496785101,0.18607886332965873,0.28703066937907973,0.26616798799794145
U0193,0.3507281823938001,0.3570693285179022,0.2462851749954664,0.40363794845670065,0.28675687715751713,0.5112597185081356,0.31576235982041045,0.47595850407677986,0.5206556754123487,0.34993512443913344,0.39481868368188594,0.353668704598721,0.3292766743969938,0.4534145803412233,0.45725363470324637,0.21272583821005905,0.3032238217428142,0.35397212606036055,0.4087301910011354,0.37938239999851747,0.35845386145529223,0.353668704598721,0.353668704598721,0.17663320682724515,0.43031251295256356,0.3891804550928349,0.353668704598721,0.41595737462441673,0.2885536395807312,0.48028516996682785,0.3338912273092455,0.3291060704526743,0.36436010805087377,0.3338912273092455,0.47670306989539313,0.448248595971834,0.44858200544839727,0.44379684859182605,0.44379684859182605,0.44379684859182605,0.4476124385878141,0.4546964171936998,0.4101227558104326,0.3726977305653327,0.3470963856492693,0.28996617953024606,0.4706105669609195,0.4324087518662679,0.4226637958703252,0.31219116897780896,0.39868163338859564,0.35845386145529223,0.5468001783001719,0.4194016216914392,0.44379684859182605,0.44379684859182605,0.3493346349935089,0.4351196058845282,0.17663320682724515,0.35845386145529223,0.2867869810472007,0.41979920619245065,0.42102122471859427,0.381117172947088,0.38900018547998005,0.4273338743295753,0.41045719783350754,0.4140002157199422,0.4116784914294457,0.4058905038135155,0.4222727464481052,0.5605229767444219,0.5365619112868996,0.40882755119815034,0.39924616362370086,0.3980755049579909,0.3338912273092455,0.5234537962235094,0.40906492632609853,0.3485517814397676,0.3583534299975459,0.3705559778070009,0.409215058863371,0.35845386145529223,0.3853715553771515,0.4011053469569443,0.4011053469569443,0.4587853389215605,0.45977498321198174,0.32431473159351587,0.3685403737356879,0.46721935544981974,0.4519065604982528,0.4519065604982528,0.27826717351352354,0.2502054823889941,0.18356728115749532,0.11211765578311961,0.1759215486955883
U0194,0.2076595816133457,0.4576072975541061,0.390443602317297,0.4010112036770874,0.33261659460743653,0.3943568784564666,0.31365548303091295,0.5279263330854714,0.5407052856120748,0.35125678492398715,0.43823561532096666,0.3515618278092236,0.34624482769810483,0.4388008818343637,0.33395651343778465,0.2655829759631625,0.3410058178958902,0.4089277777316011,0.40662331421163794,0.37727552320902,0.3563469846657948,0.35156182780922357,0.35156182780922357,0.1745263300377477,0.3317458803419841,0.3887775388757624,0.35156182780922357,0.5564094969441445,0.26014504824835694,0.45083737414510644,0.3317843505197481,0.32699919366317687,0.3622532312613763,0.3317843505197481,0.4817492903038728,0.44782514956986563,0.4464751286588998,0.4416899718023286,0.4416899718023286,0.4416899718023286,0.44789297780695136,0.5183127688732517,0.41536341969693075,0.3277873998393066,0.3089246342199343,0.2049512298840247,0.40770499027021845,0.5680284698113234,0.40338768164636674,0.5441461105355954,0.3893274338337578,0.3563469846657948,0.49775501874074696,0.4604062571162486,0.4416899718023286,0.4416899718023286,0.3332539787194648,0.438570003873623,0.1745263300377477,0.3563469846657948,0.5721624905188972,0.4201849914748675,0.47805983902245797,0.5546038113692134,0.48416808475384565,0.32809818163048227,0.4650822555970721,0.4118933389304448,0.41418854803946525,0.40378362702401804,0.3093591337470103,0.5848514400002618,0.573173679176369,0.4207346312142949,0.3955968310828449,0.4450202928590044,0.3317843505197481,0.5268414940621252,0.42364258684330103,0.3552801819367748,0.37008668000986034,0.3901431755376217,0.40710818207387356,0.3563469846657948,0.3832646785876541,0.39899847016744683,0.39899847016744683,0.4820043666353939,0.4576681064224843,0.41156982310064205,0.33965835400769473,0.6230260785140387,0.44979968370875534,0.44979968370875534,0.6881445538178782,0.13585100718600895,0.14716055796926208,0.27875121117104895,0.2205079357397336
U0195,0.34292354847275985,0.3775466812040421,0.24867460634345784,0.4060457591974845,0.2794757484911451,0.20168343121091906,0.3133538163417239,0.4657781732164593,0.5296768768630835,0.3387179633078896,0.31844511905377515,0.35126016112003444,0.31770178756551304,0.44678939314562627,0.30709475853905904,0.5982256874484957,0.5361274904447695,0.44993083814070334,0.4063216475224488,0.3769738565198309,0.35604531797660566,0.35126016112003444,0.35126016112003444,0.17422466334855857,0.4006871309044126,0.38423580633256926,0.35126016112003444,0.3893267945481834,0.27375764096318383,0.4749992304713713,0.3314826838305589,0.32669752697398774,0.36195156457218725,0.3314826838305589,0.5171641850871438,0.45032608974288774,0.4461734619697107,0.4413883051131395,0.4413883051131395,0.4413883051131395,0.45209336103372694,0.433216230449447,0.4437743749092723,0.34873190412378396,0.33115345523794776,0.38109808752427893,0.4378655971420191,0.6010983017359539,0.39114267786059387,0.34055418445189933,0.3407528331209533,0.35604531797660566,0.4356843472602146,0.5078399405755512,0.4413883051131395,0.4413883051131395,0.335252551849773,0.4159912304396289,0.17422466334855857,0.35604531797660566,0.3257582658427463,0.454154438988699,0.41358653239928933,0.4592302577832718,0.3485017295350724,0.4084213610530999,0.4152840375084307,0.41159167224125565,0.4016705406925326,0.4034819603348289,0.4802847458795737,0.5435052293392515,0.5151056468502775,0.3174729317333223,0.35154652668409436,0.32994050925075513,0.3314826838305589,0.5418342390837426,0.4470492022460065,0.3440561447621163,0.4039650839684747,0.556315304310714,0.40680651538468443,0.35604531797660566,0.38296301189846493,0.3986968034782577,0.3986968034782577,0.6014372888430028,0.45736643973329516,0.3303509562939675,0.33938937306055517,0.37099620578820847,0.44949801701956626,0.44949801701956626,0.2064799135872832,0.35466244308586964,0.24502146617933288,0.14090687364938786,0.26398017388570305
U0196,0.3282449579602961,0.44293428604660356,0.2264490340395609,0.3961810651602632,0.2905134703293455,0.3304733887602092,0.3017074773392767,0.45707087793223705,0.5037628346097776,0.3094950181463139,0.3083310231364764,0.33961382211758734,0.3240648846015143,0.4324328271753168,0.43923471842631695,0.48885247926099284,0.44690876371388916,0.4375602061152729,0.3946753085200017,0.3653275175173838,0.3443989789741585,0.33961382211758734,0.33961382211758734,0.16257832434611152,0.4684665135069008,0.3732368309219589,0.33961382211758734,0.43445479595260195,0.13417373677749012,0.437183818664256,0.31983634482811185,0.31505118797154064,0.3503052255697401,0.31983634482811185,0.4492276042448292,0.43544382115701885,0.4345271229672636,0.4297419661106924,0.4297419661106924,0.4297419661106924,0.43742487864656915,0.3777193057188355,0.42293311149009827,0.29278674972554497,0.34813195198514024,0.32633785996455944,0.4096613555491182,0.5205780115533296,0.40377564249097586,0.34216545797778863,0.5033500845503965,0.3443989789741585,0.3580149284321246,0.5026107259680322,0.4297419661106924,0.4297419661106924,0.4202428753020939,0.4424006111245216,0.16257832434611152,0.3443989789741585,0.3961255627653617,0.4289845110944393,0.4129217790348909,0.44712512514236885,0.40477660899285145,0.4264317862841801,0.31401983388740606,0.39994533323880854,0.38868035716770777,0.3918356213323818,0.38141324121462217,0.5483941719068036,0.4478607652215688,0.3432074598193863,0.40574583789752283,0.3364728033566108,0.31983634482811185,0.5343474601488521,0.42483392139971893,0.33151934221732104,0.39635019946139427,0.4508643434640288,0.3951601763822373,0.3443989789741585,0.3713166728960179,0.3870504644758106,0.3870504644758106,0.572823774066841,0.44572010073084806,0.32695637717591075,0.36092943890780566,0.3754047133515648,0.4378516780171191,0.4378516780171191,0.12661361112304864,0.17876139563994925,0.2336698597553778,0.24328432121967908,0.42389235548891213
U0197,0.43363262355386206,0.40000739501674554,0.4314547644003233,0.42705026632912235,0.2987137903147251,0.34947409695281795,0.33768793107933553,0.49588977934459166,0.5378278167643358,0.404447327221802,0.8375392372391015,0.37559427585764615,0.3589384633294196,0.47129353390272427,0.3985284301893921,0.3051896595749461,0.4125189271716442,0.32617693252721425,0.43065576226006047,0.40130797125744255,0.3803794327142173,0.37559427585764615,0.37559427585764615,0.19855877808617028,0.4270099696030718,0.41016212640679417,0.37559427585764615,0.39438815073885575,0.38440348667487184,0.5582806233748907,0.3558167985681706,0.3510316417115994,0.3862856793097989,0.3558167985681706,0.47771964175075604,0.47106961791674623,0.47050757670732235,0.4657224198507512,0.4657224198507512,0.4657224198507512,0.47167193631629845,0.5546875402213043,0.4332422296913483,0.3545139660682858,0.37560077041352,0.341066464670223,0.4424525047579155,0.3741823152439938,0.4380732321488212,0.3668790058536279,0.34865344225707057,0.3803794327142173,0.45650205681554323,0.4489226149459172,0.4657224198507512,0.4657224198507512,0.4453376730613261,0.46633069435999397,0.19855877808617028,0.3803794327142173,0.2972108079110829,0.4592235626742015,0.4379713612932019,0.3877795684267041,0.4465322247384605,0.5539090259154221,0.48182807810056916,0.4359257869788673,0.4236401363743194,0.42781607507244057,0.4129745670055987,0.5801114133403398,0.5216317794449208,0.38561448863204906,0.40833907101015376,0.3710786762131617,0.3558167985681706,0.5431381377150479,0.4401149913141684,0.3632786017764257,0.3603620320480797,0.37094971947284794,0.43114063012229614,0.3803794327142173,0.40729712663607665,0.4230309182158694,0.4230309182158694,0.4570950902911479,0.4817005544709068,0.34599417064792315,0.38195754422780775,0.35887152326556493,0.4738321317571779,0.4738321317571779,0.24721865798112347,0.11488019730454618,0.2128095880440581,0.17987266777775168,0.1777278708407522
U0198,0.5915305108033236,0.373216826760039,0.3376953022518162,0.464875796356973,0.3360237751022894,0.3074322925509445,0.3703804240559501,0.5157785970892769,0.570918199003103,0.43572636526994807,0.3704655632654881,0.4082867688342607,0.4205245292658545,0.5177801072813082,0.4506666258033776,0.33471485643529786,0.5015348983430025,0.48785989212776515,0.46334825523667506,0.43400046423405714,0.4130719256908319,0.4082867688342607,0.4082867688342607,0.23125127106278484,0.4337860198704454,0.4411503773171132,0.4082867688342607,0.46876897159686376,0.3233991561918438,0.4859184851575212,0.3885092915447852,0.383724134688214,0.41897817228641343,0.3885092915447852,0.6128188717162757,0.5035203161986368,0.5032000696839369,0.4984149128273657,0.4984149128273657,0.4984149128273657,0.5040526326063975,0.501443327936618,0.5814448688505685,0.5045056747362049,0.38145795160124507,0.5639453783738916,0.5307305911723801,0.49324115122881435,0.46680830473061324,0.4066779565799833,0.44786084053208325,0.4130719256908319,0.6000293633176779,0.5277014462024101,0.4984149128273657,0.4984149128273657,0.4813809130144256,0.5022604187363301,0.23125127106278484,0.4130719256908319,0.49344230804375555,0.5026975603692786,0.470455737515114,0.41483410439205876,0.4017355812119035,0.4948511528212598,0.4576831643020556,0.4686182799554819,0.4622181408077748,0.46050856804905516,0.7032187396223246,0.5926401025326844,0.5042981432441196,0.4466767697171884,0.46523328354258997,0.4336203840880484,0.3885092915447852,0.626339689963376,0.4754047768069187,0.3989636342088111,0.49137610841713425,0.45399915360765264,0.46383312309891067,0.4130719256908319,0.43998961961269123,0.45572341119248394,0.45572341119248394,0.6520228832867838,0.5143930474475213,0.37835891477825156,0.5205364793798313,0.33751529755245,0.5065246247337925,0.5065246247337925,0.1389297746092587,0.7955552563471504,0.3427216420434157,0.16414680383408753,0.15033698397130685
U0199,0.5192193502629977,0.5056471088798806,0.42731236256261107,0.5067274396506377,0.3912805427437432,0.4604053702613674,0.41299839637263275,0.5775912490327917,0.6353037089384821,0.40982257663512406,0.36973189476032603,0.45090474115094337,0.4514528785072852,0.5584929974364249,0.43900855165066294,0.2737869696920374,0.5179081932504492,0.6038894740744958,0.5059662275533577,0.4766184365507398,0.4556898980075145,0.45090474115094337,0.45090474115094337,0.2738692433794675,0.49168203386799597,0.48477510220342723,0.45090474115094337,0.5563637981451048,0.25291317076071995,0.48599307838052536,0.4311272638614678,0.42634210700489666,0.4615961446030961,0.4311272638614678,0.6576127776606702,0.5454535578482319,0.5458180420006196,0.5410328851440483,0.5410328851440483,0.5410328851440483,0.5443053579489536,0.5867848457192312,0.6423967895768015,0.5462918776035801,0.4025303233465665,0.4604950299619774,0.65585618724387,0.6155921604949581,0.5201126122941312,0.501633856715276,0.4809270093208871,0.4556898980075145,0.6065958017029256,0.5633740607250046,0.5410328851440483,0.5410328851440483,0.5129562264174503,0.5294036889559529,0.2738692433794675,0.4556898980075145,0.3724775391338326,0.5583660007088337,0.5221772144441337,0.48794317461921166,0.45091015551912744,0.47485573486095023,0.5105979693105132,0.5112362522721645,0.5026192760611365,0.5031265403657378,0.6192977821922954,0.6615413799247298,0.540315950334997,0.47464106302944375,0.47855230410070904,0.5161499390334011,0.4311272638614678,0.6520754965869882,0.5205487349799851,0.4479458411583277,0.5077156446421812,0.44971783495847445,0.5064510954155933,0.4556898980075145,0.48260759192937386,0.4983413835091666,0.4983413835091666,0.6846588177227866,0.5570110197642041,0.429886012838865,0.49564221382863655,0.4325472723139775,0.5491425970504751,0.5491425970504751,0.36578556755166014,0.8546136881639068,0.3514900934086804,0.24434131056719527,0.2410646475583485
U0200,0.4466249856318893,0.7122709454901115,0.44827784664429715,0.47848001408380025,0.3862833227119034,0.40683639492581897,0.38309316768195173,0.5364521387977472,0.57142366600399,0.45414001241923774,0.4069565099491539,0.42099951246026235,0.4116300724298167,0.5166686350944345,0.5343923417351525,0.6827137388742517,0.5436286632184422,0.5131617437655377,0.4760609988626767,0.4467132078600588,0.42578466931683356,0.42099951246026235,0.42099951246026235,0.24396401468878648,0.42023087639155393,0.4556173168937045,0.42099951246026235,0.5532243443615721,0.4182776230672421,0.635102958749677,0.4012220351707868,0.39643687831421565,0.4316909159124151,0.4012220351707868,0.536442043119663,0.5199004991757814,0.5159128133099385,0.5111276564533673,0.5111276564533673,0.5111276564533673,0.5230316452822732,0.4976879527208522,0.44124765211160705,0.3683104935975524,0.4168745294238796,0.5316478821833308,0.5011525757499944,0.5684935651827315,0.5405037292007706,0.44076989329118543,0.5289021118729661,0.42578466931683356,0.5901506413510207,0.6175303195093259,0.5111276564533673,0.5111276564533673,0.5310354274477079,0.5309587007247687,0.24396401468878648,0.42578466931683356,0.8128106872215887,0.5089673039080305,0.5472187395641213,0.630525124888322,0.5958245168351047,0.4459313310922709,0.515262283837004,0.48133102358148355,0.4808061403696409,0.47322131167505677,0.5760696127363616,0.6284559379969922,0.5458294840351274,0.44372697278839357,0.55137971309539,0.4196563977466268,0.4012220351707868,0.6170051052695166,0.5110351168845656,0.40954751431211184,0.5128470232851283,0.6685503552665314,0.47654586672491234,0.42578466931683356,0.45270236323869284,0.4684361548184856,0.4684361548184856,0.6746852040567362,0.5271057910735231,0.48987688573180543,0.4590520532695226,0.4988054553909119,0.5192373683597942,0.5192373683597942,0.1709745042270983,0.11357370609341155,0.30866244579332486,0.2079846245089495,0.6633476771568985
U0201,0.4571861444252829,0.3622508883930775,0.3839138771675729,0.45140769944626574,0.3328932160240389,0.3369674143728373,0.35675037695753486,0.5199356711839278,0.5963509433822405,0.33069014441563094,0.299186588623149,0.39465672173584543,0.38995880102597086,0.49494228516200073,0.3725425105056097,0.22358040751274386,0.529084321358415,0.5443828676982659,0.4497182081382598,0.4203704171356419,0.3994418785924166,0.39465672173584543,0.39465672173584543,0.21762122396436956,0.4520865339650367,0.43242652777944,0.39465672173584543,0.5504594355052862,0.2741811438403481,0.44428849215216676,0.3748792444463699,0.3700940875897987,0.4053481251879982,0.3748792444463699,0.5769013507525551,0.48928038124023737,0.4895700225855216,0.48478486572895046,0.48478486572895046,0.48478486572895046,0.489028178117332,0.4997759577437061,0.5751613559760819,0.41510398735568227,0.336712442526785,0.3706563717193636,0.5183596434822456,0.548558539574577,0.48098739167009086,0.47524988299776016,0.40526666283857443,0.3994418785924166,0.4623331252945939,0.5170536258494758,0.48478486572895046,0.48478486572895046,0.49852223780821,0.45905966869702375,0.21762122396436956,0.3994418785924166,0.2792698381293043,0.4962699951491092,0.4682613735780088,0.42021132737861655,0.4106955390827059,0.4067085489448446,0.4515744406131903,0.4549882328570666,0.44176290663901896,0.44687852095063985,0.4968344292761541,0.6071431360290375,0.4450347291288477,0.4301015922083875,0.38027859666471486,0.4590839131453599,0.3748792444463699,0.6172440573666818,0.4713594056687626,0.39464580642434427,0.4183869281463513,0.4210436139021512,0.4502030760004954,0.3994418785924166,0.4263595725142759,0.4420933640940687,0.4420933640940687,0.6180948887711615,0.5007630003491061,0.3731426747924006,0.4328937244797003,0.3672923147393959,0.4928945776353772,0.4928945776353772,0.3181076658102031,0.7102982701948573,0.2848938949203036,0.4142948966475941,0.24351317916248477
U0202,0.4298224006842769,0.32455063530804434,0.30233803215271615,0.42219505880447483,0.30996318837464143,0.4343685002728978,0.32606655996772554,0.4791489588519155,0.5166945365476927,0.3937533442437886,0.40413688493789524,0.3639729047460361,0.3655985124710551,0.45621820115651995,0.5241042143148718,0.29567598871814876,0.3913875450693361,0.3914795620606964,0.4190343911484505,0.38968660014583256,0.3687580616026073,0.3639729047460361,0.3639729047460361,0.18693740697456024,0.4269312466909882,0.4008647972183459,0.3639729047460361,0.4951798188564352,0.3233696103513402,0.4908180379381389,0.3441954274565606,0.3394102705999894,0.37466430819818886,0.3441954274565606,0.45799802016775293,0.45832864723918304,0.45888620559571236,0.45410104873914114,0.45410104873914114,0.45410104873914114,0.4604203584236883,0.42052222369826575,0.3968926801986799,0.28562163446183797,0.3379226586891825,0.397093662860453,0.3523058431797561,0.37956680247909635,0.4784496102842509,0.3776210295054074,0.47945857019257637,0.3687580616026073,0.4864521676282647,0.47126972665695194,0.45410104873914114,0.45410104873914114,0.5811371091153608,0.4798665842195352,0.18693740697456024,0.3687580616026073,0.6850816623027529,0.4127398655711798,0.4626273835657084,0.4360378173141595,0.5163988756074792,0.41560119323386646,0.38798204027363753,0.4243044158672573,0.4212848158143243,0.4161947039608306,0.4745786173944052,0.5571078961871246,0.4454331361273943,0.446728556423585,0.4395590958849189,0.3922039758072826,0.3441954274565606,0.5799014380642933,0.4304643878934735,0.3549129751587885,0.3981988241892902,0.4230746948162312,0.4195192590106861,0.3687580616026073,0.3956757555244666,0.41140954710425937,0.41140954710425937,0.5398579479753001,0.4700791833592968,0.38174084636235306,0.44682328046560293,0.39796129360922416,0.4622107606455679,0.4622107606455679,0.15302451266727307,0.1861453492507416,0.24036215911534473,0.3039011128460946,0.48733687030936423
U0203,0.3720892505123557,0.36207063537431516,0.3028084734349784,0.4110493125432871,0.3215720119105036,0.3192484435459423,0.31934868097744723,0.49581471694934376,0.49721919167382966,0.4090201175192325,0.32334650545825966,0.3572550257557578,0.3702002965583248,0.45017662308231665,0.4353326790145569,0.2252079206317888,0.3026644718287713,0.3466753993327242,0.41231651215817217,0.38296872115555425,0.36204018261232895,0.3572550257557578,0.3572550257557578,0.18021952798428192,0.29909180875399854,0.3916516124475826,0.3572550257557578,0.5022862524384608,0.254373778891516,0.4353873771071547,0.3374775484662823,0.3326923916097111,0.36794642920791054,0.3374775484662823,0.47432907632193766,0.45185735693663776,0.45216832660543405,0.44738316974886283,0.44738316974886283,0.44738316974886283,0.4530590946234848,0.42395284116740134,0.38993816831062433,0.3279765810015235,0.3180509798373883,0.38307113166503015,0.3261884137630763,0.386770582725654,0.40919181463279714,0.4420869844937023,0.44361142240789075,0.36204018261232895,0.523203919498312,0.44868981461462926,0.44738316974886283,0.44738316974886283,0.41210808013572525,0.47389716651390307,0.18021952798428192,0.36204018261232895,0.7890738711316673,0.4009024735316099,0.4703616697284107,0.48051564196064256,0.48136696881409724,0.3548872760573696,0.3826735355629158,0.417586536876979,0.4216660715866521,0.40947682497055227,0.480931361527953,0.5559563908025952,0.4743882324551011,0.4408520557073803,0.45482933242870294,0.3965157367211921,0.3374775484662823,0.5545308807908568,0.41475629233674227,0.3497244467605348,0.41468996274947345,0.35843632850545976,0.4128013800204078,0.36204018261232895,0.38895787653418834,0.40469166811398105,0.40469166811398105,0.5126409020150664,0.4633613043690185,0.39642864825729074,0.4348644633861174,0.45612401169487016,0.45549288165528956,0.45549288165528956,0.26399072516702227,0.16413421234297854,0.20843811169590404,0.1547021196970939,0.2147336180909902
U0204,0.3409932935609993,0.5825900219615484,0.3744339171936869,0.46192081751413205,0.3311579249912282,0.517787653530135,0.3646622582185788,0.5060339673567812,0.5832722610584322,0.3335089080860121,0.37042225892899616,0.4025686029968894,0.34993934033403945,0.49865858554124687,0.41462971590544223,0.5737842314217485,0.5593713024992903,0.5845802769901245,0.4576300893993038,0.42828229839668586,0.40735375985346056,0.4025686029968894,0.4025686029968894,0.22553310522541353,0.5002396909027039,0.4369388550578352,0.4025686029968894,0.4547129542050243,0.2731184523560219,0.5520159746409472,0.38279112570741386,0.3780059688508427,0.41326000644904215,0.38279112570741386,0.5357306689618226,0.5008140530155205,0.49748190384656565,0.49269674698999444,0.49269674698999444,0.49269674698999444,0.5016988298050178,0.5185324423872218,0.4526518360354975,0.35118401167282876,0.36310661253721277,0.34554855341241597,0.5989631677813197,0.6334634670081999,0.5331394372195803,0.33936287398064413,0.4056917070290441,0.40735375985346056,0.4903971862696449,0.5538588721831106,0.49269674698999444,0.49269674698999444,0.5537221420051027,0.4683039219416932,0.22553310522541353,0.40735375985346056,0.30969241162297223,0.5108971571766497,0.48246073749199314,0.5223425109333729,0.48932679801598405,0.40535396973122056,0.48880315688976983,0.46290011411811055,0.45087816246767176,0.4547904022116838,0.45179478063390976,0.6106529088270731,0.4983474689752188,0.3560149918943482,0.40877610968049244,0.3975538182419318,0.38279112570741386,0.5806058099207585,0.5008405832892164,0.39439829339591925,0.42859433442056016,0.6127743254511001,0.4581149572615394,0.40735375985346056,0.4342714537753199,0.45000524535511266,0.45000524535511266,0.6567474313854559,0.5086748816101501,0.40294505142673004,0.33423852935720433,0.3877117621366278,0.5008064588964212,0.5008064588964212,0.19750401300615733,0.30116229498857505,0.2816429532854725,0.16846131389522417,0.6933461236973033
U0205,0.30968430932060065,0.29255519052913087,0.28185860312641153,0.3899170518459395,0.27480044797261005,0.3250906144037824,0.30002543593249775,0.47086712005467984,0.5130129925101463,0.3176356567273037,0.3690828365930231,0.3379317807108083,0.3183353049641,0.43240376574119915,0.32109392049718266,0.18708367031231543,0.3494159746365786,0.36983353790537743,0.3929932671132227,0.36364547611060477,0.34271693756737953,0.3379317807108083,0.3379317807108083,0.16089628293933245,0.35308358048124344,0.37338112685541186,0.3379317807108083,0.4294810341979253,0.22860044796023524,0.4130522851490674,0.3181543034213328,0.31336914656476156,0.34862318416296106,0.3181543034213328,0.47513624290236733,0.43297481323958686,0.4328450815604845,0.42805992470391335,0.42805992470391335,0.42805992470391335,0.43262405587809716,0.45029484947982007,0.4152852936664013,0.32868153724920013,0.2935473105259526,0.2525885612307678,0.4006201078703511,0.44394490737693615,0.3859185069795214,0.3780107882876629,0.32266204384705466,0.34271693756737953,0.44043191571660917,0.4115301566592317,0.42805992470391335,0.42805992470391335,0.34632166500927875,0.4100724759081602,0.16089628293933245,0.34271693756737953,0.30525899457875977,0.4105027314570453,0.4119159736591891,0.3889669401026065,0.3700189283118629,0.36339776846880845,0.3939973646747443,0.3982632918320295,0.39181114368495207,0.3901535799256028,0.37763618272882377,0.5446081476445229,0.46820037362548445,0.36820198411348,0.3398148659540204,0.37507811828567755,0.3181543034213328,0.5200281374276413,0.40358672067365375,0.33428517134232316,0.33957323837183184,0.33795490564878095,0.3934781349754583,0.34271693756737953,0.3696346314892388,0.3853684230690316,0.3853684230690316,0.47269347378741866,0.44403805932406903,0.31977981767031616,0.3353078172354448,0.3942497792488827,0.4361696366103401,0.4361696366103401,0.3189147736196448,0.28498177757824533,0.17345937134482292,0.17491647387472553,0.1119040548515079
U0206,0.4433899781700098,0.6039186138622505,0.3863072203409649,0.3840605500510551,0.311630945020168,0.388379924512614,0.29601427939274255,0.4735740095539701,0.5135263614316543,0.3343419232854727,0.7664721690050202,0.33392062417105317,0.36182613809832515,0.431774343583314,0.5839605737497355,0.37147897526965434,0.4100380476870725,0.34744501885609924,0.3889821105734675,0.35963431957084957,0.33870578102762433,0.33392062417105317,0.33392062417105317,0.15688512639957725,0.5803368938561315,0.37091702973890855,0.33392062417105317,0.5007194233198262,0.22252329971266888,0.5253317523551524,0.31414314688157763,0.3093579900250064,0.34461202762320586,0.31414314688157763,0.4104922959459064,0.4268612511919464,0.42883392502072937,0.42404876816415815,0.42404876816415815,0.42404876816415815,0.42873101852974316,0.4476268963477373,0.508771271515443,0.34224742009574893,0.4403802980887864,0.32756170793667827,0.4497464804521528,0.4197627317107022,0.40297307376315944,0.4267749367629109,0.6565839561276916,0.33870578102762433,0.3284836139992352,0.5205933988872449,0.42404876816415815,0.42404876816415815,0.4009980973252827,0.47398872616683574,0.15688512639957725,0.33870578102762433,0.25727797129068886,0.44440562639632764,0.40812244770106804,0.3947943997123987,0.43712755036687057,0.6458454334670755,0.3370757718368115,0.3942521352922743,0.37732987672631424,0.3861424233858476,0.2981762969023398,0.5830391820735377,0.5003606670573685,0.4071771060867162,0.49427388946359324,0.38509592614900456,0.31414314688157763,0.5276688330906676,0.4003022837981613,0.3276344434653723,0.3794989668489259,0.3141510945730705,0.3894669784357031,0.33870578102762433,0.36562347494948366,0.3813572665292764,0.3813572665292764,0.46252025834704286,0.44002690278431383,0.31507208416314386,0.43748403302180117,0.4601495302087103,0.43215848007058494,0.43215848007058494,0.25034275911125026,0.08939341991829852,0.21076871968767963,0.4903226379067756,0.24961833011108264
U0207,0.3588438855279956,0.38699051253763284,0.23426576996407833,0.41645031760913276,0.3085501589374397,0.5770206780936051,0.3292911554801733,0.4882677680064385,0.5323707750672846,0.353736444385023,0.33527740373419246,0.36719750025848386,0.3442086242006293,0.46542782007315314,0.5397502809790422,0.19508948892796046,0.2861612785954807,0.35158608686145887,0.42225898666089823,0.39291119565828037,0.37198265711505507,0.36719750025848386,0.36719750025848386,0.19016200248700804,0.46696056307947065,0.4044335906509283,0.36719750025848386,0.46624128833720824,0.3083307269859683,0.5025647788085752,0.34742002296900837,0.3426348661124372,0.37788890371063666,0.34742002296900837,0.46372496669651087,0.46087707734101124,0.4621108011081601,0.45732564425158895,0.45732564425158895,0.45732564425158895,0.46041099462399654,0.42637569970083394,0.4050327529923937,0.35935051253733286,0.374328668126009,0.2876651523428354,0.4604684185469127,0.41717860574537796,0.44909829835868315,0.32050635028993935,0.4704885186858087,0.37198265711505507,0.5511321312512493,0.4363571497415874,0.45732564425158895,0.45732564425158895,0.3617491896792233,0.45372716054171064,0.19016200248700804,0.37198265711505507,0.3165954434631695,0.4229866998775669,0.44063511248006176,0.3930961728319762,0.42112634637926094,0.4360887171838803,0.3948361802714588,0.42752901137970506,0.42634710378966256,0.41941929947327833,0.4013787572009847,0.580846029338263,0.5379123756204385,0.449205229593265,0.43444559400895105,0.4218803845257286,0.34742002296900837,0.5410052486002382,0.41728548229754814,0.3632671920904659,0.3663337294753285,0.37687303480033607,0.4227438545231339,0.37198265711505507,0.3989003510369144,0.41463414261670717,0.41463414261670717,0.45295637630442254,0.4733037788717446,0.34143852170121675,0.3934376056789969,0.5182516128669199,0.4654353561580157,0.4654353561580157,0.2583581573719352,0.15816677708185067,0.18554251921555565,0.20082446687645666,0.23548929419345388
U0208,0.3928456546056962,0.5085314001449783,0.29118518566635404,0.4341988923333221,0.3686067540893591,0.5855036446995574,0.3464461768102197,0.5304257135920994,0.5354506677654648,0.4163145551426373,0.35995921554587307,0.38435252158853034,0.40411067172860576,0.48035366869058616,0.6461204603653049,0.2181079332152318,0.2604000200854633,0.3675736495801972,0.43941400799094466,0.4100662169883268,0.3891376784451015,0.38435252158853034,0.38435252158853034,0.20731702381705447,0.4691134088361213,0.42131907612712693,0.38435252158853034,0.5827223091146158,0.2663621687425435,0.501376426399176,0.3645750442990548,0.35978988744248364,0.3950439250406831,0.3645750442990548,0.46903818798124297,0.47686468978052976,0.47926582243820653,0.4744806655816354,0.4744806655816354,0.4744806655816354,0.47753862818839166,0.4300769185019658,0.4404259638484099,0.3793054014960099,0.41326420125793484,0.3598540962173344,0.42595513861853573,0.43062063391483224,0.4597839450367937,0.4568818492044736,0.6462742545783483,0.3891376784451015,0.5820207159662977,0.4933320082416682,0.4744806655816354,0.4744806655816354,0.4134772141562643,0.5188999179459465,0.20731702381705447,0.3891376784451015,0.6978179216764604,0.4287794381357921,0.4968070952809696,0.4984827216038361,0.5245659164627199,0.4609933437241318,0.3764861079417921,0.44468403270975154,0.45014022956476635,0.43657432080332476,0.43229073639462434,0.610508673933496,0.5655207554893993,0.5242748609653939,0.5477450262214525,0.47351065907033063,0.3645750442990548,0.5742850751208483,0.42980622706778043,0.38148624627778815,0.4390178116392529,0.35721967465049104,0.4398988758531803,0.3891376784451015,0.41605537236696083,0.4317891639467536,0.4317891639467536,0.49478391616510853,0.49045880020179106,0.4146486349378183,0.489766338833376,0.6321507873741246,0.4825903774880621,0.4825903774880621,0.3652262626958689,0.1165524815350138,0.21699993570030757,0.30572226274382364,0.3065066676293975
U0209,0.38761508466173195,0.37156183015713207,0.3154846472355075,0.4649108006852653,0.33854322060497954,0.4201586843179175,0.37068209074513925,0.532313971821133,0.5944620752866118,0.36472760865714815,0.3473499326196572,0.4085884355234498,0.38348890447456263,0.5060968855614294,0.3795117114273765,0.3809385206391817,0.5075387175316369,0.5435580426967365,0.4636499219258642,0.43430213092324627,0.413373592380021,0.4085884355234498,0.4085884355234498,0.23155293775197394,0.48020408660117275,0.44266895578623566,0.4085884355234498,0.48034693543182183,0.23330942506550623,0.45985954321873584,0.38881095823397427,0.3840258013774031,0.41927983897560256,0.38881095823397427,0.5813800570995757,0.5046055429538026,0.503501736373126,0.49871657951655485,0.49871657951655485,0.49871657951655485,0.5045292352919043,0.5208101367609678,0.530468726036211,0.42363110990645414,0.3566722531093779,0.3560935579355914,0.5412361995008627,0.6212584655278257,0.4725918778177414,0.42461758179970777,0.4097062721607655,0.413373592380021,0.5092271525978519,0.5170589377543737,0.49871657951655485,0.49871657951655485,0.48330682358717797,0.47719126973106546,0.23155293775197394,0.413373592380021,0.3362383184190352,0.5010300965234794,0.47311762150332043,0.4716561619529899,0.4206833614993609,0.42322757242281683,0.4567659398366905,0.468919946644671,0.45946822331161796,0.4608102347382443,0.5015859209228086,0.608406794920948,0.5316889117162996,0.4084066587524702,0.39179737472976206,0.4402958966108856,0.38881095823397427,0.6026633720418473,0.49019826791673404,0.405311619646688,0.4380142013460435,0.4821734391272775,0.4641347897880998,0.413373592380021,0.4402912863018803,0.45602507788167307,0.45602507788167307,0.6352001917020824,0.5146947141367105,0.3824808200590251,0.4029882871250886,0.4224324097088333,0.5068262914229816,0.5068262914229816,0.3608657818445709,0.590804794662253,0.29123109395266206,0.23040066261078615,0.3335783036334935
U0210,0.353006570028526,0.3921153799381284,0.19435209461981706,0.40542526795563844,0.29034721945567865,0.25019338077678044,0.31576235982041045,0.4676289092863382,0.5148458756306478,0.3681527328422988,0.3803748532633512,0.353668704598721,0.32671796870777947,0.44691496251834856,0.4251109215490361,0.6188954960089347,0.46865506766240334,0.36671064197032593,0.4087301910011354,0.37938239999851747,0.35845386145529223,0.353668704598721,0.353668704598721,0.17663320682724515,0.449818832513096,0.3866863469390376,0.353668704598721,0.38953823439907787,0.28425911116596514,0.5063464826456432,0.3338912273092455,0.3291060704526743,0.36436010805087377,0.3338912273092455,0.4714988129461282,0.45155021814534607,0.44858200544839727,0.44379684859182605,0.44379684859182605,0.44379684859182605,0.45397265631087264,0.38904147093265107,0.4094691338779757,0.32921334026428856,0.382375853941046,0.3851681340632794,0.3843542271774708,0.5399018464805638,0.378305775428797,0.3154747247584602,0.44686252966908324,0.35845386145529223,0.4288295685699938,0.5066696415140696,0.44379684859182605,0.44379684859182605,0.2973991424158821,0.44121419247012955,0.17663320682724515,0.35845386145529223,0.37952319913184784,0.43820785203536405,0.4122629312762955,0.4520374604006832,0.36551916481892255,0.4821282133134501,0.36610554775550935,0.4140002157199422,0.4061622349207793,0.4058905038135155,0.4441271032055987,0.5487875185371054,0.5509712459160412,0.35051238519206246,0.40771336965193317,0.3232037449630915,0.3338912273092455,0.536017837898081,0.43794630261838174,0.3442777162607695,0.40584492781424353,0.5281619380841808,0.409215058863371,0.35845386145529223,0.3853715553771515,0.4011053469569443,0.4011053469569443,0.5500105953844188,0.45977498321198174,0.32460855839795144,0.3708583642307183,0.4361131409875219,0.4519065604982528,0.4519065604982528,0.15610899896437114,0.11644927299330449,0.23215008914925533,0.16905896020127392,0.24470713047504994
U0211,0.4511263354726378,0.3069763354560831,0.3907127082771212,0.41156863280805844,0.28660838783404313,0.3403752181516067,0.3231699773530256,0.46781479226831385,0.5608025699104462,0.33764501602779085,0.34198162332280485,0.3610763221313362,0.3313476009577411,0.4564940555011703,0.4367765827215635,0.19198077414648473,0.4589467541430891,0.33964097460514886,0.41613780853375054,0.3867900175311326,0.3658614789879074,0.36107632213133617,0.36107632213133617,0.1840408243598603,0.36829040644100774,0.406027778134712,0.36107632213133617,0.5383298460554523,0.6373005985655582,0.6007464190257228,0.3412988448418607,0.33651368798528947,0.3717677255834889,0.3412988448418607,0.4659993552842618,0.45722608000148807,0.4559896229810124,0.4512044661244412,0.4512044661244412,0.4512044661244412,0.4580531322874929,0.42645855458166576,0.3996086173429708,0.28157380764816575,0.32863686316059526,0.3485178614940272,0.37093289640490323,0.34416727400723945,0.5005350354066259,0.36111270120861383,0.28218210072635624,0.3658614789879074,0.504914970647439,0.45605792047266447,0.4512044661244412,0.4512044661244412,0.3998962519744287,0.4004179886010847,0.1840408243598603,0.3658614789879074,0.24904420749521378,0.4284910716968617,0.45157669200013,0.35728305764239576,0.4360178737211601,0.38577402528045307,0.5099082400715054,0.4214078332525574,0.41425897830240954,0.41329812134613064,0.42664213261383893,0.5725334074745422,0.4476587226466929,0.4546561909278559,0.3538425009822269,0.4125109476309986,0.3412988448418607,0.5782576647472348,0.42481447321023447,0.35996937500148574,0.31413950498101645,0.4887002181382919,0.41662267639598616,0.3658614789879074,0.39277917290976666,0.4085129644895594,0.4085129644895594,0.4403371633217833,0.4671826007445969,0.35552062311107085,0.38825067804889135,0.4225593553128841,0.45931417803086794,0.45931417803086794,0.18429085674878093,0.159287845513563,0.1703411080180004,0.4838159381790949,0.21498235632413842
U0212,0.29611081651705107,0.20659336920618437,0.3124577705309778,0.41112997264667167,0.28606066883233344,0.5192129755421873,0.313655483030913,0.4827126164449205,0.5495025357593326,0.30482916020685713,0.5087824615665054,0.35156182780922357,0.3280729003400462,0.43580794622332386,0.41507722898097865,0.23601643231092376,0.4437082627411896,0.4639686657824107,0.40662331421163794,0.37727552320902,0.3563469846657948,0.35156182780922357,0.35156182780922357,0.1745263300377477,0.512158254009777,0.39091812181049884,0.35156182780922357,0.4919779784079952,0.24792521108381288,0.43640829819049504,0.3317843505197481,0.32699919366317687,0.3622532312613763,0.3317843505197481,0.4476344302864758,0.4456708485317833,0.4464751286588998,0.4416899718023286,0.4416899718023286,0.4416899718023286,0.4466750677434787,0.47913263379258453,0.4165701899150269,0.23288495411396104,0.29361333010634344,0.19233205080844362,0.38549377934130313,0.4900397628773139,0.48116955103568454,0.40845843006912547,0.3998399343447975,0.3563469846657948,0.3662401543384999,0.4395045963008516,0.4416899718023286,0.4416899718023286,0.6495163484149008,0.43734842615773434,0.1745263300377477,0.3563469846657948,0.3793328551576153,0.4132603903819748,0.4342467196085361,0.40887798568303146,0.4935581853805533,0.38858461903297603,0.3999027494416914,0.4118933389304448,0.3995442755176493,0.40378362702401804,0.2932271714620147,0.5575311093292279,0.4464125682571633,0.40440283446802455,0.31426788343676837,0.4083282862775801,0.3317843505197481,0.5637154125811279,0.43258920567567083,0.3505239001263649,0.31871770914837927,0.38846448813706913,0.40710818207387356,0.3563469846657948,0.3832646785876541,0.39899847016744683,0.39899847016744683,0.5186220083141381,0.4576681064224843,0.3457954073630512,0.34873601106159735,0.40505384424160806,0.44979968370875534,0.44979968370875534,0.41908986877700377,0.26910768184880773,0.20235306949766682,0.471226421337871,0.5852267297932963
U0213,0.507209235477367,0.3251956157449318,0.33951279850154936,0.4725690560206607,0.3586505539003971,0.40361769160224376,0.37496645836589393,0.5395433610985595,0.5665453064190038,0.4356689131838155,0.44269720356276177,0.4128728031442045,0.4351144720935136,0.51132085687837,0.48445458019988885,0.24887533432814335,0.4386961062573848,0.498126187159697,0.46793428954661886,0.43858649854400095,0.4176579600007757,0.4128728031442045,0.4128728031442045,0.23583730537272862,0.4650084717444433,0.44566382656925074,0.4128728031442045,0.5181013412900051,0.1888327708993508,0.42480449942561205,0.39309532585472895,0.3883101689981578,0.42356420659635724,0.39309532585472895,0.5699692634945541,0.5059468184445284,0.5077861039938807,0.5030009471373096,0.5030009471373096,0.5030009471373096,0.5067880353640052,0.5075683223843531,0.547140414344378,0.4289985433826901,0.36672171150195676,0.4624069213095161,0.45911714076627036,0.48008877262727645,0.47732516375346123,0.4780424984651582,0.5289079573740904,0.4176579600007757,0.5221027095167329,0.5106247963751824,0.5030009471373096,0.5030009471373096,0.6169784361084427,0.536085210855715,0.23583730537272862,0.4176579600007757,0.6890812155589804,0.47981705120044116,0.493630766016089,0.4597451024587364,0.4943666086606248,0.46995296735091785,0.4026634863932006,0.4732043142654257,0.4674101281399751,0.4650946023589989,0.585623012937199,0.6021387609058279,0.478994089539881,0.4724096864615263,0.47392088323113274,0.45413151018394815,0.39309532585472895,0.6321836078409833,0.47769521600597,0.40450493775993035,0.4807992880123326,0.3669747070227179,0.4684191574088545,0.4176579600007757,0.444575653922635,0.46030944550242775,0.46030944550242775,0.64157881154594,0.5189790817574652,0.407779782059433,0.5193842052072553,0.37607799910981604,0.5111106590437362,0.5111106590437362,0.26662062330001207,0.6260568934786244,0.3305257231308086,0.26286180198845066,0.3401283829573949
U0214,0.3904657815533177,0.38624719837762145,0.3490828835016054,0.423147213676647,0.30185839131900216,0.3066969788277716,0.3317597579142597,0.4851835818425786,0.5430220745228308,0.33454560769492864,0.38146253095115523,0.36966610269257033,0.34594110446884363,0.465373457650445,0.37094481661438516,0.267971841168958,0.43607095734174395,0.4067523689887295,0.42472758909498465,0.3953797980923668,0.3744512595491415,0.36966610269257033,0.36966610269257033,0.19263060492109446,0.3860896792937777,0.40622682398706195,0.36966610269257033,0.46485689062211455,0.3114967120216887,0.48616543421743813,0.3498886254030948,0.34510346854652363,0.3803575061447231,0.3498886254030948,0.4926067256044625,0.46514840054204193,0.4645794035422465,0.45979424668567537,0.45979424668567537,0.45979424668567537,0.4654619144832602,0.4546361206227173,0.44026593206732195,0.33243769842289794,0.33403535215148383,0.32644939500507353,0.4311242043569202,0.4328058902370023,0.4431018665926546,0.3756791392465463,0.35318823719361847,0.3744512595491415,0.43199651043218723,0.46818725206378237,0.45979424668567537,0.45979424668567537,0.40279783951806175,0.4370182513122336,0.19263060492109446,0.3744512595491415,0.28416259849301495,0.4530818596532812,0.4429458348428274,0.40383998646154406,0.40865878847395004,0.4072442739819421,0.4264098451971047,0.42999761381379153,0.41906536234815234,0.4218879019073648,0.4185259048603759,0.5779224461564769,0.44085394177366166,0.3853766442660846,0.3796039686939208,0.3832035644897139,0.3498886254030948,0.5600960578758714,0.44014049303952113,0.3630935011252695,0.3701019927521306,0.4121575605165445,0.4252124569572203,0.3744512595491415,0.4013689534710008,0.4171027450507936,0.4171027450507936,0.5175082470298058,0.47577238130583105,0.34911674608227666,0.3671383507287472,0.3518536636329146,0.4679039585921021,0.4679039585921021,0.17447089857339249,0.2478545764969113,0.21756737276136826,0.25490590172785077,0.21596165883744006
U0215,0.254557727520697,0.4409310311820087,0.29561205380331873,0.4006836706257701,0.30962566370335576,0.375252713436119,0.313655483030913,0.4964455431254671,0.5348060460879295,0.3312961536701131,0.27964244032909547,0.3515618278092236,0.3253557856332149,0.44400654828554353,0.3643343800005458,0.3433298530602652,0.3714808804160689,0.3980390143348,0.40662331421163794,0.37727552320902,0.3563469846657948,0.35156182780922357,0.35156182780922357,0.1745263300377477,0.3584026138349278,0.38840409041660795,0.35156182780922357,0.49508918075383496,0.29692450500483725,0.47721568893960664,0.3317843505197481,0.32699919366317687,0.3622532312613763,0.3317843505197481,0.48285828742405074,0.4485038513376557,0.4464751286588998,0.4416899718023286,0.4416899718023286,0.4416899718023286,0.4486710209645053,0.44878817954353006,0.4028379943568002,0.3358367837301146,0.32670562005335496,0.2576233027758405,0.4290022545618506,0.5489155064001001,0.40552098913851253,0.420009951270929,0.373827422427295,0.3563469846657948,0.5036089016464533,0.4661158915348993,0.4416899718023286,0.4416899718023286,0.27321467201609106,0.41926573048544985,0.1745263300377477,0.3563469846657948,0.39349386544588166,0.4267719035461069,0.4499061244930591,0.4935566444689378,0.4118106036292945,0.34244194804157724,0.43668408618550497,0.4118933389304448,0.41141963557305644,0.40378362702401804,0.3653851009436182,0.5727962441344259,0.5505726457686464,0.39448772347209726,0.3854934193540089,0.4052480295781182,0.3317843505197481,0.5259169094313763,0.4244705939194622,0.3519150413942814,0.37007588695269367,0.45520811097021097,0.40710818207387356,0.3563469846657948,0.3832646785876541,0.39899847016744683,0.39899847016744683,0.4950558640426288,0.4576681064224843,0.36999960028535483,0.33115929858539467,0.5520167425806427,0.44979968370875534,0.44979968370875534,0.4403426464220559,0.15231639209654613,0.1646408433201763,0.2084887181917497,0.19739562311023123
U0216,0.3415755326057423,0.7880520448553459,0.485510947921234,0.38429250034703866,0.3279061363191994,0.3251294374918684,0.29601427939274255,0.4785550171612021,0.4926815922416417,0.31771316591946863,0.27985467106789286,0.33392062417105317,0.3451089227680858,0.43640997954489913,0.4032405599912744,0.21722735955632633,0.3152980666257525,0.4015659926275871,0.3889821105734675,0.35963431957084957,0.33870578102762433,0.33392062417105317,0.33392062417105317,0.15688512639957725,0.24731555434103641,0.3701860490551051,0.33392062417105317,0.5588114223649321,0.24314145267014758,0.4958538667096081,0.31414314688157763,0.3093579900250064,0.34461202762320586,0.31414314688157763,0.4591501877056188,0.4296198252847603,0.42883392502072937,0.42404876816415815,0.42404876816415815,0.42404876816415815,0.42957158685012736,0.45011261554518534,0.4157936273997833,0.35545035996108265,0.32582962560441253,0.34335088559342586,0.4898935124059259,0.4059241639819122,0.4270959028762585,0.46124165722442645,0.44379896416288467,0.33870578102762433,0.5055600450830916,0.4958872699597159,0.42404876816415815,0.42404876816415815,0.2806551293911497,0.43540962898080915,0.15688512639957725,0.33870578102762433,0.5314836623782629,0.4348117032728474,0.4752810137875128,0.5178105856665356,0.476285033117973,0.3215372787644386,0.4350532578725043,0.3942521352922743,0.39408751650164575,0.3861424233858476,0.39805975673125965,0.585088652316466,0.41778197756142943,0.38882250675569513,0.4961247273384126,0.4027950165668045,0.31414314688157763,0.5086359659008307,0.3967383424523683,0.3288725052014854,0.40536613734555843,0.37445035394010484,0.3894669784357031,0.33870578102762433,0.36562347494948366,0.3813572665292764,0.3813572665292764,0.4939393605251008,0.44002690278431383,0.4089343612418327,0.3625298783819876,0.45743942274433647,0.43215848007058494,0.43215848007058494,0.21196628287003175,0.0673896751856985,0.16305274012913806,0.13854515713459858,0.2106698199515254
U0217,0.3713185259846052,0.3125058822767015,0.2943546713440721,0.42447532576477875,0.31607907355062304,0.2887520093914404,0.3317597579142597,0.5022725842470801,0.5372807125356914,0.36973942306746443,0.3283100106115563,0.36966610269257033,0.36512298362148043,0.4627105321857555,0.374081873186375,0.2965110885353705,0.41802078757196925,0.4229044372970555,0.42472758909498465,0.3953797980923668,0.3744512595491415,0.36966610269257033,0.36966610269257033,0.19263060492109446,0.3760871631565552,0.4045399996648979,0.36966610269257033,0.4878767708397095,0.24068158413481278,0.4275435854836591,0.3498886254030948,0.34510346854652363,0.3803575061447231,0.3498886254030948,0.5124031357415706,0.4649731943624231,0.4645794035422465,0.45979424668567537,0.45979424668567537,0.45979424668567537,0.4658369289167578,0.44801381687746655,0.45578431199091596,0.34885431877831685,0.3239048323116865,0.35265723174051544,0.38534750619237923,0.49055365523531896,0.4161402469435838,0.4390560548633354,0.40642566611110237,0.3744512595491415,0.461307618474043,0.473541292878804,0.45979424668567537,0.45979424668567537,0.4224932011763246,0.45821873336059044,0.19263060492109446,0.3744512595491415,0.5264087545866135,0.43816759678596806,0.4544612450093925,0.4545103340342702,0.4250094540845092,0.38401032788422906,0.39717739613619374,0.42999761381379153,0.42504078830570524,0.4218879019073648,0.46185562489667903,0.5685343990737287,0.4801707755474631,0.41019566061045104,0.3949870283950432,0.4002775296321119,0.3498886254030948,0.5721751802590512,0.4413236313041024,0.36501654018038143,0.4067037033605041,0.4030814627411349,0.4252124569572203,0.3744512595491415,0.4013689534710008,0.4171027450507936,0.4171027450507936,0.5584241190030368,0.47577238130583105,0.3698642385179436,0.40818487701435274,0.41516445348216835,0.4679039585921021,0.4679039585921021,0.3047263661650732,0.35913140397891063,0.237212206628657,0.24826648555184114,0.21496163769878465
U0218,0.4394788198586711,0.3859117655407694,0.29608082272925573,0.49137117343244796,0.38579203559600256,0.2945391928203072,0.400407736740096,0.575693835178299,0.5703674792933449,0.5629551448687821,0.6976456746037552,0.43831408151840656,0.4413761873457022,0.5274526075954514,0.4904777765058179,0.7288906296553979,0.48586542746545974,0.3929271482839033,0.49337556792082093,0.464027776918203,0.4430992383749778,0.43831408151840656,0.43831408151840656,0.2612785837469307,0.4621037195693388,0.4670673704304687,0.43831408151840656,0.44390050630909056,0.3499321679397974,0.5625990815155479,0.4185366042289311,0.41375144737235986,0.4490054849705593,0.4185366042289311,0.5666621952076469,0.5364544782936989,0.5332273823680829,0.5284422255115117,0.5284422255115117,0.5284422255115117,0.539856102484785,0.53840185522341,0.4672448103398421,0.43097026213422107,0.4518259214689448,0.5332146760608427,0.383027108274168,0.6042065901754949,0.4246584461498158,0.473731018091444,0.5348845584466013,0.4430992383749778,0.591883090470835,0.5647368809533692,0.5284422255115117,0.5284422255115117,0.44690741316831634,0.5699118704489933,0.2612785837469307,0.4430992383749778,0.9116437572272152,0.49391826016643037,0.5181125278593993,0.6036639015326579,0.520573610443877,0.5856112579999311,0.46928231799727516,0.49864559263962777,0.5009014801432083,0.49053588073320104,0.6095451937365365,0.6108644157815608,0.7109714179209454,0.4592010958857506,0.5302315614058403,0.4058436690104873,0.4185366042289311,0.6179735745284429,0.5178440322105904,0.4247439529619008,0.529180064265685,0.567420217952149,0.49386043578305655,0.4430992383749778,0.47001693229683705,0.4857507238766298,0.4857507238766298,0.6376498801543713,0.5444203601316673,0.4508337206272575,0.5096446910988159,0.5688275936915753,0.5365519374179384,0.5365519374179384,0.41099641924857466,0.18768626848310938,0.3278442150393466,0.10033055687316583,0.298439811802805
U0219,0.7230618388113996,0.3703979358093932,0.4028430020853787,0.46139194606125533,0.335472641190568,0.44691620781451713,0.37114516199031555,0.5054947864691873,0.5694278557531758,0.5332521408740617,0.39554711366047407,0.4090515067686261,0.4304325222889461,0.525138672375459,0.6126080061009475,0.2675565934141594,0.4389254344574502,0.3695179487288777,0.46411299317104043,0.43476520216842257,0.4138366636251973,0.4090515067686261,0.4090515067686261,0.23201600899715025,0.36546792786678484,0.44857843197330743,0.4090515067686261,0.5269971318329026,0.7578447553061098,0.6693777374185464,0.3892740294791506,0.3844888726225794,0.41974291022077886,0.3892740294791506,0.6028543194867311,0.5054368103740908,0.5039648076183023,0.49917965076173115,0.49917965076173115,0.49917965076173115,0.5066399513154569,0.5070517430150774,0.5082563927488923,0.5150670029889575,0.39910298020078827,0.709087928966096,0.4986790523181742,0.34215746458763185,0.5486672892605563,0.3668669124327718,0.4023766029174708,0.4138366636251973,0.8685511751251926,0.5104046858185253,0.49917965076173115,0.49917965076173115,0.48743243122505475,0.5015079123701913,0.23201600899715025,0.4138366636251973,0.7477086932601121,0.4692209405200128,0.5101884674812729,0.40611788357276896,0.49123361158940343,0.49282851511276493,0.600287743080507,0.46938301788984726,0.4794961290409592,0.46127330598342053,0.8567460269116249,0.5849289647222965,0.5844939229846768,0.5672651960376169,0.5296254762440917,0.48081644362052545,0.3892740294791506,0.6441441130323362,0.4551161537331899,0.40057720895782367,0.4827453805160577,0.560430638919253,0.4645978610332761,0.4138366636251973,0.4407543575470566,0.4564881491268494,0.4564881491268494,0.5664572971791807,0.5151577853818868,0.42875755888210954,0.6060781606662118,0.47752277276006216,0.5072893626681578,0.5072893626681578,0.12526994313276985,0.6809461479177749,0.3053165156995016,0.18718232604996748,0.15896425807586462
U0220,0.5030118329840046,0.46856384552230523,0.35955776380869764,0.46722869507679876,0.3522760668444217,0.37258958480828874,0.3770733351553913,0.5277022367974786,0.5821249200269929,0.4030411292226047,0.4898881015434653,0.4149796799337019,0.4076124376132304,0.5152515533686235,0.5089448604474823,0.36304320896012077,0.47482281175079655,0.4307700831015551,0.47004116633611626,0.4406933753334984,0.4197648367902731,0.41497967993370194,0.41497967993370194,0.23794418216222607,0.5015229437837821,0.45050370262888156,0.41497967993370194,0.49912252608619045,0.34108917670785627,0.5464994275429695,0.3952022026442264,0.39041704578765524,0.4256710833858547,0.3952022026442264,0.5375596411574227,0.509622518189413,0.5098929807833782,0.505107823926807,0.505107823926807,0.505107823926807,0.5103570375353939,0.4834533986664086,0.5245730481092636,0.421334560569262,0.42887178916310587,0.4328185388864624,0.49676407947414375,0.4704441110729096,0.47504918746440283,0.4039777824971985,0.5045075134239468,0.4197648367902731,0.49058806418040213,0.5346356018805534,0.505107823926807,0.505107823926807,0.42952886225659015,0.5045409818748261,0.23794418216222607,0.4197648367902731,0.32368277743912005,0.5045526868682424,0.475974211116764,0.4279621440213721,0.43598294903142343,0.5476254116847143,0.4375547548600486,0.4753111910549231,0.4638173952620851,0.46720147914849636,0.503260140492338,0.6248989298959751,0.5197304712397967,0.44843988287571046,0.47686104363413634,0.4288516044168984,0.3952022026442264,0.6084288990175675,0.48028869143937364,0.4067259852539274,0.4430999166106885,0.4427103254934332,0.47052603419835193,0.4197648367902731,0.44668253071213243,0.4624163222919252,0.4624163222919252,0.5670160945037739,0.5210859585469626,0.3773540926465332,0.46565939015116947,0.4164587406362407,0.5132175358332337,0.5132175358332337,0.1676932178096252,0.3413448090251464,0.2881571006385506,0.31243519680440224,0.21448346591627154
U0221,0.44481871309723375,0.34466829012252675,0.3357243212327075,0.4203107405175983,0.3115686766933163,0.32620909455804037,0.3309700520890573,0.48904485736307424,0.5448012466100455,0.3501985778218728,0.3673942202438998,0.36887639686736784,0.3642418031324689,0.4651292899241053,0.46012740090770615,0.17322540225314537,0.39909576112158063,0.3599074507908955,0.42393788326978216,0.3945900922671643,0.373661553723939,0.36887639686736784,0.36887639686736784,0.19184089909589197,0.41006873558857126,0.408227587240982,0.36887639686736784,0.5223375684337411,0.37145376669417357,0.49693412266008635,0.3490989195778923,0.3443137627213211,0.3795678003195206,0.3490989195778923,0.4775670380126117,0.46270492664348095,0.46378969771704404,0.4590045408604729,0.4590045408604729,0.4590045408604729,0.4632227638622534,0.42117532477062447,0.45568358868971753,0.33400847647923315,0.3562378735026146,0.34871814204720886,0.3850194694074072,0.3718124718987905,0.44659137836355783,0.40428801144605936,0.42424062082337477,0.373661553723939,0.4475674177380977,0.46577291996032416,0.4590045408604729,0.4590045408604729,0.3949344046993195,0.4478727990619476,0.19184089909589197,0.373661553723939,0.3331577961518422,0.4384212128727005,0.44726430434220826,0.37551170742570106,0.4185860907827491,0.43936100173983345,0.4059089939721543,0.429207907988589,0.4205246282044571,0.42109819608216226,0.4220062677718711,0.5827214827179789,0.44584082294374777,0.44634845145892676,0.4103924223018312,0.412917119969416,0.3490989195778923,0.57624449584911,0.4267232342028572,0.3649275063857912,0.36761327516243436,0.3681754285874743,0.42442275113201783,0.373661553723939,0.40057924764579833,0.4163130392255911,0.4163130392255911,0.48021424099891064,0.47498267548062856,0.3485517741567191,0.4259358840818599,0.4070372696436012,0.4671142527668996,0.4671142527668996,0.18837585648192767,0.24368322223003375,0.21063453831194492,0.3972244907426398,0.14041542351102576
U0222,0.35712682159427694,0.27557764387038336,0.29371279923718063,0.40256799872088617,0.290552956631028,0.4742318380926432,0.313655483030913,0.49590084874142554,0.5369362548202148,0.36113721653674424,0.6847464198063202,0.35156182780922357,0.34817482278797107,0.4464710647294096,0.43467738634689196,0.22083286509269476,0.35508584937716114,0.3659900950943731,0.40662331421163794,0.37727552320902,0.3563469846657948,0.35156182780922357,0.35156182780922357,0.1745263300377477,0.5108477592406123,0.3870003152497691,0.35156182780922357,0.42834372347871197,0.23824274549898547,0.44942046602143193,0.3317843505197481,0.32699919366317687,0.3622532312613763,0.3317843505197481,0.479295027843565,0.4451783958979513,0.4464751286588998,0.4416899718023286,0.4416899718023286,0.4416899718023286,0.44505004441348156,0.5191072109834545,0.4774417566315557,0.37429399062364654,0.35810372906833166,0.25142513843519526,0.447330046962287,0.47846183185267793,0.3996451825797117,0.40553196949222636,0.4416631689966059,0.3563469846657948,0.4577849007589372,0.4259495525089069,0.4416899718023286,0.4416899718023286,0.43148693437676433,0.45217825672035966,0.1745263300377477,0.3563469846657948,0.277420020351882,0.4266464450624576,0.4100276188691439,0.3758276222778995,0.4013588616241146,0.5221372810190821,0.40499941545202944,0.4118933389304448,0.40315705021586884,0.40378362702401804,0.3614744522950493,0.5633210590630715,0.5692505364670615,0.41249239787641717,0.37758304977979,0.41369734223410537,0.3317843505197481,0.5330997649753686,0.4133516932350305,0.3488450795662463,0.3498508485793701,0.30351566127312346,0.40710818207387356,0.3563469846657948,0.3832646785876541,0.39899847016744683,0.39899847016744683,0.4598256963789143,0.4576681064224843,0.31344870184906054,0.39202538691413147,0.4782764805933719,0.44979968370875534,0.44979968370875534,0.4875267550071388,0.35715615878100326,0.19798785183008816,0.2840426561718816,0.15747924041383654
U0223,0.4893086164660655,0.5422856551341115,0.5259266117485075,0.40026849831572064,0.30247360956053226,0.26453903193235484,0.3084253563295551,0.4707276537905585,0.5265900145246363,0.32677750519309956,0.49715357073294997,0.34633170110786565,0.36066062753749295,0.4492315362073266,0.39209324142233337,0.11809631437955542,0.42960883721126264,0.3995045508895937,0.40139318751028,0.3720453965076621,0.35111685796443687,0.34633170110786565,0.34633170110786565,0.16929620333638978,0.3288122014811775,0.3856594532027458,0.34633170110786565,0.5389580736353449,0.372722771364396,0.513502633386796,0.32655422381839017,0.32176906696181895,0.3570231045600184,0.32655422381839017,0.4805934458757736,0.4406997655278789,0.4412450019575419,0.4364598451009707,0.4364598451009707,0.4364598451009707,0.44095354196988945,0.4873978931511372,0.4839220125055968,0.34820326946359736,0.32289648307233504,0.38346907409913744,0.4583148314134562,0.32579998135117505,0.46450819456436104,0.4476637206088119,0.3741592959395659,0.35111685796443687,0.4389503042617726,0.47868196092851584,0.4364598451009707,0.4364598451009707,0.44570750721870156,0.43347516575195594,0.16929620333638978,0.35111685796443687,0.3468333811891261,0.45040487109345084,0.451600503433909,0.38660059950820047,0.45411096942966644,0.4192383406582388,0.46420084352444835,0.40666321222908686,0.39481478800384906,0.3985535003226601,0.4394651960564468,0.5783049687915892,0.3644932634535681,0.4073752541198909,0.4247937786519705,0.40590054090196886,0.32655422381839017,0.5567157602530635,0.4095926123050612,0.34025214520095826,0.3676185073856386,0.3397092949429886,0.40187805537251564,0.35111685796443687,0.3780345518862962,0.3937683434660889,0.3937683434660889,0.49099663529167115,0.45243797972112637,0.36646489567511475,0.411348317107054,0.3076006016454882,0.4445695570073974,0.4445695570073974,0.1441815759618743,0.318814608113848,0.2058848844938909,0.3595901013132918,0.17695165852846106
U0224,0.33052660494005776,0.3097022463825689,0.28146075159595796,0.39246852537425725,0.2902976143277017,0.2816467501829125,0.30094273940491134,0.4748812617205988,0.48586371255728883,0.365784293947741,0.38558842612090294,0.3388490841832219,0.339327680379654,0.4306392377196136,0.365329531674447,0.20918269959193814,0.30751784289229456,0.33338355688297305,0.3939105705856363,0.3645627795830184,0.3436342410397931,0.3388490841832219,0.3388490841832219,0.16181358641174604,0.3100794259465262,0.37246773466451566,0.3388490841832219,0.44216334153226733,0.19559905623583876,0.40257159080060523,0.3190716068937464,0.3142864500371752,0.3495404876353747,0.3190716068937464,0.45535030600824666,0.43342769120303626,0.43376238503289816,0.428977228176327,0.428977228176327,0.428977228176327,0.4341869995259822,0.425659566048593,0.3825644050002314,0.3059272123832022,0.29795150946890425,0.31257328133702045,0.3257614537423118,0.3855293631329046,0.37674434205582924,0.40370880077688687,0.38635967767494994,0.3436342410397931,0.44433998329568125,0.41796080348622777,0.428977228176327,0.428977228176327,0.3858495609606197,0.44359089366732657,0.16181358641174604,0.3436342410397931,0.5943451322532767,0.39272589297083893,0.43140844458581723,0.4299551164326669,0.4262425774047529,0.36322201875523624,0.35899562052325207,0.3991805953044431,0.3973050016321454,0.3910708833980164,0.4131334199116521,0.5377634246092399,0.45106623378407407,0.38721514055244455,0.3962226999437041,0.3616022011909189,0.3190716068937464,0.526110156809772,0.40022324744104554,0.3308492135940262,0.3727524665706855,0.31754841060600836,0.3943954384478719,0.3436342410397931,0.3705519349616524,0.38628572654144516,0.38628572654144516,0.4836757502707746,0.4449553627964826,0.34962522727091877,0.3791426482277677,0.3917052964904459,0.4370869400827537,0.4370869400827537,0.2532257204036428,0.1559057722792591,0.18661649862965846,0.13184014932561716,0.1591213983205677
U0225,0.5057120204433743,0.39675568193043226,0.46074764374556954,0.4799745833986414,0.3452478273718171,0.4401125872288086,0.3852000444714492,0.54324734927574,0.6039523042292424,0.40867535937536037,0.6520457843449846,0.4231063892497598,0.4157008392467522,0.5250118308874632,0.4052301415106339,0.249177663735127,0.5042250242502796,0.5133761282604754,0.4781678756521741,0.44882008464955625,0.42789154610633096,0.4231063892497598,0.4231063892497598,0.24607089147828393,0.48463852559605153,0.45767526789562885,0.4231063892497598,0.4797500060285702,0.3198521954450001,0.512028843675091,0.40332891196028425,0.3985437551037131,0.43379779270191254,0.40332891196028425,0.5908332490876942,0.5177225177413087,0.518019690099436,0.5132345332428648,0.5132345332428648,0.5132345332428648,0.5172699334881623,0.6080738304627574,0.5670845693942657,0.4566343147765306,0.374711471874796,0.4058327067294985,0.5739295884753324,0.5032081868238114,0.5105493383145191,0.446791123165001,0.39266521940699556,0.42789154610633096,0.5321303164159665,0.5054558525062245,0.5132345332428648,0.5132345332428648,0.5874678754149711,0.5055389551654106,0.24607089147828393,0.42789154610633096,0.331467447071668,0.520628482583736,0.4866104315635973,0.4240616814151033,0.46879338377527574,0.5143383112614519,0.5188333953679362,0.48343790037098094,0.47043252264410285,0.4753281884645542,0.5405001785070764,0.6244096708976723,0.5104165520964922,0.43656190889894114,0.42228556966850184,0.4602056378651148,0.40332891196028425,0.6186987877270537,0.49339539207802424,0.4156412755696075,0.43463278093533797,0.40627575304925884,0.4786527435144098,0.42789154610633096,0.4548092400281903,0.47054303160798305,0.47054303160798305,0.6012982851339684,0.5292126678630205,0.39347883573197084,0.4506309324163364,0.34960791424772275,0.5213442451492916,0.5213442451492916,0.32836318258895414,0.6341535999852702,0.30740591435076897,0.25178612796687616,0.29152048023188276
U0226,0.4021411492250221,0.44297012294710997,0.32462478621855123,0.4217922396394092,0.33873754006893886,0.3242253411501145,0.3317597579142597,0.5046404090378729,0.533573107335868,0.35213795054934,0.324239294243214,0.36966610269257033,0.38089929833595026,0.4631848646780192,0.49122427591748563,0.2217719965457337,0.37154338490640276,0.38437752304630596,0.42472758909498465,0.3953797980923668,0.3744512595491415,0.36966610269257033,0.36966610269257033,0.19263060492109446,0.41754109557208313,0.4069870712074229,0.36966610269257033,0.5598152682626651,0.23265136235294767,0.455025373643799,0.3498886254030948,0.34510346854652363,0.3803575061447231,0.3498886254030948,0.4665586140019558,0.46286535197532275,0.4645794035422465,0.45979424668567537,0.45979424668567537,0.45979424668567537,0.46384168947388993,0.40107739309305596,0.46273302913731384,0.33047839349657654,0.37104277236105465,0.34048352680341476,0.3739574322145026,0.41360809691084355,0.426736381752102,0.46049178890648035,0.5359815133917771,0.3744512595491415,0.410973352590202,0.49506038494626003,0.45979424668567537,0.45979424668567537,0.3904568135851986,0.475844089541182,0.19263060492109446,0.3744512595491415,0.48673830086105063,0.4385305050632087,0.4634369025668597,0.4427713366499224,0.4508067561039927,0.4340145314634138,0.3497832449096122,0.42999761381379153,0.42301684875934836,0.4218879019073648,0.3886348619960081,0.59389235269082,0.44553130674644936,0.4490096732176881,0.462068482699061,0.41831093072682257,0.3498886254030948,0.5742608788923753,0.42942290503778885,0.3657093261608858,0.4047000055335791,0.3433464269644074,0.4252124569572203,0.3744512595491415,0.4013689534710008,0.4171027450507936,0.4171027450507936,0.5121686100014013,0.47577238130583105,0.37308264474562014,0.4400267871125361,0.45328554656097947,0.4679039585921021,0.4679039585921021,0.22482921811370093,0.17014902672036047,0.22116324604202456,0.39794103670238645,0.2004841368061431
U0227,0.3481853026083769,0.6122142731187172,0.4494939641347585,0.3757730169424356,0.27494119205639134,0.38754346394484046,0.28731269230649603,0.4562011184977142,0.4933427553073831,0.3143776754648868,0.4840765230884185,0.3252190370848067,0.31213318685141994,0.4316547651430581,0.3232894867829572,0.1744667617734098,0.31784355094991534,0.3817157838750003,0.380280523487221,0.3509327324846031,0.33000419394137787,0.3252190370848067,0.3252190370848067,0.14818353931333084,0.2856880635666207,0.3596192059887193,0.3252190370848067,0.4173647070800164,0.2711607400389765,0.49089875903218,0.30544155979533116,0.30065640293875995,0.3359104405369594,0.30544155979533116,0.47990798855398353,0.42133119052826523,0.4201323379344829,0.4153471810779117,0.4153471810779117,0.4153471810779117,0.42004980226129923,0.5226912795280804,0.4180907306607898,0.3897392717370532,0.3009147771575007,0.30275186805878074,0.5491145180433235,0.40069793606540083,0.41452349308338593,0.35725354081537164,0.29854017782279907,0.33000419394137787,0.5360404302055913,0.426761270091084,0.4153471810779117,0.4153471810779117,0.3095102561761262,0.40420648134430726,0.14818353931333084,0.33000419394137787,0.2702660419912676,0.43210573760599774,0.4237683141398925,0.41447288370416124,0.4015716659340795,0.36977762265110536,0.47858440920023376,0.38555054820602785,0.3811727059856218,0.3774408362996011,0.4212030473663816,0.5547889799013055,0.4573511478116236,0.3396914408093511,0.4054147905668365,0.3751826698105914,0.30544155979533116,0.48246925677900215,0.3876354091130579,0.3178034445458551,0.35447010453981587,0.3470758236734951,0.38076539134945664,0.33000419394137787,0.3569218878632372,0.3726556794430299,0.3726556794430299,0.45764788370289095,0.43132531569806737,0.3439792060161979,0.31430343882715855,0.370953762752111,0.4234568929843384,0.4234568929843384,0.24238409885905157,0.25389884874751123,0.1565266152373242,0.0,0.1284081960240931
U0228,0.3952624193365824,0.4069577430346287,0.28525743437769885,0.3949464898090178,0.2970758706480067,0.4627652625962373,0.313655483030913,0.4835930730945372,0.5457891705812575,0.3855878717686441,0.3212021293700741,0.3515618278092236,0.3316742474638301,0.4550081867223191,0.490997459263563,0.3046916413790502,0.3498541547339757,0.311752865152236,0.40662331421163794,0.37727552320902,0.3563469846657948,0.35156182780922357,0.35156182780922357,0.1745263300377477,0.3867349855491903,0.3924746834272376,0.35156182780922357,0.49673875862208483,0.5846765762504408,0.5988193507538917,0.3317843505197481,0.32699919366317687,0.3622532312613763,0.3317843505197481,0.5009718655267915,0.44878229916763007,0.4464751286588998,0.4416899718023286,0.4416899718023286,0.4416899718023286,0.4487582571972535,0.44970079541386326,0.42043878601154444,0.4117125633733415,0.373377332880199,0.3724490623746113,0.46440598291054425,0.4765579021294059,0.4335723666847346,0.35669823448027455,0.36595543210630616,0.3563469846657948,0.6869867519014072,0.4569601410804719,0.4416899718023286,0.4416899718023286,0.19747132912049056,0.40956755493584623,0.1745263300377477,0.3563469846657948,0.3242174011777598,0.4215635471626133,0.4425619546241173,0.4203154186445375,0.38238891886030335,0.4246459919471986,0.5172317546341554,0.4118933389304448,0.4183139185803152,0.40378362702401804,0.49516891925548145,0.5684008646781362,0.6446631442841299,0.4706138186571462,0.41990085470096405,0.43949722581255435,0.3317843505197481,0.5359819572361217,0.4068228643381061,0.3538103406234583,0.36478629554323455,0.5079795321360462,0.40710818207387356,0.3563469846657948,0.3832646785876541,0.39899847016744683,0.39899847016744683,0.4308789117803017,0.4576681064224843,0.3542611082562274,0.40575708622149886,0.6426089851452936,0.44979968370875534,0.44979968370875534,0.4212541155957416,0.26309007449761435,0.15527670847886837,0.236133257628791,0.02660607268931514
U0229,0.3707742896090983,0.7264356052708825,0.4027063198203733,0.3973526871474111,0.3106944240895172,0.44676086804111964,0.313655483030913,0.47197601698721603,0.5302159699543616,0.3414086077857764,0.24965004683016565,0.35156182780922357,0.3221302870312992,0.4588142600023971,0.4610022173463378,0.37941556201850524,0.3722497252318759,0.37922507246086845,0.40662331421163794,0.37727552320902,0.3563469846657948,0.35156182780922357,0.35156182780922357,0.1745263300377477,0.3242897488908294,0.3904407842031757,0.35156182780922357,0.5013613855693706,0.5006343763802139,0.6279945102646447,0.3317843505197481,0.32699919366317687,0.3622532312613763,0.3317843505197481,0.4889710493122648,0.44996881287441065,0.4464751286588998,0.4416899718023286,0.4416899718023286,0.4416899718023286,0.4497914658720916,0.4544976959997353,0.39732544949432225,0.39808233466427284,0.3704036623387841,0.3835103878309167,0.5594549652851474,0.4714657483846122,0.46567857624322134,0.3345969085567301,0.3688662097049793,0.3563469846657948,0.650291642254909,0.5027412324985336,0.4416899718023286,0.4416899718023286,0.19537100944202135,0.4100361016245073,0.1745263300377477,0.3563469846657948,0.29855921636743193,0.45300397809134146,0.4644702440645209,0.4827025618483243,0.4226854531984433,0.3722826691436639,0.5282785227179219,0.4118933389304448,0.414783619512924,0.40378362702401804,0.4729941770656053,0.5884947649333012,0.5514347091240099,0.40726990812936376,0.46841223398809295,0.40915010001554086,0.3317843505197481,0.515438994567808,0.41674835245517544,0.3483792557018147,0.38984670003997757,0.5513927493708372,0.40710818207387356,0.3563469846657948,0.3832646785876541,0.39899847016744683,0.39899847016744683,0.4757348703494551,0.4576681064224843,0.387190701048923,0.34958145306300714,0.551592043438876,0.44979968370875534,0.44979968370875534,0.2126131905145411,0.09514358348457486,0.16017892809699652,0.09834915611138617,0.19851981786772543
U0230,0.4283052232615924,0.7206680015389246,0.43352647048189563,0.3958273327956215,0.33436429689286123,0.28048806641101964,0.3084253563295551,0.4824607708245314,0.5240762890507198,0.2868789814820478,0.34693828100922025,0.34633170110786565,0.3668096218346295,0.4488717785689299,0.4877446407026214,0.22612412433381823,0.3966867863663519,0.40674317636192237,0.40139318751028,0.3720453965076621,0.35111685796443687,0.34633170110786565,0.34633170110786565,0.16929620333638978,0.4179557930309589,0.38445605978581054,0.34633170110786565,0.5817579740800349,0.2028915634520125,0.487089944774598,0.32655422381839017,0.32176906696181895,0.3570231045600184,0.32655422381839017,0.45359303818375796,0.43965917806346383,0.4412450019575419,0.4364598451009707,0.4364598451009707,0.4364598451009707,0.4400244886081746,0.40488452676216147,0.5145360216373891,0.36627080373765075,0.39398471481495634,0.34035235350434745,0.48345549828573414,0.4111023055627461,0.4176998850014449,0.4647404591215011,0.5734813580827047,0.35111685796443687,0.3624378619109204,0.5329950389527345,0.4364598451009707,0.4364598451009707,0.2870079700979331,0.45039818279011656,0.16929620333638978,0.35111685796443687,0.2428825716168247,0.463802971999633,0.44506329892239965,0.42928317911422087,0.4123518906211684,0.47012878157946836,0.3546726366980576,0.40666321222908686,0.3931093547988912,0.3985535003226601,0.3421669658103399,0.606851559535112,0.39890789491562373,0.4067223963061665,0.4956927041999688,0.4100713029888633,0.32655422381839017,0.5421329300856934,0.408705345347426,0.3430860612204868,0.4011715970690864,0.32456748100125493,0.40187805537251564,0.35111685796443687,0.3780345518862962,0.3937683434660889,0.3937683434660889,0.4981435314871207,0.45243797972112637,0.3537076147757608,0.41327409941220816,0.4198232154920154,0.4445695570073974,0.4445695570073974,0.13766075620761126,0.1702282277476712,0.20388899798817003,0.4246732499317312,0.12394697214603245
U0231,0.4510009645201795,0.8661106943335762,0.4898021259611365,0.47342580880808116,0.39657607928628713,0.4109093336902657,0.3863177631943995,0.5497870376811179,0.5774710970566074,0.40776785358373013,0.4347473297758747,0.4242241079727101,0.41802482294887366,0.5297268894553239,0.5134388686504209,0.4585774117292518,0.43768814773984416,0.4704402017348171,0.47928559437512447,0.44993780337250655,0.4290092648292813,0.4242241079727101,0.4242241079727101,0.24718861020123425,0.41530369113866794,0.45783962019360697,0.4242241079727101,0.5484453917528178,0.3169329884031463,0.6102016034218283,0.4044466306832346,0.3996614738266634,0.43491551142486284,0.4044466306832346,0.5479254088968553,0.5207101564394438,0.5191374088223863,0.5143522519658151,0.5143522519658151,0.5143522519658151,0.5209210161264046,0.5229451635005247,0.5094186064342305,0.4694342426597328,0.4557816539949194,0.456103849300875,0.6153882020514414,0.5228512186776788,0.49232143775493253,0.44697814043960704,0.5453712953592138,0.4290092648292813,0.5756786119436745,0.5919270372127412,0.5143522519658151,0.5143522519658151,0.3159151077365439,0.5212481956530999,0.24718861020123425,0.4290092648292813,0.42719968610056186,0.5381481669540891,0.5270934660764967,0.5618879184099828,0.49570812907892536,0.5027548407163611,0.4976799939528252,0.4845556190939313,0.4795439545616204,0.47644590718750457,0.505096336028716,0.6648661751721046,0.5482493478803809,0.43492416839555403,0.5791459440421065,0.4464649583443146,0.4044466306832346,0.5832250246082482,0.49148164768815006,0.41478106584148516,0.4972179035834524,0.5050100191763363,0.4797704622373601,0.4290092648292813,0.45592695875114064,0.47166075033093335,0.47166075033093335,0.5887991559439231,0.5303303865859708,0.449136032073651,0.4362400740745686,0.5065199992478878,0.5224619638722419,0.5224619638722419,0.17806757994637484,0.14714455295907736,0.2726622759917961,0.1307137989118261,0.2654100169468081
U0232,0.4351192084362807,0.3808394770449858,0.37009215204793533,0.46962904397599475,0.34580305124100963,0.5958760443259288,0.36545196404378133,0.5117067159436608,0.5508698975222401,0.4069210072698778,0.45424409322895815,0.4033583088220919,0.40023708008592535,0.4933871574245242,0.5551129806601399,0.327399253956989,0.4510518165133771,0.5328187280979372,0.45841979522450627,0.42907200422188835,0.4081434656786631,0.4033583088220919,0.4033583088220919,0.22632281105061602,0.4966271971136944,0.43860660736058027,0.4033583088220919,0.5213693286516642,0.23198194034907776,0.4854004707422796,0.38358083153261635,0.3787956746760452,0.41404971227424464,0.38358083153261635,0.4935411598115918,0.49720524581098213,0.49827160967176815,0.49348645281519693,0.49348645281519693,0.49348645281519693,0.49933930140476823,0.4906928806136388,0.4237150669040707,0.2836800070578396,0.33684920932793766,0.4027937838192069,0.4367999233509091,0.439633599043477,0.5684908422159048,0.4031006961632691,0.526806057113124,0.4081434656786631,0.49077329114400875,0.5100621172868431,0.49348645281519693,0.49348645281519693,0.8319291953631756,0.5331797769793832,0.22632281105061602,0.4081434656786631,0.8156056190773779,0.45358059873362355,0.5114969009878119,0.49849473500965746,0.6260899365034958,0.40230143388461176,0.4138892319501114,0.4636898199433131,0.4578005576828741,0.45558010803688637,0.4987205208467924,0.590773507868403,0.4107957127403192,0.4565829930913899,0.4632485875272291,0.4264926892193085,0.38358083153261635,0.6240255114738424,0.4807999446320203,0.3915128623744651,0.4416996669572341,0.45986173022091087,0.4589046630867419,0.4081434656786631,0.4350611596005224,0.45079495118031515,0.45079495118031515,0.6452465475018516,0.5094645874353526,0.4383844766585377,0.4607779485114383,0.3454573961464,0.5015961647216237,0.5015961647216237,0.15192305872807244,0.2910511107989628,0.30809921709264765,0.3005461595547503,0.8652322349757979
U0233,0.4236720729167029,0.3340705553918051,0.26673484379894297,0.39972888437281445,0.28459741610275135,0.33777839107736096,0.3076356505043526,0.4690888981325803,0.518797315163058,0.3230992735572723,0.321507415586196,0.34554199528266316,0.3484098870787958,0.44913315581019597,0.3930903497457882,0.17852792010184826,0.38132446106952167,0.4247728659504835,0.40060348168507753,0.3712556906824596,0.3503271521392344,0.34554199528266316,0.34554199528266316,0.1685064975111873,0.41911698834857825,0.3796685063468397,0.34554199528266316,0.43918450000083703,0.16200634071055925,0.390628543233985,0.3257645179931876,0.32097936113661646,0.3562333987348159,0.3257645179931876,0.5143382319150469,0.43919662954440764,0.4404552961323394,0.4356701392757682,0.4356701392757682,0.4356701392757682,0.43876635667180147,0.4391211710689917,0.5074071721187732,0.40579188014467604,0.3244638094317036,0.3507895910635187,0.4719887222439887,0.4519489402474541,0.395898518686122,0.3745767817954232,0.42539872333324347,0.3503271521392344,0.45908778906022424,0.44717873451224643,0.4356701392757682,0.4356701392757682,0.3898436084900475,0.43571361551489574,0.1685064975111873,0.3503271521392344,0.285432346263939,0.43579771848934584,0.4064784742271331,0.3562557561664096,0.3439990625663557,0.4242219701139532,0.35858095434243237,0.40587350640388437,0.3966376814048036,0.39776379449745763,0.4781626381631816,0.5517482137747769,0.44488105603802514,0.3856925652329303,0.38705956740565595,0.3927660669577012,0.3257645179931876,0.546292794404081,0.40845815600245394,0.3406589746216039,0.3904536544157627,0.31609499976836286,0.40108834954731315,0.3503271521392344,0.37724484606109365,0.3929786376408864,0.3929786376408864,0.5370788797031891,0.4516482738959239,0.3077465468763546,0.40900897395158803,0.34165569923969585,0.44377985118219493,0.44377985118219493,0.2077274129927676,0.5749880939466048,0.2369632493427299,0.19345902722575276,0.09633413574727923
U0234,0.4216816129848635,0.4336643425423239,0.32498612569443697,0.48837183047123495,0.38942399560762997,0.2667908041580565,0.398728840131212,0.5695315535248517,0.6327677435654346,0.41213597957531445,0.43262645291198804,0.43663518490952263,0.4211807337666473,0.5243499552758053,0.4837385402432623,0.6568777582140364,0.6272849372127773,0.4946922583132064,0.491696671311937,0.4623488803093191,0.44142034176609385,0.43663518490952263,0.43663518490952263,0.2595996871380468,0.5648993598143017,0.474193350749268,0.43663518490952263,0.5825683666497954,0.3871089711347827,0.5681019073828011,0.41685770762004715,0.41207255076347593,0.4473265883616754,0.41685770762004715,0.5572030727936025,0.5339109595130959,0.5315484857591989,0.5267633289026277,0.5267633289026277,0.5267633289026277,0.5366182902846801,0.4675694730710397,0.5503768132387229,0.3818263856024786,0.45809548294434493,0.41344990612099664,0.42867510560791217,0.6792926533008465,0.46783577935150233,0.5146055023900735,0.5545983163529711,0.44142034176609385,0.4215468751688459,0.6186926567220683,0.5267633289026277,0.5267633289026277,0.3996405429906496,0.513382924297239,0.2595996871380468,0.44142034176609385,0.40560654321643314,0.5290005303540024,0.5056785204646195,0.5471102451511372,0.45682980703919607,0.5510949724283121,0.4488988265091913,0.49696669603074384,0.484303769632358,0.4888569841243171,0.44503306659781583,0.6501314568959252,0.6124549851168595,0.4629327895444874,0.45692561404786375,0.4484148429853232,0.41685770762004715,0.647512969361731,0.5284025650822435,0.43571295610916505,0.47088308976128523,0.6012589260460515,0.4921815391741726,0.44142034176609385,0.4683380356879531,0.4840718272677459,0.4840718272677459,0.6410964034648523,0.5427414635227833,0.4170403455866138,0.4646309777514683,0.5669171766011958,0.5348730408090544,0.5348730408090544,0.4076521173265609,0.2815561349489617,0.3093235238490668,0.5658441859788401,0.31682867328964215
U0235,0.5781857104905793,0.6557561438468196,0.4835094637932359,0.5245920403252837,0.4087343051732553,0.49426896917644764,0.43511382779573465,0.5810693691464105,0.6369764714786814,0.45658775658519285,0.516517614320167,0.4730201725740453,0.46149659026958395,0.581762273008041,0.5465451101375287,0.35790467451289987,0.4998411736228127,0.5124273703587959,0.5280816589764596,0.4987338679738417,0.4778053294306165,0.4730201725740453,0.4730201725740453,0.2959846748025694,0.5037942373732703,0.5077866565668179,0.4730201725740453,0.5430115727120995,0.42093924041985054,0.6291928843871484,0.45324269528456973,0.44845753842799857,0.483711576026198,0.45324269528456973,0.6220189982207218,0.5681897975985439,0.5679334734237215,0.5631483165671503,0.5631483165671503,0.5631483165671503,0.5676632104132059,0.5842362382182552,0.5867693779431387,0.5348980274810996,0.4750874286684763,0.5149851398313078,0.6585644168666278,0.5134891717829414,0.5558288376342257,0.4348696997391925,0.5088426468586688,0.4778053294306165,0.6444865348222317,0.5852114748587134,0.5631483165671503,0.5631483165671503,0.46008439664307094,0.5536380425627562,0.2959846748025694,0.4778053294306165,0.33716240054978625,0.5764902992545806,0.543323789128447,0.48898273793144653,0.49321873142436584,0.5692893644586717,0.5533134974777825,0.5333516836952664,0.5249899941852312,0.5252419717888397,0.618422203275606,0.6890685616810798,0.5724447685217451,0.4961210577448184,0.5538001277217526,0.4993352361951765,0.45324269528456973,0.6512336979906819,0.5333807693356303,0.4636677473208199,0.5102639917314828,0.5058882952633337,0.5285665268386952,0.4778053294306165,0.5047230233524758,0.5204568149322686,0.5204568149322686,0.6251089511956055,0.579126451187306,0.4482596197040223,0.5073867588798716,0.45661026067668714,0.5712580284735771,0.5712580284735771,0.1882813627988073,0.48258652879681013,0.3400625078244913,0.20732287036482938,0.2492088452100383
U0236,0.35433193588393164,0.44463266509817156,0.280554801923441,0.41779019041265936,0.29846583774887686,0.2339302651210795,0.325276854142523,0.4857576392508729,0.5460136276386934,0.3495388295752153,0.4792990579790208,0.3631831989208336,0.33793732561331935,0.45862025865637396,0.34080109774769696,0.663470599705781,0.5660052980266636,0.4760402439462337,0.418244685323248,0.38889689432063007,0.36796835577740483,0.3631831989208336,0.3631831989208336,0.18614770114935775,0.48058946490916843,0.3950424069976778,0.3631831989208336,0.3952196303935278,0.2234637101288768,0.4860192799795018,0.3434057216313581,0.3386205647747869,0.37387460237298636,0.3434057216313581,0.5252731087941394,0.46180578609048084,0.4580964997705098,0.45331134291393865,0.45331134291393865,0.45331134291393865,0.4637378420543188,0.4737610723251294,0.4928209349468044,0.37734309193653004,0.37225738271007547,0.3770269149710105,0.48233856782137297,0.6508815312563485,0.3918945040345687,0.37539795104940377,0.418790341149704,0.36796835577740483,0.40472911272679873,0.5390141790284633,0.45331134291393865,0.45331134291393865,0.3627340065084379,0.44327916370894827,0.18614770114935775,0.36796835577740483,0.2857826747732016,0.4800428970427948,0.4179903945399427,0.4780456374630463,0.3627825248422505,0.4941699161326872,0.41271553702935115,0.4235147100420548,0.40963689068736836,0.41540499813562803,0.4536650255608504,0.5648435723013702,0.5535768188878067,0.319744235805359,0.38137652939765254,0.3439055402645035,0.3434057216313581,0.5485996877594486,0.4624623958326318,0.355784219271894,0.42413261526026913,0.5441694895251094,0.4187295531854836,0.36796835577740483,0.3948860496992641,0.4106198412790569,0.4106198412790569,0.6195448211292938,0.46928947753409433,0.33420053047185805,0.3570189714975392,0.39711113202263704,0.4614210548203654,0.4614210548203654,0.2780282437468876,0.3748986077384171,0.2684585130926318,0.19196675245005812,0.29451779201632067
U0237,0.3705830470010073,0.37919301146066414,0.29653245601093636,0.4190357241667182,0.2974597714833117,0.33817670389927823,0.32606655996772554,0.48704273946684273,0.5433116284006922,0.32391626601296974,0.3087118439185418,0.3639729047460361,0.3454363560687594,0.46443110461256476,0.3344308647770968,0.3003111870194585,0.4437801582866443,0.47988611151078486,0.4190343911484505,0.38968660014583256,0.3687580616026073,0.3639729047460361,0.3639729047460361,0.18693740697456024,0.40861244937799085,0.3975396871319114,0.3639729047460361,0.43660980603279836,0.18513832713551148,0.4188672847891862,0.3441954274565606,0.3394102705999894,0.37466430819818886,0.3441954274565606,0.5388030357186813,0.4596643953761601,0.45888620559571236,0.45410104873914114,0.45410104873914114,0.45410104873914114,0.459319327269018,0.47546980745767203,0.4956147679692946,0.39997557403479944,0.3201510499053988,0.3339959647580194,0.5066669598516511,0.5407860045016518,0.41860232118658536,0.3829612052122312,0.3696341833727919,0.3687580616026073,0.4693151653515906,0.4731171973043272,0.45410104873914114,0.45410104873914114,0.3975503154568457,0.4353508167496743,0.18693740697456024,0.3687580616026073,0.27688300931696586,0.4614833900365653,0.429059063310673,0.41790051137276085,0.3649986196781515,0.39036880618722763,0.4106962133163501,0.4243044158672573,0.41472176790798543,0.4161947039608306,0.47212517952407784,0.568244058495547,0.4730133467101236,0.3633276262269498,0.3688510916511388,0.3935738940554201,0.3441954274565606,0.5539458660671355,0.44027851082848335,0.3593657386646891,0.40093261779321504,0.40927017569167223,0.4195192590106861,0.3687580616026073,0.3956757555244666,0.41140954710425937,0.41140954710425937,0.5789360135355686,0.4700791833592968,0.33713688522555,0.3680521760496681,0.35920012509007887,0.4622107606455679,0.4622107606455679,0.2647077101593758,0.5378785786483141,0.24578889880242286,0.15171984044314074,0.20138664630880015
U0238,0.3496447967575298,0.35727369324692604,0.3094311084692672,0.4199723430902735,0.29304831023187883,0.40471742123383003,0.32606655996772554,0.4766429182097925,0.5298862853604974,0.32761843300816174,0.35930663527740614,0.3639729047460361,0.3339372680986475,0.45800225723934784,0.38774315980680496,0.25834362163643665,0.4008723463807215,0.42317248083422665,0.4190343911484505,0.38968660014583256,0.3687580616026073,0.3639729047460361,0.3639729047460361,0.18693740697456024,0.40148543913840545,0.3995311765344115,0.3639729047460361,0.4396390881218163,0.2505624228373483,0.46124856802719283,0.3441954274565606,0.3394102705999894,0.37466430819818886,0.3441954274565606,0.47757987989928974,0.45911772863129413,0.45888620559571236,0.45410104873914114,0.45410104873914114,0.45410104873914114,0.45936628271568003,0.45098118281639005,0.40558492273959235,0.30720077574745797,0.31498694494324997,0.29455573259294154,0.4345200181102054,0.4343204416635253,0.4545940692560128,0.34136598503178983,0.360483138911175,0.3687580616026073,0.4407571405751693,0.4480480255590975,0.45410104873914114,0.45410104873914114,0.47231455097814445,0.4394499145268082,0.18693740697456024,0.3687580616026073,0.34439978495248336,0.43645574182940905,0.43949271986787136,0.40837532552616745,0.4326261920722921,0.37600934464902225,0.40581286577803394,0.4243044158672573,0.4151988050739114,0.4161947039608306,0.40501162712957395,0.5656214314269141,0.4318788597806247,0.37672827431440625,0.37105452828173013,0.37600733098572764,0.3441954274565606,0.5502236610967071,0.43513600945890407,0.3562416185292515,0.36337693305575375,0.40591695388632215,0.4195192590106861,0.3687580616026073,0.3956757555244666,0.41140954710425937,0.41140954710425937,0.5244365414576508,0.4700791833592968,0.3481200751550153,0.34938042118823714,0.34412450690784036,0.4622107606455679,0.4622107606455679,0.16894341649495098,0.22478665383394547,0.21453708501054114,0.19010780294378926,0.35756231066736444
U0239,0.5130022102793614,0.8921266904364782,0.6585805310795949,0.4106494954669028,0.33186262180227527,0.3211852843970755,0.32606655996772554,0.4799299508512633,0.5437595663955203,0.3523782955316114,0.47003617854742075,0.3639729047460361,0.35932783702432264,0.47503085858253014,0.45283789896385507,0.24642508337097363,0.43099115736658805,0.36830499625022417,0.4190343911484505,0.38968660014583256,0.3687580616026073,0.3639729047460361,0.3639729047460361,0.18693740697456024,0.261122588458944,0.40592863609370894,0.3639729047460361,0.5800330066721044,0.6299494843471428,0.7058389099784222,0.3441954274565606,0.3394102705999894,0.37466430819818886,0.3441954274565606,0.4868383797875443,0.4615033942858634,0.45888620559571236,0.45410104873914114,0.45410104873914114,0.45410104873914114,0.4614871951228808,0.5148752131150341,0.4426952658026931,0.3946500124941407,0.381783951682922,0.45611063546172476,0.571192526949184,0.320192459530409,0.5199156276306067,0.41357490363186944,0.3437370265621382,0.3687580616026073,0.6002773676507724,0.5338786505228856,0.45410104873914114,0.45410104873914114,0.2736897085362042,0.4271396367195603,0.18693740697456024,0.3687580616026073,0.2877481292912867,0.4882785044585978,0.49854183020143594,0.4618574365502651,0.492707298755445,0.42299597438604924,0.6018197786565256,0.4243044158672573,0.41953416549364386,0.4161947039608306,0.4831711614699493,0.6211077328778634,0.43978162545500965,0.4275734675584351,0.5138018448648143,0.4250977702604763,0.3441954274565606,0.5433081641017697,0.4239860106231994,0.3572338931630108,0.38879905022368,0.49889654625236796,0.4195192590106861,0.3687580616026073,0.3956757555244666,0.41140954710425937,0.41140954710425937,0.454339346539936,0.4700791833592968,0.42410685617777294,0.3919607183661521,0.43038417084291214,0.4622107606455679,0.4622107606455679,0.07629430376417229,0.039885779816031086,0.17143025988788224,0.2519964520895439,0.15791443334386257
U0240,0.5822400170763545,0.40530552448155444,0.4269784466864593,0.522158262093909,0.38513666477669156,0.3742956231785902,0.4285327232213058,0.5720937622563858,0.6689918280577639,0.44981142562468107,0.3448648878299612,0.4664390679996164,0.4454319106181246,0.5701134445036666,0.45559656619288713,0.4903369544426214,0.6680378687089956,0.5853053703637593,0.5215005544020307,0.49215276339941283,0.4712242248561876,0.4664390679996164,0.4664390679996164,0.2894035702281405,0.4974479030288904,0.5050361111322175,0.4664390679996164,0.574712510710878,0.5693526075471126,0.6183961047408849,0.44666159071014083,0.4418764338535697,0.4771304714517691,0.44666159071014083,0.6681455212893969,0.5643783417546466,0.5613523688492926,0.5565672119927214,0.5565672119927214,0.5565672119927214,0.5652697049343195,0.5622419306658304,0.609106552318478,0.4992867106867273,0.41804510519316784,0.5568556696248761,0.5854524585655763,0.6384856968235894,0.5702811018391355,0.46823108050361717,0.3963137845609626,0.4712242248561876,0.6516435798499063,0.6055159391216804,0.5565672119927214,0.5565672119927214,0.5274755086677834,0.5122360798557797,0.2894035702281405,0.4712242248561876,0.39994069234881774,0.5673164559103563,0.5381040929534775,0.49878598733422896,0.4686649031766118,0.4864799785669118,0.6003348551419068,0.5267705791208376,0.5188085961543761,0.5186608672144108,0.6941513759929547,0.6578831295648606,0.5852838325030791,0.5011160970710324,0.44622873055941914,0.5044843201193806,0.44666159071014083,0.6934919209181712,0.5509129528157656,0.46424638389731954,0.5006944703031764,0.6606673892045091,0.5219854222642664,0.4712242248561876,0.49814191877804687,0.5138757103578396,0.5138757103578396,0.7051752882202216,0.5725453466128771,0.44872376971877276,0.5136792491202948,0.4622143845724559,0.5646769238991481,0.5646769238991481,0.31398281091064545,0.7801995321661082,0.365492430036432,0.4020087625713029,0.33359938153168295
U0241,0.49185099297696666,0.3783582265786643,0.551316844802973,0.4191043078425951,0.28456378748042305,0.3110439537672698,0.32606655996772554,0.48086976041870305,0.5403134929638058,0.4208137502332766,0.855949849650143,0.36397290474603616,0.35470317531610657,0.46078917067160036,0.35713809488132475,0.2846778235508701,0.48152523111879925,0.3503251348365278,0.4190343911484505,0.38968660014583256,0.3687580616026073,0.3639729047460361,0.3639729047460361,0.18693740697456024,0.341650963675341,0.40221505868485774,0.3639729047460361,0.43821691821140746,0.5753948788914429,0.6116865321311666,0.3441954274565606,0.3394102705999894,0.37466430819818886,0.3441954274565606,0.4911846761664057,0.46114072940601164,0.45888620559571236,0.45410104873914114,0.45410104873914114,0.45410104873914114,0.46249964189864873,0.5916163582468189,0.4185951226321442,0.32548384684896425,0.32213183480369,0.41215873058239083,0.42310754502042797,0.3358479900715464,0.4931762207073,0.39906842236860696,0.2386168782741987,0.3687580616026073,0.5241925295560049,0.4517443342171263,0.45410104873914114,0.45410104873914114,0.5591426373328479,0.444929907715509,0.18693740697456024,0.3687580616026073,0.46492711208765725,0.4482947163090867,0.45917758478990606,0.40185629187532773,0.5109665155189396,0.4833789964084054,0.5817388252540292,0.4243044158672573,0.41528791725843883,0.4161947039608306,0.4940709640887226,0.5614395543947975,0.4805045813327312,0.40240380735093867,0.3815208739436895,0.38197275903784306,0.3441954274565606,0.5612143367025848,0.43626150917651807,0.35275884447732175,0.34870950510191306,0.4471519108122979,0.4195192590106861,0.3687580616026073,0.3956757555244666,0.41140954710425937,0.41140954710425937,0.4754608010338477,0.4700791833592968,0.382813856074379,0.3969104001427942,0.3215674005011667,0.4622107606455679,0.4622107606455679,0.26124074562536087,0.21600885501796896,0.21063316899144138,0.2492906463927526,0.30169372673835065
U0242,0.37898302237303017,0.36965869880311175,0.20167673037155381,0.3845687885817968,0.27412308715405337,0.63939345522916,0.2969021860206372,0.44959882586304956,0.4980013804546091,0.324523756916988,0.3809058339811328,0.3348085307989478,0.32004567542994633,0.43682243989395153,0.5871155638500047,0.11374143464141029,0.2322723402916771,0.315054425469123,0.38987001720136216,0.3605222261987443,0.339593687655519,0.3348085307989478,0.3348085307989478,0.15777303302747198,0.4999260673643457,0.372244620493533,0.3348085307989478,0.4262914990951338,0.2672699837476538,0.48244128534858255,0.3150310535094723,0.31024589665290114,0.3454999342511006,0.3150310535094723,0.4231406995379634,0.4270672711713158,0.42972183164862404,0.4249366747920529,0.4249366747920529,0.4249366747920529,0.4264109207635154,0.3998130440508654,0.3940799260539235,0.3457414818232844,0.36546534812592757,0.27043209001962243,0.4648902006103711,0.3438389525539203,0.43546904913033413,0.25955991337671214,0.49945280857364543,0.339593687655519,0.5305292277786499,0.4007930075165815,0.4249366747920529,0.4249366747920529,0.3840583716648125,0.43583411690070784,0.15777303302747198,0.339593687655519,0.2386267083405027,0.3923800631254033,0.39984004576648213,0.32008520326957224,0.3967085459593398,0.4632409196107889,0.34810966303910323,0.39514004192016905,0.3923244245130596,0.38703033001374226,0.3789226631391551,0.551041349712832,0.5017840232347843,0.43481781419264054,0.42812842460115497,0.3995074560764161,0.3150310535094723,0.5110210608689043,0.37788996343889836,0.3295566333788792,0.3343896236654511,0.3061341385670341,0.39035488506359783,0.339593687655519,0.36651138157737834,0.3822451731571711,0.3822451731571711,0.4093037090626104,0.4409148094122085,0.2945532829459305,0.3911070542722433,0.47162908394239283,0.4330463866984796,0.4330463866984796,0.17591006970660217,0.17241772497142044,0.1653484356629643,0.1898865102200905,0.24224342647480393
U0243,0.3597616922621368,0.48402983296051455,0.44640696322051454,0.4437987444605854,0.3626582060873907,0.37341508040579013,0.34721091474458515,0.5275438308458911,0.5325373623720074,0.4078689003379393,0.33317031263931074,0.3851172595228957,0.39689191601667206,0.47294530415645875,0.43529391974877196,0.24566766067893803,0.3777140878016946,0.4497259088191354,0.4401787459253101,0.41083095492269217,0.38990241637946693,0.3851172595228957,0.3851172595228957,0.20808176175141987,0.2920056527687216,0.42168028169958044,0.3851172595228957,0.6006248446256166,0.2822488350206672,0.47274870363477905,0.36533978223342023,0.360554625376849,0.39580866297504846,0.36533978223342023,0.4863344839314219,0.48020862850209806,0.48003056037257197,0.47524540351600075,0.47524540351600075,0.47524540351600075,0.4818895698576257,0.47500536580830555,0.3932461086571412,0.2853350156935544,0.3074185736349445,0.3765961540465894,0.35473619979269,0.42135920422835926,0.4955726375772822,0.5263441736694124,0.4524665767908756,0.38990241637946693,0.5077159099857977,0.5001861644013568,0.47524540351600075,0.47524540351600075,0.5768359166236998,0.5019452987144449,0.20808176175141987,0.38990241637946693,0.937398632197952,0.4326179660159729,0.5333368447554073,0.5712576953985964,0.6062516019607791,0.29945943602126457,0.4441753973634554,0.4454487706441169,0.44806234846221327,0.4373390587376902,0.45563370179305557,0.5949639862639176,0.424713592275812,0.46308190184389897,0.4760479906268816,0.43638692965223563,0.36533978223342023,0.5941384343081466,0.45469343621202185,0.3785613090250297,0.43544813635814184,0.4223707759085817,0.4406636137875457,0.38990241637946693,0.41682011030132626,0.432553901881119,0.432553901881119,0.5757494230445357,0.49122353813615643,0.47410286996445494,0.43440453955694286,0.4548294271466519,0.4833551154224275,0.4833551154224275,0.3081603639652113,0.10562338671262883,0.23205875452257838,0.2799850146808178,0.515104450764647
U0244,0.4480088557820046,0.2658615948729771,0.2746040231700163,0.3980528779920203,0.27880850012237907,0.44822614562384727,0.3054169671898428,0.4521371557069468,0.5410365824117878,0.31781611460590287,0.3512978776765825,0.3433233119681534,0.3324708178640563,0.4382598201064791,0.541912393280686,0.25529953397590305,0.4538288937367533,0.3860926838550427,0.3983847983705677,0.36903700736794987,0.34810846882472457,0.3433233119681534,0.3433233119681534,0.16628781419667754,0.5141035055853137,0.38613205440455173,0.3433233119681534,0.5197512841507786,0.43983054641404296,0.5245249182300771,0.32354583467867787,0.3187606778221067,0.35401471542030616,0.32354583467867787,0.4427359337849719,0.43748762067721114,0.4382366128178296,0.43345145596125845,0.43345145596125845,0.43345145596125845,0.4391180303873102,0.38311174356221633,0.43787551304230665,0.2757878890673304,0.3480108166594006,0.33854122052222113,0.37730631469797127,0.39791813995413783,0.482748020914081,0.3430588401663513,0.4573592404329381,0.34810846882472457,0.4371144218246623,0.4696433308398347,0.43345145596125845,0.43345145596125845,0.5082597200249283,0.42353788601814396,0.16628781419667754,0.34810846882472457,0.29422906642908087,0.4120207381271349,0.4194080815022505,0.340707504907695,0.432417429515103,0.4491512339335236,0.39358994628948896,0.40365482308937456,0.393415531555046,0.39554511118294783,0.40284190311598483,0.5531593422800123,0.4450254739365721,0.44999520402082926,0.37325671754201434,0.4042383266906544,0.32354583467867787,0.5756999348059959,0.4117360695318939,0.34204886643258503,0.3342148883870141,0.44265790706245167,0.3988696662328034,0.34810846882472457,0.3750261627465839,0.39075995432637667,0.39075995432637667,0.48857128071546263,0.4494295905814141,0.3201160221021934,0.4239581409381107,0.4206678572911348,0.4415611678676852,0.4415611678676852,0.17960068975366905,0.28679310795265867,0.20758208307296944,0.5500914447611978,0.39282970871324335
U0245,0.36031821094103117,0.380276968077064,0.2870689821702848,0.4125845316531685,0.311380008997479,0.4440623648746168,0.32527685414252305,0.4943086503692449,0.5192079805462169,0.4007137401550578,0.2936758999140761,0.3631831989208336,0.3501344974829182,0.46138506573991356,0.4489703395670868,0.2174779124099483,0.2872095761726503,0.33627223929194405,0.418244685323248,0.38889689432063007,0.36796835577740483,0.3631831989208336,0.3631831989208336,0.18614770114935775,0.32001284773433974,0.3994894530313439,0.3631831989208336,0.4772974209454395,0.3836744053903211,0.5036127880096233,0.3434057216313581,0.3386205647747869,0.37387460237298636,0.3434057216313581,0.49293796094062525,0.45886665494334805,0.4580964997705098,0.45331134291393865,0.45331134291393865,0.45331134291393865,0.45882659737974113,0.4497397603440279,0.3807095552648613,0.3715748177385365,0.3326481998836896,0.35869677030236496,0.41336665834216446,0.41623580036575225,0.43248750063300145,0.3751244920447695,0.37554175962622083,0.36796835577740483,0.6311444211285463,0.43293233047754653,0.45331134291393865,0.45331134291393865,0.32549601993674065,0.4477050929093754,0.18614770114935775,0.36796835577740483,0.575143206737415,0.41155984906581583,0.4649120728819999,0.45427678817500317,0.4434545737894626,0.35639419421898194,0.45421972927393406,0.4235147100420548,0.4304745890326608,0.41540499813562803,0.4941585525689105,0.565293723990988,0.5497567326442268,0.45026329094877904,0.4356291867008353,0.4181007474447752,0.3434057216313581,0.5418480504523052,0.41586687902458513,0.35868803148962514,0.39028261367468725,0.4182857491165172,0.4187295531854836,0.36796835577740483,0.3948860496992641,0.4106198412790569,0.4106198412790569,0.4720273235186167,0.46928947753409433,0.3835343949067983,0.4027850927526337,0.5292570815833302,0.4614210548203654,0.4614210548203654,0.317212246997166,0.19116950997542254,0.18073515918916822,0.08869753382870388,0.1531600779764138
U0246,0.5690141035573146,0.37708428149958506,0.4398892116519414,0.47818507491215545,0.37188081794428796,0.29132194912731835,0.3852000444714492,0.5563708677025219,0.5474516926002264,0.5600972540232944,0.8165513435743439,0.4231063892497598,0.45936727202257804,0.5193310059563465,0.5046673710242051,0.370086362026039,0.40971124794018227,0.34803443144742924,0.4781678756521741,0.44882008464955625,0.42789154610633096,0.4231063892497598,0.4231063892497598,0.24607089147828393,0.38755225754837763,0.4542432697826774,0.4231063892497598,0.47998803087258085,0.387040091428316,0.5458636739152773,0.40332891196028425,0.3985437551037131,0.43379779270191254,0.40332891196028425,0.55049215451661,0.5179433931447579,0.518019690099436,0.5132345332428648,0.5132345332428648,0.5132345332428648,0.520292626530688,0.5686605339348089,0.4892288899101159,0.43433221403692546,0.41355234420159803,0.5656593885194007,0.3754516016139235,0.3798328262963807,0.45577027929656017,0.499342561769349,0.500491525040093,0.42789154610633096,0.5956874553550322,0.5110730431081443,0.5132345332428648,0.5132345332428648,0.559915253754663,0.5707999083258455,0.24607089147828393,0.42789154610633096,0.9420678601250491,0.475150395805488,0.5178708748968841,0.5040804870121613,0.5570299934714958,0.5810135421962734,0.4833278116759112,0.48343790037098094,0.4838137904482953,0.4753281884645542,0.6419662010137459,0.602436664187272,0.5759554966350589,0.49444322477407704,0.5446215891505445,0.4266896531611414,0.40332891196028425,0.6225124148074259,0.48009940092663306,0.40706448568746767,0.4983491808706105,0.3930908598375591,0.4786527435144098,0.42789154610633096,0.4548092400281903,0.47054303160798305,0.47054303160798305,0.573384088157312,0.5292126678630205,0.44615435777635465,0.5605246039766826,0.4295787892228543,0.5213442451492916,0.5213442451492916,0.28439210300742795,0.29664419637218054,0.31517561309306724,0.15106209050335562,0.20322142624275885
U0247,0.42379189956683283,0.7399851020870154,0.4046400881432692,0.4111894276152689,0.3407089081306579,0.3717206712592059,0.32336298231509747,0.4889679691680162,0.5177413068910024,0.32145235157946195,0.3381020185674886,0.3612693270934081,0.3721458767292585,0.465924436816079,0.5131681706514126,0.24081260840023383,0.34519333975602995,0.4034852583776177,0.4163308134958224,0.38698302249320454,0.36605448394997925,0.3612693270934081,0.3612693270934081,0.18423382932193222,0.40630647794969443,0.39669964792606716,0.3612693270934081,0.5360754972119388,0.18609672529442034,0.49847890520991955,0.34149184980393255,0.33670669294736133,0.37196073054556084,0.34149184980393255,0.46659415730639103,0.4548093071194522,0.4561826279430843,0.4513974710865131,0.4513974710865131,0.4513974710865131,0.45477375979632745,0.421940753458191,0.4823864912198095,0.3923269090711079,0.4007228039471533,0.3650154335367264,0.5190367457260964,0.40151042019099054,0.43212772633097013,0.4131717874901157,0.567668028232747,0.36605448394997925,0.44400823697645786,0.5202293191089146,0.4513974710865131,0.4513974710865131,0.3023558372837089,0.47087031005887275,0.18423382932193222,0.36605448394997925,0.32422692071049897,0.46700249001279565,0.4580979637993996,0.44665544421863607,0.43135229515816226,0.4625204877042352,0.3672051446087504,0.42160083821462924,0.41284597054035876,0.4134911263082025,0.3972557075610794,0.6096299779114863,0.4284088018976468,0.4086388390928778,0.5237119367170845,0.4073016935564205,0.34149184980393255,0.5386181332630825,0.41828955662028294,0.3539623417239734,0.42359363880086603,0.3401603285676903,0.4168156813580581,0.36605448394997925,0.3929721778718386,0.40870596945163135,0.40870596945163135,0.50833997423275,0.4673756057066688,0.36873357602662943,0.41357346023593694,0.42329398435035204,0.45950718299293986,0.45950718299293986,0.08754878651087139,0.1374026520693249,0.21570553117692065,0.23604629549548706,0.17546252362226095
U0248,0.5129793641968161,0.39430084831154527,0.42384106827495344,0.517594583221044,0.39793814404451616,0.3588056720838917,0.42330259651994784,0.585692148927227,0.6268129754184869,0.47116867585489686,0.45577266392850135,0.46120894129825846,0.4589178778634202,0.557911760130045,0.4417600985970944,0.3602308217012319,0.5282090954907588,0.5226284386976646,0.5162704277006728,0.4869226366980549,0.4659940981548296,0.46120894129825846,0.46120894129825846,0.2841734435267826,0.4413964367662909,0.4956992127403318,0.46120894129825846,0.558968259241798,0.36694764227604926,0.5275383621467091,0.4414314640087829,0.43664630715221175,0.4719003447504112,0.4414314640087829,0.6218510200152783,0.5567467434141512,0.5561222421479347,0.5513370852913635,0.5513370852913635,0.5513370852913635,0.5574673020561424,0.5634660745654407,0.5587448543547415,0.4588889028178563,0.40149488992704196,0.48832853596340997,0.49833208266052037,0.5504299835529143,0.5209196177156934,0.5153801964345093,0.45048429392738,0.4659940981548296,0.5797879279235936,0.5587224705467504,0.5513370852913635,0.5513370852913635,0.5528497816382976,0.5470955079065721,0.2841734435267826,0.4659940981548296,0.6207395057860912,0.5353080963820074,0.5444366619156481,0.5236695601124666,0.5152999419805429,0.4747654119232673,0.5176370192998585,0.5215404524194797,0.5158925333376703,0.5134307405130529,0.6118897917839126,0.652820112907926,0.5475066242956952,0.49437991488025135,0.4796846083496249,0.4865082137042425,0.4414314640087829,0.6684887548718577,0.5327245708947186,0.4544004372227866,0.5013412705544052,0.4957191794591974,0.5167552955629084,0.4659940981548296,0.49291179207668895,0.5086455836564817,0.5086455836564817,0.6620132695156703,0.5673152199115191,0.46035595306575483,0.5092002821829834,0.4423710660627645,0.5594467971977902,0.5594467971977902,0.3372284892023559,0.5526291206790906,0.343132637537657,0.29088929691412063,0.29855225197645074
U0249,0.36427527852914476,0.4560474770540984,0.2916231936477699,0.40651337879295196,0.32227623870284405,0.34824797310633193,0.31812971081584446,0.49832986786359373,0.5247036501930942,0.33074446059781476,0.40130797310590605,0.3560360555941551,0.3649628410862191,0.45270082520797156,0.45434312563025114,0.2308290611601744,0.34745491662864203,0.38822765193647957,0.4110975419965694,0.3817497509939515,0.36082121245072624,0.3560360555941551,0.3560360555941551,0.1790005578226792,0.45172359436366155,0.390770037941858,0.3560360555941551,0.49959522589318384,0.12986824535663766,0.41725455650263044,0.33625857830467953,0.3314734214481083,0.36672745904630777,0.33625857830467953,0.4734200661187892,0.4491036184207092,0.4509493564438313,0.44616419958726006,0.44616419958726006,0.44616419958726006,0.44921700984235746,0.4281703871340101,0.4902010159564034,0.37367344211686015,0.37455901388679114,0.2938326842663403,0.43381215553834684,0.46526057621698214,0.38335332396045163,0.43983725780765043,0.5363122581174756,0.36082121245072624,0.3988983472769236,0.47736683699398896,0.44616419958726006,0.44616419958726006,0.329417326252632,0.46348146943949653,0.1790005578226792,0.36082121245072624,0.3340348590969334,0.4408196437655592,0.43059976501199393,0.42055909154401455,0.3910346708241096,0.4703940134801993,0.33089305855228995,0.4163675667153762,0.407223970793082,0.4082578548089495,0.3604549896623641,0.5848040517466095,0.48435737578130117,0.40948275056109373,0.4439340225433403,0.4068904674468403,0.33625857830467953,0.5420406564553012,0.41637717186965434,0.3525143621632315,0.3966826946071384,0.29704083547235716,0.41158240985880507,0.36082121245072624,0.38773890637258557,0.40347269795237833,0.40347269795237833,0.5006728167321512,0.46214233420741574,0.33547024758289057,0.40875427408980936,0.4560693437595993,0.45427391149368684,0.45427391149368684,0.2986674490681778,0.26343311018567467,0.212696506139433,0.3000829511672447,0.10399639913286274
U0250,0.47481173113779024,0.3947649908133958,0.3502793760004703,0.4769003393759429,0.3545068344826035,0.392651632327896,0.38631776319439953,0.5423393030059814,0.5900237659706246,0.4129709852735987,0.5041206668370014,0.4242241079727101,0.4121227794788536,0.5229266129508594,0.46360608040365553,0.3063057083261185,0.4528106169788363,0.44069255355870923,0.47928559437512447,0.44993780337250655,0.4290092648292813,0.4242241079727101,0.4242241079727101,0.24718861020123425,0.48513694480431385,0.4586436217923875,0.4242241079727101,0.4844069483153508,0.3074617228597667,0.5137202098789964,0.4044466306832346,0.3996614738266634,0.43491551142486284,0.4044466306832346,0.5573234037588918,0.5186270634503647,0.5191374088223863,0.5143522519658151,0.5143522519658151,0.5143522519658151,0.5187100756968388,0.5150796572861197,0.5248635251361448,0.4335038671692847,0.41008218987207423,0.40189408747978583,0.4984651373083366,0.4863107133819621,0.470907166080935,0.41819083809983204,0.4614160380406335,0.4290092648292813,0.5084046854231916,0.5107079301599434,0.5143522519658151,0.5143522519658151,0.44818964010037415,0.5087238626389962,0.24718861020123425,0.4290092648292813,0.3420653852831747,0.5048609249768863,0.48146719712870933,0.43095152911474355,0.435205366770738,0.523050821286817,0.4491014887422329,0.4845556190939313,0.47439867589305335,0.47644590718750457,0.5061838868137132,0.6265700299321371,0.5343730437274316,0.44963864026635275,0.4535004914768148,0.4406249755166215,0.4044466306832346,0.6113379131487581,0.48746247158441036,0.41650772069823083,0.4404624462170277,0.4142466274219586,0.4797704622373601,0.4290092648292813,0.45592695875114064,0.47166075033093335,0.47166075033093335,0.5685762636779683,0.5303303865859708,0.38222995516923564,0.4555881375932121,0.417152145150781,0.5224619638722419,0.5224619638722419,0.24948913528409594,0.4050833352479152,0.28872199235360596,0.25591833732495844,0.18461113304298488
